,LTKBID,compound_name,DILIrank,label_section,severity_class,DILIst,roa,source,livertox_score,livertox_primary_classification,livertox_secondary_classification,molecule_chembl_id,atc_classifications,availability_type,black_box_warning,chebi_par_id,chemical_probe,chirality,dosed_ingredient,first_approval,first_in_class,helm_notation,indication_class,inorganic_flag,max_phase,molecule_type,natural_product,oral,orphan,parenteral,polymer_flag,pref_name,prodrug,structure_type,therapeutic_flag,topical,usan_stem,usan_stem_definition,usan_substem,usan_year,withdrawn_flag,smiles,mw,alogp,warning_class,warning_country,warning_description,warning_type,withdrawn_reason,target,pathway,information,CAS_number,DMSO_mM_solubility,DILI_label,DILI_label_binary,DILI_label_section,livertox_updated,livertox_iDILI,livertox_mechanism_summary,InChiKey14
4-aminosalicylic acid,LT00505,4-aminosalicylic acid,Most-DILI-Concern,Warnings and precautions,5.0,,Oral,DILIrank,,,,CHEMBL1169,J04AA01,1.0,0.0,27565.0,0.0,2.0,True,1950.0,0.0,,Antibacterial (tuberculostatic),0.0,4.0,Small molecule,1.0,True,1.0,False,0.0,AMINOSALICYLIC ACID,0.0,MOL,True,False,-sal-,anti-inflammatory agents (salicylic acid derivatives),-sal-,,False,Nc1ccc(C(=O)O)c(O)c1,153.14,0.67,,,,,,Bacterial,Microbiology,"4-Aminosalicylic acid (Para-aminosalicylic acid, Aminosalicylic acid, 4-aminosalicylate) is an antitubercular agent with bacteriostatic activity against Mycobacterium tuberculosis.",65-49-6,65.3,DILI (likely),DILI,Likely,,,,WUBBRNOQWQTFEX
Acetaminophen,LT00004,Acetaminophen,Most-DILI-Concern,Warnings and precautions,5.0,,Oral,DILIrank,A [HD],Analgesic,Mild-Moderate Pain,CHEMBL112,N02BE51; N02BE01; N02BE71,2.0,1.0,46195.0,0.0,2.0,True,1968.0,0.0,,Analgesic; Antipyretic,0.0,4.0,Small molecule,1.0,True,0.0,True,0.0,ACETAMINOPHEN,0.0,MOL,True,True,,,,,False,CC(=O)Nc1ccc(O)cc1,151.16,1.35,"misuse, hepatotoxicity, vascular toxicity, nephrotoxicity",United States,,Black Box Warning,,COX,Neuronal Signaling,"Acetaminophen is a COX inhibitor for COX-1 and COX-2 with IC50 of 113.7 μM and 25.8 μM, respectively.",103-90-2,198.47,DILI (known),DILI,Known,2016 Jan 28,,"CYP, Hypersensitivity",RZVAJINKPMORJF
Acetylcholine chloride,LT02096,Acetylcholine chloride,No-DILI-Concern,No match,0.0,,Oral,DILIrank,,,,CHEMBL1184,,1.0,0.0,2417.0,0.0,2.0,True,1973.0,0.0,,Vasodilator (peripheral); Cardiac Depressant; Miotic; Cholinergic,0.0,4.0,Small molecule,1.0,False,0.0,False,0.0,ACETYLCHOLINE CHLORIDE,0.0,MOL,True,True,,,,,False,CC(=O)OCC[N+](C)(C)C.[Cl-],181.66,0.26,,,,,,AChR,Neuronal Signaling,The chemical compound Acetylcholine Chloride(ACh chloride) is a neurotransmitter in both the peripheral nervous system (PNS) and central nervous system (CNS) in many organisms including humans.,60-31-1,198.17,No DILI,No DILI,No DILI,,,,JUGOREOARAHOCO
Acetylcysteine,LT01041,Acetylcysteine,No-DILI-Concern,No match,0.0,,Oral,DILIrank,E,Toxicology,Liver disease,CHEMBL600,R05CB01; S01XA08; V03AB23,1.0,0.0,28939.0,0.0,1.0,True,1963.0,0.0,,Mucolytic,0.0,4.0,Small molecule,1.0,True,0.0,True,0.0,ACETYLCYSTEINE,0.0,MOL,False,True,,,,1963.0,False,CC(=O)N[C@@H](CS)C(=O)O,163.2,-0.49,,,,,,,,,,,No DILI,No DILI,No DILI,2016 Nov 7,,,PWKSKIMOESPYIA
Acitretin,LT01042,Acitretin,Most-DILI-Concern,Box warning,5.0,,Oral,DILIrank,B,Dermatologic,Psoriasis,CHEMBL1131,D05BB02,1.0,1.0,50173.0,0.0,2.0,True,1996.0,0.0,,Antipsoriatic,0.0,4.0,Small molecule,1.0,True,0.0,False,0.0,ACITRETIN,0.0,MOL,True,False,-retin,retinol derivatives,-retin,1987.0,False,COc1cc(C)c(/C=C/C(C)=C/C=C/C(C)=C/C(=O)O)c(C)c1C,326.44,5.17,"hepatotoxicity, teratogenicity",United States,,Black Box Warning,,Retinoid Receptor,Metabolism,"Acitretin (Etretin, RO 10-1670) is a second generation retinoid used for psoriasis.",55079-83-9,61.27,DILI (likely),DILI,Likely,2020 Nov 4,,"Hepatitis, Cholestasis/Biliary, Hypersensitivity",IHUNBGSDBOWDMA
Adenosine,LT01047,Adenosine,No-DILI-Concern,No match,0.0,,Intravenous,DILIrank,,,,CHEMBL477,C01EB10,1.0,0.0,16335.0,0.0,1.0,True,1989.0,0.0,,Cardiac Depressant (anti-arrhythmic),0.0,4.0,Small molecule,1.0,False,0.0,True,0.0,ADENOSINE,0.0,MOL,True,False,,,,1988.0,False,Nc1ncnc2c1ncn2[C@@H]1O[C@H](CO)[C@@H](O)[C@H]1O,267.25,-1.98,,,,,,"Adenosine Receptor,Nucleoside Analog/Antimetabolite",GPCR & G Protein,Adenosine is a nucleoside composed of a molecule of adenine attached to a ribose sugar molecule (ribofuranose) moiety via a β-N9-glycosidic bond.,58-61-7,44.9,No DILI,No DILI,No DILI,,,,OIRDTQYFTABQOQ
Alaproclate,LT02213,Alaproclate,Most-DILI-Concern,Withdrawn,8.0,,Oral,DILIrank,,,,CHEMBL36591,N06AB07,,0.0,,0.0,0.0,False,,0.0,,Antidepressant,0.0,2.0,Small molecule,1.0,False,0.0,False,0.0,ALAPROCLATE,0.0,MOL,False,False,,,,1981.0,False,CC(N)C(=O)OC(C)(C)Cc1ccc(Cl)cc1,255.75,2.55,,,,,,,,,,,DILI (withdrawn),DILI,Withdrawn,,,,FZSPJBYOKQPKCD
Alatrofloxacin mesylate,LT00461,Alatrofloxacin mesylate,Most-DILI-Concern,Withdrawn,8.0,,Oral,DILIrank,,,,CHEMBL1200498,,-2.0,0.0,,0.0,1.0,True,1997.0,0.0,,Antibacterial,0.0,4.0,Small molecule,0.0,False,0.0,True,0.0,ALATROFLOXACIN MESYLATE,1.0,MOL,True,False,-oxacin,antibacterials (quinolone derivatives),-oxacin,1996.0,True,CS(=O)(=O)O.C[C@H](N)C(=O)N[C@@H](C)C(=O)N[C@H]1[C@@H]2CN(c3nc4c(cc3F)c(=O)c(C(=O)O)cn4-c3ccc(F)cc3F)C[C@@H]21,654.62,0.9,hepatotoxicity,United States; European Union,Liver toxicity; Serious liver injury leading to liver transplant; Death,Withdrawn,hepatotoxicity,,,,,,DILI (withdrawn),DILI,Withdrawn,,,,CYETUYYEVKNSHZ
Alfentanil,LT00925,Alfentanil,No-DILI-Concern,No match,0.0,,Intravenous,DILIrank,E,CNS,Severe pain,CHEMBL634,N01AH02,1.0,1.0,2569.0,0.0,2.0,False,1986.0,0.0,,Analgesic (narcotic),0.0,4.0,Small molecule,1.0,False,0.0,True,0.0,ALFENTANIL,0.0,MOL,True,False,-fentanil,narcotic analgesics (fentanyl derivatives),-fentanil,1980.0,False,CCC(=O)N(c1ccccc1)C1(COC)CCN(CCn2nnn(CC)c2=O)CC1,416.53,1.38,,,,,,,,,,,No DILI,No DILI,No DILI,,,,IDBPHNDTYPBSNI
Almotriptan,LT01053,Almotriptan,No-DILI-Concern,No match,0.0,,Oral,DILIrank,E,CNS,Migraine,CHEMBL1505,N02CC05,1.0,0.0,520985.0,0.0,2.0,False,2001.0,0.0,,Antimigraine,0.0,4.0,Small molecule,1.0,True,0.0,False,0.0,ALMOTRIPTAN,0.0,MOL,True,False,-triptan,antimigraine agents (5-HT1 receptor agonists); sumatriptan derivatives,-triptan,1997.0,False,CN(C)CCc1c[nH]c2ccc(CS(=O)(=O)N3CCCC3)cc12,335.47,2.2,,,,,,,,,,,No DILI,No DILI,No DILI,,,,WKEMJKQOLOHJLZ
Alpidem,LT01060,Alpidem,Most-DILI-Concern,Withdrawn,8.0,,Oral,DILIrank,,,,CHEMBL54349,,-2.0,0.0,,0.0,2.0,True,,0.0,,Anti-Anxiety Agent,0.0,4.0,Small molecule,0.0,False,0.0,False,0.0,ALPIDEM,0.0,MOL,False,False,-pidem,hypnotics/sedatives (zolpidem type),-pidem,1987.0,True,CCCN(CCC)C(=O)Cc1c(-c2ccc(Cl)cc2)nc2ccc(Cl)cn12,404.34,5.5,hepatotoxicity,France,Hepatitis,Withdrawn,hepatotoxicity,,,,,,DILI (withdrawn),DILI,Withdrawn,,,,JRTIDHTUMYMPRU
Altretamine,LT00502,Altretamine,Ambiguous DILI-concern,Adverse reactions,2.0,,Oral,DILIrank,E*,Antineoplastic,Solid tumors,CHEMBL1455,L01XX03,1.0,1.0,24564.0,0.0,2.0,True,1990.0,0.0,,Antineoplastic,0.0,4.0,Small molecule,1.0,True,0.0,False,0.0,ALTRETAMINE,0.0,MOL,True,False,,,,1990.0,False,CN(C)c1nc(N(C)C)nc(N(C)C)n1,210.28,0.07,,United States,,Black Box Warning,,DNA alkylator,DNA Damage/DNA Repair,"Altretamine (Hexamethylmelamine, NSC13875, ENT50852) is an anti-neoplastic agent.",645-05-6,71.33,No DILI,No DILI,No DILI,2016 Mar 1,,,UUVWYPNAQBNQJQ
Ambenonium,LT01629,Ambenonium,No-DILI-Concern,No match,0.0,,Oral,DILIrank,E,CNS,Myasthenia,CHEMBL1652,N07AA30,1.0,0.0,2627.0,0.0,2.0,False,1956.0,0.0,,,0.0,4.0,Small molecule,1.0,True,0.0,False,0.0,AMBENONIUM,0.0,MOL,True,False,-ium; -onium,quaternary ammonium derivatives; quaternary ammonium derivatives,-ium; -onium,,False,CC[N+](CC)(CCNC(=O)C(=O)NCC[N+](CC)(CC)Cc1ccccc1Cl)Cc1ccccc1Cl,537.58,4.64,,,,,,,,,,,No DILI,No DILI,No DILI,,,,OMHBPUNFVFNHJK
Amineptine,LT00045,Amineptine,Most-DILI-Concern,Withdrawn,8.0,,Oral,DILIrank,,,,CHEMBL418995,N06AA19,-2.0,0.0,32499.0,0.0,2.0,True,,0.0,,,0.0,4.0,Small molecule,0.0,False,0.0,False,0.0,AMINEPTINE,0.0,MOL,False,False,,,,,True,O=C(O)CCCCCCNC1c2ccccc2CCc2ccccc21,337.46,4.5,"misuse, dermatological toxicity",France; Thailand; United Arab Emirates; Vietnam,"Potential for abuse and risk of dependence; Follows the decision taken by France to suspend amineptine on the basis of abuse and dependency potential, Abuse; Dependence; Severe Acne",Withdrawn,"misuse, dermatological toxicity",,,,,,DILI (withdrawn),DILI,Withdrawn,,,,ONNOFKFOZAJDHT
Aminophylline,LT00711,Aminophylline,No-DILI-Concern,No match,0.0,,Oral,DILIrank,E,Respiratory,Asthma,CHEMBL1370561,R03DA55; R03DA05,1.0,0.0,,0.0,2.0,True,1940.0,0.0,,Relaxant (smooth muscle),0.0,4.0,Small molecule,0.0,True,0.0,True,0.0,AMINOPHYLLINE,0.0,MOL,True,True,,,,,False,Cn1c(=O)c2[nH]cnc2n(C)c1=O.Cn1c(=O)c2[nH]cnc2n(C)c1=O.NCCN,420.43,-1.04,,,,,,PDE,Metabolism,Aminophylline (Phyllocontin) is a competitive nonselective phosphodiesterase inhibitor with an IC50 of 0.12 mM and also a nonselective adenosine receptor antagonist.,317-34-0,126.06,No DILI,No DILI,No DILI,,,,FQPFAHBPWDRTLU
Amiodarone,LT00046,Amiodarone,Most-DILI-Concern,Box warning,8.0,,Oral,DILIrank,A,Cardiovascular,Antiarrhythmic,CHEMBL633,C01BD01,1.0,1.0,2663.0,0.0,2.0,False,1985.0,0.0,,,0.0,4.0,Small molecule,1.0,True,0.0,True,0.0,AMIODARONE,0.0,MOL,True,False,-arone,antiarrhythmics: indicates high iodine content,-arone (-iodarone),1987.0,False,CCCCc1oc2ccccc2c1C(=O)c1cc(I)c(OCCN(CC)CC)c(I)c1,645.32,6.94,,,,,,"Autophagy,Potassium Channel",Transmembrane Transporters,"Amiodarone (NSC 85442,Amiodar,Amiodarone hydrochloride,Nexterone) HCl is a sodium/potassium-ATPase inhibitor and an autophagy activator, used to treat various types of cardiac dysrhythmias.",19774-82-4,33.74,DILI (known),DILI,Known,2016 Mar 1,,"Hepatitis, Necrosis, Mitochondrial dysfunction, Cholestasis/Biliary, Steatosis, Fibrosis, Encephalopathy, Hypersensitivity",IYIKLHRQXLHMJQ
Amoxapine,LT00256,Amoxapine,Ambiguous DILI-concern,Adverse reactions,3.0,,Oral,DILIrank,E,CNS,Antidepressant,CHEMBL1113,N06AA17,1.0,1.0,2675.0,0.0,2.0,True,1980.0,0.0,,Antidepressant,0.0,4.0,Small molecule,1.0,True,0.0,False,0.0,AMOXAPINE,0.0,MOL,True,False,-pine,tricyclic compounds,-pine,1971.0,False,Clc1ccc2c(c1)C(N1CCNCC1)=Nc1ccccc1O2,313.79,3.43,psychiatric toxicity,United States,,Black Box Warning,,"Amino acid transporter,GlyT",Neuronal Signaling,"Amoxapine (CL 67772,Asendin) is a tricyclic dibenzoxazepine (an N-aryl piperazine) which acts similarly to several other tricyclic antidepressants, amoxapine inhibits GLYT2a transport activity with IC50 of 92 μM.",14028-44-5,9.56,No DILI,No DILI,No DILI,2016 Mar 2,,,QWGDMFLQWFTERH
Amoxicillin,LT00507,Amoxicillin,Less-DILI-Concern,Adverse reactions,5.0,,Oral,DILIrank,B,Antimicrobial,Antibacterial,CHEMBL1082,J01CA04,1.0,0.0,2676.0,0.0,1.0,True,1974.0,0.0,,Antibacterial,0.0,4.0,Small molecule,1.0,True,0.0,False,0.0,AMOXICILLIN,0.0,MOL,True,False,-cillin,penicillins,-cillin,1972.0,False,CC1(C)S[C@@H]2[C@H](NC(=O)[C@H](N)c3ccc(O)cc3)C(=O)N2[C@H]1C(=O)O,365.41,0.02,,,,,,"Antibiotics,Bacterial",Microbiology,"Amoxicillin (Amoxycillin) is a moderate-spectrum, bacteriolytic, β-lactam antibiotic used to treat bacterial infections caused by susceptible microorganisms.",26787-78-0,199.78,DILI (likely),DILI,Likely,2020 Oct 20,,"Hepatitis, Cholestasis/Biliary, Hypersensitivity",LSQZJLSUYDQPKJ
Anagrelide,LT00964,Anagrelide,Ambiguous DILI-concern,Warnings and precautions,3.0,,,DILIrank,E*,Hematologic,Thrombocytosis,CHEMBL760,L01XX35,1.0,0.0,142290.0,0.0,2.0,False,1997.0,0.0,,Antithrombotic,0.0,4.0,Small molecule,1.0,True,0.0,False,0.0,ANAGRELIDE,0.0,MOL,True,False,-grel-,"platelet aggregation inhibitors, primarily platelet P2Y12 receptor antagonists",-grel-,1979.0,False,O=C1CN2Cc3c(ccc(Cl)c3Cl)N=C2N1,256.09,1.93,,,,,,,,,,,No DILI,No DILI,No DILI,2017 Jul 5,,,OTBXOEAOVRKTNQ
Apomorphine,LT02217,Apomorphine,No-DILI-Concern,No match,0.0,,Subcutaneous,DILIrank,E,CNS,Parkinson disease,CHEMBL53,N04BC07; G04BE07,1.0,0.0,48538.0,0.0,1.0,False,2001.0,0.0,,Emetic,0.0,4.0,Small molecule,1.0,False,0.0,True,0.0,APOMORPHINE,0.0,MOL,True,False,,,,,False,CN1CCc2cccc3c2[C@H]1Cc1ccc(O)c(O)c1-3,267.33,2.85,,,,,,,,,,,No DILI,No DILI,No DILI,2017 Jul 20,,,VMWNQDUVQKEIOC
Aprepitant,LT01195,Aprepitant,Ambiguous DILI-concern,Adverse reactions,3.0,,,DILIrank,E,Gastrointestinal,Antiemetic,CHEMBL1471,A04AD12,1.0,0.0,499361.0,1.0,1.0,True,2003.0,1.0,,,0.0,4.0,Small molecule,0.0,True,0.0,False,0.0,APREPITANT,0.0,MOL,True,False,-tant,tachykinin (neurokinin) receptor antagonists: NK1 receptor antagonists,-tant (-pitant),2000.0,False,C[C@@H](O[C@H]1OCCN(Cc2n[nH]c(=O)[nH]2)[C@H]1c1ccc(F)cc1)c1cc(C(F)(F)F)cc(C(F)(F)F)c1,534.43,4.95,,,,,,"CSF-1R,HIV,Interleukins,Neurokinin Receptor,TNF-alpha",Neuronal Signaling,"Aprepitant (MK-0869, L-754030, Emend) is a potent and selective neurokinin-1 receptor antagonist with IC50 of 0.1 nM. Aprepitant reduces levels of pro-inflammatory cytokines including G-CSF, IL-6, IL-8 and TNFα. Aprepitant inhibits HIV infection of human macrophages.",170729-80-3,200.21,No DILI,No DILI,No DILI,2024 Feb 28,,,ATALOFNDEOCMKK
Argatroban,LT01030,Argatroban,No-DILI-Concern,No match,0.0,,Intravenous,DILIrank,,,,CHEMBL1166,B01AE03,1.0,0.0,,0.0,0.0,True,2000.0,0.0,,Anticoagulant,0.0,4.0,Small molecule,1.0,False,0.0,True,0.0,ARGATROBAN,0.0,MOL,True,False,-troban,antithrombotics (thromboxane A2 receptor antagonists),-troban,1997.0,False,CC1CNc2c(cccc2S(=O)(=O)N[C@@H](CCCNC(=N)N)C(=O)N2CC[C@@H](C)C[C@@H]2C(=O)O)C1,508.65,0.91,,,,,,Thrombin,Proteases,"Argatroban (MCI-9038) is a potent and selective synthetic thrombin inhibitor with Ki ranging from 5 nM to 39 nM, used as an anticoagulant.",74863-84-6,17.69,No DILI,No DILI,No DILI,,,,KXNPVXPOPUZYGB
Armodafinil,LT01230,Armodafinil,Ambiguous DILI-concern,Warnings and precautions,3.0,,,DILIrank,E,CNS,Stimulant,CHEMBL1201192,N06BA13,1.0,0.0,77590.0,0.0,1.0,True,2007.0,0.0,,,0.0,4.0,Small molecule,1.0,True,0.0,False,0.0,ARMODAFINIL,0.0,MOL,True,False,,,,2004.0,False,NC(=O)C[S@@+]([O-])C(c1ccccc1)c1ccccc1,273.36,2.01,,,,,,,,,,,No DILI,No DILI,No DILI,,,,YFGHCGITMMYXAQ
Atomoxetine,LT01139,Atomoxetine,Most-DILI-Concern,Warnings and precautions,8.0,,Oral,DILIrank,C,CNS,ADHD,CHEMBL641,N06BA09,1.0,1.0,127342.0,0.0,1.0,False,2002.0,0.0,,,0.0,4.0,Small molecule,1.0,True,0.0,False,0.0,ATOMOXETINE,0.0,MOL,True,False,-oxetine,antidepressants (fluoxetine type),-oxetine,2001.0,False,CNCC[C@@H](Oc1ccccc1C)c1ccccc1,255.36,3.72,,,,,,,,,,,DILI (likely),DILI,Likely,2021 Aug 25,,"Hepatitis, CYP, Immune-mediated, Hypersensitivity",VHGCDTVCOLNTBX
Atracurium,LT00917,Atracurium,No-DILI-Concern,No match,0.0,,Intravenous,DILIrank,,,,CHEMBL1360,M03AC04,1.0,0.0,2914.0,0.0,0.0,False,1983.0,0.0,,Neuromuscular Blocking Agent,0.0,4.0,Small molecule,1.0,False,0.0,True,0.0,ATRACURIUM,0.0,MOL,True,False,-ium,quaternary ammonium derivatives: neuromuscular blocking agents,-ium (-curium),1983.0,False,COc1ccc(CC2c3cc(OC)c(OC)cc3CC[N+]2(C)CCC(=O)OCCCCCOC(=O)CC[N+]2(C)CCc3cc(OC)c(OC)cc3C2Cc2ccc(OC)c(OC)c2)cc1OC,929.16,8.07,,,,,,,,,,,No DILI,No DILI,No DILI,,,,YXSLJKQTIDHPOT
Aztreonam,LT01110,Aztreonam,Ambiguous DILI-concern,Adverse reactions,5.0,,Intravenous,DILIrank,E*,Antimicrobial,Antibacterial,CHEMBL158,J01DF01,1.0,0.0,161680.0,0.0,1.0,True,1986.0,0.0,,Antimicrobial,0.0,4.0,Small molecule,1.0,False,0.0,True,0.0,AZTREONAM,0.0,MOL,True,True,,,,1983.0,False,C[C@H]1[C@H](NC(=O)/C(=N\OC(C)(C)C(=O)O)c2csc(N)n2)C(=O)N1S(=O)(=O)O,435.44,-1.17,,,,,,"Antibiotics,Bacterial",Microbiology,"Aztreonam (SQ 26776) is a synthetic monocyclic beta-lactam antibiotic, used to treat Gram-negative aerobic bacteria infection.",78110-38-0,199.8,No DILI,No DILI,No DILI,2017 Aug 2,,,WZPBZJONDBGPKJ
Bacitracin,LT02059,Bacitracin,No-DILI-Concern,No match,0.0,,Intramuscular,DILIrank,,,,CHEMBL1200558,D06AX05; J01XX10; R02AB04,1.0,1.0,35862.0,0.0,1.0,True,1948.0,0.0,"PEPTIDE1{[X2091].L.[dE].I.K.[dOrn]}|PEPTIDE2{I.[dF].H.[dD].N}$PEPTIDE1,PEPTIDE2,6:R2-1:R1|PEPTIDE1,PEPTIDE2,5:R3-5:R2$$$",Antibacterial,0.0,4.0,Protein,1.0,False,0.0,True,0.0,BACITRACIN,0.0,BOTH,True,True,,,,,False,CC[C@H](C)[C@H](N)C1=N[C@H](C(=O)N[C@@H](CC(C)C)C(=O)N[C@H](CCC(=O)O)C(=O)N[C@H](C(=O)N[C@H]2CCCCNC(=O)[C@H](CC(N)=O)NC(=O)[C@@H](CC(=O)O)NC(=O)[C@H](Cc3cnc[nH]3)NC(=O)[C@@H](Cc3ccccc3)NC(=O)[C@H]([C@@H](C)CC)NC(=O)[C@@H](CCCN)NC2=O)[C@@H](C)CC)CS1,1422.72,,nephrotoxicity,United States,,Black Box Warning,,"Bacterial,Selection Antibiotics for Transfected Cell",Microbiology,"Bacitracin is a mixture of related cyclic polypeptides produced by organisms of the licheniformis group of Bacillus subtilis var Tracy, which disrupts both gram positive and gram negative bacteria by interfering with cell wall and peptidoglycan synthesis.",1405-87-4,,No DILI,No DILI,No DILI,,,,CLKOFPXJLQSYAH
Bendamustine,LT00659,Bendamustine,No-DILI-Concern,No match,0.0,,Intravenous,DILIrank,C,Antineoplastic,"Leukemia, Lymphoma",CHEMBL487253,L01AA09,1.0,0.0,,0.0,2.0,False,2008.0,0.0,,,0.0,4.0,Small molecule,1.0,False,0.0,True,0.0,BENDAMUSTINE,0.0,MOL,True,False,-mustine,antineoplastics (chloroethylamine derivatives),-mustine,2004.0,False,Cn1c(CCCC(=O)O)nc2cc(N(CCCl)CCCl)ccc21,358.27,3.26,,,,,,DNA/RNA Synthesis,DNA Damage/DNA Repair,"Bendamustine (SDX-105, Cytostasane) HCl is a DNA-damaging agent with IC50 of 50 μM in cell-free assay.",3543-75-7,197.61,No DILI,No DILI,No DILI,2017 Sep 1,,,YTKUWDBFDASYHO
Benziodarone,LT01121,Benziodarone,Most-DILI-Concern,Withdrawn,8.0,,Oral,DILIrank,,,,CHEMBL232201,C01DX04; C01DX54,-2.0,0.0,,0.0,2.0,True,,0.0,,,0.0,4.0,Small molecule,0.0,False,0.0,False,0.0,BENZIODARONE,0.0,MOL,False,False,-arone,antiarrhythmics: indicates high iodine content,-arone (-iodarone),,True,CCc1oc2ccccc2c1C(=O)c1cc(I)c(O)c(I)c1,518.09,5.14,hepatotoxicity,France; United Kingdom,Jaundice,Withdrawn,hepatotoxicity,,,,,,DILI (withdrawn),DILI,Withdrawn,,,,CZCHIEJNWPNBDE
Betaxolol,LT01132,Betaxolol,Ambiguous DILI-concern,Adverse reactions,3.0,,Oral,DILIrank,E,Cardiovascular,Antihypertensive,CHEMBL423,S01ED52; C07AB05; S01ED02,1.0,0.0,3082.0,0.0,0.0,True,1985.0,0.0,,Antihypertensive; Anti-Anginal,0.0,4.0,Small molecule,1.0,True,0.0,False,0.0,BETAXOLOL,0.0,MOL,True,True,-olol,beta-blockers (propranolol type),-olol,1983.0,False,CC(C)NCC(O)COc1ccc(CCOCC2CC2)cc1,307.43,2.39,,,,,,Adrenergic Receptor,Neuronal Signaling,"Betaxolol (SL 75212,Dextrobetaxolol) is a selective beta1 adrenergic receptor blocker used in the treatment of hypertension and glaucoma.",63659-18-7,201.67,No DILI,No DILI,No DILI,2017 Jan 15,,,NWIUTZDMDHAVTP
Bisacodyl,LT02190,Bisacodyl,No-DILI-Concern,No match,0.0,,Oral,DILIrank,E,Gastrointestinal,Laxative,CHEMBL942,A06AB02; A06AG02; A06AB52,1.0,0.0,,0.0,2.0,True,2004.0,0.0,,Laxative,0.0,4.0,Small molecule,1.0,True,0.0,False,0.0,BISACODYL,0.0,MOL,True,False,,,,,False,CC(=O)Oc1ccc(C(c2ccc(OC(C)=O)cc2)c2ccccn2)cc1,361.4,4.11,,,,,,Others,Others,Bisacodyl (INN) is a stimulant laxative drug that works directly on the colon to produce a bowel movement.,603-50-9,199.23,No DILI,No DILI,No DILI,2017 Sep 29,,,KHOITXIGCFIULA
Bisoprolol,LT01136,Bisoprolol,Ambiguous DILI-concern,Adverse reactions,3.0,,Oral,DILIrank,E,Cardiovascular,Antihypertensive,CHEMBL645,C07AB07,1.0,0.0,3127.0,0.0,0.0,False,1992.0,0.0,,Antihypertensive (beta-blocker),0.0,4.0,Small molecule,1.0,True,0.0,False,0.0,BISOPROLOL,0.0,MOL,True,False,-olol,beta-blockers (propranolol type),-olol,1987.0,False,CC(C)NCC(O)COc1ccc(COCCOC(C)C)cc1,325.45,2.37,,,,,,Adrenergic Receptor,Neuronal Signaling,"Bisoprolol is a cardioselective β1-adrenergic blocking agent used for secondary prevention of myocardial infarction (MI), heart failure, angina pectoris and mild to moderate hypertension.",66722-44-9,,No DILI,No DILI,No DILI,2017 Jan 15,,,VHYCDWMUTMEGQY
Budesonide,LT01144,Budesonide,No-DILI-Concern,No match,0.0,,Oral,DILIrank,E,Endocrine,Immune suppression,CHEMBL1370,A07EA06; R03BA02; D07AC09; R01AD05,2.0,1.0,3207.0,0.0,0.0,True,1994.0,0.0,,Anti-Inflammatory,0.0,4.0,Small molecule,1.0,True,1.0,False,0.0,BUDESONIDE,0.0,MOL,True,True,-onide,topical steroids (acetal derivatives),-onide,1979.0,False,CCCC1O[C@@H]2C[C@H]3[C@@H]4CCC5=CC(=O)C=C[C@]5(C)[C@H]4[C@@H](O)C[C@]3(C)[C@]2(C(=O)CO)O1,430.54,2.72,,United States,,Black Box Warning,,Glucocorticoid Receptor,Endocrinology & Hormones,"Budesonide(Labazenit) is a glucocorticoid steroid for the treatment of asthma, non-infectious rhinitis.",51333-22-3,199.75,No DILI,No DILI,No DILI,2020 Oct 30,,,VOVIALXJUBGFJZ
Butabarbital,LT00707,Butabarbital,Ambiguous DILI-concern,Adverse reactions,3.0,,,DILIrank,E,CNS,Sedative/Hypnotic,CHEMBL449,,1.0,0.0,3228.0,0.0,0.0,False,1939.0,0.0,,Sedative-Hypnotic,0.0,4.0,Small molecule,1.0,True,0.0,False,0.0,BUTABARBITAL,0.0,MOL,True,False,-barb-,barbituric acid derivatives,-barb-,,False,CCC(C)C1(CC)C(=O)NC(=O)NC1=O,212.25,0.79,,,,,,,,,,,No DILI,No DILI,No DILI,,,,ZRIHAIZYIMGOAB
Butorphanol,LT01151,Butorphanol,No-DILI-Concern,No match,0.0,,Intravenous,DILIrank,E,Analgesic,Severe pain,CHEMBL33986,N02AF01,1.0,1.0,3242.0,0.0,1.0,False,1978.0,0.0,,Analgesic; Antitussive,0.0,4.0,Small molecule,1.0,False,0.0,True,0.0,BUTORPHANOL,0.0,MOL,True,True,-orphan-,narcotic antagonists/agonists (morphinan derivatives),-orphan-,1974.0,False,Oc1ccc2c(c1)[C@@]13CCCC[C@@]1(O)[C@@H](C2)N(CC1CCC1)CC3,327.47,3.37,,,,,,,,,,,No DILI,No DILI,No DILI,,,,IFKLAQQSCNILHL
Cabergoline,LT01152,Cabergoline,No-DILI-Concern,No match,0.0,,Oral,DILIrank,,CNS,Parkinson disease,CHEMBL1201087,G02CB03; N04BC06,1.0,0.0,3286.0,0.0,1.0,True,1996.0,0.0,,Dopamine Agonist; Antidyskinetic; Antihyperprolactinemic,0.0,4.0,Small molecule,1.0,True,0.0,False,0.0,CABERGOLINE,0.0,MOL,True,False,-erg-,ergot alkaloid derivatives,-erg-,1996.0,False,C=CCN1C[C@H](C(=O)N(CCCN(C)C)C(=O)NCC)C[C@@H]2c3cccc4[nH]cc(c34)C[C@H]21,451.62,3.19,,,,,,Dopamine Receptor,Neuronal Signaling,"Cabergoline (FCE-21336), an ergot derivative, is a long-acting dopamine agonist and prolactin inhibitor.",81409-90-7,199.29,No DILI,No DILI,No DILI,,,,KORNTPPJEAJQIU
Caffeine,LT01888,Caffeine,No-DILI-Concern,No match,0.0,,Intravenous,DILIrank,E,CNS,Stimulant,CHEMBL113,N06BC01; D11AX26,2.0,0.0,27732.0,0.0,2.0,True,1948.0,0.0,,Stimulant (central),0.0,4.0,Small molecule,1.0,True,0.0,True,0.0,CAFFEINE,0.0,MOL,True,True,,,,,False,Cn1c(=O)c2c(ncn2C)n(C)c1=O,194.19,-1.03,,,,,,,,,,,No DILI,No DILI,No DILI,2020 Jun 18,,,RYYVLZVUVIJVGH
Calcitonin salmon,LT00878,Calcitonin salmon,No-DILI-Concern,No match,0.0,,Subcutaneous,DILIrank,,,,CHEMBL3989767,H05BA01,1.0,0.0,,0.0,1.0,True,1978.0,0.0,,,0.0,4.0,Protein,1.0,False,0.0,True,0.0,CALCITONIN SALMON,0.0,BOTH,True,True,calci-; sal-,vitamin D analogs; anti-inflammatory agents (salicylic acid derivatives),calci-; sal-,,False,CC(C)C[C@H](NC(=O)[C@H](CCCCN)NC(=O)CNC(=O)[C@H](CC(C)C)NC(=O)[C@@H](NC(=O)[C@@H]1CSSC[C@H](N)C(=O)N[C@@H](CO)C(=O)N[C@@H](CC(N)=O)C(=O)N[C@@H](CC(C)C)C(=O)N[C@@H](CO)C(=O)N[C@@H]([C@@H](C)O)C(=O)N1)C(C)C)C(=O)N[C@@H](CO)C(=O)N[C@@H](CCC(N)=O)C(=O)N[C@@H](CCC(=O)O)C(=O)N[C@@H](CC(C)C)C(=O)N[C@@H](Cc1c[nH]cn1)C(=O)N[C@@H](CCCCN)C(=O)N[C@@H](CC(C)C)C(=O)N[C@@H](CCC(N)=O)C(=O)N[C@H](C(=O)N[C@@H](Cc1ccc(O)cc1)C(=O)N1CCC[C@H]1C(=O)N[C@@H](CCCNC(=N)N)C(=O)N[C@H](C(=O)N[C@@H](CC(N)=O)C(=O)N[C@H](C(=O)NCC(=O)N[C@@H](CO)C(=O)NCC(=O)N[C@H](C(=O)N1CCC[C@H]1C(N)=O)[C@@H](C)O)[C@@H](C)O)[C@@H](C)O)[C@@H](C)O,3431.91,,,,,,,,,,,,No DILI,No DILI,No DILI,,,,BBBFJLBPOGFECG
Calcitriol,LT00899,Calcitriol,No-DILI-Concern,No match,0.0,,Oral,DILIrank,E,HDS: Nutritional Suppl,General health,CHEMBL846,A11CC04; D05AX03,1.0,0.0,17823.0,0.0,1.0,True,1978.0,0.0,,Regulator (calcium),0.0,4.0,Small molecule,1.0,True,0.0,True,0.0,CALCITRIOL,0.0,MOL,True,True,calci-,vitamin D analogs,calci-,1978.0,False,C=C1/C(=C\C=C2/CCC[C@]3(C)[C@@H]([C@H](C)CCCC(C)(C)O)CC[C@@H]23)C[C@@H](O)C[C@@H]1O,416.65,5.7,,,,,,,,,,,No DILI,No DILI,No DILI,,,,GMRQFYUYWCNGIN
Calcium acetate,LT00947,Calcium acetate,No-DILI-Concern,No match,0.0,,Oral,DILIrank,,,,CHEMBL1200800,V03AE07,1.0,0.0,3310.0,0.0,2.0,True,1982.0,0.0,,Pharmaceutic Aid (buffering agent),0.0,4.0,Small molecule,0.0,True,0.0,True,0.0,CALCIUM ACETATE,0.0,MOL,True,False,,,,,False,CC(=O)[O-].CC(=O)[O-].[Ca+2],158.17,,,,,,,,,,,,No DILI,No DILI,No DILI,,,,VSGNNIFQASZAOI
Captopril,LT00059,Captopril,Less-DILI-Concern,Adverse reactions,7.0,,Oral,DILIrank,B,Cardiovascular,Antihypertensive,CHEMBL1560,C09AA01,1.0,1.0,3380.0,0.0,1.0,True,1981.0,0.0,,Enzyme Inhibitor (angiotensin-converting); Antihypertensive,0.0,4.0,Small molecule,1.0,True,0.0,False,0.0,CAPTOPRIL,0.0,MOL,True,False,-apt-; -pril,"aptamers, classical and mirror; antihypertensives (ACE inhibitors)",-apt-; -pril,1978.0,False,C[C@H](CS)C(=O)N1CCC[C@H]1C(=O)O,217.29,0.63,teratogenicity,United States,,Black Box Warning,,"ACE,RAAS",Endocrinology & Hormones,"Captopril (SQ 14225,Capoten) is an angiotensin-converting enzyme (ACE) inhibitor with IC50 of 6 nM.",62571-86-2,197.89,DILI (likely),DILI,Likely,2018 Feb 11,,"Cholestasis/Biliary, Immune-mediated, Hypersensitivity",FAKRSMQSSFJEIM
Carbidopa,LT01160,Carbidopa,Ambiguous DILI-concern,Warnings and precautions,3.0,,Oral,DILIrank,E,CNS,Parkinson disease,CHEMBL1200748,,1.0,0.0,3395.0,0.0,1.0,True,1975.0,0.0,,Inhibitor (decarboxylase),0.0,4.0,Small molecule,0.0,True,0.0,False,0.0,CARBIDOPA,0.0,MOL,True,False,-dopa,dopamine receptor agonists,-dopa,1972.0,False,C[C@@](Cc1ccc(O)c(O)c1)(NN)C(=O)O.O,244.25,-0.05,,,,,,Decarboxylase,Metabolism,Carbidopa is an aromatic-L-amino-acid decarboxylase inhibitor with an IC50 of 29 ± 2 μM.,28860-95-9,17.68,No DILI,No DILI,No DILI,,,,QTAOMKOIBXZKND
Carboprost tromethamine,LT00898,Carboprost tromethamine,No-DILI-Concern,No match,0.0,,Intramuscular,DILIrank,,,,CHEMBL1237105,,1.0,1.0,,0.0,1.0,True,1979.0,0.0,,Oxytocic,0.0,4.0,Small molecule,1.0,False,0.0,True,0.0,CARBOPROST TROMETHAMINE,0.0,MOL,True,False,-prost,prostaglandins,-prost,1977.0,False,CCCCC[C@](C)(O)/C=C/[C@@H]1[C@@H](C/C=C\CCCC(=O)O)[C@@H](O)C[C@H]1O.NC(CO)(CO)CO,489.65,3.43,,United States,,Black Box Warning,,,,,,,No DILI,No DILI,No DILI,,,,UMMADZJLZAPZAW
Cefazolin,LT01171,Cefazolin,Less-DILI-Concern,Adverse reactions,3.0,,Intravenous,DILIrank,B,Antimicrobial,Antibacterial,CHEMBL1435,J01DB04,1.0,0.0,474053.0,0.0,1.0,False,1973.0,0.0,,Antibacterial (systemic),0.0,4.0,Small molecule,1.0,False,0.0,True,0.0,CEFAZOLIN,0.0,MOL,True,False,cef-,cephalosporins,cef-,1972.0,False,Cc1nnc(SCC2=C(C(=O)O)N3C(=O)[C@@H](NC(=O)Cn4cnnn4)[C@H]3SC2)s1,454.52,-0.64,,,,,,"Antibiotics,Bacterial",Microbiology,Cefazolin(Cephazolin) is a semisynthetic cephalosporin analog with broad-spectrum antibiotic action due to inhibition of bacterial cell wall synthesis. It attains high serum levels and is excreted quickly via the urine.,25953-19-9,200.22,DILI (likely),DILI,Likely,,,,MLYYVTUWGNIJIB
Cefditoren,LT01087,Cefditoren,Ambiguous DILI-concern,Adverse reactions,2.0,,Oral,DILIrank,E*,Antimicrobial,Antibacterial,CHEMBL454446,,1.0,0.0,560555.0,0.0,1.0,True,2001.0,0.0,,,0.0,4.0,Small molecule,1.0,True,0.0,False,0.0,CEFDITOREN PIVOXIL,1.0,MOL,True,False,cef-,cephalosporins,cef-,,False,CO/N=C(\C(=O)N[C@@H]1C(=O)N2C(C(=O)OCOC(=O)C(C)(C)C)=C(/C=C\c3scnc3C)CS[C@H]12)c1csc(N)n1,620.74,2.3,,,,,,,,,,,No DILI,No DILI,No DILI,,,,AFZFFLVORLEPPO
Ceftizoxime,LT01281,Ceftizoxime,Ambiguous DILI-concern,Adverse reactions,4.0,,Intravenous,DILIrank,E*,Antimicrobial,Antibacterial,CHEMBL528,J01DD07,0.0,0.0,553473.0,0.0,1.0,False,1983.0,0.0,,Antibacterial,0.0,4.0,Small molecule,1.0,False,0.0,True,0.0,CEFTIZOXIME,0.0,MOL,True,False,cef-,cephalosporins,cef-,1980.0,False,CO/N=C(\C(=O)N[C@@H]1C(=O)N2C(C(=O)O)=CCS[C@H]12)c1csc(N)n1,383.41,-0.56,,,,,,Antibiotics,Microbiology,Ceftizoxime is a semisynthetic cephalosporin antibiotic which can be administered intravenously or by suppository. It is highly resistant to a broad spectrum of beta-lactamases and is active against a wide range of both aerobic and anaerobic gram-positive and gram-negative organisms.,68401-81-0,198.23,No DILI,No DILI,No DILI,,,,NNULBSISHYWZJU
Cephalexin,LT01189,Cephalexin,Less-DILI-Concern,Adverse reactions,4.0,,Oral,DILIrank,B,Antimicrobial,Antibacterial,CHEMBL1200544,J01DB01,1.0,0.0,3535.0,0.0,1.0,True,1971.0,0.0,,Antibacterial,0.0,4.0,Small molecule,0.0,True,0.0,False,0.0,CEPHALEXIN,0.0,MOL,True,False,,,,1967.0,False,CC1=C(C(=O)O)N2C(=O)[C@@H](NC(=O)[C@H](N)c3ccccc3)[C@H]2SC1.O,365.41,0.44,,,,,,"Antibiotics,Bacterial",Microbiology,Cephalexin (Cefalexin) is an antibiotic that can treat a number of bacterial infections.,15686-71-2,2,DILI (likely),DILI,Likely,,,,AVGYWQBCYZHHPN
Cephradine,LT01279,Cephradine,Ambiguous DILI-concern,Adverse reactions,4.0,,Oral,DILIrank,E*,Antimicrobial,Antibacterial,CHEMBL1604,J01DB09,0.0,0.0,3547.0,0.0,1.0,True,1974.0,0.0,,Antibacterial,0.0,4.0,Small molecule,1.0,True,0.0,True,0.0,CEPHRADINE,0.0,MOL,True,False,,,,1971.0,False,CC1=C(C(=O)O)N2C(=O)[C@@H](NC(=O)[C@H](N)C3=CCC=CC3)[C@H]2SC1,349.41,0.35,,,,,,,,,,,No DILI,No DILI,No DILI,,,,RDLPVSKMFDYCOR
Cevimeline,LT01048,Cevimeline,Ambiguous DILI-concern,Adverse reactions,3.0,,,DILIrank,E,Opthalmologic,Sjogren syndrome,CHEMBL168815,N07AX03,1.0,0.0,,0.0,0.0,False,2000.0,0.0,,Alzheimer's Disease Treatment (adjunct),0.0,4.0,Small molecule,1.0,True,0.0,False,0.0,CEVIMELINE,0.0,MOL,True,False,-meline,cholinergic agonists (arecoline derivatives used in treatment of Alzheimer's disease,-meline,1997.0,False,CC1OC2(CS1)CN1CCC2CC1,199.32,1.56,,,,,,,,,,,No DILI,No DILI,No DILI,2017 Jan 23,,,WUTYZMFRCNBCHQ
Chlorpromazine,LT00068,Chlorpromazine,Less-DILI-Concern,Adverse reactions,2.0,,Oral,DILIrank,A,CNS,Antipsychotic,CHEMBL71,N05AA01,1.0,1.0,3647.0,0.0,2.0,True,1957.0,0.0,,Antipsychotic; Anti-Emetic,0.0,4.0,Small molecule,1.0,True,0.0,True,0.0,CHLORPROMAZINE,0.0,MOL,True,True,,,,,False,CN(C)CCCN1c2ccccc2Sc2ccc(Cl)cc21,318.87,4.89,,,,,,"5-HT Receptor,Dopamine Receptor,Potassium Channel,Sodium Channel",Neuronal Signaling,Chlorpromazine (CPZ) is a low-potency typical antipsychotic agent that is used to treat psychotic disorders such as schizophrenia. Chlorpromazine (CPZ) inhibits 5-HT(2A) receptor and dopamine D2 in vitro. Chlorpromazine (CPZ) also inhibits sodium channel and blocks HERG potassium channels with IC50 of 21.6 μM.,50-53-3,200.72,DILI (likely),DILI,Likely,2017 Oct 5,,"Cholestasis/Biliary, Steatosis, Immune-mediated, Hypersensitivity",ZPEIMTDSQAKGNT
Chlorthalidone,LT01213,Chlorthalidone,Ambiguous DILI-concern,Adverse reactions,2.0,,Oral,DILIrank,E*,Cardiovascular,Diuretic,CHEMBL1055,C03BA04,1.0,0.0,3654.0,0.0,0.0,True,1960.0,0.0,,Diuretic,0.0,4.0,Small molecule,1.0,True,0.0,False,0.0,CHLORTHALIDONE,0.0,MOL,True,False,,,,1961.0,False,NS(=O)(=O)c1cc(C2(O)NC(=O)c3ccccc32)ccc1Cl,338.77,0.92,,,,,,Sodium Channel,Transmembrane Transporters,Chlortalidone (Chlortalidone) is a diuretic drug widely used in antihypertensive therapy.,77-36-1,197.77,No DILI,No DILI,No DILI,,,,JIVPVXMEBJLZRO
Cidofovir,LT01216,Cidofovir,Ambiguous DILI-concern,Adverse reactions,5.0,,Intravenous,DILIrank,E,Antimicrobial,Antiviral: CMV,CHEMBL152,,1.0,1.0,3696.0,0.0,1.0,False,1996.0,0.0,,Antiviral,0.0,4.0,Small molecule,1.0,False,0.0,True,0.0,CIDOFOVIR ANHYDROUS,1.0,MOL,True,False,-vir,antivirals,-vir,1994.0,False,Nc1ccn(C[C@@H](CO)OCP(=O)(O)O)c(=O)n1,279.19,-1.66,,,,,,"CMV,DNA/RNA Synthesis",DNA Damage/DNA Repair,"Cidofovir (HPMPC,Vistide,GS 0504) suppresses virus replication by selective inhibition of viral DNA synthesis.",113852-37-2,7.16,No DILI,No DILI,No DILI,2017 Oct 10,,,VWFCHDSQECPREK
Cimetidine,LT01218,Cimetidine,Less-DILI-Concern,Adverse reactions,2.0,,Oral,DILIrank,B,Gastrointestinal,Acid peptic disease,CHEMBL30,A02BA51; A02BA01,2.0,0.0,3699.0,0.0,2.0,True,1977.0,0.0,,Antagonist (to histamine-H2 receptors),0.0,4.0,Small molecule,1.0,True,0.0,True,0.0,CIMETIDINE,0.0,MOL,True,False,-tidine,H2-receptor antagonists (cimetidine type),-tidine,1975.0,False,CN/C(=N\CCSCc1nc[nH]c1C)NC#N,252.35,0.6,,,,,,Histamine Receptor,Neuronal Signaling,"Cimetidine (SKF-92334), a histamine congener, competitively inhibits histamine binding to histamine H2 receptors.",51481-61-9,202.11,DILI (likely),DILI,Likely,2018 Jan 25,,"Necrosis, CYP, Cholestasis/Biliary, Immune-mediated, Hypersensitivity",AQIXAKUUQRKLND
Cinacalcet,LT01209,Cinacalcet,No-DILI-Concern,No match,0.0,,Oral,DILIrank,,,,CHEMBL1201284,H05BX01,1.0,0.0,48390.0,0.0,1.0,False,2004.0,0.0,,,0.0,4.0,Small molecule,0.0,True,0.0,False,0.0,CINACALCET,0.0,MOL,True,False,-calcet,calcium-sensing receptor (CaSR) agonists,-calcet,2002.0,False,C[C@@H](NCCCc1cccc(C(F)(F)F)c1)c1cccc2ccccc12,357.42,6.14,,,,,,CaSR,GPCR & G Protein,"Cinacalcet (Mimpara, Sensipar,AMG-073) HCl represents a new class of compounds for the treatment of hyperparathyroidism.",364782-34-3,200.57,No DILI,No DILI,No DILI,,,,VDHAWDNDOKGFTD
Cisatracurium besylate,LT00978,Cisatracurium besylate,No-DILI-Concern,No match,0.0,,Intravenous,DILIrank,,,,CHEMBL1200641,,1.0,0.0,3721.0,0.0,1.0,True,1995.0,0.0,,Neuromuscular Blocking Agent,0.0,4.0,Small molecule,0.0,False,0.0,True,0.0,CISATRACURIUM BESYLATE,0.0,MOL,True,False,-ium,quaternary ammonium derivatives: neuromuscular blocking agents,-ium (-curium),1995.0,False,COc1ccc(C[C@@H]2c3cc(OC)c(OC)cc3CC[N@+]2(C)CCC(=O)OCCCCCOC(=O)CC[N@@+]2(C)CCc3cc(OC)c(OC)cc3[C@H]2Cc2ccc(OC)c(OC)c2)cc1OC.O=S(=O)([O-])c1ccccc1.O=S(=O)([O-])c1ccccc1,1243.5,8.07,,,,,,Adrenergic Receptor,Neuronal Signaling,"Cisatracurium Besylate(51W89) is a nondepolarizing neuromuscular blocking agent, antagonizing the action of acetylcholine by inhibiting neuromuscular transmission.",96946-42-8,200.24,No DILI,No DILI,No DILI,,,,XXZSQOVSEBAPGS
Cladribine,LT01224,Cladribine,Ambiguous DILI-concern,Warnings and precautions,3.0,,Intravenous,DILIrank,E,Antineoplastic,Leukemia,CHEMBL1619,L01BB04; L04AA40,1.0,1.0,567361.0,0.0,1.0,True,1993.0,0.0,,Antineoplastic,0.0,4.0,Small molecule,1.0,False,0.0,True,0.0,CLADRIBINE,1.0,MOL,True,False,-ribine,ribofuranil derivatives (pyrazofurin type),-ribine,1992.0,False,Nc1nc(Cl)nc2c1ncn2[C@H]1C[C@H](O)[C@@H](CO)O1,285.69,-0.3,"neurotoxicity, teratogenicity",United States,,Black Box Warning,,"Adenosine Deaminase,DNA/RNA Synthesis",Neuronal Signaling,"Cladribine (RWJ 26251, Leustatin, 2-CdA, 2-chlorodeoxyadenosine, 2-Chloro-2′-deoxyadenosine, CldAdo, Jk 6251, NSC 105014) is an adenosine deaminase inhibitor for U266, RPMI8226, and MM1.S cells with IC50 of approximately 2.43 μM, 0.75 μM, and 0.18 μM, respectively.",4291-63-8,199.52,No DILI,No DILI,No DILI,2017 Oct 12,,,PTOAARAWEBMLNO
Clevidipine,LT00644,Clevidipine,No-DILI-Concern,No match,0.0,,Intravenous,DILIrank,,,,CHEMBL1237132,C08CA16,1.0,0.0,,0.0,0.0,True,2008.0,0.0,,,0.0,4.0,Small molecule,1.0,False,0.0,True,0.0,CLEVIDIPINE,0.0,MOL,True,False,-dipine; -pine,phenylpyridine vasodilators; tricyclic compounds,-dipine; -pine,2009.0,False,CCCC(=O)OCOC(=O)C1=C(C)NC(C)=C(C(=O)OC)C1c1cccc(Cl)c1Cl,456.32,4.25,,,,,,,,,,,No DILI,No DILI,No DILI,,,,KPBZROQVTHLCDU
Clindamycin,LT01225,Clindamycin,Less-DILI-Concern,Warnings and precautions,3.0,,Oral,DILIrank,B,Antimicrobial,Antibacterial,CHEMBL1753,G01AA10; D10AF01; J01FF01,-1.0,1.0,,0.0,1.0,True,,0.0,,Antibacterial,0.0,4.0,Small molecule,1.0,False,0.0,False,0.0,CLINDAMYCIN,0.0,MOL,True,False,-mycin,antibiotics (Streptomyces strain),-mycin,1968.0,False,CCC[C@@H]1C[C@@H](C(=O)N[C@@H]([C@H]2O[C@H](SC)[C@H](O)[C@@H](O)[C@H]2O)[C@H](C)Cl)N(C)C1,424.99,0.39,"gastrointestinal toxicity, infectious disease",United States,,Black Box Warning,,Bacterial,Microbiology,"Clindamycin inhibits protein synthesis by acting on the 50S ribosomal, used for the treatment of bacterial infections.",18323-44-9,200.01,DILI (likely),DILI,Likely,2019 Dec 16,,"Hepatitis, Cholestasis/Biliary, Immune-mediated, Hypersensitivity",KDLRVYVGXIQJDK
Clomipramine,LT00185,Clomipramine,Most-DILI-Concern,Warnings and precautions,8.0,,Oral,DILIrank,D,CNS,Antidepressant,CHEMBL415,N06AA04,1.0,1.0,47780.0,0.0,2.0,False,1989.0,0.0,,Antidepressant,0.0,4.0,Small molecule,1.0,True,0.0,False,0.0,CLOMIPRAMINE,0.0,MOL,True,False,-pramine,antidepressants (imipramine type),-pramine,1970.0,False,CN(C)CCCN1c2ccccc2CCc2ccc(Cl)cc21,314.86,4.53,,,,,,,,,,,DILI (likely),DILI,Likely,2017 Oct 15,,"Cholestasis/Biliary, Immune-mediated, Hypersensitivity",GDLIGKIOYRNHDA
Clopidogrel,LT01023,Clopidogrel,Less-DILI-Concern,Adverse reactions,7.0,,Oral,DILIrank,B,Hematologic,Antiplatelet,CHEMBL1771,B01AC04,1.0,1.0,37941.0,0.0,1.0,True,1997.0,0.0,,Inhibitor (platelet),0.0,4.0,Small molecule,1.0,True,0.0,False,0.0,CLOPIDOGREL,1.0,MOL,True,False,-grel,"platelet aggregation inhibitors, primarily platelet P2Y12 receptor antagonists",-grel,1997.0,False,COC(=O)[C@H](c1ccccc1Cl)N1CCc2sccc2C1,321.83,3.67,,United States,,Black Box Warning,,P2 Receptor,Neuronal Signaling,"Clopidogrel Bisulfate (SR-25990C, Clopidogrel hydrogen sulfate, Iscover, Plavix) is an oral, thienopyridine class antiplatelet agent.",120202-66-6,197.67,DILI (likely),DILI,Likely,2017 Oct 17,,"CYP, Cholestasis/Biliary, Immune-mediated, Hypersensitivity",GKTWGGQPFAXNFI
Clozapine,LT00287,Clozapine,Most-DILI-Concern,Warnings and precautions,5.0,,Oral,DILIrank,A,CNS,Antipsychotic,CHEMBL42,N05AH02,1.0,1.0,3766.0,0.0,2.0,True,1989.0,0.0,,Antipsychotic,0.0,4.0,Small molecule,1.0,True,0.0,False,0.0,CLOZAPINE,0.0,MOL,True,False,-pine,tricyclic compounds,-pine,1969.0,False,CN1CCN(C2=Nc3cc(Cl)ccc3Nc3ccccc32)CC1,326.83,3.72,"neurotoxicity, hematological toxicity, cardiotoxicity, vascular toxicity",United States,,Black Box Warning,,5-HT Receptor,Neuronal Signaling,"Clozapine (HF 1854, LX 100-129) is an atypical antipsychotic drug by acting as a 5-HT antagonist, used in the treatment of schizophrenia.",5786-21-0,198.89,DILI (known),DILI,Known,2023 Jun 5,,"CYP, Cholestasis/Biliary, Immune-mediated, Hypersensitivity",QZUDBNBUXVUHMW
Colistimethate,LT01275,Colistimethate,No-DILI-Concern,No match,0.0,,Intravenous,DILIrank,,,,CHEMBL2304327,,,0.0,,0.0,-1.0,False,,0.0,,,0.0,3.0,Unknown,0.0,False,0.0,False,0.0,COLISTIMETHATE,1.0,MOL,False,False,,,,,False,CCC(C)CCCCC(=O)N(CS(=O)(=O)O)[C@@H](CCNCS(=O)(=O)O)C(=O)N[C@@H](CN[C@@H](CCNCS(=O)(=O)O)C(=O)N[C@H]1CCNC(=O)[C@H]([C@@H](C)O)NC(=O)[C@@H](CCNCS(=O)(=O)O)NC(=O)[C@H](CCNCS(=O)(=O)O)NC(=O)[C@H](CC(C)C)NC(=O)[C@@H](CC(C)C)NC(=O)[C@H](CCNCS(=O)(=O)O)NC1=O)[C@@H](C)O,1720.05,,,,,,,,,,,,No DILI,No DILI,No DILI,,,,RRDRHWJDBOGQHN
Conivaptan,LT01210,Conivaptan,No-DILI-Concern,No match,0.0,,Intravenous,DILIrank,,,,CHEMBL1755,C03XA02,1.0,0.0,681850.0,0.0,2.0,False,2005.0,0.0,,,0.0,4.0,Small molecule,1.0,False,0.0,True,0.0,CONIVAPTAN,0.0,MOL,True,False,-apt-; -vaptan,"aptamers, classical and mirror; vasopressin receptor antagonists",-apt-; -vaptan,1999.0,False,Cc1nc2c([nH]1)-c1ccccc1N(C(=O)c1ccc(NC(=O)c3ccccc3-c3ccccc3)cc1)CC2,498.59,6.51,,,,,,,,,,,No DILI,No DILI,No DILI,,,,IKENVDNFQMCRTR
Cortisone acetate,LT00734,Cortisone acetate,No-DILI-Concern,No match,0.0,,Oral,DILIrank,,,,CHEMBL1650,S01BA03; H02AB10,1.0,0.0,3897.0,0.0,1.0,True,1950.0,0.0,,Glucocorticoid,0.0,4.0,Small molecule,1.0,True,0.0,True,0.0,CORTISONE ACETATE,0.0,MOL,True,False,,,,,False,CC(=O)OCC(=O)[C@@]1(O)CC[C@H]2[C@@H]3CCC4=CC(=O)CC[C@]4(C)[C@H]3C(=O)C[C@@]21C,402.49,2.56,,,,,,Glucocorticoid Receptor,Endocrinology & Hormones,"Cortisone acetate (Cortone, NSC 49420) is an acetate salt form of cortisone that is a steroid hormone and a glucocorticoid.",50-04-4,17.39,No DILI,No DILI,No DILI,,,,ITRJWOMZKQRYTA
Cosyntropin,LT00855,Cosyntropin,No-DILI-Concern,No match,0.0,,Intravenous,DILIrank,,,,CHEMBL2103784,H01AA02,1.0,0.0,3901.0,0.0,1.0,True,1970.0,0.0,PEPTIDE1{S.Y.S.M.E.H.F.R.W.G.K.P.V.G.K.K.R.R.P.V.K.V.Y.P}$$$$,Hormone (adrenocorticotropic),0.0,4.0,Protein,1.0,False,0.0,True,0.0,COSYNTROPIN,0.0,BOTH,True,False,-pin; -trop-,tricyclic compounds; atropine derivatives,-pin; -trop-,1968.0,False,CSCC[C@H](NC(=O)[C@H](CO)NC(=O)[C@H](Cc1ccc(O)cc1)NC(=O)[C@@H](N)CO)C(=O)N[C@@H](CCC(=O)O)C(=O)N[C@@H](Cc1c[nH]cn1)C(=O)N[C@@H](Cc1ccccc1)C(=O)N[C@@H](CCCNC(=N)N)C(=O)N[C@@H](Cc1c[nH]c2ccccc12)C(=O)NCC(=O)N[C@@H](CCCCN)C(=O)N1CCC[C@H]1C(=O)N[C@H](C(=O)NCC(=O)N[C@@H](CCCCN)C(=O)N[C@@H](CCCCN)C(=O)N[C@@H](CCCNC(=N)N)C(=O)N[C@@H](CCCNC(=N)N)C(=O)N1CCC[C@H]1C(=O)N[C@H](C(=O)N[C@@H](CCCCN)C(=O)N[C@H](C(=O)N[C@@H](Cc1ccc(O)cc1)C(=O)N1CCC[C@H]1C(=O)O)C(C)C)C(C)C)C(C)C,2933.49,,,,,,,,,,,,No DILI,No DILI,No DILI,,,,ZOEFCCMDUURGSE
Cyclophosphamide,LT00013,Cyclophosphamide,Less-DILI-Concern,Adverse reactions,5.0,,Oral,DILIrank,B,Antineoplastic,"Solid tumors, Leukemia",CHEMBL88,,1.0,0.0,4027.0,0.0,0.0,False,1959.0,0.0,,Immunosuppressant; Antineoplastic,0.0,4.0,Small molecule,1.0,True,0.0,True,0.0,CYCLOPHOSPHAMIDE ANHYDROUS,1.0,MOL,True,False,,,,,False,O=P1(N(CCCl)CCCl)NCCCO1,261.09,1.88,,,,,,DNA alkylator,DNA Damage/DNA Repair,"Cyclophosphamide (NSC-26271, Cytoxan) Monohydrate is a nitrogen mustard alkylating agent, it attaches the alkyl group to the guanine base of DNA, shown to crosslink DNA, causing strand breakage and inducing mutations.",6055-19-2,197.06,DILI (likely),DILI,Likely,2017 Nov 5,,"Necrosis, CYP, Sinusoidal, Immune-mediated, Hypersensitivity",CMSMOCZEIVJLDB
Cycloserine,LT01253,Cycloserine,Ambiguous DILI-concern,Warnings and precautions,3.0,,,DILIrank,E*,Antimicrobial,Antituberculosis,CHEMBL771,J04AB01,1.0,0.0,40009.0,0.0,1.0,True,1964.0,0.0,,Antibacterial (tuberculostatic),0.0,4.0,Small molecule,1.0,True,0.0,False,0.0,CYCLOSERINE,0.0,MOL,True,False,,,,,False,N[C@@H]1CONC1=O,102.09,-1.62,,,,,,,,,,,No DILI,No DILI,No DILI,2017 Nov 3,,,DYDCUQKUCUHJBH
Cyclosporine,LT00380,Cyclosporine,Most-DILI-Concern,Warnings and precautions,7.0,,Oral,DILIrank,C,Immunomodulatory,Rejection,CHEMBL160,S01XA18; L04AD01,1.0,1.0,4031.0,0.0,1.0,True,1983.0,0.0,"PEPTIDE1{[meL].[meV].[X1670].[Abu].[Sar].[meL].V.[meL].A.[dA].[meL]}$PEPTIDE1,PEPTIDE1,11:R2-1:R1$$$",Immunosuppressant,0.0,4.0,Protein,1.0,True,0.0,True,0.0,CYCLOSPORINE,0.0,BOTH,True,True,,,,1981.0,False,C/C=C/C[C@@H](C)[C@@H](O)[C@H]1C(=O)N[C@@H](CC)C(=O)N(C)CC(=O)N(C)[C@@H](CC(C)C)C(=O)N[C@@H](C(C)C)C(=O)N(C)[C@@H](CC(C)C)C(=O)N[C@@H](C)C(=O)N[C@H](C)C(=O)N(C)[C@@H](CC(C)C)C(=O)N(C)[C@@H](CC(C)C)C(=O)N(C)[C@@H](C(C)C)C(=O)N1C,1202.63,,"infectious disease, carcinogenicity, nephrotoxicity, immune system toxicity, vascular toxicity",United States,,Black Box Warning,,"Immunology & Inflammation related,phosphatase",Metabolism,"Cyclosporine is a calcineurin phosphatase pathway inhibitor, used as an immunosuppressant drug to prevent rejection in organ transplantation.",79217-60-0,83.15,DILI (likely),DILI,Likely,2020 Feb 17,,"Hepatitis, CYP, Cholestasis/Biliary, Immune-mediated",PMATZTZNYRCHOR
Dacarbazine,LT00288,Dacarbazine,Most-DILI-Concern,Box warning,6.0,,Intravenous,DILIrank,B,Antineoplastic,"Solid tumors, Lymphoma",CHEMBL476,L01AX04,1.0,1.0,,0.0,2.0,True,1975.0,0.0,,Antineoplastic,0.0,4.0,Small molecule,1.0,False,0.0,True,0.0,DACARBAZINE,0.0,MOL,True,False,,,,1972.0,False,CN(C)/N=N/c1[nH]cnc1C(N)=O,182.19,0.07,"hepatotoxicity, teratogenicity, hematological toxicity, carcinogenicity",United States,,Black Box Warning,,"Antineoplastic and Immunosuppressive Antibiotics,DNA/RNA Synthesis",DNA Damage/DNA Repair,"Dacarbazine (NSC-45388, DTIC-Dome, Imidazole Carboxamide) is a triazene derivative with antineoplastic activity. Dacarbazine alkylates and cross-links DNA during all phases of the cell cycle, resulting in disruption of DNA function, cell cycle arrest, and apoptosis; used in the treatment of various cancers.",4342-03-4,65.87,DILI (likely),DILI,Likely,2017 Nov 10,,"Necrosis, Sinusoidal, Immune-mediated",FDKXTQMXEQVLRF
Danazol,LT00539,Danazol,Most-DILI-Concern,Box warning,8.0,,Oral,DILIrank,A,Endocrine,Hormone replacement,CHEMBL1479,G03XA01,1.0,1.0,4315.0,0.0,1.0,True,1976.0,0.0,,Anterior Pituitary Suppressant,0.0,4.0,Small molecule,1.0,True,0.0,False,0.0,DANAZOL,0.0,MOL,True,False,,,,1968.0,False,C#C[C@]1(O)CC[C@H]2[C@@H]3CCC4=Cc5oncc5C[C@]4(C)[C@H]3CC[C@@]21C,337.46,4.22,"carcinogenicity, hepatotoxicity, neurotoxicity, teratogenicity, vascular toxicity",United States,,Black Box Warning,,,,,,,DILI (known),DILI,Known,,,,POZRVZJJTULAOH
Darifenacin,LT01188,Darifenacin,No-DILI-Concern,No match,0.0,,Oral,DILIrank,E,Urologic,Bladder symptoms,CHEMBL1346,G04BD10,1.0,0.0,391960.0,0.0,1.0,False,2004.0,0.0,,,0.0,4.0,Small molecule,1.0,True,0.0,False,0.0,DARIFENACIN,0.0,MOL,True,False,-fenacin,muscarinic receptor antagonists,-fenacin,2004.0,False,NC(=O)C(c1ccccc1)(c1ccccc1)[C@@H]1CCN(CCc2ccc3c(c2)CCO3)C1,426.56,3.96,,,,,,,,,,,No DILI,No DILI,No DILI,2023 Jul 12,,,HXGBXQDTNZMWGS
Daunorubicin,LT00540,Daunorubicin,No-DILI-Concern,No match,0.0,,Intravenous,DILIrank,E*,Antineoplastic,"Solid tumors, Leukemia",CHEMBL178,L01DB02,1.0,1.0,41977.0,0.0,1.0,True,1979.0,0.0,,Antineoplastic,0.0,4.0,Small molecule,1.0,False,0.0,True,0.0,DAUNORUBICIN,0.0,MOL,True,False,-rubicin,antineoplastic antibiotics (daunorubicin type),-rubicin,1976.0,False,COc1cccc2c1C(=O)c1c(O)c3c(c(O)c1C2=O)C[C@@](O)(C(C)=O)C[C@@H]3O[C@H]1C[C@H](N)[C@H](O)[C@H](C)O1,527.53,1.03,,,,,,"ADC Cytotoxin,Antineoplastic and Immunosuppressive Antibiotics,Apoptosis related,COVID-19,DNA/RNA Synthesis,Topoisomerase",DNA Damage/DNA Repair,"Daunorubicin HCl (Daunomycin, RP 13057, Rubidomycin) inhibits both DNA and RNA synthesis and inhibits DNA synthesis with Ki of 0.02 μM in a cell-free assay. Daunorubicin is a topoisomerase II inhibitor that induces apoptosis.",23541-50-6,177.31,No DILI,No DILI,No DILI,2017 Dec 27,,,STQGQHZAVUOBTE
Decitabine,LT00385,Decitabine,Ambiguous DILI-concern,Adverse reactions,4.0,,Intravenous,DILIrank,E*,Antineoplastic,Myelodysplasia,CHEMBL1201129,L01BC08,1.0,0.0,50131.0,0.0,1.0,True,2006.0,0.0,,Antineoplastic,0.0,4.0,Small molecule,1.0,True,1.0,False,0.0,DECITABINE,0.0,MOL,True,False,-citabine,"nucleoside antiviral or antineoplastic agents, cytarabine or azarabine derivatives",-citabine,1989.0,False,Nc1ncn([C@H]2C[C@H](O)[C@@H](CO)O2)c(=O)n1,228.21,-2.14,,,,,,"Apoptosis related,DNA Methyltransferase,Nucleoside Analog/Antimetabolite",Epigenetics,"Decitabine (Deoxycytidine, Dacogen, 5-aza-2'-deoxycytidine, 5-AZA-dC, 5-aza-CdR,NSC 127716) is a DNA methyltransferase inhibitor, incorporating into DNA and resulting in hypomethylation of DNA and intra-S-phase arrest of DNA replication. It is used to treat myelodysplastic syndrome (MDS). Decitabine induces cell cycle arrest and apoptosis in various cancer cell lines.",2353-33-5,197.19,No DILI,No DILI,No DILI,2023 Jul 27,,,XAUDJQYHKZQPEU
Deferasirox,LT00563,Deferasirox,Most-DILI-Concern,Box warning,7.0,,Oral,DILIrank,C,Toxicology,Iron overload,CHEMBL550348,V03AC03,1.0,1.0,49005.0,0.0,2.0,True,2005.0,0.0,,,0.0,4.0,Small molecule,1.0,True,0.0,False,0.0,DEFERASIROX,0.0,MOL,True,False,,,,2004.0,False,O=C(O)c1ccc(-n2nc(-c3ccccc3O)nc2-c2ccccc2O)cc1,373.37,3.71,"hepatotoxicity, vascular toxicity, gastrointestinal toxicity, nephrotoxicity",United States,,Black Box Warning,,"Ferroptosis,P450 (e.g. CYP17)",Proteases,"Deferasirox (ICL-670, CGP-72670) is an iron chelator, also a cytochrome P450 3A4 inducer, Cytochrome P450 2C8 inhibitor, and Cytochrome P450 1A2 inhibitor. Deferasirox-induced iron depletion promotes BclxL downregulation and cell death.",201530-41-8,198.2,DILI (likely),DILI,Likely,2017 Dec 26,,"Hepatitis, Cholestasis/Biliary, Immune-mediated, Hypersensitivity",BOFQWVMAQOTZIW
Degarelix,LT00655,Degarelix,Ambiguous DILI-concern,Adverse reactions,3.0,,,DILIrank,E,Antineoplastic,Prostate cancer,CHEMBL415606,L02BX02,1.0,0.0,,0.0,1.0,False,2008.0,0.0,,,0.0,4.0,Protein,1.0,False,0.0,True,0.0,DEGARELIX,0.0,MOL,True,False,-relix,hormone-release inhibiting peptides,-relix,2007.0,False,CC(=O)N[C@H](Cc1ccc2ccccc2c1)C(=O)N[C@H](Cc1ccc(Cl)cc1)C(=O)N[C@H](Cc1cccnc1)C(=O)N[C@@H](CO)C(=O)N[C@@H](Cc1ccc(NC(=O)[C@@H]2CC(=O)NC(=O)N2)cc1)C(=O)N[C@H](Cc1ccc(NC(N)=O)cc1)C(=O)N[C@@H](CC(C)C)C(=O)N[C@@H](CCCCNC(C)C)C(=O)N1CCC[C@H]1C(=O)N[C@H](C)C(N)=O,1632.29,,,,,,,,,,,,No DILI,No DILI,No DILI,2023 May 28,,,MEUCPCLKGZSHTA
Delavirdine,LT00996,Delavirdine,Ambiguous DILI-concern,Adverse reactions,5.0,,Oral,DILIrank,E*,Antimicrobial,Antiviral: HIV,CHEMBL593,J05AG02,1.0,0.0,119573.0,0.0,2.0,False,1997.0,0.0,,Antiviral,0.0,4.0,Small molecule,1.0,True,0.0,False,0.0,DELAVIRDINE,0.0,MOL,True,False,-vir-,antivirals,-vir-,1994.0,False,CC(C)Nc1cccnc1N1CCN(C(=O)c2cc3cc(NS(C)(=O)=O)ccc3[nH]2)CC1,456.57,2.72,,,,,,,,,,,No DILI,No DILI,No DILI,2017 Dec 27,,,WHBIGIKBNXZKFE
Demeclocycline,LT00081,Demeclocycline,Ambiguous DILI-concern,Warnings and precautions,3.0,,Oral,DILIrank,E*,Antimicrobial,Antibacterial,CHEMBL1591,D06AA01; J01AA01,1.0,0.0,4392.0,0.0,1.0,False,1960.0,0.0,,Antibacterial,0.0,4.0,Small molecule,1.0,True,0.0,False,0.0,DEMECLOCYCLINE,0.0,MOL,True,False,-cycline,antibiotics (tetracycline derivatives),-cycline,,False,CN(C)[C@@H]1C(O)=C(C(N)=O)C(=O)[C@@]2(O)C(O)=C3C(=O)c4c(O)ccc(Cl)c4[C@@H](O)[C@H]3C[C@@H]12,464.86,0.26,,,,,,,,,,,No DILI,No DILI,No DILI,,,,FMTDIUIBLCQGJB
Dermatan,LT00695,Dermatan,Most-DILI-Concern,Discontinued,8.0,,Intravenous,DILIrank,,,,CHEMBL1909290,,-1.0,0.0,,0.0,-1.0,False,,-1.0,,,-1.0,,Small molecule,1.0,False,-1.0,False,0.0,DERMATAN,-1.0,MOL,False,False,,,,,False,CO[C@@H]1O[C@H](CO)[C@H](O)[C@H](O[C@@H]2O[C@@H](C(=O)O)[C@@H](OC)[C@H](O)[C@H]2O)[C@H]1NC(C)=O,425.39,-3.85,,,,,,,,,,,DILI (likely),DILI,Likely,,,,OEANUJAFZLQYOD
Dextrose,LT00327,Dextrose,No-DILI-Concern,No match,0.0,,Intravenous,DILIrank,,,,CHEMBL1222250,B05CX01; C05BB56; V06DC01; V04CA02,1.0,0.0,4167.0,0.0,1.0,True,,0.0,,Pharmaceutic Aid (tablet coating agent); Pharmaceutic Aid (tablet binder),0.0,4.0,Small molecule,1.0,False,0.0,True,0.0,DEXTROSE,0.0,MOL,False,False,,,,,False,OC[C@H]1OC(O)[C@H](O)[C@@H](O)[C@@H]1O,180.16,-3.22,,,,,,Others,Others,"Dextrose (D-glucose), a simple sugar (monosaccharide), is an important carbohydrate in biology.",50-99-7,199.82,No DILI,No DILI,No DILI,,,,WQZGKKKJIJFFOK
Dichlorphenamide,LT00802,Dichlorphenamide,No-DILI-Concern,No match,0.0,,Oral,DILIrank,,,,CHEMBL17,S01EC02,1.0,0.0,101085.0,0.0,2.0,True,1958.0,0.0,,Carbonic Anhydrase Inhibitor,0.0,4.0,Small molecule,1.0,True,0.0,False,0.0,DICHLORPHENAMIDE,0.0,MOL,True,False,,,,,False,NS(=O)(=O)c1cc(Cl)c(Cl)c(S(N)(=O)=O)c1,305.16,0.29,,,,,,Carbonic Anhydrase,Metabolism,Dichlorphenamide (Diclofenamide) is a sulfonamide and a carbonic anhydrase inhibitor of the meta-Disulfamoylbenzene class.,120-97-8,199.89,No DILI,No DILI,No DILI,,,,GJQPMPFPNINLKP
Diethylpropion,LT00806,Diethylpropion,No-DILI-Concern,No match,0.0,,Oral,DILIrank,E,Weight loss agent,Obesity,CHEMBL1194666,A08AA03,1.0,0.0,4530.0,0.0,0.0,False,1959.0,0.0,,Anorexic,0.0,4.0,Small molecule,1.0,True,0.0,False,0.0,DIETHYLPROPION,0.0,MOL,True,False,,,,,False,CCN(CC)C(C)C(=O)c1ccccc1,205.3,2.6,,,,,,,,,,,No DILI,No DILI,No DILI,2018 Jan 3,,,XXEPPPIWZFICOJ
Dihydroergotamine,LT02218,Dihydroergotamine,No-DILI-Concern,No match,0.0,,Intravenous,DILIrank,E,CNS,Migraine,CHEMBL1732,N02CA01; N02CA51,1.0,1.0,4562.0,0.0,1.0,False,1946.0,0.0,,Anti-Adrenergic,0.0,4.0,Small molecule,1.0,False,0.0,True,0.0,DIHYDROERGOTAMINE,0.0,MOL,True,True,-erg-,ergot alkaloid derivatives,-erg-,1965.0,False,CN1C[C@H](C(=O)N[C@]2(C)O[C@@]3(O)[C@@H]4CCCN4C(=O)[C@H](Cc4ccccc4)N3C2=O)C[C@@H]2c3cccc4[nH]cc(c34)C[C@H]21,583.69,2.08,,,,,,,,,,,No DILI,No DILI,No DILI,,,,LUZRJRNZXALNLM
Dimenhydrinate,LT00545,Dimenhydrinate,No-DILI-Concern,No match,0.0,,Intravenous,DILIrank,E,CNS,Sedative/Hypnotic,CHEMBL1200406,R06AA11,1.0,0.0,,0.0,2.0,True,1972.0,0.0,,Anti-Emetic,0.0,4.0,Small molecule,0.0,True,0.0,True,0.0,DIMENHYDRINATE,0.0,MOL,True,False,,,,,False,CN(C)CCOC(c1ccccc1)c1ccccc1.Cn1c(=O)c2[nH]c(Cl)nc2n(C)c1=O,469.97,,,,,,,Histamine Receptor,Neuronal Signaling,"Dimenhydrinate is an over-the-counter drug used to prevent nausea, vomiting, and dizziness caused by motion sickness.",523-87-5,200.02,No DILI,No DILI,No DILI,,,,NFLLKCVHYJRNRH
Disopyramide,LT01302,Disopyramide,Less-DILI-Concern,Adverse reactions,2.0,,Oral,DILIrank,B,Cardiovascular,Antiarrhythmic,CHEMBL517,C01BA03,1.0,1.0,4657.0,0.0,0.0,True,1977.0,0.0,,Cardiac Depressant (anti-arrhythmic),0.0,4.0,Small molecule,1.0,True,0.0,False,0.0,DISOPYRAMIDE,0.0,MOL,True,False,,,,1970.0,False,CC(C)N(CCC(C(N)=O)(c1ccccc1)c1ccccn1)C(C)C,339.48,3.36,,,,,,Sodium Channel,Transmembrane Transporters,"Disopyramide is a class IA antiarrhythmic drug which acts via blockade of sodium channels depressing phase 0 of the action potential. Disopyramide possesses significant negative inotropic, anticholinergic effects and enhances AV nodal conduction.",3737-09-5,197.37,DILI (likely),DILI,Likely,2018 Jan 4,,"Hepatitis, CYP, Cholestasis/Biliary, Immune-mediated, Hypersensitivity",UVTNFZQICZKOEM
Dofetilide,LT01040,Dofetilide,No-DILI-Concern,No match,0.0,,Oral,DILIrank,E,Cardiovascular,Antiarrhythmic,CHEMBL473,C01BD04,1.0,1.0,4681.0,0.0,2.0,True,1999.0,0.0,,Cardiac Depressant (anti-arrhythmic),0.0,4.0,Small molecule,1.0,True,0.0,False,0.0,DOFETILIDE,0.0,MOL,True,False,-ilide,class III antiarrhythmic agents,-ilide,1993.0,False,CN(CCOc1ccc(NS(C)(=O)=O)cc1)CCc1ccc(NS(C)(=O)=O)cc1,441.58,1.98,cardiotoxicity,United States,,Black Box Warning,,Potassium Channel,Transmembrane Transporters,"Dofetilide (UK-68798) is a selective potassium channel ((hERG)) blocker, used as a Class III antiarrhythmic drug.",115256-11-6,199.29,No DILI,No DILI,No DILI,2016 Sep 15,,,IXTMWRCNAAVVAI
Dolasetron,LT00986,Dolasetron,Ambiguous DILI-concern,Adverse reactions,3.0,,Oral,DILIrank,E,Gastrointestinal,Antiemetic,CHEMBL2368925,A04AA04,1.0,0.0,,0.0,1.0,False,1997.0,0.0,,Antimigraine; Anti-Emetic,0.0,4.0,Small molecule,1.0,True,0.0,True,0.0,DOLASETRON,0.0,MOL,True,False,-setron,serotonin 5-HT3 receptor antagonists,-setron,1991.0,False,O=C(O[C@@H]1C[C@@H]2C[C@H]3C[C@H](C1)N2CC3=O)c1c[nH]c2ccccc12,324.38,2.52,,,,,,5-HT Receptor,Neuronal Signaling,"Dolasetron(MDL-73147EF) is a highly specific and selective serotonin 5-HT3 receptor antagonist. It has minimal activity at other known serotonin receptors, and has low affinity for dopamine receptors.",115956-12-2,197.31,No DILI,No DILI,No DILI,,,,UKTAZPQNNNJVKR
Doripenem,LT00623,Doripenem,Ambiguous DILI-concern,Adverse reactions,3.0,,,DILIrank,E*,Antimicrobial,Antibacterial,CHEMBL491571,J01DH04,1.0,0.0,,0.0,1.0,True,2007.0,0.0,,,0.0,4.0,Small molecule,1.0,False,0.0,True,0.0,DORIPENEM,0.0,MOL,True,False,-penem,"antibacterial antibiotics, carbapenem derivatives",-penem,2005.0,False,C[C@@H](O)[C@H]1C(=O)N2C(C(=O)O)=C(S[C@@H]3CN[C@H](CNS(N)(=O)=O)C3)[C@H](C)[C@H]12,420.51,-1.6,,,,,,Antibiotics,Microbiology,Doripenem(S 4661) is a new parenteral carbapenem antibiotic with broad-spectrum activity against gram-negative and gram-positive pathogens.,148016-81-3,142.69,No DILI,No DILI,No DILI,2017 Jan 17,,,AVAACINZEOAHHE
Doxapram,LT00547,Doxapram,No-DILI-Concern,No match,0.0,,Intravenous,DILIrank,,,,CHEMBL253987,,-1.0,0.0,59842.0,0.0,-1.0,False,,-1.0,,,-1.0,,Small molecule,1.0,False,-1.0,False,0.0,(R)-DOXAPRAM,-1.0,MOL,False,False,,,,,False,CCN1C[C@H](CCN2CCOCC2)C(c2ccccc2)(c2ccccc2)C1=O,378.52,3.17,,,,,,Potassium Channel,Transmembrane Transporters,"Doxapram is a central respiratory stimulant with a brief duration of action. Doxapram is a selective TASK-1, TASK-3, TASK-1/TASK-3 heterodimeric channel inhibitor with EC50 of 410 nM, 37 μM, 9 μM, respectively.",309-29-5,198.15,No DILI,No DILI,No DILI,,,,XFDJYSQDBULQSI
Doxazosin,LT01313,Doxazosin,Ambiguous DILI-concern,Adverse reactions,3.0,,Oral,DILIrank,E*,Cardiovascular,Antihypertensive,CHEMBL707,C02CA04,1.0,0.0,4708.0,0.0,0.0,False,1990.0,0.0,,Antihypertensive,0.0,4.0,Small molecule,1.0,True,0.0,False,0.0,DOXAZOSIN,0.0,MOL,True,False,-azosin,antihypertensives (prazosin type),-azosin,1981.0,False,COc1cc2nc(N3CCN(C(=O)C4COc5ccccc5O4)CC3)nc(N)c2cc1OC,451.48,1.72,,,,,,Adrenergic Receptor,Neuronal Signaling,Doxazosin(UK 33274) is a quinazoline-derivative that selectively antagonizes postsynaptic α1-adrenergic receptors.,74191-85-8,68.66,No DILI,No DILI,No DILI,2018 Jan 8,,,RUZYUOTYCVRMRZ
Doxycycline,LT00393,Doxycycline,Less-DILI-Concern,Adverse reactions,3.0,,Oral,DILIrank,B,Antimicrobial,Antibacterial,CHEMBL1200699,A01AB22; J01AA02,1.0,0.0,60648.0,0.0,1.0,True,1967.0,0.0,,Antibacterial,0.0,4.0,Small molecule,0.0,True,0.0,False,0.0,DOXYCYCLINE,0.0,MOL,True,False,-cycline,antibiotics (tetracycline derivatives),-cycline,1966.0,False,C[C@H]1c2cccc(O)c2C(=O)C2=C(O)[C@]3(O)C(=O)C(C(N)=O)=C(O)[C@@H](N(C)C)[C@@H]3[C@@H](O)[C@@H]21.O,462.46,-0.35,,,,,,"Antibiotics,Antineoplastic and Immunosuppressive Antibiotics,Bacterial,MMP",Microbiology,"Doxycycline (Vibramycin, Doxytetracycline, Doxiciclina, Doxycyclinum) is an antibiotic that is used in the treatment of a number of types of infections caused by bacteria and protozoa. Doxycycline is also a nonspecific matrix metalloproteinase (MMP) inhibitor.",564-25-0,198.01,DILI (likely),DILI,Likely,2019 Jan 23,,"Hepatitis, Cholestasis/Biliary, Steatosis, Immune-mediated, Hypersensitivity",XQTWDDCIUJNLTR
Dronedarone,LT00671,Dronedarone,Most-DILI-Concern,Warnings and precautions,7.0,,Oral,DILIrank,C,Cardiovascular,Antiarrhythmic,CHEMBL184412,C01BD07,1.0,1.0,50659.0,0.0,2.0,False,2009.0,0.0,,,0.0,4.0,Small molecule,1.0,True,0.0,False,0.0,DRONEDARONE,0.0,MOL,True,False,-arone,antiarrhythmics,-arone,2004.0,False,CCCCc1oc2ccc(NS(C)(=O)=O)cc2c1C(=O)c1ccc(OCCCN(CCCC)CCCC)cc1,556.77,7.05,,,,,,Adrenergic Receptor,Transmembrane Transporters,"Dronedarone (SR33589) is a derivative of amiodarone which is classified as a Class III antiarrhythmic agent. It shows rate-dependent inhibition of the rapid Na+ current, inhibits α and β-adrenergic receptors like Class II agents, exhibits blockade of K+ outward currents as the main mechanism of action of Class III, and effectively block slow Ca2+ inward currents (Class IV).",141626-36-0,,DILI (likely),DILI,Likely,2018 Jan 5,,"Hepatitis, CYP, Steatosis, Fibrosis",ZQTNQVWKHCQYLQ
Dutasteride,LT01112,Dutasteride,No-DILI-Concern,No match,0.0,,Oral,DILIrank,E,Urologic,Prostatic hypertrophy,CHEMBL1200969,G04CB02,1.0,0.0,521033.0,0.0,1.0,True,2001.0,0.0,,,0.0,4.0,Small molecule,0.0,True,0.0,False,0.0,DUTASTERIDE,0.0,MOL,True,False,-ster-; -steride,"steroids (androgens, anabolics); testosterone reductase inhibitors",-ster-; -steride,1997.0,False,C[C@]12C=CC(=O)N[C@@H]1CC[C@@H]1[C@@H]2CC[C@]2(C)[C@@H](C(=O)Nc3cc(C(F)(F)F)ccc3C(F)(F)F)CC[C@@H]12,528.54,6.58,,,,,,5-alpha Reductase,Endocrinology & Hormones,"Dutasteride (GI198745, GG-745) is a dual 5-α reductase inhibitor that inhibits conversion of testosterone to dihydrotestosterone (DHT).",164656-23-9,117.31,No DILI,No DILI,No DILI,2018 Jan 9,,,JWJOTENAMICLJG
Dyphylline,LT00740,Dyphylline,No-DILI-Concern,No match,0.0,,Oral,DILIrank,E,Respiratory,Bronchodilation,CHEMBL1752,R03DA51; R03DA01,1.0,0.0,4728.0,0.0,0.0,True,1951.0,0.0,,Bronchodilator,0.0,4.0,Small molecule,1.0,True,0.0,True,0.0,DYPHYLLINE,0.0,MOL,True,False,,,,,False,Cn1c(=O)c2c(ncn2CC(O)CO)n(C)c1=O,254.25,-2.21,,,,,,PDE,Metabolism,Dyphylline (Diprophylline) is a xanthine derivative with bronchodilator and vasodilator effects.,479-18-5,200.6,No DILI,No DILI,No DILI,,,,KSCFJBIXMNOVSH
Edrophonium,LT02093,Edrophonium,No-DILI-Concern,No match,0.0,,,DILIrank,,,,CHEMBL60745,,-1.0,0.0,,0.0,-1.0,False,,-1.0,,,-1.0,,Small molecule,1.0,False,-1.0,False,0.0,EDROPHONIUM BROMIDE,-1.0,MOL,False,False,,,,,False,CC[N+](C)(C)c1cccc(O)c1.[Br-],246.15,1.98,,,,,,,,,,,No DILI,No DILI,No DILI,,,,CAEPIUXAUPYIIJ
Efavirenz,LT01323,Efavirenz,Most-DILI-Concern,Warnings and precautions,7.0,,Oral,DILIrank,A,Antimicrobial,Antiviral: HIV,CHEMBL223228,J05AG03,1.0,0.0,119486.0,0.0,1.0,True,1998.0,0.0,,,0.0,4.0,Small molecule,0.0,True,0.0,False,0.0,EFAVIRENZ,0.0,MOL,True,False,ef-; -vir-; -vir-,Fc fusion protein; antivirals: non-nucleoside reverse transcriptase inhibitors; benzoxazinone derivatives; benzoxazinone derivatives,ef-; -vir- (-virenz); -vir- (-virenz),,False,O=C1Nc2ccc(Cl)cc2[C@@](C#CC2CC2)(C(F)(F)F)O1,315.68,4.07,,,,,,Reverse Transcriptase,Microbiology,"Efavirenz (Sustiva, Stocrin, DMP-266) is a synthetic non-nucleoside reverse transcriptase (RT) inhibitor with antiviral activity.",154598-52-4,199.58,DILI (known),DILI,Known,2018 Feb 10,,"Necrosis, CYP, Cholestasis/Biliary, Immune-mediated, Hypersensitivity",XPOQHMRABVBWPR
Eletriptan,LT02024,Eletriptan,Ambiguous DILI-concern,Adverse reactions,3.0,,Oral,DILIrank,E,CNS,Migraine,CHEMBL1510,N02CC06,1.0,0.0,50922.0,0.0,1.0,True,2002.0,0.0,,,0.0,4.0,Small molecule,1.0,True,0.0,False,0.0,ELETRIPTAN,0.0,MOL,True,False,-triptan,antimigraine agents (5-HT1 receptor agonists); sumatriptan derivatives,-triptan,1997.0,False,CN1CCC[C@@H]1Cc1c[nH]c2ccc(CCS(=O)(=O)c3ccccc3)cc12,382.53,3.82,,,,,,,,,,,No DILI,No DILI,No DILI,,,,PWVXXGRKLHYWKM
Eltrombopag olamine,LT00663,Eltrombopag olamine,Most-DILI-Concern,Box warning,4.0,,Oral,DILIrank,,,,CHEMBL461806,,-1.0,0.0,,0.0,-1.0,False,,-1.0,,,-1.0,,Small molecule,0.0,False,-1.0,False,0.0,ELTROMBOPAG OLAMINE,-1.0,MOL,False,False,,,,,False,CC1=NN(c2ccc(C)c(C)c2)C(=O)/C1=N\Nc1cccc(-c2cccc(C(=O)O)c2)c1O.NCCO,503.56,4.56,,,,,,,,,,,DILI (likely),DILI,Likely,,,,LQQUHOUXABUDJA
Enalapril,LT00296,Enalapril,Less-DILI-Concern,Adverse reactions,7.0,,Oral,DILIrank,B,Cardiovascular,Antihypertensive,CHEMBL578,C09AA02,1.0,1.0,4784.0,0.0,1.0,False,1985.0,0.0,,Antihypertensive,0.0,4.0,Small molecule,1.0,True,0.0,False,0.0,ENALAPRIL,1.0,MOL,True,False,-nal-; -pril,narcotic agonists/antagonists (normorphine type); antihypertensives (ACE inhibitors),-nal-; -pril,1981.0,False,CCOC(=O)[C@H](CCc1ccccc1)N[C@@H](C)C(=O)N1CCC[C@H]1C(=O)O,376.45,1.6,,,,,,,,,,,DILI (likely),DILI,Likely,2018 Feb 11,,"CYP, Cholestasis/Biliary, Immune-mediated, Hypersensitivity",GBXSMTUPTTWBMN
Enalaprilat,LT00381,Enalaprilat,Ambiguous DILI-concern,Adverse reactions,7.0,,,DILIrank,B,Cardiovascular,Antihypertensive,CHEMBL3989406,,1.0,1.0,,0.0,1.0,True,1988.0,0.0,,,0.0,4.0,Small molecule,0.0,False,0.0,True,0.0,ENALAPRILAT,0.0,MOL,True,False,-nal-; -pril-,"narcotic agonists/antagonists (normorphine type); antihypertensives (ACE inhibitors): antihypertensives (ACE inhibitors), diacid analogs",-nal-; -pril- (-prilat),1984.0,False,C[C@H](N[C@@H](CCc1ccccc1)C(=O)O)C(=O)N1CCC[C@H]1C(=O)O.O.O,384.43,1.13,teratogenicity,United States,,Black Box Warning,,,,,,,DILI (likely),DILI,Likely,,,,MZYVOFLIPYDBGD
Enfuvirtide,LT01169,Enfuvirtide,Ambiguous DILI-concern,Warnings and precautions,3.0,,Subcutaneous,DILIrank,E,Antimicrobial,Antiviral: HIV,CHEMBL525076,J05AX07,1.0,0.0,608828.0,0.0,1.0,True,2003.0,1.0,PEPTIDE1{[ac].Y.T.S.L.I.H.S.L.I.E.E.S.Q.N.Q.Q.E.K.N.E.Q.E.L.L.E.L.D.K.W.A.S.L.W.N.W.F.[am]}$$$$,,0.0,4.0,Protein,0.0,False,0.0,True,0.0,ENFUVIRTIDE,0.0,BOTH,True,False,-tide; -vir-,peptides: antiviral peptides; antivirals,-tide (-virtide); -vir-,2001.0,False,CC[C@H](C)[C@H](NC(=O)[C@H](CC(C)C)NC(=O)[C@H](CO)NC(=O)[C@H](Cc1cnc[nH]1)NC(=O)[C@@H](NC(=O)[C@H](CC(C)C)NC(=O)[C@H](CO)NC(=O)[C@@H](NC(=O)[C@H](Cc1ccc(O)cc1)NC(C)=O)[C@@H](C)O)[C@@H](C)CC)C(=O)N[C@@H](CCC(=O)O)C(=O)N[C@@H](CCC(=O)O)C(=O)N[C@@H](CO)C(=O)N[C@@H](CCC(N)=O)C(=O)N[C@@H](CC(N)=O)C(=O)N[C@@H](CCC(N)=O)C(=O)N[C@@H](CCC(N)=O)C(=O)N[C@@H](CCC(=O)O)C(=O)N[C@@H](CCCCN)C(=O)N[C@@H](CC(N)=O)C(=O)N[C@@H](CCC(=O)O)C(=O)N[C@@H](CCC(N)=O)C(=O)N[C@@H](CCC(=O)O)C(=O)N[C@@H](CC(C)C)C(=O)N[C@@H](CC(C)C)C(=O)N[C@@H](CCC(=O)O)C(=O)N[C@@H](CC(C)C)C(=O)N[C@@H](CC(=O)O)C(=O)N[C@@H](CCCCN)C(=O)N[C@@H](Cc1c[nH]c2ccccc12)C(=O)N[C@@H](C)C(=O)N[C@@H](CO)C(=O)N[C@@H](CC(C)C)C(=O)N[C@@H](Cc1c[nH]c2ccccc12)C(=O)N[C@@H](CC(N)=O)C(=O)N[C@@H](Cc1c[nH]c2ccccc12)C(=O)N[C@@H](Cc1ccccc1)C(N)=O,4491.94,,,,,,,,,,,,No DILI,No DILI,No DILI,2018 Feb 10,,,PEASPLKKXBYDKL
Entecavir,LT00538,Entecavir,Ambiguous DILI-concern,Warnings and precautions,7.0,,Oral,DILIrank,E*,Antimicrobial,Antiviral: HBV,CHEMBL5314362,J05AF10,1.0,1.0,,0.0,1.0,True,2005.0,0.0,,,0.0,4.0,Small molecule,0.0,True,0.0,False,0.0,ENTECAVIR,1.0,MOL,True,False,-vir,antivirals: carbocyclic nucleosides,-vir (-cavir),1999.0,False,C=C1[C@H](CO)[C@@H](O)C[C@@H]1n1cnc2c(=O)[nH]c(N)nc21.O,295.3,-0.83,"hepatotoxicity, metabolic toxicity",United States,,Black Box Warning,,Reverse Transcriptase,Microbiology,"Entecavir(BMS200475,SQ34676), a new deoxyguanine nucleoside analogue, is a selective inhibitor of the replication of the hepatitis B virus (HBV).",142217-69-4,198.36,No DILI,No DILI,No DILI,2018 Feb 10,,,YXPVEXCTPGULBZ
Eplerenone,LT01149,Eplerenone,Ambiguous DILI-concern,Adverse reactions,4.0,,Oral,DILIrank,E*,Cardiovascular,Diuretic,CHEMBL1095097,C03DA04,1.0,0.0,31547.0,0.0,1.0,True,2002.0,0.0,,Antihypertensive; Aldosterone Antagonist,0.0,4.0,Small molecule,1.0,True,0.0,False,0.0,EPLERENONE,0.0,MOL,True,False,-renone,aldosterone antagonists (spironolactone type),-renone,1997.0,False,COC(=O)[C@@H]1CC2=CC(=O)CC[C@]2(C)[C@@]23O[C@@H]2C[C@@]2(C)[C@@H](CC[C@@]24CCC(=O)O4)[C@H]13,414.5,3.12,,,,,,Mineralocorticoid Receptor,Endocrinology & Hormones,"Eplerenone (CGP 30083, SC-66110) is a mineralocorticoid receptor antagonist, and blocks the action of aldosterone, used to control high blood pressure.",107724-20-9,9.65,No DILI,No DILI,No DILI,2021 Oct 13,,,JUKPWJGBANNWMW
Epoprostenol,LT00971,Epoprostenol,Ambiguous DILI-concern,Adverse reactions,7.0,,,DILIrank,E,Respiratory,Pulmonary hypertension,CHEMBL1139,B01AC09,1.0,0.0,15552.0,0.0,1.0,False,1995.0,0.0,,Inhibitor (platelet),0.0,4.0,Small molecule,1.0,False,0.0,True,0.0,EPOPROSTENOL,0.0,MOL,True,False,-prost-,prostaglandins,-prost-,1979.0,False,CCCCC[C@H](O)/C=C/[C@@H]1[C@H]2C/C(=C/CCCC(=O)O)O[C@H]2C[C@H]1O,352.47,3.41,,,,,,,,,,,No DILI,No DILI,No DILI,,,,KAQKFAOMNZTLHT
Eprosartan,LT01001,Eprosartan,Ambiguous DILI-concern,Adverse reactions,3.0,,Oral,DILIrank,E*,Cardiovascular,Antihypertensive,CHEMBL813,C09CA02,1.0,1.0,4814.0,0.0,2.0,True,1997.0,0.0,,Antihypertensive,0.0,4.0,Small molecule,1.0,True,0.0,False,0.0,EPROSARTAN,0.0,MOL,True,False,-sartan,angiotensin II receptor antagonists,-sartan,1994.0,False,CCCCc1ncc(/C=C(\Cc2cccs2)C(=O)O)n1Cc1ccc(C(=O)O)cc1,424.52,4.74,,,,,,,,,,,No DILI,No DILI,No DILI,2017 Jan 13,,,OROAFUQRIXKEMV
Eptifibatide,LT00999,Eptifibatide,No-DILI-Concern,No match,0.0,,Intravenous,DILIrank,,,,CHEMBL1174,B01AC16,1.0,0.0,291902.0,0.0,1.0,True,1998.0,0.0,,,0.0,4.0,Protein,0.0,False,0.0,True,0.0,EPTIFIBATIDE,0.0,BOTH,True,False,-tide,peptides: platelet aggregation inhibitor (GPIIb/IIIa receptor antagonist),-tide (-fibatide),,False,N=C(N)NCCCC[C@@H]1NC(=O)CCSSC[C@@H](C(N)=O)NC(=O)[C@@H]2CCCN2C(=O)[C@H](Cc2c[nH]c3ccccc23)NC(=O)[C@H](CC(=O)O)NC(=O)CNC1=O,831.98,-1.84,,,,,,,,,,,No DILI,No DILI,No DILI,,,,CZKPOZZJODAYPZ
Erlotinib,LT01214,Erlotinib,Most-DILI-Concern,Warnings and precautions,8.0,,Oral,DILIrank,B,Antineoplastic,Solid tumors,CHEMBL553,L01EB02,1.0,0.0,114785.0,0.0,2.0,False,2004.0,0.0,,,0.0,4.0,Small molecule,1.0,True,0.0,False,0.0,ERLOTINIB,0.0,MOL,True,False,-tinib,tyrosine kinase inhibitors,-tinib,2001.0,False,C#Cc1cccc(Nc2ncnc3cc(OCCOC)c(OCCOC)cc23)c1,393.44,3.41,,,,,,"Autophagy,EGFR",Protein Tyrosine Kinase,"Erlotinib (OSI-774, CP358774, NSC 718781, Tarceva) is an EGFR inhibitor with IC50 of 2 nM, >1000-fold more sensitive for EGFR than human c-Src or v-Abl. Erlotinib induces autophagy.",183321-74-6,198.25,DILI (likely),DILI,Likely,2018 Jun 28,,"CYP, Cirrhosis, Immune-mediated, Hypersensitivity",AAKJLRGGTJKAMG
Ertapenem,LT01122,Ertapenem,Ambiguous DILI-concern,Warnings and precautions,3.0,,Intravenous,DILIrank,E*,Antimicrobial,Antibacterial,CHEMBL1359,J01DH03,1.0,0.0,404903.0,0.0,1.0,False,2001.0,0.0,,,0.0,4.0,Small molecule,1.0,False,0.0,True,0.0,ERTAPENEM,0.0,MOL,True,False,-penem,"antibacterial antibiotics, carbapenem derivatives",-penem,2000.0,False,C[C@@H](O)[C@H]1C(=O)N2C(C(=O)O)=C(S[C@@H]3CN[C@H](C(=O)Nc4cccc(C(=O)O)c4)C3)[C@H](C)[C@H]12,475.52,0.94,,,,,,,,,,,No DILI,No DILI,No DILI,2017 Jan 17,,,JUZNIMUFDBIJCM
Estazolam,LT01334,Estazolam,No-DILI-Concern,No match,0.0,,Oral,DILIrank,E,CNS,Sedative/Hypnotic,CHEMBL285674,N05CD04,1.0,1.0,4858.0,0.0,2.0,True,1990.0,0.0,,Sedative-Hypnotic,0.0,4.0,Small molecule,1.0,True,0.0,False,0.0,ESTAZOLAM,0.0,MOL,True,False,,,,1990.0,False,Clc1ccc2c(c1)C(c1ccccc1)=NCc1nncn1-2,294.75,3.27,,United States,,Black Box Warning,,,,,,,No DILI,No DILI,No DILI,2023 Jun 22,,,CDCHDCWJMGXXRH
Estramustine,LT01342,Estramustine,Most-DILI-Concern,Warnings and precautions,4.0,,Oral,DILIrank,E*,Antineoplastic,Prostate cancer,CHEMBL1575,L01XX11,-1.0,0.0,4868.0,0.0,1.0,False,,0.0,,Antineoplastic,0.0,3.0,Small molecule,1.0,False,0.0,False,0.0,ESTRAMUSTINE,0.0,MOL,False,False,estr-; -mustine,estrogens; antineoplastics (chloroethylamine derivatives),estr-; -mustine,1978.0,False,C[C@]12CC[C@@H]3c4ccc(OC(=O)N(CCCl)CCCl)cc4CC[C@H]3[C@@H]1CC[C@@H]2O,440.41,5.18,,,,,,,,,,,DILI (likely),DILI,Likely,,,,FRPJXPJMRWBBIH
Estrone,LT02043,Estrone,Ambiguous DILI-concern,Warnings and precautions,2.0,,,DILIrank,A,Gynecological,Birth control,CHEMBL1405,G03CC04; G03CA07,1.0,0.0,17263.0,0.0,1.0,True,1979.0,0.0,,Estrogen,0.0,4.0,Small molecule,1.0,False,0.0,True,0.0,ESTRONE,0.0,MOL,True,False,estr-,estrogens,estr-,,False,C[C@]12CC[C@@H]3c4ccc(O)cc4CC[C@H]3[C@@H]1CCC2=O,270.37,3.82,,,,,,Estrogen/progestogen Receptor,Endocrinology & Hormones,Estrone is an estrogenic hormone.,53-16-7,199.73,DILI (likely),DILI,Likely,,,,DNXHEGUUPJUMQT
Estropipate,LT00677,Estropipate,Ambiguous DILI-concern,Adverse reactions,2.0,,,DILIrank,A,Gynecological,Birth control,CHEMBL1200980,,1.0,1.0,,0.0,1.0,True,1977.0,0.0,,Estrogen,0.0,4.0,Small molecule,0.0,True,0.0,False,0.0,ESTROPIPATE,0.0,MOL,True,True,estr-; -trop-,estrogens; atropine derivatives,estr-; -trop-,,False,C1CNCCN1.C[C@]12CC[C@@H]3c4ccc(OS(=O)(=O)O)cc4CC[C@H]3[C@@H]1CCC2=O,436.57,3.29,"neurotoxicity, carcinogenicity, cardiotoxicity, vascular toxicity",United States,,Black Box Warning,,Estrogen/progestogen Receptor,Endocrinology & Hormones,"Estropipate (Piperazine estrone sulfate, Estrone sulfate piperazine salt, Pipestrone) is a natural estrogenic substance composed of estrone sulfate and piperazine and is used mainly in menopausal hormone therapy in the treatment of menopausal symptoms.",7280-37-7,199.28,DILI (likely),DILI,Likely,,,,HZEQBCVBILBTEP
Eszopiclone,LT01161,Eszopiclone,Ambiguous DILI-concern,Adverse reactions,3.0,,Oral,DILIrank,E,CNS,Sedative/Hypnotic,CHEMBL1522,N05CF04,1.0,1.0,53760.0,0.0,1.0,True,2004.0,0.0,,,0.0,4.0,Small molecule,1.0,True,0.0,False,0.0,ESZOPICLONE,0.0,MOL,True,False,-clone,hypnotics/tranquilizers (zopiclone type),-clone,2002.0,False,CN1CCN(C(=O)O[C@H]2c3nccnc3C(=O)N2c2ccc(Cl)cn2)CC1,388.82,1.57,misuse,United States,,Black Box Warning,,,,,,,No DILI,No DILI,No DILI,,,,GBBSUAFBMRNDJC
Ethacrynic acid,LT01344,Ethacrynic acid,Ambiguous DILI-concern,Adverse reactions,5.0,,,DILIrank,E,Cardiovascular,Diuretic,CHEMBL456,C03CC01,1.0,0.0,4876.0,0.0,2.0,True,1967.0,0.0,,Diuretic,0.0,4.0,Small molecule,1.0,True,0.0,True,0.0,ETHACRYNIC ACID,0.0,MOL,True,False,,,,1963.0,False,C=C(CC)C(=O)c1ccc(OCC(=O)O)c(Cl)c1Cl,303.14,3.61,,,,,,Others,NF-κB,"Ethacrynic Acid is a loop or high ceiling diuretic used for the treatment of high blood pressure and edema caused by diseases like congestive heart failure, liver failure, and kidney failure.",58-54-8,201.23,No DILI,No DILI,No DILI,,,,AVOLMBLBETYQHX
Ethambutol,LT01345,Ethambutol,Most-DILI-Concern,Warnings and precautions,8.0,,Oral,DILIrank,C,Antimicrobial,Antituberculosis,CHEMBL44884,J04AK02,1.0,0.0,4877.0,0.0,1.0,False,1967.0,0.0,,Antibacterial (tuberculostatic),0.0,4.0,Small molecule,1.0,True,0.0,False,0.0,ETHAMBUTOL,0.0,MOL,True,False,,,,1963.0,False,CC[C@@H](CO)NCCN[C@@H](CC)CO,204.31,-0.29,,,,,,,,,,,DILI (likely),DILI,Likely,2020 Dec 24,,"Cholestasis/Biliary, Hypersensitivity",AEUTYOVWOVBAKS
Ethionamide,LT01348,Ethionamide,Less-DILI-Concern,Warnings and precautions,3.0,,Oral,DILIrank,B,Antimicrobial,Antituberculosis,CHEMBL1441,J04AD03,1.0,0.0,4885.0,0.0,2.0,True,1965.0,0.0,,Antibacterial (tuberculostatic),0.0,4.0,Small molecule,1.0,True,0.0,False,0.0,ETHIONAMIDE,1.0,MOL,True,False,,,,1961.0,False,CCc1cc(C(N)=S)ccn1,166.25,1.28,,,,,,Antibiotics,Microbiology,Ethionamide (Bayer 5312) is an antibiotic used in the treatment of tuberculosis.,536-33-4,198.51,DILI (likely),DILI,Likely,2020 Dec 26,,"Hepatitis, Immune-mediated, Hypersensitivity",AEOCXXJPGCBFJA
Ethosuximide,LT00831,Ethosuximide,Ambiguous DILI-concern,Warnings and precautions,3.0,,Oral,DILIrank,E*,CNS,Anticonvulsant,CHEMBL696,N03AD51; N03AD01,1.0,0.0,4887.0,0.0,0.0,True,1960.0,0.0,,Anticonvulsant,0.0,4.0,Small molecule,1.0,True,0.0,False,0.0,ETHOSUXIMIDE,0.0,MOL,True,False,,,,1962.0,False,CCC1(C)CC(=O)NC1=O,141.17,0.45,,,,,,Calcium Channel,Transmembrane Transporters,"Ethosuximide(Zarontin) is a succinimide anticonvulsant, used mainly in absence seizures; A calcium channel blocker.",77-67-8,198.34,No DILI,No DILI,No DILI,2018 Feb 19,,,HAPOVYFOVVWLRS
Etomidate,LT01357,Etomidate,No-DILI-Concern,No match,0.0,,Intravenous,DILIrank,,,,CHEMBL681,N01AX07,1.0,0.0,4910.0,0.0,1.0,True,1982.0,0.0,,Sedative-Hypnotic,0.0,4.0,Small molecule,1.0,False,0.0,True,0.0,ETOMIDATE,0.0,MOL,True,False,,,,1975.0,False,CCOC(=O)c1cncn1[C@H](C)c1ccccc1,244.29,2.67,,,,,,,,,,,No DILI,No DILI,No DILI,,,,NPUKDXXFDDZOKR
Etonogestrel,LT01193,Etonogestrel,Ambiguous DILI-concern,Warnings and precautions,5.0,,,DILIrank,A ,Gynecological,Birth control,CHEMBL1531,G03AC08,1.0,0.0,50777.0,0.0,1.0,True,2001.0,0.0,,Progestin,0.0,4.0,Small molecule,1.0,False,0.0,True,0.0,ETONOGESTREL,0.0,MOL,True,True,-estr-; -gest-,estrogens; progestins,-estr-; -gest-,1993.0,False,C#C[C@]1(O)CC[C@H]2[C@@H]3CCC4=CC(=O)CC[C@@H]4[C@H]3C(=C)C[C@@]21CC,324.46,4.05,,,,,,Estrogen/progestogen Receptor,Endocrinology & Hormones,"Etonogestrel (Implanon, Nexplanon, 3-Oxodesogestrel, 3-keto-Desogestrel) is a synthetic form of the naturally occurring female sex hormone progesterone. It binds to the cytoplasmic progesterone receptors in the reproductive system and subsequently activates progesterone receptor mediated gene expression.",54048-10-1,197.25,DILI (likely),DILI,Likely,,,,GCKFUYQCUCGESZ
Etravirine,LT00653,Etravirine,Most-DILI-Concern,Warnings and precautions,8.0,,Oral,DILIrank,D,Antimicrobial,Antiviral: HIV,CHEMBL308954,J05AG04,1.0,0.0,63589.0,0.0,2.0,True,2008.0,0.0,,,0.0,4.0,Small molecule,1.0,True,0.0,False,0.0,ETRAVIRINE,0.0,MOL,True,False,-vir-,"antivirals: non-nucleoside reverse transcriptase inhibitors, not benzoxazinone derivatives",-vir- (-virine),2005.0,False,Cc1cc(C#N)cc(C)c1Oc1nc(Nc2ccc(C#N)cc2)nc(N)c1Br,435.29,4.72,,,,,,Reverse Transcriptase,Microbiology,"Etravirine (TMC125, R-165335) is a non-nucleoside reverse transcriptase inhibitor (NNRTI) used for the treatment of HIV.",269055-15-4,96.49,DILI (likely),DILI,Likely,2018 Feb 20,,"Hepatitis, CYP, Immune-mediated, Hypersensitivity",PYGWGZALEOIKDF
Everolimus,LT01267,Everolimus,Ambiguous DILI-concern,Adverse reactions,4.0,,Oral,DILIrank,E*,Immunomodulatory,Rejection,CHEMBL1908360,L01EG02; L04AA18,1.0,1.0,68478.0,0.0,1.0,True,2009.0,0.0,,,0.0,4.0,Small molecule,1.0,True,1.0,False,0.0,EVEROLIMUS,0.0,MOL,True,False,-imus,immunosuppressives,-imus,2003.0,False,CO[C@H]1C[C@@H]2CC[C@@H](C)[C@@](O)(O2)C(=O)C(=O)N2CCCC[C@H]2C(=O)O[C@H]([C@H](C)C[C@@H]2CC[C@@H](OCCO)[C@H](OC)C2)CC(=O)[C@H](C)/C=C(\C)[C@@H](O)[C@@H](OC)C(=O)[C@H](C)C[C@H](C)/C=C/C=C/C=C/1C,958.24,6.2,"infectious disease, carcinogenicity, nephrotoxicity, immune system toxicity, vascular toxicity",United States,,Black Box Warning,,"Apoptosis related,Autophagy,FKBP,mTOR",PI3K/Akt/mTOR,"Everolimus (RAD001, SDZ-RAD, Afinitor) is an mTOR inhibitor of FKBP12 with IC50 of 1.6-2.4 nM in a cell-free assay. Everolimus induces cell apoptosis and autophagy and inhibits tumor cells proliferation.",159351-69-6,104.36,No DILI,No DILI,No DILI,2018 Feb 26,,,HKVAMNSJSFKALM
Exametazime,LT02329,Exametazime,No-DILI-Concern,No match,0.0,,Intravenous,DILIrank,,,,CHEMBL2218892,,,0.0,,0.0,0.0,False,,0.0,,Diagnostic Aid (regional cerebral perfusion imaging),0.0,3.0,Small molecule,0.0,False,0.0,False,0.0,EXAMETAZIME,0.0,MOL,False,False,,,,1990.0,False,C/C(=N\O)C(C)NCC(C)(C)CNC(C)/C(C)=N/O,272.39,1.67,,,,,,,,,,,No DILI,No DILI,No DILI,,,,BPNZYADGDZPRTK
Exenatide,LT00537,Exenatide,No-DILI-Concern,No match,0.0,,Subcutaneous,DILIrank,E,Endocrine,Diabetes,CHEMBL414357,A10BJ01,1.0,1.0,,0.0,1.0,True,2005.0,0.0,PEPTIDE1{H.G.E.G.T.F.T.S.D.L.S.K.Q.M.E.E.E.A.V.R.L.F.I.E.W.L.K.N.G.G.P.S.S.G.A.P.P.P.S.[am]}$$$$,,0.0,4.0,Protein,0.0,False,0.0,True,0.0,EXENATIDE,0.0,BOTH,True,False,-tide,peptides: exendin-4-derivatives,-tide (-enatide),2003.0,False,CC[C@H](C)[C@H](NC(=O)[C@H](Cc1ccccc1)NC(=O)[C@H](CC(C)C)NC(=O)[C@H](CCCNC(=N)N)NC(=O)[C@@H](NC(=O)[C@H](C)NC(=O)[C@H](CCC(=O)O)NC(=O)[C@H](CCC(=O)O)NC(=O)[C@H](CCC(=O)O)NC(=O)[C@H](CCSC)NC(=O)[C@H](CCC(N)=O)NC(=O)[C@H](CCCCN)NC(=O)[C@H](CO)NC(=O)[C@H](CC(C)C)NC(=O)[C@H](CC(=O)O)NC(=O)[C@H](CO)NC(=O)[C@@H](NC(=O)[C@H](Cc1ccccc1)NC(=O)[C@@H](NC(=O)CNC(=O)[C@H](CCC(=O)O)NC(=O)CNC(=O)[C@@H](N)Cc1cnc[nH]1)[C@@H](C)O)[C@@H](C)O)C(C)C)C(=O)N[C@@H](CCC(=O)O)C(=O)N[C@@H](Cc1c[nH]c2ccccc12)C(=O)N[C@@H](CC(C)C)C(=O)N[C@@H](CCCCN)C(=O)N[C@@H](CC(N)=O)C(=O)NCC(=O)NCC(=O)N1CCC[C@H]1C(=O)N[C@@H](CO)C(=O)N[C@@H](CO)C(=O)NCC(=O)N[C@@H](C)C(=O)N1CCC[C@H]1C(=O)N1CCC[C@H]1C(=O)N1CCC[C@H]1C(=O)N[C@@H](CO)C(N)=O,4186.64,,carcinogenicity,United States,,Black Box Warning,,,,,,,No DILI,No DILI,No DILI,2019 Apr 10,,,HTQBXNHDCUEHJF
Famciclovir,LT00270,Famciclovir,Ambiguous DILI-concern,Adverse reactions,3.0,,Oral,DILIrank,E,Antimicrobial,Antiviral: Herpes,CHEMBL880,J05AB09; S01AD07,1.0,0.0,4974.0,0.0,2.0,True,1994.0,0.0,,Antiviral,0.0,4.0,Small molecule,1.0,True,0.0,False,0.0,FAMCICLOVIR,1.0,MOL,True,False,-vir,antivirals: antivirals (acyclovir type),-vir (-ciclovir),1992.0,False,CC(=O)OCC(CCn1cnc2cnc(N)nc21)COC(C)=O,321.34,0.54,,,,,,Antiviral,Microbiology,Famciclovir (BRL-42810) is a guanine analogue antiviral drug used for the treatment of various herpesvirus infections.,104227-87-4,199.17,No DILI,No DILI,No DILI,2018 Jan 29,,,GGXKWVWZWMLJEH
Febuxostat,LT00554,Febuxostat,Most-DILI-Concern,Warnings and precautions,8.0,,Oral,DILIrank,C,Rheumatologic,Gout,CHEMBL1164729,M04AA03,1.0,1.0,,0.0,2.0,True,2009.0,0.0,,,0.0,4.0,Small molecule,1.0,True,0.0,False,0.0,FEBUXOSTAT,0.0,MOL,True,False,-stat,enzyme inhibitors: xanthine oxidase/dehydrogenase inhibitors,-stat (-xostat),2002.0,False,Cc1nc(-c2ccc(OCC(C)C)c(C#N)c2)sc1C(=O)O,316.38,3.72,cardiotoxicity,United States,,Black Box Warning,,ROS,Immunology & Inflammation,"Febuxostat (TMX 67, TEI-6720) is a selective xanthine oxidase inhibitor with Ki of 0.6 nM.",144060-53-7,199.13,DILI (likely),DILI,Likely,2018 Jan 29,,"Hepatitis, CYP, Cholestasis/Biliary, Steatosis, Immune-mediated, Hypersensitivity",BQSJTQLCZDPROO
Felbamate,LT00097,Felbamate,Most-DILI-Concern,Box warning,7.0,,Oral,DILIrank,B,CNS,Anticonvulsant,CHEMBL1094,N03AX10,1.0,1.0,4995.0,0.0,2.0,True,1993.0,0.0,,Anti-Epileptic,0.0,4.0,Small molecule,1.0,True,0.0,False,0.0,FELBAMATE,0.0,MOL,True,False,-bamate,tranquilizers/antiepileptics (propanediol and pentanediol groups),-bamate,1992.0,False,NC(=O)OCC(COC(N)=O)c1ccccc1,238.24,0.96,"hepatotoxicity, hematological toxicity",United States,,Black Box Warning,,NMDAR,Neuronal Signaling,"Felbamate (Felbatol, ADD-03055,W-554) is an anticonvulsant drug used in the treatment of epilepsy; NMDAR antagonist.",25451-15-4,201.48,DILI (likely),DILI,Likely,2018 Jan 29,,Hypersensitivity Syndrome,WKGXYQFOCVYPAC
Fenoldopam,LT00944,Fenoldopam,No-DILI-Concern,No match,0.0,,Intravenous,DILIrank,,,,CHEMBL588,C01CA19,1.0,0.0,5002.0,0.0,0.0,False,1997.0,0.0,,Dopamine Agonist; Antihypertensive,0.0,4.0,Small molecule,1.0,False,0.0,True,0.0,FENOLDOPAM,0.0,MOL,True,False,,,,1984.0,False,Oc1ccc(C2CNCCc3c2cc(O)c(O)c3Cl)cc1,305.76,2.73,,,,,,Dopamine Receptor,Neuronal Signaling,"Fenoldopam (SKF 82526) is a selective dopamine-1 (DA1) receptor agonist with natriuretic/diuretic properties with EC50 of 55.5 nM in stimulating cAMP accumulation in LLC-PK1 cells, which is more potent than DA .",67227-56-9,251.83,No DILI,No DILI,No DILI,,,,TVURRHSHRRELCG
Fesoterodine,LT00590,Fesoterodine,No-DILI-Concern,No match,0.0,,Oral,DILIrank,E,Urologic,Bladder symptoms,CHEMBL1201764,G04BD11,1.0,0.0,,0.0,1.0,False,2007.0,0.0,,,0.0,4.0,Small molecule,1.0,True,0.0,False,0.0,FESOTERODINE,1.0,MOL,True,False,,,,2006.0,False,CC(C)C(=O)Oc1ccc(CO)cc1[C@H](CCN(C(C)C)C(C)C)c1ccccc1,411.59,5.38,,,,,,,,,,,No DILI,No DILI,No DILI,2023 Jul 12,,,DCCSDBARQIPTGU
Fialuridine,LT01371,Fialuridine,Most-DILI-Concern,Discontinued,8.0,,Oral,DILIrank,,,,CHEMBL271475,,,0.0,,0.0,1.0,False,,0.0,,Antiviral,0.0,2.0,Small molecule,0.0,False,0.0,False,0.0,FIALURIDINE,0.0,MOL,False,False,-uridine,antivirals; antineoplastics (uridine derivatives),-uridine,1992.0,False,O=c1[nH]c(=O)n([C@@H]2O[C@H](CO)[C@@H](O)[C@@H]2F)cc1I,372.09,-1.27,,,,,,CMV,Microbiology,"Fialuridine(FIAU, DRG-0098, NSC 678514) is a nucleoside analog with antiviral activity. It blocks DNAsynthesis in human cytomegalovirus and hepatitis B, as well as herpes simplex.",69123-98-4,198.88,DILI (likely),DILI,Likely,,,,IPVFGAYTKQKGBM
Fiduxosin,LT00701,Fiduxosin,Most-DILI-Concern,Discontinued,8.0,,Oral,DILIrank,,,,CHEMBL1256183,,,0.0,,0.0,1.0,False,,0.0,,,0.0,2.0,Small molecule,0.0,False,0.0,False,0.0,FIDUXOSIN,0.0,MOL,False,False,,,,1999.0,False,COc1cccc2c1[C@@H]1CN(CCCCn3c(=O)[nH]c4c(sc5ncc(-c6ccccc6)nc54)c3=O)C[C@@H]1CO2,555.66,4.26,,,,,,,,,,,DILI (likely),DILI,Likely,,,,WDTAYDBPNYFWDR
Flucloxacillin,,Flucloxacillin,,,,,oral,DILIrank,,,,CHEMBL222645,J01CF05,-1.0,0.0,5098.0,0.0,1.0,True,,0.0,,Antibacterial,0.0,4.0,Small molecule,0.0,False,0.0,False,0.0,FLOXACILLIN,0.0,MOL,True,False,-cillin,penicillins,-cillin,1972.0,False,Cc1onc(-c2c(F)cccc2Cl)c1C(=O)N[C@@H]1C(=O)N2[C@@H]1SC(C)(C)[C@@H]2C(=O)O,453.88,2.69,,,,,,,,,,,DILI (likely),DILI,Likely,,,"Hypersensitivity, idiosyncratic (manual annotation)",UIOFUWFRIANQPC
Fludarabine,LT01382,Fludarabine,No-DILI-Concern,No match,0.0,,Oral,DILIrank,E*,Antineoplastic,"Leukemia, Lymphoma",CHEMBL1568,,-1.0,0.0,,0.0,-1.0,False,,-1.0,,,-1.0,,Small molecule,0.0,False,-1.0,False,0.0,FLUDARABINE,-1.0,MOL,False,False,,,,,False,Nc1nc(F)nc2c1ncn2[C@@H]1O[C@H](CO)[C@@H](O)[C@@H]1O,285.24,-1.84,,,,,,"Apoptosis related,DNA/RNA Synthesis,Nucleoside Analog/Antimetabolite,STAT",JAK/STAT,"Fludarabine (NSC 118218, FaraA, Fludarabinum) is a STAT1 activation inhibitor which causes a specific depletion of STAT1 protein (and mRNA) but not of other STATs. Also a DNA synthesis inhibitor in vascular smooth muscle cells. Fludarabine induces apoptosis.",21679-14-1,199.84,No DILI,No DILI,No DILI,2018 Feb 1,,,HBUBKKRHXORPQB
Flumazenil,LT01384,Flumazenil,No-DILI-Concern,No match,0.0,,Intravenous,DILIrank,,,,CHEMBL407,V03AB25,1.0,1.0,5103.0,0.0,2.0,True,1991.0,0.0,,Antagonist (to benzodiazepine),0.0,4.0,Small molecule,0.0,False,0.0,True,0.0,FLUMAZENIL,0.0,MOL,True,False,-azenil,benzodiazepine receptor agonists/antagonists,-azenil,1987.0,False,CCOC(=O)c1ncn2c1CN(C)C(=O)c1cc(F)ccc1-2,303.29,1.77,neurotoxicity,United States,,Black Box Warning,,GABA Receptor,Neuronal Signaling,"Flumazenil (RO 15-1788) is a competitive GABAA receptor antagonist, used in the treatment of benzodiazepine overdoses.",78755-81-4,16.49,No DILI,No DILI,No DILI,,,,OFBIFZUFASYYRE
Fluorescein,LT00894,Fluorescein,No-DILI-Concern,No match,0.0,,Intravenous,DILIrank,,,,CHEMBL177756,,-1.0,0.0,,0.0,-1.0,False,,-1.0,,,-1.0,,Small molecule,1.0,False,-1.0,False,0.0,FLUORESCEIN,-1.0,MOL,False,False,,,,,False,O=C(O)c1ccccc1-c1c2ccc(=O)cc-2oc2cc(O)ccc12,332.31,3.97,,,,,,Dyes,Others,"Fluorescein (Solvent Yellow 94, Resorcinolphthalein, Yellow fluorescein) is a manufactured organic compound and dye.",2321-07-5,201.62,No DILI,No DILI,No DILI,,,,YKGGGCXBWXHKIZ
Fluoxymesterone,LT02031,Fluoxymesterone,Ambiguous DILI-concern,Warnings and precautions,8.0,,,DILIrank,A,Endocrine,Hormone replacement,CHEMBL1445,G03BA01,1.0,0.0,5120.0,0.0,1.0,True,1956.0,0.0,,Androgen,0.0,4.0,Small molecule,0.0,True,0.0,False,0.0,FLUOXYMESTERONE,0.0,MOL,True,False,-ster-; -terone,"steroids (androgens, anabolics); antiandrogens",-ster-; -terone,,False,C[C@]1(O)CC[C@H]2[C@@H]3CCC4=CC(=O)CC[C@]4(C)[C@@]3(F)[C@@H](O)C[C@@]21C,336.45,3.33,,,,,,,,,,,DILI (likely),DILI,Likely,,,,YLRFCQOZQXIBAB
Folic acid,LT01580,Folic acid,No-DILI-Concern,No match,0.0,,Oral,DILIrank,E,HDS: Nutritional Suppl,General health,CHEMBL1622,V04CX02; B03BB01; B03BB51,1.0,0.0,27470.0,0.0,1.0,True,,0.0,,Vitamin (hematopoietic),0.0,4.0,Small molecule,1.0,True,0.0,True,0.0,FOLIC ACID,0.0,MOL,False,False,,,,,False,Nc1nc(=O)c2nc(CNc3ccc(C(=O)N[C@@H](CCC(=O)O)C(=O)O)cc3)cnc2[nH]1,441.4,-0.04,,,,,,Vitamin,Metabolism,"Folic acid (Folacin, Vitamin B9, Vitamin M, Pteroylglutamic acid, Folate), a B vitamin, plays an important role in cell division and in the synthesis of amino acids and nucleic acids like DNA.",59-30-3,4.53,No DILI,No DILI,No DILI,,,,OVBPIULPVIDEAO
Fosaprepitant,LT01257,Fosaprepitant,Ambiguous DILI-concern,Adverse reactions,3.0,,,DILIrank,E,Gastrointestinal,Antiemetic,CHEMBL1199324,,1.0,0.0,64321.0,0.0,1.0,False,2008.0,0.0,,,0.0,4.0,Small molecule,0.0,False,0.0,True,0.0,FOSAPREPITANT,1.0,MOL,True,False,fos-; -tant,phosphoro-derivatives; tachykinin (neurokinin) receptor antagonists: NK1 receptor antagonists,fos-; -tant (-pitant),2005.0,False,C[C@@H](O[C@H]1OCCN(Cc2nn(P(=O)(O)O)c(=O)[nH]2)[C@H]1c1ccc(F)cc1)c1cc(C(F)(F)F)cc(C(F)(F)F)c1,614.41,4.37,,,,,,,,,,,No DILI,No DILI,No DILI,,,,BARDROPHSZEBKC
Fosphenytoin,LT01400,Fosphenytoin,Most-DILI-Concern,Warnings and precautions,8.0,,Intramuscular,DILIrank,A,CNS,Anticonvulsant,CHEMBL1201336,N03AB05,1.0,1.0,5165.0,0.0,2.0,False,1996.0,0.0,,Anticonvulsant,0.0,4.0,Small molecule,1.0,False,0.0,True,0.0,FOSPHENYTOIN,1.0,MOL,True,False,fos-; -toin,phosphoro-derivatives; antiepileptics (hydantoin derivatives),fos-; -toin,1993.0,False,O=C1NC(c2ccccc2)(c2ccccc2)C(=O)N1COP(=O)(O)O,362.28,1.55,,,,,,Others,Others,"Fosphenytoin (disodium) is the sodium salt form of fosphenytoin, a prodrug that is hydrolyzed to the anticonvulsant phenytoin upon parental administration.",92134-98-0,,DILI (known),DILI,Known,2020 Nov 8,,"Hepatitis, Immune-mediated, Hypersensitivity",XWLUWCNOOVRFPX
Frovatriptan,LT01054,Frovatriptan,No-DILI-Concern,No match,0.0,,Oral,DILIrank,E,CNS,Migraine,CHEMBL1279,N02CC07,1.0,0.0,,0.0,1.0,True,2001.0,0.0,,,0.0,4.0,Small molecule,1.0,True,0.0,False,0.0,FROVATRIPTAN,0.0,MOL,True,False,-triptan,antimigraine agents (5-HT1 receptor agonists); sumatriptan derivatives,-triptan,1997.0,False,CN[C@@H]1CCc2[nH]c3ccc(C(N)=O)cc3c2C1,243.31,1.34,,,,,,,,,,,No DILI,No DILI,No DILI,,,,XPSQPHWEGNHMSK
Fulvestrant,LT00401,Fulvestrant,Ambiguous DILI-concern,Adverse reactions,7.0,,,DILIrank,E*,Antineoplastic,Breast cancer,CHEMBL1358,L02BA03,1.0,0.0,31638.0,0.0,1.0,True,2002.0,0.0,,,0.0,4.0,Small molecule,0.0,False,0.0,True,0.0,FULVESTRANT,0.0,MOL,True,False,-estr-; -estrant,estrogens; estrogen antagonists,-estr-; -estrant,1998.0,False,C[C@]12CC[C@@H]3c4ccc(O)cc4C[C@@H](CCCCCCCCC[S+]([O-])CCCC(F)(F)C(F)(F)F)[C@H]3[C@@H]1CC[C@@H]2O,606.78,8.68,,,,,,"Apoptosis related,Autophagy,Estrogen/progestogen Receptor",Endocrinology & Hormones,"Fulvestrant (ICI-182780, ZD 9238, ZM 182780) is an estrogen receptor (ER) antagonist with IC50 of 0.94 nM in a cell-free assay. Fulvestrant also induces autophagy and apoptosis and has antitumor activity.",129453-61-8,164.81,No DILI,No DILI,No DILI,2018 Feb 6,,,VWUXBMIQPBEWFH
Galantamine,LT01086,Galantamine,Ambiguous DILI-concern,Adverse reactions,3.0,,Oral,DILIrank,E,CNS,Alzheimer disease,CHEMBL659,N06DA04,1.0,0.0,42944.0,0.0,1.0,True,2001.0,0.0,,,0.0,4.0,Small molecule,1.0,True,0.0,False,0.0,GALANTAMINE,0.0,MOL,True,False,,,,2000.0,False,COc1ccc2c3c1O[C@H]1C[C@@H](O)C=C[C@@]31CCN(C)C2,287.36,1.85,,,,,,,,,,,No DILI,No DILI,No DILI,2020 Jan 15,,,ASUTZQLVASHGKV
Ganciclovir,LT01406,Ganciclovir,Ambiguous DILI-concern,Adverse reactions,7.0,,,DILIrank,E,Antimicrobial,Antiviral: CMV,CHEMBL182,S01AD09; J05AB06,1.0,1.0,465284.0,0.0,2.0,True,1989.0,0.0,,Antiviral,0.0,4.0,Small molecule,1.0,True,0.0,True,0.0,GANCICLOVIR,1.0,MOL,True,True,-vir,antivirals: antivirals (acyclovir type),-vir (-ciclovir),1987.0,False,Nc1nc2c(ncn2COC(CO)CO)c(=O)[nH]1,255.23,-1.97,"teratogenicity, hematological toxicity, carcinogenicity",United States,,Black Box Warning,,CMV,Microbiology,"Ganciclovir (RS-21592, BW-759, 2'-Nor-2'-deoxyguanosine) is an antiviral drug for feline herpesvirus type-1 with IC50 of 5.2 μM in a cell-free assay.",82410-32-0,105.79,No DILI,No DILI,No DILI,,,,IRSCQMHQWWYFCW
Ganirelix acetate,LT00475,Ganirelix acetate,No-DILI-Concern,No match,0.0,,Subcutaneous,DILIrank,,,,CHEMBL5314377,H01CC01,1.0,0.0,,0.0,1.0,True,1999.0,0.0,,,0.0,4.0,Protein,0.0,False,0.0,True,0.0,GANIRELIX ACETATE,0.0,MOL,True,False,-relix,hormone-release inhibiting peptides,-relix,1991.0,False,CC(=O)O.CC(=O)O.CC/N=C(\NCC)NCCCC[C@H](NC(=O)[C@H](CC(C)C)NC(=O)[C@@H](CCCCN/C(=N/CC)NCC)NC(=O)[C@H](Cc1ccc(O)cc1)NC(=O)[C@H](CO)NC(=O)[C@@H](Cc1cccnc1)NC(=O)[C@@H](Cc1ccc(Cl)cc1)NC(=O)[C@@H](Cc1ccc2ccccc2c1)NC(C)=O)C(=O)N1CCC[C@H]1C(=O)N[C@H](C)C(N)=O,1690.45,,,,,,,Others,Endocrinology & Hormones,"Ganirelix acetate (Antagon,Orgalutran) is a synthetic decapeptide with high antagonistic activity against naturally occurring gonadotropin-releasing hormone (GnRH).",123246-29-7,59.16,No DILI,No DILI,No DILI,,,,OVBICQMTCPFEBS
Gefitinib,LT00402,Gefitinib,Most-DILI-Concern,Warnings and precautions,4.0,,Oral,DILIrank,B,Antineoplastic,Solid tumors,CHEMBL939,L01EB01,1.0,0.0,49668.0,0.0,2.0,True,2003.0,0.0,,,0.0,4.0,Small molecule,0.0,True,0.0,False,0.0,GEFITINIB,0.0,MOL,True,False,-tinib,tyrosine kinase inhibitors,-tinib,2002.0,False,COc1cc2ncnc(Nc3ccc(F)c(Cl)c3)c2cc1OCCCN1CCOCC1,446.91,4.28,,,,,,"Apoptosis related,Autophagy,EGFR",Protein Tyrosine Kinase,"Gefitinib (ZD-1839, Iressa) is an EGFR inhibitor for Tyr1173, Tyr992, Tyr1173 and Tyr992 in the NR6wtEGFR and NR6W cells with IC50 of 37 nM, 37nM, 26 nM and 57 nM, respectively. Gefitinib promotes autophagy and apoptosis of lung cancer cells via blockade of the PI3K/AKT/mTOR pathway.",184475-35-2,199.15,DILI (likely),DILI,Likely,2018 Mar 6,,"CYP, Immune-mediated, Hypersensitivity",XGALLCVXEZPNRQ
Gemcitabine,LT01407,Gemcitabine,Most-DILI-Concern,Warnings and precautions,8.0,,Intravenous,DILIrank,C,Antineoplastic,Solid tumors,CHEMBL888,L01BC05,1.0,0.0,175901.0,0.0,1.0,True,1996.0,0.0,,Antineoplastic,0.0,4.0,Small molecule,0.0,False,0.0,True,0.0,GEMCITABINE,0.0,MOL,True,False,-citabine,"nucleoside antiviral or antineoplastic agents, cytarabine or azarabine derivatives",-citabine,1989.0,False,Nc1ccn([C@@H]2O[C@H](CO)[C@@H](O)C2(F)F)c(=O)n1,263.2,-1.29,,,,,,"Apoptosis related,Autophagy,DNA/RNA Synthesis,Nucleoside Analog/Antimetabolite",DNA Damage/DNA Repair,"Gemcitabine (LY-188011, NSC 613327), a nucleic acid synthesis inhibitor, is a very potent and specific deoxycytidine analogue, used as chemotherapy. Gemcitabine induces a potent p53-dependent apoptosis.",95058-81-4,197.57,DILI (likely),DILI,Likely,2018 Mar 9,possibly idiosyncratic,"Hepatitis, Cholestasis/Biliary, Sinusoidal, possibly idiosyncratic",SDUQYLNIPVEERB
Gemfibrozil,LT00020,Gemfibrozil,Most-DILI-Concern,Warnings and precautions,4.0,,Oral,DILIrank,C,Cardiovascular,Lipid lowering agent,CHEMBL457,C10AB04,1.0,0.0,5296.0,0.0,2.0,True,1981.0,0.0,,Antihyperlipidemic,0.0,4.0,Small molecule,1.0,True,0.0,False,0.0,GEMFIBROZIL,0.0,MOL,True,False,,,,1980.0,False,Cc1ccc(C)c(OCCCC(C)(C)C(=O)O)c1,250.34,3.57,,,,,,PPAR,Metabolism,"Gemfibrozil (CI-719) is an activator of peroxisome proliferator-activated receptor-alpha (PPARα), used for the treatment of hypercholesterolemia and hypertriglyceridemia.",25812-30-0,199.74,DILI (likely),DILI,Likely,2017 Jan 24,,"Hepatitis, Cholestasis/Biliary, Immune-mediated, Hypersensitivity",HEMJJKBWTPKOJG
Glycopyrrolate,LT00836,Glycopyrrolate,No-DILI-Concern,No match,0.0,,Oral,DILIrank,E,Respiratory,Anesthesia induction,CHEMBL1201027,A03AB02; R03BB06,1.0,0.0,,0.0,0.0,True,1961.0,0.0,,Anticholinergic,0.0,4.0,Small molecule,0.0,True,0.0,True,0.0,GLYCOPYRROLATE,0.0,MOL,True,True,,,,1963.0,False,C[N+]1(C)CCC(OC(=O)C(O)(c2ccccc2)C2CCCC2)C1.[Br-],398.34,2.46,,,,,,AChR,Neuronal Signaling,"Glycopyrrolate (Glycopyrronium, Robinul, Gastrodyn) is a muscarinic antagonist used as an antispasmodic, in some disorders of the gastrointestinal tract, and to reduce salivation with some anesthetics.",596-51-0,163.18,No DILI,No DILI,No DILI,,,,VPNYRYCIDCJBOM
Granisetron,LT00557,Granisetron,Ambiguous DILI-concern,Adverse reactions,3.0,,Oral,DILIrank,E,Gastrointestinal,Antiemetic,CHEMBL289469,A04AA02,1.0,0.0,,0.0,2.0,True,1993.0,0.0,,Anti-Emetic,0.0,4.0,Small molecule,1.0,True,0.0,True,0.0,GRANISETRON,0.0,MOL,True,True,-setron,serotonin 5-HT3 receptor antagonists,-setron,1991.0,False,CN1C2CCCC1CC(NC(=O)c1nn(C)c3ccccc13)C2,312.42,2.32,,,,,,5-HT Receptor,Neuronal Signaling,"Granisetron (Sancuso, Kevatril, Granisetronum, Sustol) is a serotonin receptor (5HT-3 selective) antagonist that is used as an antiemetic and antinauseant for cancer chemotherapy.",109889-09-0,35.21,No DILI,No DILI,No DILI,,,,MFWNKCLOYSRHCJ
Guanfacine,LT01422,Guanfacine,Ambiguous DILI-concern,Adverse reactions,3.0,,,DILIrank,E,Cardiovascular,Antihypertensive,CHEMBL862,C02AC02,1.0,0.0,5558.0,0.0,2.0,True,1986.0,0.0,,Antihypertensive,0.0,4.0,Small molecule,1.0,True,0.0,False,0.0,GUANFACINE,0.0,MOL,True,False,guan-,antihypertensives (guanidine derivatives),guan-,1979.0,False,N=C(N)NC(=O)Cc1c(Cl)cccc1Cl,246.1,1.55,,,,,,,,,,,No DILI,No DILI,No DILI,2021 Aug 25,,,INJOMKTZOLKMBF
Haloperidol,LT00405,Haloperidol,Less-DILI-Concern,Adverse reactions,5.0,,Oral,DILIrank,B,CNS,Antipsychotic,CHEMBL54,N05AD01,1.0,1.0,5613.0,0.0,2.0,True,1967.0,0.0,,Antidyskinetic (in gilles de la tourette's disease); Antipsychotic,0.0,4.0,Small molecule,0.0,True,0.0,False,0.0,HALOPERIDOL,0.0,MOL,True,False,,,,1965.0,False,O=C(CCCN1CCC(O)(c2ccc(Cl)cc2)CC1)c1ccc(F)cc1,375.87,4.43,psychiatric toxicity,United States,,Black Box Warning,,Dopamine Receptor,Neuronal Signaling,Haloperidol (Haldol) is an antipsychotic and butyrophenone.,52-86-8,199.54,DILI (likely),DILI,Likely,2018 Mar 25,,"CYP, Cholestasis/Biliary, Steatosis, Hypersensitivity",LNEPOXFFQSENCJ
Halothane,,Halothane,,,,,Respiratory (inhalation),DILIrank,A,CNS,"Anesthetic, general",CHEMBL931,N01AB01,0.0,0.0,5615.0,0.0,0.0,True,1958.0,0.0,,Anesthetic (inhalation),0.0,4.0,Small molecule,0.0,False,0.0,False,0.0,HALOTHANE,0.0,MOL,True,True,,,,,False,FC(F)(F)C(Cl)Br,197.38,2.51,,,,,,Others,Others,Halothane (Narcotane) is a general inhalation anesthetic used for induction and maintenance of general anesthesia.,151-67-7,,DILI (known),DILI,Known,2018 Jan 1,,"Hepatitis, Necrosis, CYP, Immune-mediated, Hypersensitivity",BCQZXOMGPXTTIC
Hydralazine,LT00559,Hydralazine,Less-DILI-Concern,Adverse reactions,3.0,,Oral,DILIrank,A,Cardiovascular,Antihypertensive,CHEMBL276832,C02DB02,1.0,0.0,5775.0,0.0,2.0,False,1953.0,0.0,,Antihypertensive,0.0,4.0,Small molecule,1.0,True,0.0,True,0.0,HYDRALAZINE,0.0,MOL,True,False,-dralazine; -lazine,"antihypertensives (hydrazine-phthalazines); antiarrhythmic/antianginal/antihypertensive agents, phthalazine like structure",-dralazine; -lazine,,False,NNc1nncc2ccccc12,160.18,0.92,,,,,,,,,,,DILI (likely),DILI,Likely,2018 Mar 24,,"Hepatitis, CYP, Cholestasis/Biliary, Fibrosis, Immune-mediated, Hypersensitivity",RPTUSVTUFVMDQK
Hydroflumethiazide,LT00814,Hydroflumethiazide,Ambiguous DILI-concern,Adverse reactions,2.0,,,DILIrank,E,Cardiovascular,Diuretic,CHEMBL1763,C03AA02; C03AH02,1.0,0.0,5784.0,0.0,2.0,True,1959.0,0.0,,Antihypertensive; Diuretic,0.0,4.0,Small molecule,0.0,True,0.0,False,0.0,HYDROFLUMETHIAZIDE,0.0,MOL,True,False,-thiazide,diuretics (thiazide derivatives),-thiazide,,False,NS(=O)(=O)c1cc2c(cc1C(F)(F)F)NCNS2(=O)=O,331.3,0.01,,,,,,,,,,,No DILI,No DILI,No DILI,,,,DMDGGSIALPNSEE
Hydroxyurea,LT00106,Hydroxyurea,Most-DILI-Concern,Warnings and precautions,8.0,,Oral,DILIrank,C,Antineoplastic,"Leukemia, Sickle Cell D",CHEMBL467,L01XX05,1.0,1.0,44423.0,0.0,2.0,True,1967.0,0.0,,Antineoplastic,0.0,4.0,Small molecule,1.0,True,0.0,False,0.0,HYDROXYUREA,0.0,MOL,True,False,,,,1965.0,False,NC(=O)NO,76.05,-0.96,"hematological toxicity, carcinogenicity",United States,,Black Box Warning,,"Apoptosis related,Autophagy,DNA/RNA Synthesis,HIV",DNA Damage/DNA Repair,"Hydroxyurea (NSC-32065, NCI-C04831, Hydroxycarbamide) is an antineoplastic agent that inhibits DNA synthesis through the inhibition of ribonucleoside diphosphate reductase. Hydroxyurea activates apoptosis and autophagy. Hydroxyurea is used to treat HIV infection.",127-07-1,197.24,DILI (likely),DILI,Likely,2021 Jul 12,,"Hepatitis, CYP, Fibrosis, Immune-mediated, Hypersensitivity",VSNHCAURESNICA
Ibandronate,LT01156,Ibandronate,No-DILI-Concern,No match,0.0,,Oral,DILIrank,D,Endocrine,Osteoporosis,CHEMBL997,M05BA06,1.0,0.0,,0.0,2.0,False,2003.0,0.0,,Antihypercalcemic; Bone Resorption Inhibitor,0.0,4.0,Small molecule,1.0,True,0.0,True,0.0,IBANDRONIC ACID,0.0,MOL,True,False,-andr-,androgens,-andr-,1997.0,False,CCCCCN(C)CCC(O)(P(=O)(O)O)P(=O)(O)O,319.23,0.5,,,,,,,,,,,No DILI,No DILI,No DILI,,,,MPBVHIBUJCELCL
Ibuprofen,LT00199,Ibuprofen,Less-DILI-Concern,Warnings and precautions,3.0,,Oral,DILIrank,A,Analgesic,Mild-Moderate Pain,CHEMBL521,G02CC01; M01AE51; M02AA13; R02AX02; C01EB16; M01AE01,2.0,1.0,5855.0,0.0,0.0,True,1974.0,0.0,,Anti-Inflammatory,0.0,4.0,Small molecule,1.0,True,0.0,True,0.0,IBUPROFEN,0.0,MOL,True,False,-profen,anti-inflammatory/analgesic agents (ibuprofen type),-profen,1968.0,False,CC(C)Cc1ccc(C(C)C(=O)O)cc1,206.28,3.07,"neurotoxicity, gastrointestinal toxicity, cardiotoxicity",United States,,Black Box Warning,,COX,Neuronal Signaling,"Ibuprofen (NSC 256857, Dolgesic) is an anti-inflammatory inhibitor targeting COX-1 and COX-2 with IC50 of 13 μM and 370 μM, respectively.",15687-27-1,198.76,DILI (likely),DILI,Likely,2018 Apr 16,,"Hepatitis, Cholestasis/Biliary, Lactic acidosis, Immune-mediated, Hypersensitivity",HEFNNWSXXWATRW
Idarubicin,LT01440,Idarubicin,Ambiguous DILI-concern,Warnings and precautions,3.0,,Intravenous,DILIrank,E*,Antineoplastic,"Leukemia, Lymphoma",CHEMBL1117,L01DB06,1.0,1.0,42068.0,0.0,1.0,False,1990.0,0.0,,Antineoplastic,0.0,4.0,Small molecule,1.0,False,0.0,True,0.0,IDARUBICIN,0.0,MOL,True,False,-rubicin,antineoplastic antibiotics (daunorubicin type),-rubicin,1987.0,False,CC(=O)[C@]1(O)Cc2c(O)c3c(c(O)c2[C@@H](O[C@H]2C[C@H](N)[C@H](O)[C@H](C)O2)C1)C(=O)c1ccccc1C3=O,497.5,1.02,,,,,,,,,,,No DILI,No DILI,No DILI,,,,XDXDZDZNSLXDNA
Iloperidone,LT00654,Iloperidone,Ambiguous DILI-concern,Adverse reactions,2.0,,,DILIrank,E,CNS,Antipsychotic,CHEMBL14376,N05AX14,1.0,1.0,65173.0,0.0,2.0,True,2009.0,0.0,,Antipsychotic,0.0,4.0,Small molecule,0.0,True,0.0,False,0.0,ILOPERIDONE,0.0,MOL,True,False,,,,1993.0,False,COc1cc(C(C)=O)ccc1OCCCN1CCC(c2noc3cc(F)ccc23)CC1,426.49,4.83,psychiatric toxicity,United States,,Black Box Warning,,5-HT Receptor,Neuronal Signaling,"Iloperidone (HP873) is a dopamine (D2)/serotonin (5-HT2) receptor antagonist, used for the treatment of schizophrenia.",133454-47-4,63.31,No DILI,No DILI,No DILI,2023 Jun 5,,,XMXHEBAFVSFQEX
Imipramine,LT00108,Imipramine,Less-DILI-Concern,Adverse reactions,3.0,,Oral,DILIrank,B,CNS,Antidepressant,CHEMBL11,N06AA02,1.0,1.0,47499.0,0.0,2.0,False,1959.0,0.0,,Antidepressant,0.0,4.0,Small molecule,1.0,True,0.0,True,0.0,IMIPRAMINE,0.0,MOL,True,False,-pramine,antidepressants (imipramine type),-pramine,,False,CN(C)CCCN1c2ccccc2CCc2ccccc21,280.42,3.88,,,,,,,,,,,DILI (likely),DILI,Likely,2018 Apr 25,,"Cholestasis/Biliary, Hypersensitivity",BCGWQEUPMDMJNV
Indocyanine green,LT00141,Indocyanine green,No-DILI-Concern,No match,0.0,,Intravenous,DILIrank,,,,CHEMBL1646,,1.0,0.0,31696.0,0.0,2.0,True,1959.0,0.0,,Diagnostic Aid (hepatic function determination); Diagnostic Aid (cardiac output determination),0.0,4.0,Small molecule,0.0,False,0.0,True,0.0,INDOCYANINE GREEN,0.0,MOL,False,False,,,,,False,CC1(C)C(/C=C/C=C/C=C/C=C2\N(CCCCS(=O)(=O)[O-])c3ccc4ccccc4c3C2(C)C)=[N+](CCCCS(=O)(=O)[O-])c2ccc3ccccc3c21.[Na+],774.98,8.71,,,,,,Others,Others,"Indocyanine green(Cardiogreen) is a cyanine dye used in medical diagnostics. It is used for determining cardiac output, hepatic function, and liver blood flow, and for ophthalmic angiography.",3599-32-4,200.01,No DILI,No DILI,No DILI,,,,MOFVSTNWEDAEEK
Iodipamide meglumine,LT01454,Iodipamide meglumine,No-DILI-Concern,No match,0.0,,Intravenous,DILIrank,,,,CHEMBL3989806,,1.0,0.0,,0.0,2.0,True,,0.0,,,0.0,4.0,Small molecule,0.0,False,0.0,True,0.0,IODIPAMIDE MEGLUMINE,0.0,MOL,False,True,io-; -pamide,iodine-containing contrast media; diuretics (sulfamoylbenzoic acid derivatives),io-; -pamide,,False,CNC[C@H](O)[C@@H](O)[C@H](O)[C@H](O)CO.CNC[C@H](O)[C@@H](O)[C@H](O)[C@H](O)CO.O=C(CCCCC(=O)Nc1c(I)cc(I)c(C(=O)O)c1I)Nc1c(I)cc(I)c(C(=O)O)c1I,1530.19,,,,,,,,,,,,No DILI,No DILI,No DILI,,,,DGIAUNUPXILTJW
Iothalamate sodium,LT00257,Iothalamate sodium,No-DILI-Concern,No match,0.0,,Intravenous,DILIrank,,,,CHEMBL1097620,,0.0,0.0,,0.0,2.0,True,,0.0,,Diagnostic Aid (radiopaque medium),0.0,4.0,Small molecule,0.0,False,0.0,True,0.0,IOTHALAMATE SODIUM,0.0,MOL,False,False,io-,iodine-containing contrast media,io-,,False,CNC(=O)c1c(I)c(NC(C)=O)c(I)c(C(=O)[O-])c1I.[Na+],635.9,2.52,,,,,,Others,Others,"Iothalamate sodium is the sodium salt form of iothalamate, an organic iodine compound and a radiographic contrast medium.",1225-20-3,157.01,No DILI,No DILI,No DILI,,,,WCIMWHNSWLLELS
Ioversol,LT00419,Ioversol,No-DILI-Concern,No match,0.0,,Intravenous,DILIrank,,,,CHEMBL1200614,V08AB07,1.0,1.0,,0.0,0.0,True,1988.0,0.0,,Diagnostic Aid (radiopaque medium),0.0,4.0,Small molecule,1.0,False,0.0,True,0.0,IOVERSOL,0.0,MOL,False,False,io-,iodine-containing contrast media,io-,1987.0,False,O=C(NCC(O)CO)c1c(I)c(C(=O)NCC(O)CO)c(I)c(N(CCO)C(=O)CO)c1I,807.11,-2.02,misuse,United States,,Black Box Warning,,Others,Others,Ioversol is an organoiodine compound used as a radiographic contrast agent.,87771-40-2,123.9,No DILI,No DILI,No DILI,,,,AMDBBAQNWSUWGN
Irinotecan,LT01466,Irinotecan,Less-DILI-Concern,Adverse reactions,3.0,,Intravenous,DILIrank,B,Antineoplastic,Solid tumors,CHEMBL481,L01CE02,1.0,1.0,80630.0,0.0,1.0,False,1996.0,0.0,,Antineoplastic (DNA topoisomerase I Inhibitor),0.0,4.0,Small molecule,1.0,False,1.0,True,0.0,IRINOTECAN,1.0,MOL,True,False,-tecan,antineoplastics (camptothecin derivatives),-tecan,1995.0,False,CCc1c2c(nc3ccc(OC(=O)N4CCC(N5CCCCC5)CC4)cc13)-c1cc3c(c(=O)n1C2)COC(=O)[C@]3(O)CC,586.69,4.09,,,,,,Topoisomerase,DNA Damage/DNA Repair,Irinotecan (CPT-11) prevents DNA from unwinding by inhibition of topoisomerase 1.,136572-09-3,147.67,DILI (likely),DILI,Likely,,,,UWKQSNNFCGGAFS
Isaxonine,LT00696,Isaxonine,Most-DILI-Concern,Withdrawn,8.0,,Oral,DILIrank,,,,CHEMBL1740513,,-2.0,0.0,,0.0,2.0,False,,0.0,,,0.0,4.0,Small molecule,1.0,False,0.0,False,0.0,ISAXONINE,0.0,MOL,False,False,,,,,True,CC(C)Nc1ncccn1,137.19,1.3,,,,,,,,,,,DILI (withdrawn),DILI,Withdrawn,,,,FTCYIGBVOHNHCD
Isoniazid,LT00306,Isoniazid,Most-DILI-Concern,Box warning,8.0,,Oral,DILIrank,A,Antimicrobial,Antituberculosis,CHEMBL64,J04AC51; J04AC01,1.0,1.0,6030.0,0.0,2.0,True,1952.0,0.0,,Antibacterial (tuberculostatic),0.0,4.0,Small molecule,1.0,True,0.0,True,0.0,ISONIAZID,0.0,MOL,True,False,,,,,False,NNC(=O)c1ccncc1,137.14,-0.31,"hepatotoxicity, gastrointestinal toxicity",United States,,Black Box Warning,,Fatty Acid Synthase,Metabolism,"Isoniazid is a prodrug that blocks the action of fatty acid synthase by interacting with KatG , used for the prevention and treatment of tuberculosis.",54-85-3,196.88,DILI (known),DILI,Known,2018 Apr 5,,"Hepatitis, CYP, Cholestasis/Biliary, Cirrhosis, Immune-mediated, Hypersensitivity",QRXWMOHMRWLFEY
Isosorbide dinitrate,LT00818,Isosorbide dinitrate,No-DILI-Concern,No match,0.0,,Oral,DILIrank,E,Cardiovascular,Angina,CHEMBL6622,C05AE02; C01DA08; C01DA58,1.0,0.0,6061.0,0.0,1.0,True,1986.0,0.0,,Vasodilator (coronary),0.0,4.0,Small molecule,1.0,True,0.0,False,0.0,ISOSORBIDE DINITRATE,0.0,MOL,True,True,,,,1966.0,False,O=[N+]([O-])O[C@H]1CO[C@H]2[C@@H]1OC[C@H]2O[N+](=O)[O-],236.14,-1.06,,,,,,"Guanylate Cyclase,NOS",Immunology & Inflammation,"Isosorbide Dinitrate (ISDN, Sorbide nitrate, Sorbidnitrate, Isordil, Nitrosorbide) is the dinitrate salt form of isosorbide, an organic nitrate with vasodilator activity. Isosorbide Dinitrate is a medication used for heart failure, esophageal spasms, and to treat and prevent chest pain from not enough blood flow to the heart. Isosorbide Dinitrate can converte to nitric oxide (NO), an active intermediate compound which activates the enzyme guanylate cyclase (atrial natriuretic peptide receptor A).",87-33-2,199.03,No DILI,No DILI,No DILI,,,,MOYKHGMNXAOIAT
Isotretinoin,LT00234,Isotretinoin,Most-DILI-Concern,Warnings and precautions,5.0,,Oral,DILIrank,D,Dermatologic,Acne,CHEMBL547,D10BA01; D10AD54; D10AD04,1.0,1.0,6067.0,0.0,2.0,True,1982.0,0.0,,Keratolytic,0.0,4.0,Small molecule,1.0,True,0.0,False,0.0,ISOTRETINOIN,0.0,MOL,True,False,-retin-,retinol derivatives,-retin-,1979.0,False,CC1=C(/C=C/C(C)=C/C=C/C(C)=C\C(=O)O)C(C)(C)CCC1,300.44,5.6,teratogenicity,United States,,Black Box Warning,,Hydroxylase,Metabolism,"Isotretinoin (13-cis retinoic acid) was developed to be used as a chemotherapy medication for the treatment of brain cancer, pancreatic cancer and more.",4759-48-2,199.71,DILI (likely),DILI,Likely,2020 Nov 10,,"Hepatitis, Hypersensitivity",SHGAZHPCJJPHSC
Ixabepilone,LT02203,Ixabepilone,Ambiguous DILI-concern,Adverse reactions,7.0,,,DILIrank,E*,Antineoplastic,Breast cancer,CHEMBL1201752,L01DC04,1.0,1.0,63605.0,0.0,1.0,True,2007.0,0.0,,,0.0,4.0,Small molecule,1.0,False,0.0,True,0.0,IXABEPILONE,0.0,MOL,True,False,,,,2003.0,False,C/C(=C\c1csc(C)n1)[C@@H]1C[C@@H]2O[C@]2(C)CCC[C@H](C)[C@H](O)[C@@H](C)C(=O)C(C)(C)[C@@H](O)CC(=O)N1,506.71,4.05,,United States,,Black Box Warning,,Microtubule Associated,Cytoskeletal Signaling,"Ixabepilone (Azaepothilone B, BMS-247550, Ixempra, Aza-epothilone B) is an orally bioavailable microtubule inhibitor. It binds to tubulin and promotes tubulin polymerization and microtubule stabilization, thereby arresting cells in the G2-M phase of the cell cycle and inducing tumor cell apoptosis.",219989-84-1,197.36,No DILI,No DILI,No DILI,2017 Jan 5,,,FABUFPQFXZVHFB
L-glutamine,LT00482,L-glutamine,Ambiguous DILI-concern,Adverse reactions,3.0,,,DILIrank,E,Hematologic,Sickle cell disease,CHEMBL930,A16AA03,1.0,0.0,18050.0,0.0,1.0,True,2004.0,0.0,,,0.0,4.0,Small molecule,1.0,True,0.0,False,0.0,GLUTAMINE,0.0,MOL,True,False,,,,2002.0,False,NC(=O)CC[C@H](N)C(=O)O,146.15,-1.34,,,,,,Others,Others,L-Glutamine (Gln) is one of the 20 amino acids encoded by the standard genetic code and also a major respiratory fuel and substrate for nucleic acid synthesis in mammalian intestinal cells.,56-85-9,,No DILI,No DILI,No DILI,2021 Jul 12,,,ZDXPYRJPNDTMRX
Labetalol,LT00112,Labetalol,Most-DILI-Concern,Warnings and precautions,8.0,,Oral,DILIrank,C,Cardiovascular,Antihypertensive,CHEMBL429,C07AG01,1.0,0.0,6343.0,0.0,0.0,False,1984.0,0.0,,Anti-Adrenergic (beta-receptor); Anti-Adrenergic (alpha-receptor),0.0,4.0,Small molecule,1.0,True,0.0,True,0.0,LABETALOL,0.0,MOL,True,False,-alol,combined alpha and beta blockers,-alol,1976.0,False,CC(CCc1ccccc1)NCC(O)c1ccc(O)c(C(N)=O)c1,328.41,2.14,,,,,,,,,,,DILI (likely),DILI,Likely,2017 Jan 15,idiosyncratic,"Hepatitis, Immune-mediated, Hypersensitivity, idiosyncratic",SGUAFYQXFOLMHL
Lamotrigine,LT01481,Lamotrigine,Most-DILI-Concern,Warnings and precautions,7.0,,Oral,DILIrank,A,CNS,Anticonvulsant,CHEMBL741,N03AX09,1.0,1.0,6367.0,0.0,2.0,True,1994.0,0.0,,Anticonvulsant,0.0,4.0,Small molecule,1.0,True,0.0,False,0.0,LAMOTRIGINE,0.0,MOL,True,False,-trigine,"sodium channel blockers, signal transduction modulators",-trigine,1985.0,False,Nc1nnc(-c2cccc(Cl)c2Cl)c(N)n1,256.1,2.01,dermatological toxicity,United States,,Black Box Warning,,"5-HT Receptor,Sodium Channel",Transmembrane Transporters,"Lamotrigine (BW-430C,LTG) is a novel anticonvulsant drug for inhibition of 5-HT with IC50 of 240 μM and 474 μM in human platelets and rat brain synaptosomes, and also is a sodium channel blocker.",84057-84-1,39.05,DILI (known),DILI,Known,2019 Apr 18,,"Hepatitis, Necrosis, Cholestasis/Biliary, Immune-mediated, Hypersensitivity Syndrome",PYZRQGJRPPTADH
Leucovorin,LT02192,Leucovorin,No-DILI-Concern,No match,0.0,,Oral,DILIrank,E,HDS: Nutritional Suppl,General health,CHEMBL1679,,1.0,0.0,15640.0,0.0,0.0,False,1952.0,0.0,,Antidote (to folic acid antagonists); Anti-Anemic (folate deficiency),0.0,4.0,Small molecule,1.0,True,0.0,True,0.0,LEUCOVORIN,0.0,MOL,False,False,,,,,False,Nc1nc(=O)c2c([nH]1)NCC(CNc1ccc(C(=O)N[C@@H](CCC(=O)O)C(=O)O)cc1)N2C=O,473.45,-0.73,,,,,,,,,,,No DILI,No DILI,No DILI,,,,VVIAGPKUTFNRDU
Levoleucovorin,LT02437,Levoleucovorin,No-DILI-Concern,No match,0.0,,Intravenous,DILIrank,,,,CHEMBL1908841,,1.0,0.0,63606.0,0.0,1.0,True,2008.0,0.0,,Antidote (to folic acid antagonists),0.0,4.0,Small molecule,1.0,False,0.0,True,0.0,LEVOLEUCOVORIN,0.0,MOL,True,False,,,,1991.0,False,Nc1nc(=O)c2c([nH]1)NC[C@H](CNc1ccc(C(=O)N[C@@H](CCC(=O)O)C(=O)O)cc1)N2C=O,473.45,-0.73,,,,,,,,,,,No DILI,No DILI,No DILI,,,,VVIAGPKUTFNRDU
Levomefolate calcium,LT02442,Levomefolate calcium,No-DILI-Concern,No match,0.0,,Oral,DILIrank,,,,CHEMBL1615371,,1.0,0.0,,0.0,1.0,True,2010.0,0.0,,,0.0,4.0,Small molecule,1.0,True,0.0,False,0.0,LEVOMEFOLATE CALCIUM,0.0,MOL,True,False,,,,2008.0,False,CN1c2c([nH]c(N)nc2=O)NC[C@@H]1CNc1ccc(C(=O)N[C@@H](CCC(=O)[O-])C(=O)[O-])cc1.[Ca+2],497.53,-0.26,,,,,,,,,,,No DILI,No DILI,No DILI,,,,VWBBRFHSPXRJQD
Levorphanol,LT00752,Levorphanol,No-DILI-Concern,No match,0.0,,Oral,DILIrank,E,Analgesic,Moderate pain,CHEMBL592,,1.0,1.0,6444.0,0.0,1.0,False,1991.0,0.0,,Analgesic (narcotic),0.0,4.0,Small molecule,1.0,True,0.0,True,0.0,LEVORPHANOL,0.0,MOL,True,False,-orphan-,narcotic antagonists/agonists (morphinan derivatives),-orphan-,,False,CN1CC[C@]23CCCC[C@H]2[C@H]1Cc1ccc(O)cc13,257.38,3.08,,,,,,,,,,,No DILI,No DILI,No DILI,,,,JAQUASYNZVUNQP
Linezolid,LT01077,Linezolid,Less-DILI-Concern,Adverse reactions,3.0,,Intravenous,DILIrank,A,Antimicrobial,Antibacterial,CHEMBL126,J01XX08,1.0,0.0,63607.0,0.0,1.0,True,2000.0,0.0,,Antibacterial,0.0,4.0,Small molecule,0.0,True,0.0,True,0.0,LINEZOLID,0.0,MOL,True,False,-zolid,oxazolidinone antibacterials,-zolid,1997.0,False,CC(=O)NC[C@H]1CN(c2ccc(N3CCOCC3)c(F)c2)C(=O)O1,337.35,1.12,,,,,,Antibiotics,Microbiology,"Linezolid (Zyvoxid, Zyvoxam,PNU-100766) is a synthetic antibiotic used for the treatment of serious infections.",165800-03-3,198.61,DILI (likely),DILI,Likely,2019 Jun 6,,"Mitochondrial dysfunction, Steatosis, Lactic acidosis, Hypersensitivity",TYZROVQLWOKYKF
Lisdexamfetamine,LT00571,Lisdexamfetamine,Ambiguous DILI-concern,Adverse reactions,3.0,,,DILIrank,A [HD],CNS,ADHD,CHEMBL1201222,N06BA12,1.0,1.0,,0.0,1.0,False,2007.0,0.0,,,0.0,4.0,Small molecule,1.0,True,0.0,False,0.0,LISDEXAMFETAMINE,1.0,MOL,True,False,-fetamine,amfetamine derivatives,-fetamine,2005.0,False,C[C@@H](Cc1ccccc1)NC(=O)[C@@H](N)CCCCN,263.38,1.19,,,,,,,,,,,DILI (likely),DILI,Likely,,,,VOBHXZCDAVEXEY
Lisinopril,LT01492,Lisinopril,Less-DILI-Concern,Adverse reactions,3.0,,Oral,DILIrank,B,Cardiovascular,Antihypertensive,CHEMBL419213,C09AA03,1.0,1.0,6503.0,0.0,1.0,True,1987.0,0.0,,,0.0,4.0,Small molecule,0.0,True,0.0,False,0.0,LISINOPRIL,0.0,MOL,True,False,-pril,antihypertensives (ACE inhibitors),-pril,1984.0,False,NCCCC[C@H](N[C@@H](CCc1ccccc1)C(=O)O)C(=O)N1CCC[C@H]1C(=O)O.O.O,441.53,1.24,teratogenicity,United States,,Black Box Warning,,,,,,,DILI (likely),DILI,Likely,2018 Feb 11,,"Cholestasis/Biliary, Immune-mediated, Hypersensitivity",CZRQXSDBMCMPNJ
Lubiprostone,LT01240,Lubiprostone,No-DILI-Concern,No match,0.0,,Oral,DILIrank,E,Gastrointestinal,Irritable bowel syndrome,CHEMBL1201134,A06AX03,1.0,0.0,,0.0,1.0,True,2006.0,0.0,,,0.0,4.0,Small molecule,0.0,True,0.0,False,0.0,LUBIPROSTONE,0.0,MOL,True,False,-prost-,prostaglandins,-prost-,2002.0,False,CCCCC(F)(F)[C@@]1(O)CC[C@H]2[C@@H](CC(=O)[C@@H]2CCCCCCC(=O)O)O1,390.47,4.31,,,,,,Chloride Channel,Transmembrane Transporters,"Lubiprostone (RU 0211,SPI-0211) is an activator of ClC-2 chloride channels, used in the management of idiopathic chronic constipation.",136790-76-6,199.76,No DILI,No DILI,No DILI,2019 Apr 25,,,WGFOBBZOWHGYQH
Maraviroc,LT00640,Maraviroc,Most-DILI-Concern,Box warning,3.0,,Oral,DILIrank,D,Antimicrobial,Antiviral: HIV,CHEMBL1201187,J05AX09,1.0,1.0,63608.0,0.0,1.0,True,2007.0,1.0,,,0.0,4.0,Small molecule,0.0,True,0.0,False,0.0,MARAVIROC,0.0,MOL,True,False,-vir-; -viroc,"antivirals; antivirals, chemokine receptor (CCR) antagonists",-vir-; -viroc,,False,Cc1nnc(C(C)C)n1[C@@H]1C[C@H]2CC[C@@H](C1)N2CC[C@H](NC(=O)C1CCC(F)(F)CC1)c1ccccc1,513.68,5.95,hepatotoxicity,United States,,Black Box Warning,,"CCR,HIV",Microbiology,"Maraviroc (Celsentri,UK-427857) is a CCR5 antagonist for MIP-1α, MIP-1β and RANTES with IC50 of 3.3 nM, 7.2 nM and 5.2 nM in cell-free assays, respectively. Maraviroc is used in the treatment of HIV infection.",376348-65-1,194.68,DILI (likely),DILI,Likely,2019 Jun 6,,"Hepatitis, CYP, Immune-mediated, Hypersensitivity",GSNHKUDZZFZSJB
Mebanazine,LT01508,Mebanazine,Most-DILI-Concern,Withdrawn,8.0,,Oral,DILIrank,,,,CHEMBL1909283,,-2.0,0.0,,0.0,0.0,True,,0.0,,,0.0,4.0,Small molecule,1.0,False,0.0,False,0.0,MEBANAZINE,0.0,MOL,False,False,,,,,True,CC(NN)c1ccccc1,136.2,1.21,hepatotoxicity,United Kingdom,Hepatotoxicity; Drug Interaction,Withdrawn,hepatotoxicity,,,,,,DILI (withdrawn),DILI,Withdrawn,,,,HHRZAEJMHSGZNP
Mecamylamine,LT00781,Mecamylamine,No-DILI-Concern,No match,0.0,,Oral,DILIrank,,Cardiovascular,Antihypertensive,CHEMBL267936,C02BB01,1.0,0.0,6706.0,0.0,0.0,False,1956.0,0.0,,Antihypertensive,0.0,4.0,Small molecule,1.0,True,0.0,False,0.0,MECAMYLAMINE,0.0,MOL,True,False,,,,,False,CNC1(C)C2CCC(C2)C1(C)C,167.3,2.42,,,,,,,,,,,No DILI,No DILI,No DILI,,,,IMYZQPCYWPFTAG
Mechlorethamine,LT01509,Mechlorethamine,Ambiguous DILI-concern,Warnings and precautions,3.0,,Intravenous,DILIrank,E,Antineoplastic,"Solid tumors, Lymphoma",CHEMBL427,L01AA05,1.0,1.0,28925.0,0.0,2.0,True,1949.0,0.0,,Antineoplastic,0.0,4.0,Small molecule,1.0,False,1.0,True,0.0,MECHLORETHAMINE,0.0,MOL,True,True,,,,,False,CN(CCCl)CCCl,156.06,1.4,,,,,,,,,,,No DILI,No DILI,No DILI,2019 Jun 6,,,HAWPXGHAZFHHAD
Medroxyprogesterone,LT01513,Medroxyprogesterone,Ambiguous DILI-concern,Adverse reactions,2.0,,,DILIrank,A,Gynecological,Birth control,CHEMBL717,L02AB02; G03AC06; G03DA02,1.0,1.0,6716.0,0.0,1.0,True,1959.0,0.0,,Progestin,0.0,4.0,Small molecule,1.0,True,0.0,True,0.0,MEDROXYPROGESTERONE ACETATE,0.0,MOL,True,False,-gest-; -ster-; -terone,"progestins; steroids (androgens, anabolics); antiandrogens",-gest-; -ster-; -terone,,False,CC(=O)O[C@]1(C(C)=O)CC[C@H]2[C@@H]3C[C@H](C)C4=CC(=O)CC[C@]4(C)[C@H]3CC[C@@]21C,386.53,4.66,"carcinogenicity, respiratory toxicity, neurotoxicity, cardiotoxicity, musculoskeletal toxicity, vascular toxicity",United States,,Black Box Warning,,Estrogen/progestogen Receptor,Endocrinology & Hormones,Medroxyprogesterone (MP) is a synthetic pregnane steroid and a derivative of progesterone. It is a potent progesterone receptor agonist.,520-85-4,197.39,DILI (likely),DILI,Likely,,,,PSGAAPLEWMOORI
Megestrol,LT00220,Megestrol,Ambiguous DILI-concern,Adverse reactions,1.0,,,DILIrank,A,Gynecological,Birth control,CHEMBL1201139,L02AB01; G03DB02; G03AC05,1.0,0.0,,0.0,1.0,True,1971.0,0.0,,Antineoplastic,0.0,4.0,Small molecule,1.0,True,0.0,False,0.0,MEGESTROL ACETATE,0.0,MOL,True,False,-estr-; -gest-,estrogens; progestins,-estr-; -gest-,1963.0,False,CC(=O)O[C@]1(C(C)=O)CC[C@H]2[C@@H]3C=C(C)C4=CC(=O)CC[C@]4(C)[C@H]3CC[C@@]21C,384.52,4.58,,,,,,Estrogen/progestogen Receptor,Endocrinology & Hormones,"Megestrol, a synthetic progestin, is approved for the treatment of anorexia, cachexia, or an unexplained significant weight loss in patients with an acquired immunodeficiency syndrome diagnosis. Megestrol acetate (Megace) is one of the first progestational agents to be evaluated for use in the hormonal therapy of advanced breast cancer.",3562-63-8,198.56,DILI (likely),DILI,Likely,,,,RQZAXGRLVPAYTJ
Melphalan,LT01517,Melphalan,Less-DILI-Concern,Adverse reactions,5.0,,Oral,DILIrank,B[HD],Antineoplastic,"Leukemia, Lymphoma",CHEMBL852,L01AA03,1.0,1.0,28876.0,0.0,1.0,True,1964.0,0.0,,Antineoplastic,0.0,4.0,Small molecule,1.0,True,0.0,False,0.0,MELPHALAN,0.0,MOL,True,False,,,,1963.0,False,N[C@@H](Cc1ccc(N(CCCl)CCCl)cc1)C(=O)O,305.21,1.93,"teratogenicity, hematological toxicity",United States,,Black Box Warning,,,,,,,DILI (likely),DILI,Likely,2020 Jan 15,,"Hepatitis, Necrosis, Sinusoidal, Fibrosis, Immune-mediated, Hypersensitivity",SGDBTWWWUNNDEQ
Mepenzolate,LT00790,Mepenzolate,No-DILI-Concern,No match,0.0,,Oral,DILIrank,E,Gastrointestinal,Antispasmotic,CHEMBL524004,A03AB12,1.0,0.0,,0.0,0.0,False,1956.0,0.0,,Anticholinergic,0.0,4.0,Small molecule,1.0,True,0.0,False,0.0,MEPENZOLATE,0.0,MOL,True,False,,,,,False,C[N+]1(C)CCCC(OC(=O)C(O)(c2ccccc2)c2ccccc2)C1,340.44,2.7,,,,,,,,,,,No DILI,No DILI,No DILI,,,,GKNPSSNBBWDAGH
Meperidine,LT00713,Meperidine,No-DILI-Concern,No match,0.0,,Oral,DILIrank,E,Analgesic,Severe pain,CHEMBL607,N02AB52; N02AB02; N02AB72,1.0,1.0,6754.0,0.0,2.0,False,1942.0,0.0,,Analgesic (narcotic),0.0,4.0,Small molecule,1.0,True,0.0,True,0.0,MEPERIDINE,0.0,MOL,True,False,-eridine,analgesics (meperidine type),-eridine,,False,CCOC(=O)C1(c2ccccc2)CCN(C)CC1,247.34,2.21,,,,,,,,,,,No DILI,No DILI,No DILI,,,,XADCESSVHJOZHK
Mepivacaine,LT00822,Mepivacaine,No-DILI-Concern,No match,0.0,,Subcutaneous,DILIrank,E,CNS,"Anesthetic, local",CHEMBL1087,N01BB03; N01BB53,1.0,0.0,6759.0,0.0,0.0,False,1960.0,0.0,,Anesthetic (local),0.0,4.0,Small molecule,1.0,False,0.0,True,0.0,MEPIVACAINE,0.0,MOL,True,False,-caine,local anesthetics,-caine,,False,Cc1cccc(C)c1NC(=O)C1CCCCN1C,246.35,2.73,,,,,,Others,Others,"Mepivacaine (Carbocaine) is a local anesthetic indicated for infiltration, nerve block, and epidural anesthesia.",96-88-8,198.91,No DILI,No DILI,No DILI,,,,INWLQCZOYSRPNW
Meprobamate,LT01521,Meprobamate,No-DILI-Concern,No match,0.0,,Oral,DILIrank,E*,CNS,Sedative/Hypnotic,CHEMBL979,N05BC01; N05BC51; N05CX01,1.0,0.0,,0.0,2.0,True,1955.0,0.0,,Sedative-Hypnotic,0.0,4.0,Small molecule,1.0,True,0.0,False,0.0,MEPROBAMATE,0.0,MOL,True,False,-bamate,tranquilizers/antiepileptics (propanediol and pentanediol groups),-bamate,,True,CCCC(C)(COC(N)=O)COC(N)=O,218.25,0.98,"misuse, neurotoxicity",European Union; United Kingdom; Canada,"Risk of overdose, abuse and misuse (serious side effects including overdose, loss of consciousness, abuse, addiction and severe symptoms on stopping treatment abruptly), Dependence, withdrawal, abuse, and other undesirable effects, Serious side effects seen with these medicines. These included confusion and loss of consciousness, particularly in elderly people, and the risk of addiction to the medicine when used for prolonged periods, with severe withdrawal symptoms on stopping treatment abruptly. The French medicines agency was also concerned by reports of these medicines being taken for longer than recommended and cases of overdose (sometimes in combination with other medicines) leading to coma or death.",Withdrawn,"misuse, neurotoxicity",,,,,,No DILI,No DILI,No DILI,,,,NPPQSCRMBWNHMW
Mercaptopurine,LT00003,Mercaptopurine,Most-DILI-Concern,Warnings and precautions,8.0,,Oral,DILIrank,A,Antineoplastic,"Leukemia, Lymphoma",CHEMBL1200751,L01BB02,1.0,0.0,31822.0,0.0,2.0,True,1953.0,0.0,,Antineoplastic,0.0,4.0,Small molecule,0.0,True,0.0,False,0.0,MERCAPTOPURINE,0.0,MOL,True,False,-apt-,"aptamers, classical and mirror",-apt-,,False,O.S=c1[nH]cnc2nc[nH]c12,170.2,0.64,,,,,,DNA/RNA Synthesis,DNA Damage/DNA Repair,Mercaptopurine(6-MP) is a widely used antileukemic agent and immunosuppressive drug that inhibits de novo purine synthesis through incorporation of thiopurine methyltransferase metabolites into DNA and RNA.,50-44-2,197.13,DILI (known),DILI,Known,2017 Aug 17,,"Hepatitis, Necrosis, Cholestasis/Biliary, Sinusoidal, Steatosis, Fibrosis, Cirrhosis, Hypersensitivity",WFFQYWAAEWLHJC
Methadone,LT00723,Methadone,Ambiguous DILI-concern,Adverse reactions,3.0,,Oral,DILIrank,E,Substance abuse ,Opiate addiction,CHEMBL651,N02AC52; N07BC02,1.0,1.0,6807.0,0.0,0.0,False,1947.0,0.0,,Analgesic (narcotic),0.0,4.0,Small molecule,1.0,True,0.0,True,0.0,METHADONE,0.0,MOL,True,False,,,,,False,CCC(=O)C(CC(C)N(C)C)(c1ccccc1)c1ccccc1,309.45,4.29,,,,,,,,,,,No DILI,No DILI,No DILI,,,,USSIQXCVUWKGNF
Methocarbamol,LT00581,Methocarbamol,Ambiguous DILI-concern,Adverse reactions,5.0,,Oral,DILIrank,E,CNS,Muscle relaxant,CHEMBL1201117,M03BA53; M03BA03; M03BA73,1.0,0.0,77498.0,0.0,0.0,True,1957.0,0.0,,Relaxant (skeletal muscle),0.0,4.0,Small molecule,1.0,True,0.0,True,0.0,METHOCARBAMOL,0.0,MOL,True,False,,,,,False,COc1ccccc1OCC(O)COC(N)=O,241.24,0.53,,,,,,Carbonic Anhydrase,Metabolism,"Methocarbamol (AHR 85) is a carbonic anhydrase inhibitor, used as a central muscle relaxant to treat skeletal muscle spasms.",532-03-6,198.97,No DILI,No DILI,No DILI,,,,GNXFOGHNGIVQEH
Methsuximide,LT00787,Methsuximide,No-DILI-Concern,No match,0.0,,Oral,DILIrank,E*,CNS,Anticonvulsant,CHEMBL697,N03AD03,1.0,0.0,,0.0,0.0,True,1957.0,0.0,,Anticonvulsant,0.0,4.0,Small molecule,1.0,True,0.0,False,0.0,METHSUXIMIDE,0.0,MOL,True,False,,,,,False,CN1C(=O)CC(C)(c2ccccc2)C1=O,203.24,1.33,,,,,,,,,,,No DILI,No DILI,No DILI,2016 Jul 1,,,AJXPJJZHWIXJCJ
Methyclothiazide,LT00833,Methyclothiazide,Ambiguous DILI-concern,Adverse reactions,2.0,,,DILIrank,E,Cardiovascular,Diuretic,CHEMBL1577,C03AA08,1.0,0.0,6847.0,0.0,0.0,True,1960.0,0.0,,Diuretic; Antihypertensive,0.0,4.0,Small molecule,1.0,True,0.0,False,0.0,METHYCLOTHIAZIDE,0.0,MOL,True,False,-thiazide,diuretics (thiazide derivatives),-thiazide,1963.0,False,CN1C(CCl)Nc2cc(Cl)c(S(N)(=O)=O)cc2S1(=O)=O,360.24,0.6,,,,,,Others,Others,"Methyclothiazide is a substituted benzothiadiazide, used to treat high blood pressure and fluid retention caused by various conditions including heart disease.",135-07-9,199.87,No DILI,No DILI,No DILI,,,,CESYKOGBSMNBPD
Methyldopa,LT00121,Methyldopa,Most-DILI-Concern,Warnings and precautions,8.0,,Oral,DILIrank,A,Cardiovascular,Antihypertensive,CHEMBL459,C02AB01,1.0,0.0,61058.0,0.0,1.0,True,1962.0,0.0,,Antihypertensive,0.0,4.0,Small molecule,1.0,True,0.0,False,0.0,METHYLDOPA,0.0,MOL,True,False,-dopa,dopamine receptor agonists,-dopa,1962.0,False,C[C@](N)(Cc1ccc(O)c(O)c1)C(=O)O,211.22,0.44,,,,,,"5-HT Receptor,Adrenergic Receptor,Decarboxylase,Dopamine Receptor",Metabolism,Methyldopa (Aldomet) is a DOPA decarboxylase competitive inhibitor with an ED50 of 21.8 mg/kg.,555-30-6,9.47,DILI (known),DILI,Known,2020 Jan 10,,"Hepatitis, Necrosis, Cholestasis/Biliary, Fibrosis, Cirrhosis, Hypersensitivity",CJCSPKMFHVPWAR
Methylnaltrexone bromide,LT00570,Methylnaltrexone bromide,No-DILI-Concern,No match,0.0,,Subcutaneous,DILIrank,,,,CHEMBL1201770,A06AH01,1.0,0.0,,0.0,0.0,True,2008.0,0.0,,,0.0,4.0,Small molecule,1.0,True,0.0,True,0.0,METHYLNALTREXONE BROMIDE,0.0,MOL,True,False,-nal-,narcotic agonists/antagonists (normorphine type),-nal-,2006.0,False,C[N+]1(CC2CC2)CC[C@]23c4c5ccc(O)c4O[C@H]2C(=O)CC[C@@]3(O)[C@H]1C5.[Br-],436.35,1.67,,,,,,Opioid Receptor,Neuronal Signaling,Methylnaltrexone bromide is an antagonist of µ-opioid receptor that reduces the viability of lung cancer cells by inhibiting Src activation.,73232-52-7,229.18,No DILI,No DILI,No DILI,,,,IFGIYSGOEZJNBE
Methylprednisolone,LT00478,Methylprednisolone,Less-DILI-Concern,Adverse reactions,3.0,,Oral,DILIrank,A [HD],Endocrine,Hormone replacement,CHEMBL650,H02BX01; D07AA01; D10AA02; H02AB04,1.0,0.0,6888.0,0.0,1.0,True,1957.0,0.0,,Glucocorticoid,0.0,4.0,Small molecule,1.0,True,0.0,False,0.0,METHYLPREDNISOLONE,0.0,MOL,True,True,-olone; -pred-,steroids (not prednisolone derivatives); prednisone and prednisolone derivatives,-olone; -pred-,,False,C[C@H]1C[C@@H]2[C@H]([C@@H](O)C[C@@]3(C)[C@H]2CC[C@]3(O)C(=O)CO)[C@@]2(C)C=CC(=O)C=C12,374.48,1.8,,,,,,"ACE,Apoptosis related,Autophagy,Glucocorticoid Receptor,Immunology & Inflammation related,Interleukins",Endocrinology & Hormones,"Methylprednisolone (NSC-19987,U 7532) is a synthetic glucocorticoid receptor agonist, used to achieve prompt suppression of inflammation. Methylprednisolone activates ACE2 and reduces IL-6 levels, thus improves severe or critical COVID-19. Methylprednisolone markedly reduces autophagy and apoptosis.",83-43-2,200.28,DILI (likely),DILI,Likely,,,,VHRSUDSXCMQTMA
Methylscopolamine bromide,LT01547,Methylscopolamine bromide,No-DILI-Concern,No match,0.0,,Oral,DILIrank,,,,CHEMBL1354199,,1.0,0.0,61276.0,0.0,1.0,True,1953.0,0.0,,,0.0,4.0,Small molecule,1.0,True,0.0,False,0.0,METHSCOPOLAMINE BROMIDE,0.0,MOL,True,False,,,,,False,C[N+]1(C)[C@@H]2C[C@@H](OC(=O)[C@H](CO)c3ccccc3)C[C@H]1[C@@H]1O[C@@H]12.[Br-],398.3,1.06,,,,,,,,,,,No DILI,No DILI,No DILI,,,,CXYRUNPLKGGUJF
Methyltestosterone,LT00222,Methyltestosterone,Less-DILI-Concern,Warnings and precautions,2.0,,Oral,DILIrank,A,Endocrine,Hormone replacement,CHEMBL1395,G03BA02; G03EK01,1.0,0.0,27436.0,0.0,1.0,True,1973.0,0.0,,Androgen,0.0,4.0,Small molecule,1.0,True,0.0,False,0.0,METHYLTESTOSTERONE,0.0,MOL,True,True,-ster-; -terone,"steroids (androgens, anabolics); antiandrogens",-ster-; -terone,,False,C[C@]12CCC(=O)C=C1CC[C@@H]1[C@@H]2CC[C@@]2(C)[C@H]1CC[C@]2(C)O,302.46,4.27,,,,,,,,,,,DILI (likely),DILI,Likely,,,,GCKMFJBGXUYNAG
Mexiletine,LT01553,Mexiletine,Most-DILI-Concern,Box warning,3.0,,Oral,DILIrank,C,Cardiovascular,Antiarrhythmic,CHEMBL558,C01BB02,1.0,1.0,6916.0,0.0,0.0,False,1985.0,0.0,,Cardiac Depressant (anti-arrhythmic),0.0,4.0,Small molecule,1.0,True,1.0,False,0.0,MEXILETINE,0.0,MOL,True,False,,,,1986.0,False,Cc1cccc(C)c1OCC(C)N,179.26,2.03,,,,,,,,,,,DILI (likely),DILI,Likely,2020 Feb 6,,"Hepatitis, CYP, Cholestasis/Biliary, Immune-mediated, Hypersensitivity",VLPIATFUUWWMKC
Micafungin,LT01187,Micafungin,Most-DILI-Concern,Warnings and precautions,7.0,,Intravenous,DILIrank,D,Antimicrobial,Antifungal,CHEMBL457547,J02AX05,1.0,0.0,600520.0,0.0,1.0,False,2005.0,0.0,,,0.0,4.0,Small molecule,1.0,False,0.0,True,0.0,MICAFUNGIN,0.0,MOL,True,False,-fungin,antifungal antibiotics (undefined group),-fungin,2004.0,False,CCCCCOc1ccc(-c2cc(-c3ccc(C(=O)N[C@H]4C[C@@H](O)[C@@H](O)NC(=O)[C@@H]5[C@@H](O)[C@@H](C)CN5C(=O)[C@H]([C@H](O)CC(N)=O)NC(=O)[C@H]([C@H](O)[C@@H](O)c5ccc(O)c(OS(=O)(=O)O)c5)NC(=O)[C@@H]5C[C@@H](O)CN5C(=O)[C@H]([C@@H](C)O)NC4=O)cc3)no2)cc1,1270.29,,,,,,,Fungal,Microbiology,"Micafungin Sodium (FK463, Mycamine) is an inhibitor of 1, 3-beta-D-glucan synthesis, used as an antifungal drug.",208538-73-2,,DILI (likely),DILI,Likely,,,,PIEUQSKUWLMALL
Mifepristone,LT00184,Mifepristone,No-DILI-Concern,No match,0.0,,Oral,DILIrank,D,Gynecological,Abortion,CHEMBL1276308,G03XB01; G03XB51,1.0,1.0,50692.0,0.0,1.0,True,2000.0,0.0,,,0.0,4.0,Small molecule,1.0,True,0.0,False,0.0,MIFEPRISTONE,0.0,MOL,True,False,-pris-; -pristone,steriodal compounds acting on progesterone receptors (excluding-gest- compounds); progesterone receptor antagonists,-pris-; -pristone,1998.0,False,CC#C[C@]1(O)CC[C@H]2[C@@H]3CCC4=CC(=O)CCC4=C3[C@@H](c3ccc(N(C)C)cc3)C[C@@]21C,429.6,5.41,"hematological toxicity, cardiotoxicity, gastrointestinal toxicity, infectious disease",United States,,Black Box Warning,,"Apoptosis related,Autophagy,Bcl-2,Estrogen/progestogen Receptor,Glucocorticoid Receptor",Endocrinology & Hormones,"Mifepristone (RU486, C-1073, RU 38486, Mifegyne) is a remarkably active antagonist of progesterone receptor and glucocorticoid receptor with IC50 of 0.2 nM and 2.6 nM, respectively. Mifepristone promotes cell autophagy and apoptosis, decreases Bcl-2 level and increases Beclin1 level, accompanied by weakened interaction between Bcl-2 and Beclin1.",84371-65-3,197.86,No DILI,No DILI,No DILI,2018 Mar 10,,,VKHAHZOOUSRJNA
Miglitol,LT00992,Miglitol,No-DILI-Concern,No match,0.0,,Oral,DILIrank,E,Endocrine,Diabetes,CHEMBL1561,A10BF02,1.0,0.0,6935.0,0.0,1.0,True,1996.0,0.0,,Inhibitor (alpha-glucosidase),0.0,4.0,Small molecule,1.0,True,0.0,False,0.0,MIGLITOL,0.0,MOL,True,False,,,,1990.0,False,OCCN1C[C@H](O)[C@@H](O)[C@H](O)[C@H]1CO,207.23,-3.26,,,,,,Carbohydrate Metabolism,Metabolism,"Miglitol (BAY-M-1099,Glyset) is an oral anti-diabetic drug.",72432-03-2,14.48,No DILI,No DILI,No DILI,2021 Jan 12,,,IBAQFPQHRJAVAV
Miglustat,LT01126,Miglustat,No-DILI-Concern,No match,0.0,,Oral,DILIrank,E,Genetic,Gaucher disease,CHEMBL1029,A16AX06,1.0,0.0,50381.0,0.0,1.0,True,2003.0,1.0,,,0.0,4.0,Small molecule,1.0,True,0.0,False,0.0,MIGLUSTAT,1.0,MOL,True,False,-stat,enzyme inhibitors: glucosyltransferase inhibitors,-stat (-glustat),2003.0,False,CCCCN1C[C@H](O)[C@@H](O)[C@H](O)[C@H]1CO,219.28,-1.45,,,,,,Transferase,Metabolism,"Miglustat (Zavesca, N‐butyldeoxynojirimycin, OGT 918) is an orally administered ceramide glucosyltransferase inhibitor which prevents the lysosomal accumulation of glucocerebroside.",72599-27-0,200.66,No DILI,No DILI,No DILI,2018 Mar 5,,,UQRORFVVSGFNRO
Milnacipran,LT01263,Milnacipran,Most-DILI-Concern,Warnings and precautions,7.0,,Oral,DILIrank,D,CNS,Antidepressant,CHEMBL252923,,-1.0,0.0,,0.0,-1.0,False,,-1.0,,,-1.0,,Small molecule,1.0,False,-1.0,False,0.0,"1R,2S-MILNACIPRAN",-1.0,MOL,False,False,,,,,False,CCN(CC)C(=O)[C@]1(c2ccccc2)C[C@@H]1CN,246.35,1.77,,,,,,,,,,,DILI (likely),DILI,Likely,,,Immune-mediated (manual annotation),GJJFMKBJSRMPLA
Minocycline,LT00416,Minocycline,Most-DILI-Concern,Warnings and precautions,8.0,,Oral,DILIrank,A,Antimicrobial,Antibacterial,CHEMBL1434,A01AB23; D10AF07; J01AA08,1.0,0.0,50694.0,0.0,1.0,False,1971.0,0.0,,Antibacterial,0.0,4.0,Small molecule,1.0,True,0.0,True,0.0,MINOCYCLINE,0.0,MOL,True,True,-cycline,antibiotics (tetracycline derivatives),-cycline,1966.0,False,CN(C)c1ccc(O)c2c1C[C@H]1C[C@H]3[C@H](N(C)C)C(O)=C(C(N)=O)C(=O)[C@@]3(O)C(O)=C1C2=O,457.48,0.19,,,,,,Antibiotics,Microbiology,"Minocycline (CL 59806,Minocin) HCl is the most lipid soluble and most active tetracycline antibiotic, binds to the 30S ribosomal subunit, preventing the binding of tRNA to the mRNA-ribosome complex and interfering with protein synthesis.",13614-98-7,,DILI (known),DILI,Known,2019 Jan 23,,"Hepatitis, Necrosis, Fibrosis, Immune-mediated, Hypersensitivity",DYKFCLLONBREIL
Minoxidil,LT00587,Minoxidil,No-DILI-Concern,No match,0.0,,Oral,DILIrank,E,Cardiovascular,Antihypertensive,CHEMBL802,C02DC01; D11AX01,2.0,1.0,6942.0,0.0,2.0,True,1979.0,0.0,,Hair Growth Stimulant (topical); Antihypertensive,0.0,4.0,Small molecule,1.0,True,0.0,False,0.0,MINOXIDIL,1.0,MOL,True,True,-dil,vasodilators (undefined group),-dil,1970.0,False,Nc1cc(N2CCCCC2)nc(N)[n+]1[O-],209.25,-0.13,cardiotoxicity,United States,,Black Box Warning,,Potassium Channel,Transmembrane Transporters,"Minoxidil (U-10858) is a vasodilator medication known for its ability to slow or stop hair loss and promote hair regrowth. Minoxidil is an ATP-sensitive potassium (KATP) channel opener, a potent oral antihypertensive agent and a peripheral vasodilator that promotes vasodilation also affects hair growth.",38304-91-5,47.7897252090801,No DILI,No DILI,No DILI,2020 Jan 28,,,ZFMITUMMTDLWHR
Misoprostol,LT00922,Misoprostol,Ambiguous DILI-concern,Adverse reactions,3.0,,,DILIrank,E,Gastrointestinal,Acid peptic disease,CHEMBL606,G02AD06; A02BB01,1.0,1.0,,0.0,0.0,True,1988.0,0.0,,Anti-Ulcerative,0.0,4.0,Small molecule,1.0,True,0.0,False,0.0,MISOPROSTOL,1.0,MOL,True,False,-prost-,prostaglandins,-prost-,1981.0,False,CCCCC(C)(O)C/C=C/[C@H]1[C@H](O)CC(=O)[C@@H]1CCCCCCC(=O)OC,382.54,3.95,teratogenicity,United States,,Black Box Warning,,"PGES,Prostaglandin Receptor",GPCR & G Protein,"Misoprostol(SC29333) is a synthetic prostaglandin E1 (PGE1) analog that is used to prevent gastric ulcers, to treat missed miscarriage, to induce labor, and to induce abortion.",59122-46-2,198.67,No DILI,No DILI,No DILI,,,,OJLOPKGSLYJEMD
Mivacurium,LT00950,Mivacurium,No-DILI-Concern,No match,0.0,,Intravenous,DILIrank,,,,CHEMBL984,M03AC10,1.0,0.0,,0.0,0.0,True,1992.0,0.0,,Neuromuscular Blocking Agent,0.0,4.0,Small molecule,0.0,False,0.0,True,0.0,MIVACURIUM CHLORIDE,0.0,MOL,True,False,-ium,quaternary ammonium derivatives: neuromuscular blocking agents,-ium (-curium),1990.0,False,COc1cc2c(cc1OC)[C@@H](Cc1cc(OC)c(OC)c(OC)c1)[N+](C)(CCCOC(=O)CC/C=C/CCC(=O)OCCC[N+]1(C)CCc3cc(OC)c(OC)cc3[C@H]1Cc1cc(OC)c(OC)c(OC)c1)CC2.[Cl-].[Cl-],1100.18,,,,,,,,,,,,No DILI,No DILI,No DILI,,,,WMSYWJSZGVOIJW
Moexipril,LT01567,Moexipril,Ambiguous DILI-concern,Adverse reactions,3.0,,Oral,DILIrank,E*,Cardiovascular,Antihypertensive,CHEMBL1165,C09AA13,1.0,1.0,6960.0,0.0,1.0,False,1995.0,0.0,,Antihypertensive; Enzyme Inhibitor (angiotensin-converting),0.0,4.0,Small molecule,1.0,True,0.0,False,0.0,MOEXIPRIL,1.0,MOL,True,False,-pril,antihypertensives (ACE inhibitors),-pril,1995.0,False,CCOC(=O)[C@H](CCc1ccccc1)N[C@@H](C)C(=O)N1Cc2cc(OC)c(OC)cc2C[C@H]1C(=O)O,498.58,2.58,,,,,,,,,,,No DILI,No DILI,No DILI,2018 Feb 11,,,UWWDHYUMIORJTA
Nabilone,LT00910,Nabilone,No-DILI-Concern,No match,0.0,,Oral,DILIrank,E,Gastrointestinal,Antiemetic,CHEMBL947,,-1.0,0.0,,0.0,-1.0,False,,-1.0,,,-1.0,,Small molecule,1.0,False,-1.0,False,0.0,CESAMET,-1.0,MOL,False,False,,,,,False,CCCCCCC(C)(C)c1cc(O)c2c(c1)OC(C)(C)[C@@H]1CCC(=O)C[C@@H]21,372.55,6.26,,,,,,,,,,,No DILI,No DILI,No DILI,2021 Oct 2,,,GECBBEABIDMGGL
Nabumetone,LT01581,Nabumetone,Ambiguous DILI-concern,Warnings and precautions,3.0,,Oral,DILIrank,E*,Analgesic,Mild-Moderate Pain,CHEMBL1070,M01AX01,1.0,1.0,7443.0,0.0,2.0,True,1991.0,0.0,,Anti-Inflammatory,0.0,4.0,Small molecule,1.0,True,0.0,False,0.0,NABUMETONE,1.0,MOL,True,False,nab-,cannabinol derivatives,nab-,1986.0,False,COc1ccc2cc(CCC(C)=O)ccc2c1,228.29,3.37,"neurotoxicity, gastrointestinal toxicity, cardiotoxicity",United States,,Black Box Warning,,COX,Neuronal Signaling,Nabumetone (BRL-14777) is a non-steroidal anti-inflammatory drug and its active metabolite inhibits the COX.,42924-53-8,201.5,No DILI,No DILI,No DILI,2020 Mar 20,,,BLXXJMDCKKHMKV
Nalbuphine,LT01586,Nalbuphine,No-DILI-Concern,No match,0.0,,Intravenous,DILIrank,,Analgesic,Moderate pain,CHEMBL895,N02AF02,-1.0,0.0,7454.0,0.0,1.0,False,,0.0,,Antagonist (to narcotics); Analgesic,0.0,4.0,Small molecule,1.0,False,0.0,False,0.0,NALBUPHINE,0.0,MOL,True,False,nal-,narcotic agonists/antagonists (normorphine type),nal-,,False,Oc1ccc2c3c1O[C@H]1[C@@H](O)CC[C@@]4(O)[C@@H](C2)N(CC2CCC2)CC[C@]314,357.45,1.71,,,,,,,,,,,No DILI,No DILI,No DILI,,,,NETZHAKZCGBWSS
Naloxone,LT00592,Naloxone,No-DILI-Concern,No match,0.0,,Intravenous,DILIrank,E,Substance abuse ,Opiate overdose,CHEMBL80,A06AH04; V03AB15,1.0,0.0,7459.0,0.0,1.0,False,1971.0,0.0,,Antagonist (to narcotics),0.0,4.0,Small molecule,1.0,True,0.0,True,0.0,NALOXONE,0.0,MOL,True,True,nal-,narcotic agonists/antagonists (normorphine type),nal-,1963.0,False,C=CCN1CC[C@]23c4c5ccc(O)c4O[C@H]2C(=O)CC[C@@]3(O)[C@H]1C5,327.38,1.3,,,,,,,,,,,No DILI,No DILI,No DILI,,,,UZHSEJADLWPNLE
Naltrexone,LT00311,Naltrexone,Ambiguous DILI-concern,Warnings and precautions,3.0,,Oral,DILIrank,E*,Substance abuse ,Opiate addiction,CHEMBL19019,N07BB04,1.0,1.0,7465.0,0.0,1.0,True,1984.0,0.0,,Antagonist (to narcotics),0.0,4.0,Small molecule,1.0,True,0.0,True,0.0,NALTREXONE,0.0,MOL,True,False,nal-,narcotic agonists/antagonists (normorphine type),nal-,1973.0,False,O=C1CC[C@@]2(O)[C@H]3Cc4ccc(O)c5c4[C@@]2(CCN3CC2CC2)[C@H]1O5,341.41,1.53,,United States,,Black Box Warning,,,,,,,No DILI,No DILI,No DILI,2020 Mar 24,,,DQCKKXVULJGBQN
Nandrolone decanoate,LT02121,Nandrolone decanoate,Most-DILI-Concern,Warnings and precautions,7.0,,Intramuscular,DILIrank,,,,CHEMBL1200946,,1.0,0.0,7467.0,0.0,1.0,True,1983.0,0.0,,Androgen,0.0,4.0,Small molecule,1.0,False,0.0,True,0.0,NANDROLONE DECANOATE,1.0,MOL,True,False,-andr-; -olone,androgens; steroids (not prednisolone derivatives),-andr-; -olone,1965.0,False,CCCCCCCCCC(=O)O[C@H]1CC[C@H]2[C@@H]3CCC4=CC(=O)CC[C@@H]4[C@H]3CC[C@]12C,428.66,7.18,,,,,,,,,,,DILI (likely),DILI,Likely,,,,JKWKMORAXJQQSR
Naproxen,LT00593,Naproxen,Less-DILI-Concern,Warnings and precautions,3.0,,Oral,DILIrank,B,Analgesic,Mild-Moderate Pain,CHEMBL154,G02CC02; M01AE02; M02AA12,2.0,1.0,7476.0,0.0,1.0,True,1976.0,0.0,,"Anti-Inflammatory; Antipyretic; Analgesic,Antipyretic; Anti-Inflammatory; Analgesic",0.0,4.0,Small molecule,1.0,True,0.0,False,0.0,NAPROXEN,0.0,MOL,True,False,,,,1970.0,False,COc1ccc2cc([C@H](C)C(=O)O)ccc2c1,230.26,3.04,"neurotoxicity, gastrointestinal toxicity, cardiotoxicity",United States,,Black Box Warning,,COX,Immunology & Inflammation,Naproxen is an anti-inflammatory agent with analgesic and antipyretic properties. It is a nonselective inhibitor of COX-1 and COX-2.,22204-53-1,199.77,DILI (likely),DILI,Likely,2020 Mar 20,,"Hepatitis, CYP, Cholestasis/Biliary, Immune-mediated, Hypersensitivity",CMWTZPSULFXXJA
Naratriptan,LT01007,Naratriptan,Ambiguous DILI-concern,Adverse reactions,4.0,,Oral,DILIrank,E,CNS,Migraine,CHEMBL1278,N02CC02,1.0,0.0,7478.0,0.0,2.0,False,1998.0,0.0,,Antimigraine,0.0,4.0,Small molecule,1.0,True,0.0,False,0.0,NARATRIPTAN,0.0,MOL,True,False,-triptan,antimigraine agents (5-HT1 receptor agonists); sumatriptan derivatives,-triptan,1993.0,False,CNS(=O)(=O)CCc1ccc2[nH]cc(C3CCN(C)CC3)c2c1,335.47,2.07,,,,,,,,,,,No DILI,No DILI,No DILI,,,,AMKVXSZCKVJAGH
Nateglinide,LT00594,Nateglinide,Ambiguous DILI-concern,Adverse reactions,3.0,,Oral,DILIrank,E*,Endocrine,Diabetes,CHEMBL783,A10BX03,1.0,0.0,31897.0,0.0,1.0,True,2000.0,0.0,,,0.0,4.0,Small molecule,1.0,True,0.0,False,0.0,NATEGLINIDE,0.0,MOL,True,False,-glinide,"antidiabetic, sodium glucose co-transporter 2 (SGLT2) inhibitors, not phlorozin derivatives",-glinide,2000.0,False,CC(C)[C@H]1CC[C@H](C(=O)N[C@H](Cc2ccccc2)C(=O)O)CC1,317.43,3.26,,,,,,Potassium Channel,Transmembrane Transporters,"Nateglinide (Starlix,A-4166,SDZ DJN 608) is an insulin secretagog agent that lowers blood glucose levels by stimulating insulin secretion from the pancreas.",105816-04-4,198.48,No DILI,No DILI,No DILI,2019 May 21,,,OELFLUMRDSZNSF
Nebivolol,LT01212,Nebivolol,Ambiguous DILI-concern,Adverse reactions,3.0,,Oral,DILIrank,E*,Cardiovascular,Antihypertensive,CHEMBL434394,C07AB12,1.0,0.0,64019.0,0.0,0.0,True,2007.0,0.0,,Antihypertensive (beta-blocker),0.0,4.0,Small molecule,0.0,True,0.0,False,0.0,NEBIVOLOL,0.0,MOL,True,False,-olol,beta-blockers (propranolol type),-olol,1988.0,False,OC(CNCC(O)C1CCc2cc(F)ccc2O1)C1CCc2cc(F)ccc2O1,405.44,2.36,,,,,,Adrenergic Receptor,Neuronal Signaling,"Nebivolol (Bystolic,R 065824) is a β1 receptor blocker with nitric oxide-potentiating vasodilatory effect used in treatment of hypertension and also for left ventricular failure.",118457-14-0,217.05,No DILI,No DILI,No DILI,2017 Jan 15,,,KOHIRBRYDXPAMZ
Nefazodone,LT00124,Nefazodone,Most-DILI-Concern,Box warning,8.0,,Oral,DILIrank,A,CNS,Antidepressant,CHEMBL623,N06AX06,1.0,1.0,7494.0,0.0,2.0,False,1994.0,0.0,,Antidepressant,0.0,4.0,Small molecule,1.0,True,0.0,False,0.0,NEFAZODONE,0.0,MOL,True,False,,,,1984.0,True,CCc1nn(CCCN2CCN(c3cccc(Cl)c3)CC2)c(=O)n1CCOc1ccccc1,470.02,3.55,hepatotoxicity,Canada: 2003,Adverse hepatic events,Withdrawn,hepatotoxicity,,,,,,DILI (withdrawn),DILI,Withdrawn,2020 Mar 6,,"Hepatitis, Necrosis, CYP, Cholestasis/Biliary, Immune-mediated, Hypersensitivity",VRBKIVRKKCLPHA
Nisoldipine,LT00217,Nisoldipine,Ambiguous DILI-concern,Adverse reactions,3.0,,Oral,DILIrank,E,Cardiovascular,Antihypertensive,CHEMBL1726,C08CA07,1.0,0.0,76917.0,0.0,0.0,True,1995.0,0.0,,Vasodilator (coronary),0.0,4.0,Small molecule,1.0,True,0.0,False,0.0,NISOLDIPINE,0.0,MOL,True,False,-dipine; -pine,phenylpyridine vasodilators; tricyclic compounds,-dipine; -pine,1981.0,False,COC(=O)C1=C(C)NC(C)=C(C(=O)OCC(C)C)C1c1ccccc1[N+](=O)[O-],388.42,3.2,,,,,,Calcium Channel,Transmembrane Transporters,"Nisoldipine (Sular, BAY K 5552) is a calcium channel blocker belonging to the dihydropyridines class, specific for L-type Cav1.2 with IC50 of 10 nM.",63675-72-9,198.24,No DILI,No DILI,No DILI,,,,VKQFCGNPDRICFG
Nitazoxanide,LT01184,Nitazoxanide,No-DILI-Concern,No match,0.0,,Oral,DILIrank,E,Antimicrobial,Antihelmintic,CHEMBL1401,P01AX11,1.0,0.0,,0.0,2.0,True,2002.0,0.0,,,0.0,4.0,Small molecule,1.0,True,0.0,False,0.0,NITAZOXANIDE,1.0,MOL,True,False,-oxanide,antiparasitics (salicylanilide derivatives),-oxanide,2003.0,False,CC(=O)Oc1ccccc1C(=O)Nc1ncc([N+](=O)[O-])s1,307.29,2.23,,,,,,"Autophagy,Influenza Virus,mTOR,Serotonin Transporter",Microbiology,"Nitazoxanide (NTZ, NSC 697855) is a synthetic nitrothiazolyl-salicylamide derivative and an antiprotozoal agent(IC50 for canine influenza virus ranges from 0.17 to 0.21 μM). Nitazoxanide modulates autophagy and inhibits mTORC1 signaling.",55981-09-4,201.77,No DILI,No DILI,No DILI,2020 Apr 30,,,YQNQNVDNTFHQSW
Nitisinone,LT01092,Nitisinone,Ambiguous DILI-concern,Adverse reactions,7.0,,,DILIrank,E,Genetic,Tyrosinemia,CHEMBL1337,A16AX04,1.0,0.0,50378.0,0.0,2.0,True,2002.0,1.0,,,0.0,4.0,Small molecule,0.0,True,0.0,False,0.0,NITISINONE,0.0,MOL,True,False,,,,2002.0,False,O=C1CCCC(=O)C1C(=O)c1ccc(C(F)(F)F)cc1[N+](=O)[O-],329.23,2.73,,,,,,Others,Metabolism,"Nitisinone (NTBC, Nitisone, SC0735) is a synthetic reversible inhibitor of 4-hydroxyphenylpyruvate dioxygenase used in the treatment of hereditary tyrosinemia type 1.",104206-65-7,197.43,No DILI,No DILI,No DILI,2016 Oct 5,,,OUBCNLGXQFSTLU
Nitroglycerin,LT01608,Nitroglycerin,No-DILI-Concern,No match,0.0,,Oral,DILIrank,E,Cardiovascular,Angina,CHEMBL730,C01DA52; C05AE01; C01DA02,1.0,1.0,28787.0,0.0,2.0,True,1981.0,0.0,,Vasodilator (coronary),0.0,4.0,Small molecule,1.0,False,0.0,True,0.0,NITROGLYCERIN,0.0,MOL,True,True,,,,,False,O=[N+]([O-])OCC(CO[N+](=O)[O-])O[N+](=O)[O-],227.08,-1.02,,United States,,Black Box Warning,,,,,,,No DILI,No DILI,No DILI,,,,SNIOPGDIGTZGOP
Norethindrone acetate,LT02269,Norethindrone acetate,No-DILI-Concern,No match,0.0,,Oral,DILIrank,,,,CHEMBL1201146,,1.0,0.0,7628.0,0.0,1.0,True,1973.0,0.0,,Progestin,0.0,4.0,Small molecule,1.0,True,0.0,True,0.0,NORETHINDRONE ACETATE,1.0,MOL,True,True,,,,,False,C#C[C@]1(OC(C)=O)CC[C@H]2[C@@H]3CCC4=CC(=O)CC[C@@H]4[C@H]3CC[C@@]21C,340.46,4.06,,,,,,Estrogen/progestogen Receptor,Endocrinology & Hormones,"Norethindrone acetate (19-Norethindrone acetate, NA) is a common synthetic hormone used in oral contraceptives. Norethindrone acetate is a well-tolerated, effective option to manage pain and bleeding for all stages of endometriosis.",51-98-9,199.73,No DILI,No DILI,No DILI,,,,IMONTRJLAWHYGT
Nortriptyline,LT01615,Nortriptyline,Most-DILI-Concern,Warnings and precautions,8.0,,Oral,DILIrank,C,CNS,Antidepressant,CHEMBL445,N06AA10,1.0,1.0,7640.0,0.0,2.0,True,1964.0,0.0,,Antidepressant,0.0,4.0,Small molecule,1.0,True,0.0,False,0.0,NORTRIPTYLINE,0.0,MOL,True,False,-triptyline,"antidepressants (dibenzol[a,d]cycloheptane derivatives)",-triptyline,1963.0,False,CNCCC=C1c2ccccc2CCc2ccccc21,263.38,3.83,,,,,,,,,,,DILI (likely),DILI,Likely,2020 Apr 5,,"Cholestasis/Biliary, Hypersensitivity",PHVGLTMQBUFIQQ
Nystatin,LT00602,Nystatin,No-DILI-Concern,No match,0.0,,Oral,DILIrank,E,Antimicrobial,Antifungal,CHEMBL450895,A07AA02; D01AA01; G01AA01; G01AA51,1.0,0.0,,0.0,1.0,True,1964.0,0.0,,,0.0,4.0,Small molecule,1.0,True,0.0,False,0.0,NYSTATIN,0.0,MOL,True,True,-stat-,enzyme inhibitors: antihyperlipidemics (HMG-CoA inhibitors),-stat- (-statin),,False,C[C@@H]1[C@H](O)[C@@H](C)/C=C/C=C/CC/C=C/C=C/C=C/C=C/[C@H](O[C@@H]2O[C@H](C)[C@@H](O)[C@H](N)[C@@H]2O)C[C@@H]2O[C@](O)(C[C@@H](O)[C@H](O)CC[C@@H](O)C[C@@H](O)C[C@@H](O)CC(=O)O[C@H]1C)C[C@H](O)[C@H]2C(=O)O,926.11,0.94,,,,,,"Antibiotics for Mammalian Cell Culture,Fungal",Microbiology,"Nystatin(Fungicidin), which belongs to the polyene group of antimycotics, is frequently used as a topical agent in the treatment of oro-pharyngeal candidosis.",62997-67-5,17.99,No DILI,No DILI,No DILI,2020 Apr 29,,,VQOXZBDYSJBXMA
Olanzapine,LT00259,Olanzapine,Less-DILI-Concern,Adverse reactions,3.0,,Oral,DILIrank,A,CNS,Antipsychotic,CHEMBL715,N05AH03,1.0,1.0,7735.0,0.0,2.0,True,1996.0,0.0,,Antipsychotic,0.0,4.0,Small molecule,1.0,True,0.0,True,0.0,OLANZAPINE,0.0,MOL,True,False,-pine,tricyclic compounds,-pine,1992.0,False,Cc1cc2c(s1)Nc1ccccc1N=C2N1CCN(C)CC1,312.44,3.44,,United States,,Black Box Warning,,"5-HT Receptor,Dopamine Receptor",Neuronal Signaling,"Olanzapine (LY170053,Zyprexa, Zalasta, Zolafren, Olzapin, Oferta, Zypadhera) is a high affinity for 5-HT2 serotonin and D2 dopamine receptor antagonist.",132539-06-1,198.44,DILI (likely),DILI,Likely,2023 Jun 5,,"Hepatitis, CYP, Cholestasis/Biliary, Steatosis, Hypersensitivity",KVWDHTXUZHCGIO
Omeprazole,LT00206,Omeprazole,Less-DILI-Concern,Adverse reactions,4.0,,Oral,DILIrank,B,Gastrointestinal,Acid peptic disease,CHEMBL1503,A02BC01,2.0,0.0,77260.0,0.0,0.0,True,1989.0,0.0,,"Antisecretory (gastric),Depressant (gastric acid secretory)",0.0,4.0,Small molecule,1.0,True,0.0,False,0.0,OMEPRAZOLE,1.0,MOL,True,False,-prazole,antiulcer agents (benzimidazole derivatives),-prazole,1986.0,False,COc1ccc2[nH]c([S+]([O-])Cc3ncc(C)c(OC)c3C)nc2c1,345.42,2.9,,,,,,"ATPase,Autophagy,Proton Pump",Transmembrane Transporters,"Omeprazole is a proton pump inhibitor that blocks H(+)-K(+)-ATPase, used to treat dyspepsia, peptic ulcer disease, gastroesophageal reflux disease, laryngopharyngeal reflux, and Zollinger–Ellison syndrome.",73590-58-6,199.76,DILI (likely),DILI,Likely,2019 Apr 15,,"Necrosis, CYP, Lactic acidosis, Hypersensitivity",SUBDBMMJDZJVOS
Oxacillin,LT01624,Oxacillin,Less-DILI-Concern,Warnings and precautions,3.0,,Intravenous,DILIrank,B,Antimicrobial,Antibacterial,CHEMBL819,J01CF04,1.0,0.0,7809.0,0.0,1.0,False,1971.0,0.0,,Antibacterial,0.0,4.0,Small molecule,1.0,True,0.0,True,0.0,OXACILLIN,0.0,MOL,True,False,-cillin,penicillins,-cillin,1962.0,False,Cc1onc(-c2ccccc2)c1C(=O)N[C@@H]1C(=O)N2[C@@H]1SC(C)(C)[C@@H]2C(=O)O,401.44,1.9,,,,,,,,,,,DILI (likely),DILI,Likely,2020 Oct 20,,"Hepatitis, Cholestasis/Biliary, Immune-mediated, Hypersensitivity",UWYHMGVUTGAWSP
Oxazepam,LT00847,Oxazepam,Ambiguous DILI-concern,Adverse reactions,5.0,,Oral,DILIrank,E,CNS,Sedative/Hypnotic,CHEMBL568,N05BA04,1.0,1.0,7823.0,0.0,0.0,True,1965.0,0.0,,Tranquilizer (minor),0.0,4.0,Small molecule,1.0,True,0.0,False,0.0,OXAZEPAM,0.0,MOL,True,False,-azepam,antianxiety agents (diazepam type),-azepam,1965.0,False,O=C1Nc2ccc(Cl)cc2C(c2ccccc2)=NC1O,286.72,2.45,misuse,United States,,Black Box Warning,,,,,,,No DILI,No DILI,No DILI,2023 Jun 22,,,ADIMAYPTOBDMTL
Oxyphenisatin,LT00690,Oxyphenisatin,Most-DILI-Concern,Withdrawn,8.0,,Oral,DILIrank,,,,CHEMBL245807,A06AB01,-1.0,0.0,,0.0,2.0,True,,0.0,,,0.0,4.0,Small molecule,1.0,False,0.0,False,0.0,OXYPHENISATINE,0.0,MOL,False,False,,,,,True,O=C1Nc2ccccc2C1(c1ccc(O)cc1)c1ccc(O)cc1,317.34,3.38,hepatotoxicity,United States,associated with hepatitis and jaundice,Withdrawn,hepatotoxicity,,,,,,DILI (withdrawn),DILI,Withdrawn,,,,SJDACOMXKWHBOW
Oxytetracycline,LT00605,Oxytetracycline,Ambiguous DILI-concern,Warnings and precautions,2.0,,Oral,DILIrank,E*,Antimicrobial,Antibacterial,CHEMBL1517,J01AA06; D06AA03; A01AB25; S01AA04; G01AA07; J01AA56,1.0,0.0,27701.0,0.0,1.0,True,1964.0,0.0,,"Antibacterial,Antirickettsial; Antibacterial",0.0,4.0,Small molecule,1.0,True,0.0,True,0.0,OXYTETRACYCLINE,0.0,MOL,True,True,-cycline,antibiotics (tetracycline derivatives),-cycline,,False,CN(C)[C@@H]1C(O)=C(C(N)=O)C(=O)[C@@]2(O)C(O)=C3C(=O)c4c(O)cccc4[C@@](C)(O)[C@H]3[C@H](O)[C@@H]12,460.44,-1.24,,,,,,"Antibiotics,Bacterial,Selection Antibiotics for Transfected Cell",Others,"Oxytetracycline(Terramycin) is a broad-spectrum tetracycline antibiotic, used to treat infections with bacteria.",79-57-2,199.81,No DILI,No DILI,No DILI,,,,IWVCMVBTMGNXQD
Paliperidone,LT01252,Paliperidone,No-DILI-Concern,No match,0.0,,Oral,DILIrank,E,CNS,Antipsychotic,CHEMBL1621,N05AX13,1.0,1.0,83804.0,0.0,0.0,True,2006.0,0.0,,,0.0,4.0,Small molecule,0.0,True,0.0,False,0.0,PALIPERIDONE,0.0,MOL,True,False,,,,2004.0,False,Cc1nc2n(c(=O)c1CCN1CCC(c3noc4cc(F)ccc34)CC1)CCCC2O,426.49,3.08,,United States,,Black Box Warning,,Dopamine Receptor,Neuronal Signaling,"Paliperidone, the main active metabolite of Risperidone, is a potent serotonin-2A and dopamine-2 receptor antagonist, used in the treatment of schizophrenia.",144598-75-4,9.38,No DILI,No DILI,No DILI,2023 Jun 9,,,PMXMIIMHBWHSKN
Palonosetron,LT01130,Palonosetron,Ambiguous DILI-concern,Adverse reactions,4.0,,Intravenous,DILIrank,E,Gastrointestinal,Antiemetic,CHEMBL1189679,A04AA55; A04AA05,1.0,0.0,85161.0,0.0,1.0,False,2003.0,0.0,,Antinauseant; Anti-Emetic,0.0,4.0,Small molecule,1.0,True,0.0,True,0.0,PALONOSETRON,0.0,MOL,True,False,-setron,serotonin 5-HT3 receptor antagonists,-setron,1995.0,False,O=C1c2cccc3c2[C@H](CCC3)CN1[C@@H]1CN2CCC1CC2,296.41,2.66,,,,,,5-HT Receptor,Neuronal Signaling,"Palonosetron (RS25259, RS 25259 197) is a 5-HT3 antagonist with Ki value of 0.17 nM. It is used in the prevention and treatment of chemotherapy-induced nausea and vomiting (CINV).",135729-61-2,199.05,No DILI,No DILI,No DILI,,,,CPZBLNMUGSZIPR
Pamabrom,LT02055,Pamabrom,No-DILI-Concern,No match,0.0,,Oral,DILIrank,E,Cardiovascular,Diruetic,CHEMBL316160,,,0.0,,0.0,2.0,False,,0.0,,,0.0,-1.0,Small molecule,1.0,False,0.0,False,0.0,PAMABROM,0.0,MOL,False,False,,,,1988.0,False,Cn1c(=O)c2[nH]c(Br)nc2n(C)c1=O,259.06,-0.28,,,,,,Others,Others,Pamabrom is a diuretic agent.,606-04-2,,No DILI,No DILI,No DILI,,,,SKTFQHRVFFOHTQ
Pancuronium,LT00867,Pancuronium,No-DILI-Concern,No match,0.0,,Intravenous,DILIrank,,,,CHEMBL185073,M03AC01,1.0,0.0,7907.0,0.0,1.0,False,1972.0,0.0,,Neuromuscular Blocking Agent,0.0,4.0,Small molecule,1.0,False,0.0,True,0.0,PANCURONIUM,0.0,MOL,True,False,-ium; -onium,quaternary ammonium derivatives: neuromuscular blocking agents; quaternary ammonium derivatives: neuromuscular blocking agents,-ium (-curonium); -onium (-curonium),1971.0,False,CC(=O)O[C@H]1C[C@@H]2CC[C@@H]3[C@H](CC[C@@]4(C)[C@H]3C[C@H]([N+]3(C)CCCCC3)[C@@H]4OC(C)=O)[C@@]2(C)C[C@@H]1[N+]1(C)CCCCC1,572.88,6.11,,,,,,,,,,,No DILI,No DILI,No DILI,,,,GVEAYVLWDAFXET
Paroxetine,LT00128,Paroxetine,Less-DILI-Concern,Adverse reactions,8.0,,Oral,DILIrank,B,CNS,Antidepressant,CHEMBL490,N06AB05,1.0,1.0,7936.0,0.0,1.0,False,1992.0,0.0,,Antidepressant,0.0,4.0,Small molecule,0.0,True,0.0,False,0.0,PAROXETINE,0.0,MOL,True,False,-oxetine,antidepressants (fluoxetine type),-oxetine,1989.0,False,Fc1ccc([C@@H]2CCNC[C@H]2COc2ccc3c(c2)OCO3)cc1,329.37,3.33,,,,,,,,,,,DILI (likely),DILI,Likely,2020 Apr 8,,"CYP, Cholestasis/Biliary, Immune-mediated, Hypersensitivity",AHOUBRCZNHFOSL
Pemetrexed,LT01157,Pemetrexed,Ambiguous DILI-concern,Adverse reactions,3.0,,,DILIrank,E*,Antineoplastic,Solid tumors,CHEMBL225072,L01BA04,1.0,0.0,63616.0,0.0,1.0,True,2004.0,0.0,,,0.0,4.0,Small molecule,1.0,False,0.0,True,0.0,PEMETREXED,0.0,MOL,True,False,-trexed,antineoplastic thymidylate synthetase inhibitors,-trexed,1997.0,False,Nc1nc2[nH]cc(CCc3ccc(C(=O)N[C@@H](CCC(=O)O)C(=O)O)cc3)c2c(=O)[nH]1,427.42,0.67,,,,,,"Apoptosis related,Autophagy,DHFR,DNA/RNA Synthesis,Thymidylate Synthase",Apoptosis,"Pemetrexed (LY231514, Alimta) is a novel antifolate and antimetabolite for thymidylate synthase (TS), dihydrofolate reductase (DHFR) and glycinamide ribonucleotide formyltransferase (GARFT) with Ki of 1.3 nM, 7.2 nM and 65 nM in cell-free assays, respectively. Pemetrexed induces autophagy and apoptosis.",137281-23-3,198.87,No DILI,No DILI,No DILI,2016 Apr 18,,,WBXPDJSOTKVWSJ
Penicillamine,LT00488,Penicillamine,Less-DILI-Concern,Warnings and precautions,2.0,,Oral,DILIrank,A,Toxicology,Copper chelation,CHEMBL1430,M01CC01,1.0,1.0,7959.0,0.0,1.0,True,1970.0,0.0,,Chelating Agent,0.0,4.0,Small molecule,1.0,True,0.0,False,0.0,PENICILLAMINE,0.0,MOL,True,False,,,,1963.0,False,CC(C)(S)[C@@H](N)C(=O)O,149.21,0.11,,United States,,Black Box Warning,,Others,Others,Penicillamine (Dimethyl Cysteine) is used as an antirheumatic and as a chelating agent in Wilson’s disease.,52-67-5,,DILI (likely),DILI,Likely,2020 Jul 25,,"Hepatitis, Cholestasis/Biliary, Cirrhosis, Immune-mediated, Hypersensitivity",VVNCNSJFMMFHPL
Penicillin v,LT01648,Penicillin v,No-DILI-Concern,No match,0.0,,Oral,DILIrank,,,,CHEMBL615,J01CE02,1.0,0.0,27446.0,0.0,1.0,True,1958.0,0.0,,Antibacterial,0.0,4.0,Small molecule,1.0,True,0.0,False,0.0,PENICILLIN V,0.0,MOL,True,False,-cillin,penicillins,-cillin,1975.0,False,CC1(C)S[C@@H]2[C@H](NC(=O)COc3ccccc3)C(=O)N2[C@H]1C(=O)O,350.4,0.7,,,,,,,,,,,No DILI,No DILI,No DILI,,,,BPLBGHOLXOTWMN
Pentagastrin,LT00869,Pentagastrin,No-DILI-Concern,No match,0.0,,Intravenous,DILIrank,,,,CHEMBL1328,V04CG04,0.0,0.0,,0.0,1.0,True,1974.0,0.0,,Diagnostic Aid (gastric secretion indicator),0.0,4.0,Small molecule,1.0,False,0.0,True,0.0,PENTAGASTRIN,0.0,MOL,False,False,,,,1967.0,False,CSCC[C@H](NC(=O)[C@H](Cc1c[nH]c2ccccc12)NC(=O)CCNC(=O)OC(C)(C)C)C(=O)N[C@@H](CC(=O)O)C(=O)N[C@@H](Cc1ccccc1)C(N)=O,767.91,1.52,,,,,,,,,,,No DILI,No DILI,No DILI,,,,NEYNJQRKHLUJRU
Pentetic acid,LT00879,Pentetic acid,No-DILI-Concern,No match,0.0,,Intravenous,DILIrank,,,,CHEMBL780,,1.0,1.0,35739.0,0.0,2.0,False,2004.0,0.0,,"Chelating Agent (plutonium),Diagnostic Aid",0.0,4.0,Small molecule,1.0,False,0.0,True,0.0,PENTETIC ACID,0.0,MOL,True,True,,,,1964.0,False,O=C(O)CN(CCN(CC(=O)O)CC(=O)O)CCN(CC(=O)O)CC(=O)O,393.35,-2.68,,,,,,,,,,,No DILI,No DILI,No DILI,,,,QPCDCPDFJACHGM
Pentobarbital,LT00130,Pentobarbital,Ambiguous DILI-concern,Warnings and precautions,3.0,,,DILIrank,E,CNS,Sedative/Hypnotic,CHEMBL448,N05CA01,-2.0,0.0,7983.0,0.0,0.0,True,1973.0,0.0,,Sedative-Hypnotic,0.0,4.0,Small molecule,1.0,True,0.0,True,0.0,PENTOBARBITAL,0.0,MOL,True,True,-barb-,barbituric acid derivatives,-barb-,,True,CCCC(C)C1(CC)C(=O)NC(=O)NC1=O,226.28,1.18,misuse,Norway,Self-Poisonings,Withdrawn,misuse,,,,,,No DILI,No DILI,No DILI,,,,WEXRUCMBJFQVBZ
Perflutren,LT01065,Perflutren,No-DILI-Concern,No match,0.0,,Intravenous,DILIrank,,,,CHEMBL1663,,1.0,1.0,31980.0,0.0,2.0,True,2001.0,0.0,,,0.0,4.0,Small molecule,0.0,False,0.0,True,0.0,PERFLUTREN,0.0,MOL,False,False,perflu-,blood substitutes and/or diagnostics (perfluorochemicals),perflu-,1999.0,False,FC(F)(F)C(F)(F)C(F)(F)F,188.02,2.75,cardiotoxicity,United States,,Black Box Warning,,,,,,,No DILI,No DILI,No DILI,,,,QYSGYZVSCZSLHT
Pergolide,LT00216,Pergolide,Ambiguous DILI-concern,Adverse reactions,3.0,,Oral,DILIrank,E*,CNS,Parkinson disease,CHEMBL531,N04BC02,-2.0,0.0,63617.0,0.0,1.0,False,1988.0,0.0,,Dopamine Agonist,0.0,4.0,Small molecule,1.0,True,0.0,False,0.0,PERGOLIDE,0.0,MOL,True,False,-erg-,ergot alkaloid derivatives,-erg-,1979.0,True,CCCN1C[C@H](CSC)C[C@@H]2c3cccc4[nH]cc(c34)C[C@H]21,314.5,4.27,cardiotoxicity,Canada,Valvulopathy,Withdrawn,cardiotoxicity,,,,,,No DILI,No DILI,No DILI,2017 Jul 20,,,YEHCICAEULNIGD
Perindopril,LT00955,Perindopril,Ambiguous DILI-concern,Adverse reactions,3.0,,Oral,DILIrank,E*,Cardiovascular,Antihypertensive,CHEMBL1581,C09AA04,1.0,1.0,8024.0,0.0,1.0,False,1993.0,0.0,,"Antihypertensive,Enzyme Inhibitor (angiotensin-converting)",0.0,4.0,Small molecule,1.0,True,0.0,False,0.0,PERINDOPRIL,1.0,MOL,True,False,-pril,antihypertensives (ACE inhibitors),-pril,1988.0,False,CCC[C@H](N[C@@H](C)C(=O)N1[C@H](C(=O)O)C[C@@H]2CCCC[C@@H]21)C(=O)OCC,368.47,1.94,,,,,,,,,,,No DILI,No DILI,No DILI,2018 Feb 11,,,IPVQLZZIHOAWMC
Phenobarbital,LT00030,Phenobarbital,Less-DILI-Concern,Warnings and precautions,3.0,,Oral,DILIrank,B,CNS,Anticonvulsant,CHEMBL40,N03AA02,1.0,1.0,8069.0,0.0,2.0,True,2022.0,0.0,,"Anticonvulsant; Sedative-Hypnotic,Sedative-Hypnotic; Anticonvulsant",0.0,4.0,Small molecule,1.0,False,0.0,True,0.0,PHENOBARBITAL,0.0,MOL,True,False,-barb-,barbituric acid derivatives,-barb-,,False,CCC1(c2ccccc2)C(=O)NC(=O)NC1=O,232.24,0.7,,,,,,,,,,,DILI (likely),DILI,Likely,2020 Jul 30,,"Hepatitis, Cholestasis/Biliary, Immune-mediated, Hypersensitivity Syndrome",DDBREPKUVSBGFI
Phenoxypropazine,LT00703,Phenoxypropazine,Most-DILI-Concern,Withdrawn,8.0,,Oral,DILIrank,,,,CHEMBL1909286,,-2.0,0.0,,0.0,0.0,True,,0.0,,,0.0,4.0,Small molecule,1.0,False,0.0,False,0.0,PHENOXYPROPAZINE,0.0,MOL,False,False,,,,,True,CC(COc1ccccc1)NN,166.22,0.92,hepatotoxicity,United Kingdom,Hepatotoxicity; Drug Interaction,Withdrawn,hepatotoxicity,,,,,,DILI (withdrawn),DILI,Withdrawn,,,,QNEXFJFTGQBXBJ
Pipamazine,LT00697,Pipamazine,Most-DILI-Concern,Withdrawn,8.0,,Oral,DILIrank,,,,CHEMBL1909072,,-2.0,0.0,,0.0,2.0,True,,0.0,,,0.0,4.0,Small molecule,0.0,False,0.0,False,0.0,PIPAMAZINE,0.0,MOL,False,False,,,,,True,NC(=O)C1CCN(CCCN2c3ccccc3Sc3ccc(Cl)cc32)CC1,401.96,4.53,hepatotoxicity,United States,associated with hepatic lesions,Withdrawn,hepatotoxicity,,,,,,DILI (withdrawn),DILI,Withdrawn,,,,OSJJYEUEJRVVOD
Piperacillin,LT01675,Piperacillin,Ambiguous DILI-concern,Warnings and precautions,3.0,,Intravenous,DILIrank,B,Antimicrobial,Antibacterial,CHEMBL702,J01CA12,1.0,0.0,8232.0,0.0,1.0,False,1981.0,0.0,,Antibacterial,0.0,4.0,Small molecule,1.0,False,0.0,True,0.0,PIPERACILLIN,0.0,MOL,True,False,-cillin,penicillins,-cillin,1977.0,False,CCN1CCN(C(=O)N[C@@H](C(=O)N[C@@H]2C(=O)N3[C@@H]2SC(C)(C)[C@@H]3C(=O)O)c2ccccc2)C(=O)C1=O,517.56,-0.24,,,,,,,,,,,DILI (likely),DILI,Likely,2020 Oct 20,,"Hepatitis, Cholestasis/Biliary, Hypersensitivity",IVBHGBMCVLDMKU
Piroxicam,LT01679,Piroxicam,Less-DILI-Concern,Warnings and precautions,3.0,,Oral,DILIrank,B,Analgesic,Mild-Moderate Pain,CHEMBL527,M01AC01; M02AA07; S01BC06,1.0,1.0,8249.0,0.0,2.0,True,1982.0,0.0,,"Anti-Inflammatory,Anti-Inflammatory; Analgesic",0.0,4.0,Small molecule,1.0,True,0.0,False,0.0,PIROXICAM,0.0,MOL,True,False,-icam,anti-inflammatory agents (isoxicam type),-icam,1974.0,False,CN1C(C(=O)Nc2ccccn2)=C(O)c2ccccc2S1(=O)=O,331.35,1.58,"neurotoxicity, gastrointestinal toxicity, cardiotoxicity",United States,,Black Box Warning,,COX,Neuronal Signaling,"Piroxicam (CP 16171) is a non-selective COX inhibitor, used in the treatment of rheumatoid and osteoarthritis.",36322-90-4,199.19,DILI (likely),DILI,Likely,2020 Mar 20,,"Hepatitis, Cholestasis/Biliary, Hypersensitivity",QYSPLQLAKJAUJT
Plerixafor,LT02340,Plerixafor,No-DILI-Concern,No match,0.0,,Subcutaneous,DILIrank,E,Immunomodulatory,Bone marrow harvest,CHEMBL18442,L03AX16,1.0,0.0,,0.0,2.0,True,2008.0,1.0,,,0.0,4.0,Small molecule,1.0,False,0.0,True,0.0,PLERIXAFOR,0.0,MOL,True,False,-ixafor,CXCR receptor antagonists,-ixafor,2004.0,False,c1cc(CN2CCCNCCNCCCNCC2)ccc1CN1CCCNCCNCCCNCC1,502.8,0.42,,,,,,"CXCR,HIV",GPCR & G Protein,"Plerixafor (AMD3100, JM 3100,Plerixafor Octahydrochloride,AMD3100 octahydrochloride,SID791 octahydrochloride) 8HCl is the hydrochloride of Plerixafor, a chemokine receptor antagonist for CXCR4 and CXCL12-mediated chemotaxis with IC50 of 44 nM and 5.7 nM in cell-free assays, respectively. Plerixafor can be used as an anti-HIV agent.",155148-31-5,,No DILI,No DILI,No DILI,2019 Apr 12,,,YIQPUIGJQJDJOS
Posaconazole,LT01254,Posaconazole,Ambiguous DILI-concern,Warnings and precautions,8.0,,Oral,DILIrank,E*,Antimicrobial,Antifungal,CHEMBL1397,J02AC04,1.0,0.0,64355.0,0.0,1.0,True,2005.0,0.0,,,0.0,4.0,Small molecule,0.0,True,0.0,True,0.0,POSACONAZOLE,0.0,MOL,True,False,-conazole,systemic antifungals (miconazole type),-conazole,1999.0,False,CC[C@@H]([C@H](C)O)n1ncn(-c2ccc(N3CCN(c4ccc(OC[C@@H]5CO[C@@](Cn6cncn6)(c6ccc(F)cc6F)C5)cc4)CC3)cc2)c1=O,700.79,4.57,,,,,,P450 (e.g. CYP17),Metabolism,"Posaconazole (SCH 56592,POS,Noxafil) is an inhibitor primarily of CYP3A4, but it does not inhibit the activity of other CYP enzymes; Also an inhibitor of sterol C14ɑ demethylase inhibitor with IC50 of 0.25 μM. Posaconazole has a median terminal elimination half-life of 15-35 hours.",171228-49-2,142.7,No DILI,No DILI,No DILI,2017 May 17,,,RAGOYPUPXAKGKH
Pralatrexate,LT00673,Pralatrexate,Ambiguous DILI-concern,Warnings and precautions,3.0,,,DILIrank,E*,Antineoplastic,Solid tumors,CHEMBL1201746,L01BA05,1.0,0.0,71223.0,0.0,0.0,True,2009.0,0.0,,,0.0,4.0,Small molecule,1.0,False,0.0,True,0.0,PRALATREXATE,0.0,MOL,True,False,-trexate,antimetabolites (folic acid derivatives),-trexate,2004.0,False,C#CCC(Cc1cnc2nc(N)nc(N)c2n1)c1ccc(C(=O)N[C@@H](CCC(=O)O)C(=O)O)cc1,477.48,0.98,,,,,,"Apoptosis related,DHFR",Metabolism,"Pralatrexate (NSC 754230) is an antifolate, and structurally a folate analog. Its IC50 is < 300 nM in some cell lines. Pralatrexate induces tumor cell apoptosis.",146464-95-1,58.64,No DILI,No DILI,No DILI,2016 May 1,,,OGSBUKJUDHAQEA
Pramipexole,LT00991,Pramipexole,Ambiguous DILI-concern,Adverse reactions,2.0,,Oral,DILIrank,E,CNS,Parkinson disease,CHEMBL301265,N04BC05,1.0,0.0,8356.0,0.0,1.0,True,1997.0,0.0,,"Antidepressant; Antischizophrenic; Dopamine Agonist; Antiparkinsonian,Antiparkinsonian; Antischizophrenic; Dopamine Agonist; Antidepressant",0.0,4.0,Small molecule,1.0,True,0.0,False,0.0,PRAMIPEXOLE,0.0,MOL,True,False,,,,1995.0,False,CCCN[C@H]1CCc2nc(N)sc2C1,211.33,1.58,,,,,,Dopamine Receptor,Neuronal Signaling,"Pramipexole (SND 919,Mirapexin,Sifrol,Mirapex) is a partial/full D2S, D2L, D3, D4 receptor agonist with a Ki of 3.9, 2.2, 0.5 and 5.1 nM for D2S, D2L, D3, D4 receptor, respectively.",104632-26-0,198.74,No DILI,No DILI,No DILI,2017 Jul 20,,,FASDKYOPVNHBLU
Pramlintide,LT00492,Pramlintide,No-DILI-Concern,No match,0.0,,Subcutaneous,DILIrank,E,Endocrine,Diabetes,CHEMBL2103758,A10BX05,1.0,1.0,,0.0,1.0,False,2005.0,0.0,"PEPTIDE1{K.C.N.T.A.T.C.A.T.Q.R.L.A.N.F.L.V.H.S.S.N.N.F.G.P.I.L.P.P.T.N.V.G.S.N.T.Y.[am]}$PEPTIDE1,PEPTIDE1,7:R3-2:R3$$$",Antidiabetic,0.0,4.0,Protein,0.0,False,0.0,True,0.0,PRAMLINTIDE,0.0,BOTH,True,False,-tide,peptides: amylin derivatives or mimics,-tide (-lintide),1996.0,False,CC[C@H](C)[C@H](NC(=O)[C@@H]1CCCN1C(=O)CNC(=O)[C@H](Cc1ccccc1)NC(=O)[C@H](CC(N)=O)NC(=O)[C@H](CC(N)=O)NC(=O)[C@H](CO)NC(=O)[C@H](CO)NC(=O)[C@H](Cc1c[nH]cn1)NC(=O)[C@@H](NC(=O)[C@H](CC(C)C)NC(=O)[C@H](Cc1ccccc1)NC(=O)[C@H](CC(N)=O)NC(=O)[C@H](C)NC(=O)[C@H](CC(C)C)NC(=O)[C@H](CCCNC(=N)N)NC(=O)[C@H](CCC(N)=O)NC(=O)[C@@H](NC(=O)[C@H](C)NC(=O)[C@@H]1CSSC[C@H](NC(=O)[C@@H](N)CCCCN)C(=O)N[C@@H](CC(N)=O)C(=O)N[C@@H]([C@@H](C)O)C(=O)N[C@@H](C)C(=O)N[C@@H]([C@@H](C)O)C(=O)N1)[C@@H](C)O)C(C)C)C(=O)N[C@@H](CC(C)C)C(=O)N1CCC[C@H]1C(=O)N1CCC[C@H]1C(=O)N[C@H](C(=O)N[C@@H](CC(N)=O)C(=O)N[C@H](C(=O)NCC(=O)N[C@@H](CO)C(=O)N[C@@H](CC(N)=O)C(=O)N[C@H](C(=O)N[C@@H](Cc1ccc(O)cc1)C(N)=O)[C@@H](C)O)C(C)C)[C@@H](C)O,3949.45,,,,,,,,,,,,No DILI,No DILI,No DILI,2016 Jun 6,,,TZIRZGBAFTZREM
Pravastatin,LT00186,Pravastatin,Less-DILI-Concern,Warnings and precautions,3.0,,Oral,DILIrank,B,Cardiovascular,Lipid lowering agent,CHEMBL1144,C10AA03,1.0,0.0,63618.0,0.0,1.0,False,1991.0,0.0,,Antihyperlipidemic,0.0,4.0,Small molecule,1.0,True,0.0,False,0.0,PRAVASTATIN,0.0,MOL,True,False,-stat-,enzyme inhibitors: antihyperlipidemics (HMG-CoA inhibitors),-stat- (-statin),1988.0,False,CC[C@H](C)C(=O)O[C@H]1C[C@H](O)C=C2C=C[C@H](C)[C@H](CC[C@@H](O)C[C@@H](O)CC(=O)O)[C@H]21,424.53,2.44,,,,,,HMG-CoA Reductase,Metabolism,Pravastatin(CS-514) is a lipoprotein-lowering drug via reversibly inhibiting hydroxymethylglutaryl-CoA (HMG-CoA) reductase and the synthesis of very-low-density lipoproteins.,81093-37-0,200.22,DILI (likely),DILI,Likely,2021 Dec 1,,"Cholestasis/Biliary, Immune-mediated",TUZYXOIXSAXUGO
Prazosin,LT00435,Prazosin,Ambiguous DILI-concern,Adverse reactions,3.0,,Oral,DILIrank,E*,Cardiovascular,Antihypertensive,CHEMBL2,C02CA01,1.0,0.0,8364.0,0.0,2.0,False,1976.0,0.0,,Antihypertensive,0.0,4.0,Small molecule,1.0,True,0.0,False,0.0,PRAZOSIN,0.0,MOL,True,False,-azosin,antihypertensives (prazosin type),-azosin,1968.0,False,COc1cc2nc(N3CCN(C(=O)c4ccco4)CC3)nc(N)c2cc1OC,383.41,1.78,,,,,,Adrenergic Receptor,Neuronal Signaling,Prazosin is an α1-blocker that acts as an inverse agonist at alpha-1 adrenergic receptors. It is used to treat hypertension.,19216-56-9,200.83,No DILI,No DILI,No DILI,2018 Jan 8,,,IENZQIKPVFGBNW
Progesterone,LT00192,Progesterone,Less-DILI-Concern,Adverse reactions,2.0,,Oral,DILIrank,A,Gynecological,Birth control,CHEMBL103,G03DA04,1.0,1.0,17026.0,0.0,1.0,True,1976.0,0.0,,Progestin,0.0,4.0,Small molecule,1.0,True,0.0,True,0.0,PROGESTERONE,0.0,MOL,True,True,-gest-; -ster-; -terone,"progestins; steroids (androgens, anabolics); antiandrogens",-gest-; -ster-; -terone,,False,CC(=O)[C@H]1CC[C@H]2[C@@H]3CCC4=CC(=O)CC[C@]4(C)[C@H]3CC[C@]12C,314.47,4.72,"carcinogenicity, respiratory toxicity, neurotoxicity, cardiotoxicity, vascular toxicity",United States,,Black Box Warning,,Estrogen/progestogen Receptor,Endocrinology & Hormones,"Progesterone (NSC 9704, NSC 64377, Pregn-4-ene-3,20-dione) is an endogenous steroid hormone involved in the menstrual cycle, pregnancy, and embryogenesis of humans and other species. A potent agonist of the nuclear progesterone receptor (nPR) with Kd of 1 nM; An agonist of the membrane progesterone receptors(mPRs); An antagonist of the σ1 receptor.",57-83-0,69.96,DILI (likely),DILI,Likely,,,,RJKFOVLPORLFTN
Propantheline,LT00753,Propantheline,No-DILI-Concern,No match,0.0,,Oral,DILIrank,E*,Gastrointestinal,Antispasmotic,CHEMBL1180725,A03AB05,1.0,0.0,8481.0,0.0,2.0,False,1953.0,0.0,,Anticholinergic,0.0,4.0,Small molecule,1.0,True,0.0,True,0.0,PROPANTHELINE,0.0,MOL,True,False,,,,,False,CC(C)[N+](C)(CCOC(=O)C1c2ccccc2Oc2ccccc21)C(C)C,368.5,4.73,,,,,,,,,,,No DILI,No DILI,No DILI,,,,VVWYOYDLCMFIEM
Protirelin,LT00349,Protirelin,No-DILI-Concern,No match,0.0,,Intravenous,DILIrank,,,,CHEMBL1472,V04CJ02,0.0,0.0,35940.0,0.0,1.0,True,1976.0,0.0,PEPTIDE1{[Glp].H.P.[am]}$$$$,Prothyrotropin,0.0,4.0,Protein,1.0,False,0.0,True,0.0,PROTIRELIN,0.0,BOTH,True,False,-relin,prehormones or hormone-release stimulating peptides: thyrotropin releasing hormone analogues,-relin (-tirelin),1974.0,False,NC(=O)[C@@H]1CCCN1C(=O)[C@H](Cc1c[nH]cn1)NC(=O)[C@@H]1CCC(=O)N1,362.39,-1.81,,,,,,,,,,,No DILI,No DILI,No DILI,,,,XNSAINXGIQZQOO
Quazepam,LT01721,Quazepam,No-DILI-Concern,No match,0.0,,Oral,DILIrank,E,CNS,Sedative/Hypnotic,CHEMBL1200472,N05CD10,1.0,1.0,8694.0,0.0,2.0,True,1985.0,0.0,,Sedative-Hypnotic,0.0,4.0,Small molecule,0.0,True,0.0,False,0.0,QUAZEPAM,0.0,MOL,True,False,-azepam,antianxiety agents (diazepam type),-azepam,1976.0,False,Fc1ccccc1C1=NCC(=S)N(CC(F)(F)F)c2ccc(Cl)cc21,386.8,5.03,,United States,,Black Box Warning,,,,,,,No DILI,No DILI,No DILI,2023 Jun 22,,,IKMPWMZBZSAONZ
Quetiapine,LT00267,Quetiapine,Less-DILI-Concern,Warnings and precautions,3.0,,Oral,DILIrank,B,CNS,Antipsychotic,CHEMBL716,N05AH04,1.0,1.0,8707.0,0.0,2.0,True,1997.0,0.0,,Antipsychotic,0.0,4.0,Small molecule,1.0,True,0.0,False,0.0,QUETIAPINE,0.0,MOL,True,False,-pine; -tiapine,tricyclic compounds; antipsychotics (dibenzothiazepine derivatives),-pine; -tiapine,1996.0,False,OCCOCCN1CCN(C2=Nc3ccccc3Sc3ccccc32)CC1,383.52,2.86,psychiatric toxicity,United States,,Black Box Warning,,Dopamine Receptor,Neuronal Signaling,"Quetiapine Fumarate (ICI-204636) is an atypical antipsychotic used in the treatment of schizophrenia, bipolar I mania, bipolar II depression, bipolar I depression and shows affinity for various neurotransmitter receptors including serotonin, dopamine, histamine, and adrenergic receptors.",111974-72-2,40.77,DILI (likely),DILI,Likely,2023 Jun 5,,"CYP, Cholestasis/Biliary, Steatosis, Immune-mediated, Hypersensitivity",URKOMYMAXPYINW
Quinidine,LT01725,Quinidine,Less-DILI-Concern,Adverse reactions,3.0,,Oral,DILIrank,A,Cardiovascular,Antiarrhythmic,CHEMBL1294,C01BA01; C01BA51; C01BA71,1.0,1.0,28593.0,0.0,1.0,False,1950.0,0.0,,Cardiac Depressant (anti-arrhythmic),0.0,4.0,Small molecule,1.0,True,0.0,True,0.0,QUINIDINE,0.0,MOL,True,False,,,,,False,C=C[C@H]1CN2CC[C@H]1C[C@@H]2[C@@H](O)c1ccnc2ccc(OC)cc12,324.42,3.17,,,,,,,,,,,DILI (likely),DILI,Likely,2018 May 10,,"Cholestasis/Biliary, Hypersensitivity",LOUPRKONTZGTKE
Quinine,LT01923,Quinine,Less-DILI-Concern,Warnings and precautions,3.0,,Oral,DILIrank,B,Antimicrobial,Antimalarial,CHEMBL170,M09AA72; P01BC01,1.0,1.0,15854.0,0.0,1.0,False,2005.0,0.0,,"Antimalarial,Deterrent (smoking)",0.0,4.0,Small molecule,1.0,True,0.0,False,0.0,QUININE,0.0,MOL,True,False,sal-,anti-inflammatory agents (salicylic acid derivatives),sal-,1980.0,False,C=C[C@H]1CN2CC[C@H]1C[C@H]2[C@H](O)c1ccnc2ccc(OC)cc12,324.42,3.17,,,,,,Potassium Channel,Transmembrane Transporters,"Quinine, an alkaloid derived from the bark of the cinchona tree, is an anti-malaria agent and a potassium channel inhibitor that inhibits mSlo3 (KCa 5.1) channel currents evoked by voltage pulses to +100 mV with IC50 of 169 μM.",130-95-0,200.36,DILI (likely),DILI,Likely,2018 May 15,,"Hepatitis, Cholestasis/Biliary, Hypersensitivity",LOUPRKONTZGTKE
Raloxifene,LT00183,Raloxifene,No-DILI-Concern,No match,0.0,,Oral,DILIrank,C,Endocrine,Osteoporosis,CHEMBL81,G03XC01,1.0,1.0,8772.0,0.0,2.0,False,1997.0,0.0,,Anti-Estrogen,0.0,4.0,Small molecule,1.0,True,0.0,False,0.0,RALOXIFENE,0.0,MOL,True,False,-ifene,antiestrogens of the clomifene and tamoxifen groups,-ifene,1988.0,False,O=C(c1ccc(OCCN2CCCCC2)cc1)c1c(-c2ccc(O)cc2)sc2cc(O)ccc12,473.59,6.08,,,,,,Estrogen/progestogen Receptor,Endocrinology & Hormones,"Raloxifene (Keoxifene, Pharoxifene, LY-139481, LY-156758, CCRIS-7129) is a second generation selective estrogen receptor modulator (SERM) used to prevent osteoporosis in postmenopausal women.",84449-90-1,200.6,No DILI,No DILI,No DILI,,,,GZUITABIAKMVPG
Raltegravir,LT00642,Raltegravir,Most-DILI-Concern,Warnings and precautions,7.0,,Oral,DILIrank,E*,Antimicrobial,Antiviral: HIV,CHEMBL254316,J05AJ01,1.0,0.0,,0.0,2.0,False,2007.0,1.0,,,0.0,4.0,Small molecule,0.0,True,0.0,False,0.0,RALTEGRAVIR,0.0,MOL,True,False,-vir,antivirals: integrase inhibitors,-vir (-tegravir),2007.0,False,Cc1nnc(C(=O)NC(C)(C)c2nc(C(=O)NCc3ccc(F)cc3)c(O)c(=O)n2C)o1,444.42,0.91,,,,,,Integrase,Microbiology,"Raltegravir (MK-0518) is a potent integrase (IN) inhibitor for WT and S217Q PFV IN with IC50 of 90 nM and 40 nM in cell-free assays, respectively. It shows greater than 1000-fold selectivity for HIV-1 IN over several related Mg2+-dependent enzyme such as HCV polymerase, HIV reverse transcriptase, HIV RNaseH and human α-, β-, γ-polymerases.",518048-05-0,198.01,DILI (likely),DILI,Likely,2018 Jan 30,,"Hepatitis, CYP, Hypersensitivity",CZFFBEXEKNGXKS
Ramelteon,LT01217,Ramelteon,No-DILI-Concern,No match,0.0,,Oral,DILIrank,E*,CNS,Sedative/Hypnotic,CHEMBL1218,N05CH02,1.0,0.0,,0.0,1.0,True,2005.0,1.0,,,0.0,4.0,Small molecule,1.0,True,0.0,False,0.0,RAMELTEON,0.0,MOL,True,False,-melteon,selective melatonin receptor agonist,-melteon,2004.0,False,CCC(=O)NCC[C@@H]1CCc2ccc3c(c21)CCO3,259.35,2.57,,,,,,MT Receptor,GPCR & G Protein,"Ramelteon (TAK-375) is a novel melatonin receptor agonist for human MT1 and MT2 receptors and chick forebrain melatonin receptors with Ki of 14 pM, 112 pM and 23.1 pM, respectively.",196597-26-9,200.51,No DILI,No DILI,No DILI,2018 May 21,,,YLXDSYKOBKBWJQ
Ranitidine,LT00138,Ranitidine,Less-DILI-Concern,Adverse reactions,5.0,,Oral,DILIrank,B,Gastrointestinal,Acid peptic disease,CHEMBL1790041,A02BA02,2.0,0.0,,0.0,2.0,True,1983.0,0.0,,Antagonist (to histamine-H2 receptors),0.0,4.0,Small molecule,1.0,True,0.0,True,0.0,RANITIDINE,0.0,MOL,True,False,-tidine,H2-receptor antagonists (cimetidine type),-tidine,1979.0,False,CNC(=C[N+](=O)[O-])NCCSCc1ccc(CN(C)C)o1,314.41,1.46,,,,,,Histamine Receptor,Neuronal Signaling,Ranitidine(AH-19065) is an H2 histamine receptor antagonist that works by blocking histamine and thus decreasing the amount of acid released by cells of the stomach.,66357-35-5,200.38,DILI (likely),DILI,Likely,2018 Jan 25,,"Necrosis, CYP, Cholestasis/Biliary, Immune-mediated, Hypersensitivity",VMXUWOKSQNHOCA
Ranolazine,LT01192,Ranolazine,No-DILI-Concern,No match,0.0,,Oral,DILIrank,D,Cardiovascular,Angina,CHEMBL1404,C01EB18,1.0,0.0,87690.0,0.0,0.0,True,2006.0,0.0,,Anti-Anginal,0.0,4.0,Small molecule,1.0,True,0.0,False,0.0,RANOLAZINE,0.0,MOL,True,False,-lazine,"antiarrhythmic/antianginal/antihypertensive agents, phthalazine like structure",-lazine,1988.0,False,COc1ccccc1OCC(O)CN1CCN(CC(=O)Nc2c(C)cccc2C)CC1,427.55,2.31,,,,,,Calcium Channel,Transmembrane Transporters,"Ranolazine (CVT 303, RS 43285-003) is a calcium uptake inhibitor via the sodium/calcium channel, used to treat chronic angina.",95635-55-5,201.15,No DILI,No DILI,No DILI,2018 May 20,,,XKLMZUWKNUAPSZ
Rasagiline,LT01204,Rasagiline,Ambiguous DILI-concern,Adverse reactions,3.0,,Oral,DILIrank,E,CNS,Parkinson disease,CHEMBL887,N04BD02,1.0,0.0,63620.0,0.0,1.0,False,2006.0,0.0,,Antiparkinsonian,0.0,4.0,Small molecule,1.0,True,0.0,False,0.0,RASAGILINE,0.0,MOL,True,False,-giline,"Monoamine oxidase (MAO) inhibitors, type B",-giline,1995.0,False,C#CCN[C@@H]1CCc2ccccc21,171.24,1.9,,,,,,MAO,Metabolism,"Rasagiline (TVP-1012) is a novel selective and irreversible MAO-B propargylamine inhibitor with in vitro IC50s of 4.43 nM and 412 nM for MAO-B and MAO-A, respectively.",136236-51-6,198.55,No DILI,No DILI,No DILI,2017 Jul 21,,,RUOKEQAAGRXIBM
Regadenoson,LT00646,Regadenoson,No-DILI-Concern,No match,0.0,,Intravenous,DILIrank,,,,CHEMBL3989695,C01EB21,1.0,0.0,,0.0,1.0,True,2008.0,0.0,,,0.0,4.0,Small molecule,0.0,False,0.0,True,0.0,REGADENOSON,0.0,MOL,True,False,-denoson,adenosine A receptor agonists,-denoson,2004.0,False,CNC(=O)c1cnn(-c2nc(N)c3ncn([C@@H]4O[C@H](CO)[C@@H](O)[C@H]4O)c3n2)c1.O,408.38,-2.43,,,,,,Adenosine Receptor,GPCR & G Protein,"Regadenoson (CVT-3146, Lexiscan) is a selective A2A adenosine receptor agonist with coronary vasodilating activity.",313348-27-5,143.46,No DILI,No DILI,No DILI,,,,CDQVVPUXSPZONN
Reserpine,LT01729,Reserpine,No-DILI-Concern,No match,0.0,,Oral,DILIrank,E,Cardiovascular,Antihypertensive,CHEMBL772,C02AA52; C02AA02,1.0,0.0,28487.0,0.0,1.0,True,1960.0,0.0,,Antihypertensive,0.0,4.0,Small molecule,1.0,True,0.0,True,0.0,RESERPINE,0.0,MOL,True,False,-pine; -serpine,tricyclic compounds; Rauwolfia alkaloid derivatives,-pine; -serpine,,True,COC(=O)[C@H]1[C@H]2C[C@@H]3c4[nH]c5cc(OC)ccc5c4CCN3C[C@H]2C[C@@H](OC(=O)c2cc(OC)c(OC)c(OC)c2)[C@@H]1OC,608.69,4.17,,United States,,Withdrawn,,VMAT,Transmembrane Transporters,"Reserpine is an inhibitor of multidrug efflux pumps, used as an antipsychotic and antihypertensive drug. Reserpine is an inhibitor of the vesicular monoamine transporter 2 (VMAT2).",50-55-5,21.36,No DILI,No DILI,No DILI,2018 May 21,,,QEVHRUUCFGRFIF
Ribavirin,LT01730,Ribavirin,Ambiguous DILI-concern,Adverse reactions,7.0,,Oral,DILIrank,E*,Antimicrobial,Antiviral: HCV ,CHEMBL1643,J05AP01,1.0,1.0,63580.0,0.0,1.0,True,1985.0,0.0,,Antiviral,0.0,4.0,Small molecule,1.0,True,0.0,False,0.0,RIBAVIRIN,1.0,MOL,True,True,-vir-,antivirals,-vir-,1974.0,False,NC(=O)c1ncn([C@@H]2O[C@H](CO)[C@@H](O)[C@H]2O)n1,244.21,-3.01,"respiratory toxicity, teratogenicity, hematological toxicity, carcinogenicity",United States,,Black Box Warning,,Antiviral,Microbiology,"Ribavirin (NSC-163039, ICN-1229, RTCA, Tribavirin), a synthetic guanosine analogue, possesses a broad spectrum of activity against DNA and RNA viruses.",36791-04-5,200.65,No DILI,No DILI,No DILI,2018 Jun 10,,,IWUCXVSUMQZMFG
Riboflavin,LT01479,Riboflavin,No-DILI-Concern,No match,0.0,,Oral,DILIrank,E,HDS: Nutritional Suppl,General health,CHEMBL1534,A11HA04; S01XA26,1.0,0.0,17015.0,0.0,1.0,True,1993.0,0.0,,Vitamin (enzyme co-factor),0.0,4.0,Small molecule,1.0,False,0.0,True,0.0,RIBOFLAVIN,0.0,MOL,False,False,,,,,False,Cc1cc2nc3c(=O)[nH]c(=O)nc-3n(C[C@H](O)[C@H](O)[C@H](O)CO)c2cc1C,376.37,-1.72,,,,,,,,,,,No DILI,No DILI,No DILI,,,,AUNGANRZJHBGPY
Rifampin,LT00034,Rifampin,Most-DILI-Concern,Warnings and precautions,8.0,,Oral,DILIrank,A,Antimicrobial,Antituberculosis,CHEMBL374478,J04AB02,1.0,0.0,28077.0,0.0,1.0,True,1971.0,0.0,,Antibacterial,0.0,4.0,Small molecule,1.0,True,0.0,True,0.0,RIFAMPIN,0.0,MOL,True,False,-pin; rifa-,tricyclic compounds; antibiotics (rifamycin derivatives),-pin; rifa-,1968.0,False,CO[C@H]1/C=C/O[C@@]2(C)Oc3c(C)c(O)c4c(O)c(c(/C=N/N5CCN(C)CC5)c(O)c4c3C2=O)NC(=O)/C(C)=C\C=C\[C@H](C)[C@H](O)[C@@H](C)[C@@H](O)[C@@H](C)[C@H](OC(C)=O)[C@@H]1C,822.95,4.34,,,,,,"Antibiotics for Plant Cell Culture,Antineoplastic and Immunosuppressive Antibiotics,DNA/RNA Synthesis,Selection Antibiotics for Transfected Cell",DNA Damage/DNA Repair,"Rifampin (NSC-113926, Rimactane, Rifampicin) is a DNA-dependent RNA polymerase inhibitor, used to treat a number of bacterial infections.",13292-46-1,121.52,DILI (known),DILI,Known,2018 Jun 10,,"CYP, Cholestasis/Biliary, Cirrhosis",JQXXHWHPUNPDRT
Rifapentine,LT01057,Rifapentine,Ambiguous DILI-concern,Warnings and precautions,4.0,,Oral,DILIrank,E*,Antimicrobial,Antituberculosis,CHEMBL1660,J04AB05,1.0,0.0,45304.0,0.0,1.0,True,1998.0,0.0,,Antibacterial,0.0,4.0,Small molecule,1.0,True,0.0,False,0.0,RIFAPENTINE,0.0,MOL,True,False,rifa-,antibiotics (rifamycin derivatives),rifa-,1985.0,False,CO[C@H]1/C=C/O[C@@]2(C)Oc3c(C)c(O)c4c(O)c(c(/C=N/N5CCN(C6CCCC6)CC5)c(O)c4c3C2=O)NC(=O)/C(C)=C\C=C\[C@H](C)[C@H](O)[C@@H](C)[C@@H](O)[C@@H](C)[C@H](OC(C)=O)[C@@H]1C,877.04,5.65,,,,,,DNA/RNA Synthesis,DNA Damage/DNA Repair,"Rifapentine (MDL473) is an antibiotic, which inhibits DNA-dependent RNA polymerase activity, used to treat tuberculosis.",61379-65-5,114.02,No DILI,No DILI,No DILI,2018 Jun 14,,,WDZCUPBHRAEYDL
Rifaximin,LT01128,Rifaximin,Ambiguous DILI-concern,Adverse reactions,7.0,,Oral,DILIrank,E,CNS,Hyperammonemia,CHEMBL1617,D06AX11; A07AA11,1.0,0.0,75246.0,0.0,1.0,True,2004.0,0.0,,Antibacterial,0.0,4.0,Small molecule,1.0,True,0.0,False,0.0,RIFAXIMIN,0.0,MOL,True,False,rifa-,antibiotics (rifamycin derivatives),rifa-,1992.0,False,CO[C@H]1/C=C/O[C@@]2(C)Oc3c(C)c(O)c4c(O)c(c5c(nc6cc(C)ccn65)c4c3C2=O)NC(=O)/C(C)=C\C=C\[C@H](C)[C@H](O)[C@@H](C)[C@@H](O)[C@@H](C)[C@H](OC(C)=O)[C@@H]1C,785.89,6.16,,,,,,DNA/RNA Synthesis,DNA Damage/DNA Repair,"Rifaximin is a RNA synthesis inhibitor by binding the β subunit of the bacterial DNA-dependent RNA polymerase, used to treat traveler's diarrhea caused by certain bacteria.",80621-81-4,59.81,No DILI,No DILI,No DILI,2018 Jun 14,,,NZCRJKRKKOLAOJ
Rimantadine,LT00937,Rimantadine,No-DILI-Concern,No match,0.0,,Oral,DILIrank,E,Antimicrobial,Antiviral: Influenza,CHEMBL959,J05AC02,1.0,0.0,,0.0,0.0,False,1993.0,0.0,,Antiviral,0.0,4.0,Small molecule,1.0,True,0.0,False,0.0,RIMANTADINE,0.0,MOL,True,False,-mantadine,antivirals/antiparkinsonians (adamantane derivatives),-mantadine,1966.0,False,CC(N)C12CC3CC(CC(C3)C1)C2,179.31,2.55,,,,,,Influenza Virus,Microbiology,Rimantadine (Flumadine) is an anti-influenza virus drug for T. brucei with IC50 of 7 μM.,13392-28-4,184.05,No DILI,No DILI,No DILI,2020 Jun 10,,,UBCHPRBFMUDMNC
Rizatriptan,LT01026,Rizatriptan,No-DILI-Concern,No match,0.0,,Oral,DILIrank,E*,CNS,Migraine,CHEMBL905,N02CC04,1.0,0.0,48273.0,0.0,2.0,True,1998.0,0.0,,Antimigraine,0.0,4.0,Small molecule,1.0,True,0.0,False,0.0,RIZATRIPTAN,0.0,MOL,True,False,-triptan,antimigraine agents (5-HT1 receptor agonists); sumatriptan derivatives,-triptan,1996.0,False,CN(C)CCc1c[nH]c2ccc(Cn3cncn3)cc12,269.35,1.91,,,,,,,,,,,No DILI,No DILI,No DILI,,,,ULFRLSNUDGIQQP
Romidepsin,LT00669,Romidepsin,No-DILI-Concern,No match,0.0,,Intravenous,DILIrank,C,Antineoplastic,Lymphoma ,CHEMBL343448,L01XH02,1.0,0.0,61080.0,1.0,1.0,True,2009.0,0.0,,,0.0,4.0,Protein,1.0,False,0.0,True,0.0,ROMIDEPSIN,0.0,MOL,True,False,-depsin,depsipeptide derivatives,-depsin,2006.0,False,C/C=C1\NC(=O)[C@H]2CSSCC/C=C/[C@H](CC(=O)N[C@H](C(C)C)C(=O)N2)OC(=O)[C@H](C(C)C)NC1=O,540.71,1.43,,,,,,"Apoptosis related,HDAC",Cytoskeletal Signaling,"Romidepsin (FK228, Depsipeptide, FR 901228, NSC 630176) is a potent HDAC1 and HDAC2 inhibitor with IC50 of 36 nM and 47 nM in cell-free assays, respectively. Romidepsin (FK228/depsipeptide) controls growth and induces apoptosis in neuroblastoma tumor cells.",128517-07-7,18.49,No DILI,No DILI,No DILI,2020 Sep 25,,,OHRURASPPZQGQM
Rosuvastatin,LT01928,Rosuvastatin,Less-DILI-Concern,Warnings and precautions,3.0,,Oral,DILIrank,A,Cardiovascular,Lipid lowering agent,CHEMBL1496,C10AA07,1.0,0.0,38545.0,0.0,1.0,False,2003.0,0.0,,,0.0,4.0,Small molecule,0.0,True,0.0,False,0.0,ROSUVASTATIN,0.0,MOL,True,False,-stat-,enzyme inhibitors: antihyperlipidemics (HMG-CoA inhibitors),-stat- (-statin),2000.0,False,CC(C)c1nc(N(C)S(C)(=O)=O)nc(-c2ccc(F)cc2)c1/C=C/[C@@H](O)C[C@@H](O)CC(=O)O,481.55,2.4,,,,,,"COVID-19,HMG-CoA Reductase",Metabolism,Rosuvastatin Calcium (ZD4522 calcium) is a competitive inhibitor of HMG-CoA reductase with IC50 of 11 nM in a cell-free assay.,147098-20-2,199.77,DILI (likely),DILI,Likely,2025 Mar 21,,"Hepatitis, CYP, Cholestasis/Biliary, Immune-mediated",BPRHUIZQVSMCRT
Rubidium chloride rb-82,LT00928,Rubidium chloride rb-82,No-DILI-Concern,No match,0.0,,Intravenous,DILIrank,,,,CHEMBL1200727,V09GX04,1.0,1.0,,0.0,-1.0,True,1989.0,0.0,,"Diagnostic Aid (radioactive, cardiac disease); Radioactive Agent",1.0,4.0,Small molecule,0.0,False,0.0,True,0.0,RUBIDIUM CHLORIDE RB 82,0.0,MOL,False,False,,,,1993.0,False,[82Rb+].[Cl-],117.37,,,United States,,Black Box Warning,,,,,,,No DILI,No DILI,No DILI,,,,FGDZQCVHDSGLHJ
Rufinamide,LT00564,Rufinamide,Ambiguous DILI-concern,Warnings and precautions,3.0,,,DILIrank,E*,CNS,Anticonvulsant,CHEMBL1201754,N03AF03,1.0,0.0,,0.0,2.0,True,2007.0,0.0,,,0.0,4.0,Small molecule,0.0,True,0.0,False,0.0,RUFINAMIDE,0.0,MOL,True,False,,,,2000.0,False,NC(=O)c1cn(Cc2c(F)cccc2F)nn1,238.2,0.7,,,,,,Sodium Channel,Transmembrane Transporters,"Rufinamide (CGP 33101,E 2080,RUF 331,Banzel) is a voltage-gated sodium channel blocker, used an anticonvulsant medication.",106308-44-5,75.57,No DILI,No DILI,No DILI,2018 Jun 6,,,POGQSBRIGCQNEG
Salsalate,LT01684,Salsalate,Less-DILI-Concern,Warnings and precautions,3.0,,Oral,DILIrank,A [HD],Analgesic,Mild-Moderate Pain,CHEMBL154111,N02BA06,-1.0,1.0,9014.0,0.0,2.0,True,,0.0,,Anti-Inflammatory; Analgesic,0.0,4.0,Small molecule,1.0,False,0.0,False,0.0,SALSALATE,1.0,MOL,True,False,sal-; -sal-,anti-inflammatory agents (salicylic acid derivatives); anti-inflammatory agents (salicylic acid derivatives),sal-; -sal-,1972.0,False,O=C(Oc1ccccc1C(=O)O)c1ccccc1O,258.23,2.31,"neurotoxicity, gastrointestinal toxicity, cardiotoxicity",United States,,Black Box Warning,,,,,,,DILI (likely),DILI,Likely,2020 Aug 15,,,WVYADZUPLLSGPU
Saxagliptin,LT00667,Saxagliptin,No-DILI-Concern,No match,0.0,,Oral,DILIrank,E*,Endocrine,Diabetes,CHEMBL2103745,A10BH03,,0.0,71271.0,0.0,0.0,False,,0.0,,,0.0,3.0,Small molecule,0.0,False,0.0,False,0.0,SAXAGLIPTIN,0.0,MOL,True,False,-gliptin,dipeptidyl aminopeptidase-IV inhibitors,-gliptin,2007.0,False,N#C[C@@H]1C[C@@H]2C[C@@H]2N1C(=O)[C@@H](N)C12CC3CC(CC(O)(C3)C1)C2.O,333.43,1.16,,,,,,DPP,Proteases,"Saxagliptin (BMS-477118, Onglyza) is a selective and reversible DPP4 inhibitor with IC50 of 26 nM.",361442-04-8,199.74,No DILI,No DILI,No DILI,2018 Jan 3,,,AFNTWHMDBNQQPX
Secobarbital,LT00624,Secobarbital,Ambiguous DILI-concern,Warnings and precautions,3.0,,Oral,DILIrank,E,CNS,Sedative/Hypnotic,CHEMBL447,N05CA06,1.0,0.0,9073.0,0.0,0.0,False,1950.0,0.0,,Sedative-Hypnotic,0.0,4.0,Small molecule,1.0,True,0.0,True,0.0,SECOBARBITAL,0.0,MOL,True,True,-barb-,barbituric acid derivatives,-barb-,,True,C=CCC1(C(C)CCC)C(=O)NC(=O)NC1=O,238.29,1.35,,,,,,,,,,,No DILI,No DILI,No DILI,,,,KQPKPCNLIDLUMF
Secretin,LT00355,Secretin,No-DILI-Concern,No match,0.0,,Intravenous,DILIrank,,,,CHEMBL3039582,V04CK01,0.0,0.0,,0.0,1.0,True,2002.0,0.0,PEPTIDE1{H.S.D.G.T.F.T.S.E.L.S.R.L.R.E.G.A.R.L.Q.R.L.L.Q.G.L.V.[am]}$$$$,,0.0,4.0,Protein,0.0,False,0.0,True,0.0,SECRETIN,0.0,BOTH,True,False,-retin,retinol derivatives,-retin,2004.0,False,CC(C)C[C@H](NC(=O)CNC(=O)[C@H](CCC(N)=O)NC(=O)[C@H](CC(C)C)NC(=O)[C@H](CC(C)C)NC(=O)[C@H](CCCNC(=N)N)NC(=O)[C@H](CCC(N)=O)NC(=O)[C@H](CC(C)C)NC(=O)[C@H](CCCNC(=N)N)NC(=O)[C@H](C)NC(=O)CNC(=O)[C@H](CCC(=O)O)NC(=O)[C@H](CCCNC(=N)N)NC(=O)[C@H](CC(C)C)NC(=O)[C@H](CCCNC(=N)N)NC(=O)[C@H](CO)NC(=O)[C@H](CC(C)C)NC(=O)[C@H](CCC(=O)O)NC(=O)[C@H](CO)NC(=O)[C@@H](NC(=O)[C@H](Cc1ccccc1)NC(=O)[C@@H](NC(=O)CNC(=O)[C@H](CC(=O)O)NC(=O)[C@H](CO)NC(=O)[C@@H](N)Cc1cnc[nH]1)[C@@H](C)O)[C@@H](C)O)C(=O)N[C@H](C(N)=O)C(C)C,3039.46,,,,,,,,,,,,No DILI,No DILI,No DILI,,,,OWMZNFCDEHGFEP
Silodosin,LT00656,Silodosin,Ambiguous DILI-concern,Adverse reactions,3.0,,Oral,DILIrank,E*,Urologic,Prostatic hypertrophy,CHEMBL24778,G04CA04,1.0,0.0,,0.0,1.0,True,2008.0,0.0,,,0.0,4.0,Small molecule,0.0,True,0.0,False,0.0,SILODOSIN,0.0,MOL,True,False,,,,,False,C[C@H](Cc1cc2c(c(C(N)=O)c1)N(CCCO)CC2)NCCOc1ccccc1OCC(F)(F)F,495.54,3.07,,,,,,Adrenergic Receptor,Neuronal Signaling,"Silodosin (KAD 3213, KMD 3213) is a highly selective α1A-adrenoceptor antagonist, used in treatment of benign prostatic hyperplasia.",160970-54-7,199.79,No DILI,No DILI,No DILI,2018 Jan 8,,,PNCPYILNMDWPEY
Sincalide,LT00350,Sincalide,No-DILI-Concern,No match,0.0,,Intravenous,DILIrank,,,,CHEMBL1121,V04CC03,1.0,0.0,,0.0,1.0,True,1976.0,0.0,PEPTIDE1{D.[X96].M.G.W.M.D.F.[am]}$$$$,Choleretic,0.0,4.0,Protein,1.0,False,0.0,True,0.0,SINCALIDE,0.0,BOTH,False,False,,,,1974.0,False,CSCC[C@H](NC(=O)[C@H](Cc1ccc(OS(=O)(=O)O)cc1)NC(=O)[C@@H](N)CC(=O)O)C(=O)NCC(=O)N[C@@H](Cc1c[nH]c2ccccc12)C(=O)N[C@@H](CCSC)C(=O)N[C@@H](CC(=O)O)C(=O)N[C@@H](Cc1ccccc1)C(N)=O,1143.29,,,,,,,,,,,,No DILI,No DILI,No DILI,,,,IZTQOLKUZKXIRV
Sitaxsentan,LT02449,Sitaxsentan,Most-DILI-Concern,Withdrawn,8.0,,Oral,DILIrank,,,,CHEMBL282724,C02KX03,-2.0,0.0,,0.0,2.0,False,2006.0,0.0,,,0.0,4.0,Small molecule,1.0,True,0.0,False,0.0,SITAXENTAN,0.0,MOL,True,False,-entan,endothelin receptor antagonists,-entan,2011.0,True,Cc1cc2c(cc1CC(=O)c1sccc1S(=O)(=O)Nc1onc(C)c1Cl)OCO2,454.91,3.96,hepatotoxicity,Canada; Worldwide; Australia; European Union,"Liver toxicity, Risk of acute liver failure",Withdrawn,hepatotoxicity,,,,,,DILI (withdrawn),DILI,Withdrawn,,,idiosyncratic (manual annotation),PHWXUGHIIBDVKD
Sodium bicarbonate,LT02337,Sodium bicarbonate,No-DILI-Concern,No match,0.0,,Intravenous,DILIrank,,,,CHEMBL1353,B05XA02; B05CB04,2.0,0.0,32139.0,0.0,2.0,True,1985.0,0.0,,Alkalizer (systemic); Replenisher (electrolyte),0.0,4.0,Small molecule,0.0,True,0.0,True,0.0,SODIUM BICARBONATE,0.0,MOL,False,False,,,,,False,O=C([O-])O.[Na+],84.01,,,,,,,Others,Others,"Sodium bicarbonate(Armex Blast Media Flow Formula XL, BI-CF 40E, BI-H 40E, Bakeshure 180, Sodium Hydrogen Carbonate, Sodium hydrogen carbonate) is a biochemical reagent used as a pH buffering agent, an electrolyte replenisher, systemic alkalizer and in topical cleansing solutions.",144-55-8,,No DILI,No DILI,No DILI,,,,UIIMBOGNXHQVGW
Sodium lactate,LT00330,Sodium lactate,No-DILI-Concern,No match,0.0,,Intravenous,DILIrank,,,,CHEMBL1357,,1.0,0.0,75228.0,0.0,0.0,True,,0.0,,Replenisher (electrolyte),0.0,4.0,Small molecule,1.0,False,0.0,True,0.0,SODIUM LACTATE,0.0,MOL,False,False,,,,,False,CC(O)C(=O)[O-].[Na+],112.06,,,,,,,,,,,,No DILI,No DILI,No DILI,,,,NGSFWBMYFKHRBD
Sodium thiosulfate,LT00439,Sodium thiosulfate,No-DILI-Concern,No match,0.0,,Intravenous,DILIrank,,,,CHEMBL2096650,,1.0,0.0,32150.0,0.0,2.0,True,1992.0,0.0,,Antidote (to cyanide poisoning),0.0,4.0,Small molecule,0.0,False,0.0,True,0.0,SODIUM THIOSULFATE,0.0,MOL,False,False,,,,,False,O.O.O.O.O.O=S([O-])([O-])=S.[Na+].[Na+],248.19,-0.32,,,,,,,,,,,No DILI,No DILI,No DILI,,,,PODWXQQNRWNDGD
Sorafenib,LT01241,Sorafenib,Most-DILI-Concern,Warnings and precautions,8.0,,Oral,DILIrank,B,Antineoplastic,Solid tumors,CHEMBL1336,L01EX02,1.0,0.0,50924.0,0.0,2.0,False,2005.0,0.0,,,0.0,4.0,Small molecule,0.0,True,1.0,False,0.0,SORAFENIB,0.0,MOL,True,False,-rafenib,rapidly accelerated fibrosarcoma (RAF) kinase inhibitors,-rafenib,2007.0,False,CNC(=O)c1cc(Oc2ccc(NC(=O)Nc3ccc(Cl)c(C(F)(F)F)c3)cc2)ccn1,464.83,5.55,,,,,,"Apoptosis related,Autophagy,c-Kit,Ferroptosis,FGFR,FLT3,PDGFR,Raf,VEGFR",MAPK,"Sorafenib tosylate (BAY 43-9006 tosylate,NSC-724772 tosylate)  is a multikinase inhibitor of Raf-1 and B-Raf with IC50 of 6 nM and 22 nM in cell-free assays, respectively. Sorafenib Tosylate inhibits VEGFR-2, VEGFR-3, PDGFR-β, Flt-3 and c-KIT with IC50 of 90 nM, 20 nM, 57 nM, 59 nM and 68 nM, respectively. Sorafenib Tosylate induces autophagy and apoptosis and activates ferroptosis with anti-tumor activity.",475207-59-1,199.36,DILI (likely),DILI,Likely,2018 Jun 22,,"CYP, Cirrhosis, Immune-mediated, Hypersensitivity",MLDQJTXFUGDVEO
Sotalol,LT00627,Sotalol,Ambiguous DILI-concern,Adverse reactions,3.0,,Oral,DILIrank,E,Cardiovascular,Antiarrhythmic,CHEMBL471,C07AA07,1.0,1.0,63622.0,0.0,0.0,False,1992.0,0.0,,Anti-Adrenergic (beta-receptor),0.0,4.0,Small molecule,1.0,True,0.0,True,0.0,SOTALOL,0.0,MOL,True,False,-alol,combined alpha and beta blockers,-alol,1967.0,False,CC(C)NCC(O)c1ccc(NS(C)(=O)=O)cc1,272.37,1.09,,,,,,,,,,,No DILI,No DILI,No DILI,2017 Jan 15,,,ZBMZVLHSJCTVON
Sterile water,LT01294,Sterile water,No-DILI-Concern,No match,0.0,,Intravenous,DILIrank,,,,CHEMBL1098659,,2.0,0.0,15377.0,0.0,2.0,True,2011.0,0.0,,"Diagnostic Aid (radioactive, vascular disorders); Radioactive Agent,Radioactive Agent",0.0,4.0,Small molecule,1.0,False,0.0,False,0.0,WATER,0.0,MOL,False,True,deu-,deuterated compounds,deu-,1963.0,False,O,18.02,-0.82,,,,,,,,,,,No DILI,No DILI,No DILI,,,,XLYOFNOQVPJJNP
Sucralfate,LT00358,Sucralfate,No-DILI-Concern,No match,0.0,,Oral,DILIrank,E,Gastrointestinal,Acid peptic disease,CHEMBL2367706,,1.0,0.0,,0.0,1.0,False,1981.0,0.0,,Anti-Ulcerative (gastrointestinal),0.0,4.0,Unknown,0.0,True,0.0,False,0.0,SUCRALFATE,0.0,MOL,True,False,,,,1976.0,False,O=S(=O)(OC[C@H]1O[C@@H](O[C@]2(COS(=O)(=O)O[Al](O)O)O[C@H](OS(=O)(=O)O[Al](O)O)[C@@H](OS(=O)(=O)O[Al](O)O)[C@@H]2OS(=O)(=O)O[Al](O)O)[C@H](OS(=O)(=O)O[Al](O)O)[C@@H](OS(=O)(=O)O[Al](O)O)[C@@H]1OS(=O)(=O)O[Al](O)O)O[Al](O)O.O[Al](O)O.O[Al](O)O.O[Al](O)O.O[Al](O)O.O[Al](O)O.O[Al](O)O.O[Al](O)O.O[Al](O)O,2072.71,,,,,,,,,,,,No DILI,No DILI,No DILI,,,,JTZPPHUZZDKEOC
Sufentanil,LT00920,Sufentanil,No-DILI-Concern,No match,0.0,,Intravenous,DILIrank,E,Analgesic,Severe pain,CHEMBL658,N01AH03,1.0,1.0,9316.0,0.0,2.0,False,1984.0,0.0,,"Analgesic,Analgesic (narcotic)",0.0,4.0,Small molecule,1.0,False,0.0,True,0.0,SUFENTANIL,0.0,MOL,True,False,-fentanil,narcotic analgesics (fentanyl derivatives),-fentanil,1976.0,False,CCC(=O)N(c1ccccc1)C1(COC)CCN(CCc2cccs2)CC1,386.56,4.21,,,,,,,,,,,No DILI,No DILI,No DILI,,,,GGCSSNBKKAUURC
Sulfadiazine,LT00146,Sulfadiazine,Less-DILI-Concern,Adverse reactions,3.0,,Oral,DILIrank,A,Antimicrobial,Antibacterial,CHEMBL439,J01EC02,1.0,0.0,9328.0,0.0,2.0,True,1941.0,0.0,,"Anti-Infective, Topical,Antibacterial",0.0,4.0,Small molecule,1.0,True,0.0,True,0.0,SULFADIAZINE,0.0,MOL,True,True,sulfa-,antimicrobials (sulfonamides derivatives),sulfa-,1975.0,False,Nc1ccc(S(=O)(=O)Nc2ncccn2)cc1,250.28,0.86,,,,,,Antibiotics,Microbiology,Sulfadiazine is a sulfonamide antibiotic.,68-35-9,199.78,DILI (likely),DILI,Likely,2017 Dec 5,,"Cholestasis/Biliary, Hypersensitivity",SEEPANYCNGTZFQ
Sulfasalazine,LT00147,Sulfasalazine,Most-DILI-Concern,Warnings and precautions,5.0,,Oral,DILIrank,A,Gastrointestinal,Inflammatory bowel disease,CHEMBL421,A07EC01,1.0,0.0,9334.0,0.0,2.0,True,1950.0,0.0,,Antibacterial,0.0,4.0,Small molecule,1.0,True,0.0,False,0.0,SULFASALAZINE,0.0,MOL,True,False,-lazine; -sal-; sulfa-,"antiarrhythmic/antianginal/antihypertensive agents, phthalazine like structure; anti-inflammatory agents (salicylic acid derivatives); antimicrobials (sulfonamides derivatives)",-lazine; -sal-; sulfa-,1975.0,False,O=C(O)c1cc(/N=N/c2ccc(S(=O)(=O)Nc3ccccn3)cc2)ccc1O,398.4,3.7,,,,,,"Apoptosis related,Autophagy,COX,Ferroptosis,Immunology & Inflammation related,NF-κB,TGF-beta/Smad",Immunology & Inflammation,"Sulfasalazine (NSC 667219, Azulfidine, Salazopyrin, Sulphasalazine) is a sulfa derivative of mesalazine, used as an anti-inflammatory agent to treat bowel disease and rheumatoid arthritis. Sulfasalazine is a potent and specific inhibitor of nuclear factor kappa B (NF-κB), TGF-β and COX-2. Sulfasalazine induces ferroptosis, apoptosis and autophagy.",599-79-1,200.81,DILI (known),DILI,Known,2017 Sep 25,,"Hepatitis, Cholestasis/Biliary, Hypersensitivity",NCEXYHBECQHGNR
Sumatriptan,LT01779,Sumatriptan,Ambiguous DILI-concern,Adverse reactions,3.0,,Oral,DILIrank,E,CNS,Migraine,CHEMBL128,N02CC01,1.0,0.0,10650.0,0.0,2.0,True,1992.0,0.0,,Antimigraine,0.0,4.0,Small molecule,1.0,True,0.0,True,0.0,SUMATRIPTAN,0.0,MOL,True,True,-triptan,antimigraine agents (5-HT1 receptor agonists); sumatriptan derivatives,-triptan,1989.0,False,CNS(=O)(=O)Cc1ccc2[nH]cc(CCN(C)C)c2c1,295.41,1.32,,,,,,,,,,,No DILI,No DILI,No DILI,,,,KQKPFRSPSRPDEB
Tapentadol,LT00664,Tapentadol,No-DILI-Concern,No match,0.0,,Oral,DILIrank,,Analgesic,Severe pain,CHEMBL1201776,N02AX06,1.0,1.0,,0.0,1.0,False,2008.0,0.0,,,0.0,4.0,Small molecule,1.0,True,0.0,False,0.0,TAPENTADOL,0.0,MOL,True,False,-adol,analgesics (mixed opiate receptor agonists/antagonists),-adol,2005.0,False,CC[C@@H](c1cccc(O)c1)[C@@H](C)CN(C)C,221.34,3.08,,,,,,,,,,,No DILI,No DILI,No DILI,,,,KWTWDQCKEHXFFR
Tegaserod,LT00485,Tegaserod,Ambiguous DILI-concern,Adverse reactions,3.0,,Oral,DILIrank,E,Gastrointestinal,Irritable bowel syndrome,CHEMBL76370,A06AX06,-2.0,0.0,51043.0,0.0,2.0,False,2002.0,0.0,,,0.0,4.0,Small molecule,1.0,True,0.0,False,0.0,TEGASEROD,0.0,MOL,True,False,-serod,serotonin receptor antagonists and partial agonists,-serod,1999.0,True,CCCCCNC(=N)N/N=C/c1c[nH]c2ccc(OC)cc12,301.39,2.81,cardiotoxicity,Australia,Cardiovascular ischaemic events,Withdrawn,cardiotoxicity,,,,,,No DILI,No DILI,No DILI,,,,IKBKZGMPCYNSLU
Telbivudine,LT00577,Telbivudine,Ambiguous DILI-concern,Warnings and precautions,2.0,,Oral,DILIrank,E,Antimicrobial,Antiviral: HBV,CHEMBL374731,J05AF11,1.0,1.0,63624.0,0.0,1.0,True,2006.0,0.0,,,0.0,4.0,Small molecule,1.0,True,0.0,False,0.0,TELBIVUDINE,1.0,MOL,True,False,-vudine,antineoplastics; antivirals (zidovudine group) (exception: edoxudine),-vudine,2002.0,False,Cc1cn([C@@H]2C[C@@H](O)[C@H](CO)O2)c(=O)[nH]c1=O,242.23,-1.51,,United States,,Black Box Warning,,Reverse Transcriptase,Microbiology,"Telbivudine(NV 02B) is a potent, and selective HBV reverse transcriptase inhibitor, used to treat HBV infection.",3424-98-4,198.16,No DILI,No DILI,No DILI,2020 Oct 20,,,IQFYYKKMVGJFEH
Temazepam,LT01785,Temazepam,Ambiguous DILI-concern,Warnings and precautions,3.0,,Oral,DILIrank,E,CNS,Sedative/Hypnotic,CHEMBL967,N05CD07,1.0,1.0,9435.0,0.0,0.0,True,1981.0,0.0,,Tranquilizer (minor),0.0,4.0,Small molecule,1.0,True,0.0,False,0.0,TEMAZEPAM,0.0,MOL,True,False,-azepam,antianxiety agents (diazepam type),-azepam,1969.0,False,CN1C(=O)C(O)N=C(c2ccccc2)c2cc(Cl)ccc21,300.75,2.47,,United States,,Black Box Warning,,,,,,,No DILI,No DILI,No DILI,2023 Jun 22,,,SEQDDYPDSLOBDC
Temsirolimus,LT01261,Temsirolimus,No-DILI-Concern,No match,0.0,,Intravenous,DILIrank,E*,Antineoplastic,Solid tumors,CHEMBL1201182,L01EG01,1.0,0.0,79699.0,0.0,1.0,True,2007.0,0.0,,,0.0,4.0,Small molecule,1.0,False,0.0,True,0.0,TEMSIROLIMUS,0.0,MOL,True,False,-imus,immunosuppressives,-imus,2004.0,False,CO[C@H]1C[C@@H]2CC[C@@H](C)[C@@](O)(O2)C(=O)C(=O)N2CCCC[C@H]2C(=O)O[C@H]([C@H](C)C[C@@H]2CC[C@@H](OC(=O)C(C)(CO)CO)[C@H](OC)C2)CC(=O)[C@H](C)/C=C(\C)[C@@H](O)[C@@H](OC)C(=O)[C@H](C)C[C@H](C)/C=C/C=C/C=C/1C,1030.3,,,,,,,"Apoptosis related,Autophagy,mTOR",PI3K/Akt/mTOR,"Temsirolimus (CCI-779, NSC 683864) is a specific mTOR inhibitor with IC50 of 1.76 μM in a cell-free assay. Temsirolimus induces autophagy and apoptosis.",162635-04-3,65.03,No DILI,No DILI,No DILI,2020 Nov 4,,,CBPNZQVSJQDFBE
Terazosin,LT01787,Terazosin,No-DILI-Concern,No match,0.0,,Oral,DILIrank,E,Urologic,Prostatic hypertrophy,CHEMBL611,G04CA03,1.0,0.0,9445.0,0.0,0.0,False,1987.0,0.0,,Antihypertensive,0.0,4.0,Small molecule,1.0,True,0.0,False,0.0,TERAZOSIN,0.0,MOL,True,False,-azosin,antihypertensives (prazosin type),-azosin,1980.0,False,COc1cc2nc(N3CCN(C(=O)C4CCCO4)CC3)nc(N)c2cc1OC,387.44,1.06,,,,,,,,,,,No DILI,No DILI,No DILI,2018 Jan 8,,,VCKUSRYTPJJLNI
Teriparatide,LT00932,Teriparatide,No-DILI-Concern,No match,0.0,,Subcutaneous,DILIrank,E,Endocrine,Osteoporosis,CHEMBL525610,H05AA02,1.0,1.0,,0.0,1.0,True,2002.0,0.0,PEPTIDE1{S.V.S.E.I.Q.L.M.H.N.L.G.K.H.L.N.S.M.E.R.V.E.W.L.R.K.K.L.Q.D.V.H.N.F}$$$$,Bone Resorption Inhibitor; Osteoporosis Therapy Adjunct,0.0,4.0,Protein,0.0,False,0.0,True,0.0,TERIPARATIDE,0.0,BOTH,True,False,-tide,peptides: parathyroid hormone related peptide,-tide (-paratide),1996.0,False,CC[C@H](C)[C@H](NC(=O)[C@H](CCC(=O)O)NC(=O)[C@H](CO)NC(=O)[C@@H](NC(=O)[C@@H](N)CO)C(C)C)C(=O)N[C@@H](CCC(N)=O)C(=O)N[C@@H](CC(C)C)C(=O)N[C@@H](CCSC)C(=O)N[C@@H](Cc1cnc[nH]1)C(=O)N[C@@H](CC(N)=O)C(=O)N[C@@H](CC(C)C)C(=O)NCC(=O)N[C@@H](CCCCN)C(=O)N[C@@H](Cc1cnc[nH]1)C(=O)N[C@@H](CC(C)C)C(=O)N[C@@H](CC(N)=O)C(=O)N[C@@H](CO)C(=O)N[C@@H](CCSC)C(=O)N[C@@H](CCC(=O)O)C(=O)N[C@@H](CCCNC(=N)N)C(=O)N[C@H](C(=O)N[C@@H](CCC(=O)O)C(=O)N[C@@H](Cc1c[nH]c2ccccc12)C(=O)N[C@@H](CC(C)C)C(=O)N[C@@H](CCCNC(=N)N)C(=O)N[C@@H](CCCCN)C(=O)N[C@@H](CCCCN)C(=O)N[C@@H](CC(C)C)C(=O)N[C@@H](CCC(N)=O)C(=O)N[C@@H](CC(=O)O)C(=O)N[C@H](C(=O)N[C@@H](Cc1cnc[nH]1)C(=O)N[C@@H](CC(N)=O)C(=O)N[C@@H](Cc1ccccc1)C(=O)O)C(C)C)C(C)C,4117.79,,carcinogenicity,United States,,Black Box Warning,,,,,,,No DILI,No DILI,No DILI,2016 Mar 31,,,OGBMKVWORPGQRR
Testosterone,LT00223,Testosterone,Most-DILI-Concern,Warnings and precautions,8.0,,Oral,DILIrank,E,Endocrine,Hormone replacement,CHEMBL386630,G03BA03,1.0,1.0,17347.0,0.0,1.0,True,1972.0,0.0,,Androgen,0.0,4.0,Small molecule,1.0,False,0.0,True,0.0,TESTOSTERONE,0.0,MOL,True,True,-ster-; -terone,"steroids (androgens, anabolics); antiandrogens",-ster-; -terone,,False,C[C@]12CC[C@H]3[C@@H](CCC4=CC(=O)CC[C@@]43C)[C@@H]1CC[C@@H]2O,288.43,3.88,,United States,,Black Box Warning,,,,,,,DILI (likely),DILI,Likely,,,,MUMGGOZAMZWBJJ
Tetrabamate,LT01858,Tetrabamate,Most-DILI-Concern,Withdrawn,8.0,,Oral,DILIrank,,,,CHEMBL1909287,,-1.0,0.0,,0.0,-1.0,False,,-1.0,,,-1.0,,Small molecule,0.0,False,-1.0,False,0.0,TETRABAMATE,-1.0,MOL,False,False,,,,,False,CCC1(c2ccccc2)C(=O)NC(=O)NC1=O.CCCCCOC(CN1C(=O)N(CC(COCCCC)OC(N)=O)C(=O)C(CC)(c2ccccc2)C1=O)OC(N)=O.CCCCOCC(CN1C(=O)NC(=O)C(CC)(c2ccccc2)C1=O)OC(N)=O,1216.35,,,,,,,,,,,,DILI (withdrawn),DILI,Withdrawn,,,,YADPKIAGCVAODE
Tetrabenazine,LT01239,Tetrabenazine,Ambiguous DILI-concern,Adverse reactions,3.0,,,DILIrank,E,CNS,Chorea,CHEMBL117785,N07XX06,1.0,1.0,64028.0,0.0,0.0,True,2008.0,0.0,,,0.0,4.0,Small molecule,0.0,True,0.0,False,0.0,TETRABENAZINE,0.0,MOL,True,False,deu-,deuterated compounds,deu-,2014.0,False,COc1cc2c(cc1OC)C1CC(=O)C(CC(C)C)CN1CC2,317.43,3.24,psychiatric toxicity,United States,,Black Box Warning,,Dopamine Receptor,Neuronal Signaling,"Tetrabenazine(Xenazine,Ro 1-9569) acts primarily as a reversible high-affinity inhibitor of mono-amine uptake into granular vesicles of presynaptic neurons by binding selectively to VMAT-2; Also blocks dopamine D2 receptors, but this affinity is 1,000-fold lower than its affinity for VMAT-2.",58-46-8,182.72,No DILI,No DILI,No DILI,2019 Apr 2,,,MKJIEFSOBYUXJB
Tetracycline,LT00036,Tetracycline,Less-DILI-Concern,Warnings and precautions,2.0,,Oral,DILIrank,A [HD],Antimicrobial,Antibacterial,CHEMBL1440,D06AA04; S03AA02; S01AA09; S02AA08; A01AB13; J01AA07,1.0,0.0,27902.0,0.0,1.0,True,2006.0,0.0,,"Anti-Amebic; Antirickettsial; Antibacterial,Antibacterial,Antibacterial; Anti-Amebic; Antirickettsial",0.0,4.0,Small molecule,1.0,True,0.0,False,0.0,TETRACYCLINE,0.0,MOL,True,False,-cycline,antibiotics (tetracycline derivatives),-cycline,,False,CN(C)[C@@H]1C(O)=C(C(N)=O)C(=O)[C@@]2(O)C(O)=C3C(=O)c4c(O)cccc4[C@@](C)(O)[C@H]3C[C@@H]12,444.44,-0.21,,,,,,"Antibiotics,Antineoplastic and Immunosuppressive Antibiotics,Bacterial",Microbiology,"Tetracycline (TC) is a broad-spectrum antibiotic that exhibits activity against a wide range of microorganisms including gram-positive and gram-negative bacteria, chlamydiae, mycoplasmas, rickettsiae, and protozoan parasites.",60-54-8,200.26,DILI (likely),DILI,Likely,,,,OFVLGDICTFRJMM
Tetrahydrobiopterin,LT01262,Tetrahydrobiopterin,No-DILI-Concern,No match,0.0,,Oral,DILIrank,,,,CHEMBL1201774,A16AX07,1.0,0.0,59560.0,0.0,1.0,False,2007.0,1.0,,,0.0,4.0,Small molecule,1.0,True,0.0,False,0.0,SAPROPTERIN,0.0,MOL,True,False,-pterin,pteridine derivatives,-pterin,2005.0,False,C[C@H](O)[C@H](O)[C@H]1CNc2nc(N)[nH]c(=O)c2N1,241.25,-1.7,,,,,,,,,,,No DILI,No DILI,No DILI,,,,FNKQXYHWGSIFBK
Thalidomide,LT00450,Thalidomide,Less-DILI-Concern,Adverse reactions,4.0,,Oral,DILIrank,B,Antineoplastic,Solid tumors,CHEMBL468,L04AX02,1.0,1.0,74947.0,0.0,0.0,True,1998.0,0.0,,Sedative-Hypnotic,0.0,4.0,Small molecule,1.0,True,0.0,False,0.0,THALIDOMIDE,0.0,MOL,True,False,-domide,thalidomide derivatives,-domide,1961.0,False,O=C1CCC(N2C(=O)c3ccccc3C2=O)C(=O)N1,258.23,0.09,"teratogenicity, vascular toxicity",United States,,Black Box Warning,,"E3 Ligase ,E3 ligase Ligand,TNF-alpha",Ubiquitin,"Thalidomide (K17) was introduced as a sedative drug, immunomodulatory agent and also is investigated for treating symptoms of many cancers. Thalidomide inhibits cereblon (CRBN), a part of the cullin-4 E3 ubiquitin ligase complex CUL4-RBX1-DDB1.",50-35-1,197.5,DILI (likely),DILI,Likely,2022 Aug 30,,"Hepatitis, Necrosis, Cholestasis/Biliary, Steatosis, Immune-mediated, Hypersensitivity",UEJJHQNACJXSKW
Theophylline,LT00154,Theophylline,No-DILI-Concern,No match,0.0,,Oral,DILIrank,E,Respiratory,Bronchodilation,CHEMBL190,R03DA04; R03DA74; R03DA54,1.0,0.0,28177.0,0.0,2.0,True,1940.0,0.0,,"Bronchodilator,Diuretic; Relaxant (smooth muscle),Relaxant (smooth muscle)",0.0,4.0,Small molecule,1.0,True,0.0,True,0.0,THEOPHYLLINE,0.0,MOL,True,True,,,,1964.0,False,Cn1c(=O)c2[nH]cnc2n(C)c1=O,180.17,-1.04,,,,,,,,,,,No DILI,No DILI,No DILI,2020 Jul 18,,,ZFXYFBGIUFBOJW
Thiabendazole,LT00635,Thiabendazole,Most-DILI-Concern,Warnings and precautions,7.0,,Oral,DILIrank,B,Antimicrobial,Antihelmintic,CHEMBL625,D01AC06; P02CA02,0.0,0.0,45979.0,0.0,2.0,True,1967.0,0.0,,Anthelmintic,0.0,4.0,Small molecule,1.0,True,0.0,False,0.0,THIABENDAZOLE,0.0,MOL,True,False,-bendazole,antithelmintics (tibendazole type),-bendazole,1962.0,False,c1ccc2[nH]c(-c3cscn3)nc2c1,201.25,2.69,,,,,,P450 (e.g. CYP17),Metabolism,"Thiabendazole inhibits the mitochondrial helminth-specific enzyme, fumarate reductase, with anthelminthic property, used as an anthelmintic and fungicide agent. It is a potent inhibitor of  cytochrome P450 1A2 (CYP1A2).",148-79-8,198.76,DILI (likely),DILI,Likely,2021 Sep 18,,"Cholestasis/Biliary, Immune-mediated, Hypersensitivity",WJCNZQLZVWNLKY
Thioridazine,LT00451,Thioridazine,Less-DILI-Concern,Adverse reactions,5.0,,Oral,DILIrank,B,CNS,Antipsychotic,CHEMBL479,N05AC02,-2.0,1.0,9566.0,0.0,0.0,True,1962.0,0.0,,"Antipsychotic; Sedative-Hypnotic,Sedative-Hypnotic; Antipsychotic",0.0,4.0,Small molecule,1.0,True,0.0,False,0.0,THIORIDAZINE,0.0,MOL,True,False,,,,1962.0,True,CSc1ccc2c(c1)N(CCC1CCCCN1C)c1ccccc1S2,370.59,5.89,cardiotoxicity,United Kingdom; Worldwide,Cardiac arrythmias,Withdrawn,cardiotoxicity,,,,,,DILI (likely),DILI,Likely,2020 Jul 1,,"Cholestasis/Biliary, Immune-mediated, Hypersensitivity",KLBQZWRITKRQQV
Tiagabine,LT00989,Tiagabine,Ambiguous DILI-concern,Adverse reactions,3.0,,Oral,DILIrank,E,CNS,Anticonvulsant,CHEMBL1027,N03AG06,1.0,0.0,9586.0,0.0,1.0,True,1997.0,0.0,,Anticonvulsant,0.0,4.0,Small molecule,1.0,True,0.0,False,0.0,TIAGABINE,0.0,MOL,True,False,-gab-,gabamimetics,-gab-,1996.0,False,Cc1ccsc1C(=CCCN1CCC[C@@H](C(=O)O)C1)c1sccc1C,375.56,5.04,,,,,,,,,,,No DILI,No DILI,No DILI,2018 Feb 19,,,PBJUNZJWGZTSKL
Tigecycline,LT01222,Tigecycline,Ambiguous DILI-concern,Warnings and precautions,8.0,,Intravenous,DILIrank,E*,Antimicrobial,Antibacterial,CHEMBL376140,J01AA12,1.0,1.0,149836.0,0.0,1.0,True,2005.0,0.0,,,0.0,4.0,Small molecule,1.0,False,0.0,True,0.0,TIGECYCLINE,0.0,MOL,True,False,-cycline,antibiotics (tetracycline derivatives),-cycline,2002.0,False,CN(C)c1cc(NC(=O)CNC(C)(C)C)c(O)c2c1C[C@H]1C[C@H]3[C@H](N(C)C)C(O)=C(C(N)=O)C(=O)[C@@]3(O)C(O)=C1C2=O,585.66,0.51,,United States,,Black Box Warning,,"Antineoplastic and Immunosuppressive Antibiotics,Autophagy,Bacterial",Microbiology,"Tigecycline (Tygacil, GAR-936, WAY-GAR-936, TBG-MINO) is bacteriostatic and is a protein synthesis inhibitor by binding to the 30S ribosomal subunit of bacteria and thereby blocking entry of Aminoacyl-tRNA into the A site of the ribosome during prokaryotic translation. Tigecycline induces autophagy by downregulating the PI3K-AKT-mTOR pathway.",220620-09-7,170.75,No DILI,No DILI,No DILI,2025 Apr 15,,,FPZLLRFZJZRHSY
Tiludronate,LT00998,Tiludronate,No-DILI-Concern,No match,0.0,,Oral,DILIrank,,Endocrine,Osteoporosis,CHEMBL1350,M05BA05,1.0,0.0,9598.0,0.0,2.0,True,1997.0,0.0,,Osteoporosis Treatment And Prevention; Paget's Disease Treatment,0.0,4.0,Small molecule,1.0,True,0.0,False,0.0,TILUDRONIC ACID,0.0,MOL,True,False,-dronate,calcium metabolism regulators,-dronate,1994.0,False,O=P(O)(O)C(Sc1ccc(Cl)cc1)P(=O)(O)O,318.61,2.07,,,,,,,,,,,No DILI,No DILI,No DILI,,,,DKJJVAGXPKPDRL
Timolol,LT01815,Timolol,Ambiguous DILI-concern,Adverse reactions,5.0,,Oral,DILIrank,E,Cardiovascular,Antihypertensive,CHEMBL499,C07AA06; S01ED51; S01ED01,1.0,0.0,9599.0,0.0,1.0,True,1978.0,0.0,,Anti-Adrenergic (beta-receptor),0.0,4.0,Small molecule,1.0,True,0.0,False,0.0,TIMOLOL,0.0,MOL,True,True,-olol,beta-blockers (propranolol type),-olol,1973.0,False,CC(C)(C)NC[C@H](O)COc1nsnc1N1CCOCC1,316.43,0.5,,,,,,,,,,,No DILI,No DILI,No DILI,2017 Jan 15,,,BLJRIMJGRPQVNF
Tipranavir,LT01220,Tipranavir,Most-DILI-Concern,Box warning,8.0,,Oral,DILIrank,E*,Antimicrobial,Antiviral: HIV,CHEMBL222559,J05AE09,1.0,1.0,63628.0,0.0,1.0,True,2005.0,0.0,,,0.0,4.0,Small molecule,0.0,True,0.0,False,0.0,TIPRANAVIR,0.0,MOL,True,False,-vir,antivirals: HIV protease inhibitors (saquinavir type),-vir (-navir),1998.0,False,CCC[C@@]1(CCc2ccccc2)CC(O)=C([C@H](CC)c2cccc(NS(=O)(=O)c3ccc(C(F)(F)F)cn3)c2)C(=O)O1,602.68,7.33,"neurotoxicity, hepatotoxicity",United States,,Black Box Warning,,,,,,,DILI (likely),DILI,Likely,2017 Sep 1,,"Hepatitis, CYP, Cholestasis/Biliary, Steatosis, Lactic acidosis, Immune-mediated, Hypersensitivity",SUJUHGSWHZTSEU
Tirofiban,LT01037,Tirofiban,No-DILI-Concern,No match,0.0,,Intravenous,DILIrank,,Hematologic,Antiplatelet,CHEMBL916,B01AC17,1.0,0.0,9605.0,0.0,1.0,False,1998.0,0.0,,Treatment of Unstable Angina,0.0,4.0,Small molecule,1.0,False,0.0,True,0.0,TIROFIBAN,0.0,MOL,True,False,-fiban,fibrinogen receptor antagonists (glycoprotein IIb/IIIa receptor antagonists),-fiban,1994.0,False,CCCCS(=O)(=O)N[C@@H](Cc1ccc(OCCCCC2CCNCC2)cc1)C(=O)O,440.61,2.95,,,,,,,,,,,No DILI,No DILI,No DILI,,,,COKMIXFXJJXBQG
Tizanidine,LT00155,Tizanidine,Most-DILI-Concern,Warnings and precautions,8.0,,Oral,DILIrank,C,CNS,Muscle relaxant,CHEMBL1079,M03BX02,1.0,0.0,63629.0,0.0,2.0,False,1996.0,0.0,,Antispasmodic,0.0,4.0,Small molecule,1.0,True,0.0,False,0.0,TIZANIDINE,0.0,MOL,True,False,,,,1993.0,False,Clc1ccc2nsnc2c1NC1=NCCN1,253.72,1.72,,,,,,Adrenergic Receptor,Neuronal Signaling,Tizanidine is an imidazoline derivative and a centrally acting α2 adrenergic agonist used as a muscle relaxant for therapy of acute muscle spasms and chronic spasticity.,51322-75-9,197.07,DILI (likely),DILI,Likely,2017 Jan 30,likely idiosyncratic,"Cholestasis/Biliary, Immune-mediated, Hypersensitivity, likely idiosyncratic",XFYDIVBRZNQMJC
Tolvaptan,LT00661,Tolvaptan,Most-DILI-Concern,Warnings and precautions,8.0,,Oral,DILIrank,C,Cardiovascular,Hyponatremia,CHEMBL344159,C03XA01,1.0,1.0,,0.0,0.0,True,2009.0,0.0,,,0.0,4.0,Small molecule,1.0,True,0.0,False,0.0,TOLVAPTAN,0.0,MOL,True,False,-apt-; -vaptan,"aptamers, classical and mirror; vasopressin receptor antagonists",-apt-; -vaptan,1999.0,False,Cc1ccccc1C(=O)Nc1ccc(C(=O)N2CCCC(O)c3cc(Cl)ccc32)c(C)c1,448.95,5.68,hepatotoxicity,United States,,Black Box Warning,,Vasopressin Receptor,GPCR & G Protein,"Tolvaptan (OPC-41061) is an orally effective nonpeptide arginine vasopressin V2 receptor antagonist with IC50 of 3 nM, used to treat hyponatremia.",150683-30-0,198.24,DILI (likely),DILI,Likely,2020 Sep 2,,"Hepatitis, CYP, Cholestasis/Biliary, Cirrhosis, Encephalopathy, Immune-mediated, Hypersensitivity",GYHCTFXIZSNGJT
Tramadol,LT01827,Tramadol,Ambiguous DILI-concern,Adverse reactions,7.0,,Oral,DILIrank,E*,Analgesic,Moderate pain,CHEMBL1237044,N02AX02,1.0,1.0,75722.0,0.0,0.0,False,1995.0,0.0,,Analgesic,0.0,4.0,Small molecule,1.0,True,0.0,False,0.0,TRAMADOL,0.0,MOL,True,False,-adol,analgesics (mixed opiate receptor agonists/antagonists),-adol,1969.0,False,COc1cccc(C2(O)CCCCC2CN(C)C)c1,263.38,2.63,,,,,,,,,,,No DILI,No DILI,No DILI,2020 Nov 24,,,TVYLLZQTGLZFBW
Tretinoin,LT00338,Tretinoin,Ambiguous DILI-concern,Warnings and precautions,3.0,,,DILIrank,E,Antineoplastic,Leukemia,CHEMBL38,D10AD51; L01XF01; D10AD01,1.0,1.0,15367.0,0.0,2.0,True,1971.0,0.0,,Keratolytic,0.0,4.0,Small molecule,1.0,True,0.0,False,0.0,TRETINOIN,0.0,MOL,True,True,-retin-,retinol derivatives,-retin-,1970.0,False,CC1=C(/C=C/C(C)=C/C=C/C(C)=C/C(=O)O)C(C)(C)CCC1,300.44,5.6,"teratogenicity, hematological toxicity",United States,,Black Box Warning,,Retinoid Receptor,Metabolism,"Tretinoin (Retinoic acid, All-trans Retinoic Acid, ATRA, Vitamin A acid, Vesanoid, Airol, Renova, Atralin, Retin-A, Avita, Stieva-A,NSC 122758), which is a ligand for both the retinoic acid receptor (RAR) and the retinoid X receptor (RXR), can induce granulocytic differentiation and apoptosis in acute promyelocytic leukemia (APL) cells.",302-79-4,199.73,No DILI,No DILI,No DILI,,,,SHGAZHPCJJPHSC
Triazolam,LT01834,Triazolam,Ambiguous DILI-concern,Adverse reactions,4.0,,Oral,DILIrank,E*,CNS,Sedative/Hypnotic,CHEMBL646,N05CD05,1.0,1.0,9674.0,0.0,2.0,True,1978.0,0.0,,Sedative-Hypnotic,0.0,4.0,Small molecule,1.0,True,0.0,False,0.0,TRIAZOLAM,0.0,MOL,True,False,,,,1973.0,True,Cc1nnc2n1-c1ccc(Cl)cc1C(c1ccccc1Cl)=NC2,343.22,4.23,"neurotoxicity, psychiatric toxicity",France; United Kingdom; Argentina; Finland; Netherlands,Psychiatric reaction and amnesia,Withdrawn,"neurotoxicity, psychiatric toxicity",,,,,,No DILI,No DILI,No DILI,2023 Jun 22,,,JOFWLTCLBGQGBO
Trientine hydrochloride,LT00375,Trientine hydrochloride,No-DILI-Concern,No match,1.0,,Oral,DILIrank,,,,CHEMBL3989777,,1.0,0.0,,0.0,2.0,True,1985.0,0.0,,,0.0,4.0,Small molecule,0.0,True,0.0,False,0.0,TRIENTINE HYDROCHLORIDE,0.0,MOL,True,False,,,,1984.0,False,Cl.Cl.NCCNCCNCCN,219.16,-1.92,,,,,,,,,,,No DILI,No DILI,No DILI,,,,WYHIICXRPHEJKI
Trimetrexate,LT01843,Trimetrexate,Ambiguous DILI-concern,Warnings and precautions,3.0,,,DILIrank,E*,Antineoplastic,Solid tumors,CHEMBL119,P01AX07,0.0,0.0,,0.0,2.0,False,1993.0,0.0,,Antineoplastic,0.0,4.0,Small molecule,1.0,False,0.0,True,0.0,TRIMETREXATE,0.0,MOL,True,False,-trexate,antimetabolites (folic acid derivatives),-trexate,1981.0,False,COc1cc(NCc2ccc3nc(N)nc(N)c3c2C)cc(OC)c1OC,369.43,2.74,,,,,,,,,,,No DILI,No DILI,No DILI,2016 Apr 18,,,NOYPYLRCIDNJJB
Trospium,LT00516,Trospium,No-DILI-Concern,No match,0.0,,Oral,DILIrank,E,Urologic,Bladder symptoms,CHEMBL1888176,G04BD09,1.0,0.0,,0.0,1.0,False,2004.0,0.0,,,0.0,4.0,Small molecule,1.0,True,0.0,False,0.0,TROSPIUM,0.0,MOL,True,False,-ium,quaternary ammonium derivatives,-ium,2001.0,False,O=C(O[C@H]1C[C@H]2CC[C@@H](C1)[N+]21CCCC1)C(O)(c1ccccc1)c1ccccc1,392.52,3.77,,,,,,,,,,,No DILI,No DILI,No DILI,2023 Jul 12,,,OYYDSUSKLWTMMQ
Tyramine,LT02356,Tyramine,No-DILI-Concern,No match,0.0,,Oral,DILIrank,,,,CHEMBL11608,,,0.0,15760.0,0.0,2.0,False,,0.0,,,0.0,3.0,Small molecule,1.0,False,0.0,False,0.0,TYRAMINE,0.0,MOL,False,False,,,,,False,NCCc1ccc(O)cc1,137.18,0.89,,,,,,TAAR,GPCR & G Protein,"Tyramine (4-hydroxyphenethylamine, para-tyramine, mydrial, uteramin) is a naturally occurring trace amine derived from the amino acid tyrosine and acts as a catecholamine releasing agent.",51-67-2,196.82,No DILI,No DILI,No DILI,,,,DZGWFCGJZKJUFP
Valganciclovir,LT01109,Valganciclovir,Ambiguous DILI-concern,Adverse reactions,3.0,,,DILIrank,E,Antimicrobial,Antiviral: Herpes,CHEMBL252321,,-1.0,0.0,,0.0,-1.0,False,,-1.0,,,-1.0,,Small molecule,1.0,False,-1.0,False,0.0,(R)-VALGANCICLOVIR,-1.0,MOL,False,False,,,,,False,CC(C)[C@H](N)C(=O)OC[C@@H](CO)OCn1cnc2c(=O)nc(N)[nH]c21,354.37,-1.44,,,,,,,,,,,No DILI,No DILI,No DILI,,,,WPVFJKSGQUFQAP
Valproic acid,LT00160,Valproic acid,Most-DILI-Concern,Box warning,8.0,,Oral,DILIrank,,,,CHEMBL109,N03AG01,1.0,1.0,39867.0,0.0,2.0,True,1978.0,0.0,,Anticonvulsant,0.0,4.0,Small molecule,1.0,True,0.0,True,0.0,VALPROIC ACID,0.0,MOL,True,False,,,,1975.0,False,CCCC(CCC)C(=O)O,144.21,2.29,"hepatotoxicity, teratogenicity, gastrointestinal toxicity",United States,,Black Box Warning,,"Autophagy,GABA Receptor,HDAC,Mitophagy,Notch,PGC-1α",Neuronal Signaling,"Valproic Acid sodium salt (NSC 93819, Sodium valproate) is a HDAC inhibitor by selectively inducing proteasomal degradation of HDAC2, used in the treatment of epilepsy, bipolar disorder and prevention of migraine headaches. Valproic acid induces Notch1 signaling in small cell lung cancer (SCLC) cells. Valproic acid is under investigation for treatment of HIV and various cancers. Valproic acid (VPA) induces autophagy and mitophagy by upregulation of BNIP3 and mitochondrial biogenesis by upregulating PGC-1α.",1069-66-5,198.57,DILI (likely),DILI,Likely,,,"Oxidative stress, Mitochondrial dysfunction, Steatosis (manual annotation)",NIJJYAXOARWZEE
Vancomycin,LT00161,Vancomycin,Less-DILI-Concern,No match,0.0,,Oral,DILIrank,B,Antimicrobial,Antibacterial,CHEMBL262777,S01AA28; A07AA09; J01XA01,1.0,1.0,28001.0,0.0,1.0,True,1964.0,0.0,,Antibacterial,0.0,4.0,Small molecule,1.0,True,0.0,True,0.0,VANCOMYCIN,0.0,MOL,True,False,-mycin,antibiotics (Streptomyces strain),-mycin,,False,CN[C@H](CC(C)C)C(=O)N[C@H]1C(=O)N[C@@H](CC(N)=O)C(=O)N[C@H]2C(=O)N[C@H]3C(=O)N[C@H](C(=O)N[C@H](C(=O)O)c4cc(O)cc(O)c4-c4cc3ccc4O)[C@H](O)c3ccc(c(Cl)c3)Oc3cc2cc(c3O[C@@H]2O[C@H](CO)[C@@H](O)[C@H](O)[C@H]2O[C@H]2C[C@](C)(N)[C@H](O)[C@H](C)O2)Oc2ccc(cc2Cl)[C@H]1O,1449.27,,teratogenicity,United States,,Black Box Warning,,"Antibiotics,Antibiotics for Plant Cell Culture,Bacterial",Microbiology,Vancomycin is an antibiotic used to treat serious bacterial infections. It works by stopping the growth of bacteria.,1404-90-6,20.01,DILI (likely),DILI,Likely,2020 Aug 20,,"Hepatitis, Hypersensitivity",MYPYJXKWCTUITO
Vardenafil,LT01135,Vardenafil,Ambiguous DILI-concern,Adverse reactions,3.0,,Oral,DILIrank,E*,Urologic,Erectile Dysfunction,CHEMBL1520,G04BE09,1.0,0.0,46295.0,0.0,2.0,True,2003.0,0.0,,,0.0,4.0,Small molecule,1.0,True,0.0,False,0.0,VARDENAFIL,0.0,MOL,True,False,-afil,phosphodiesterase type 5 inhibitors (PDE5) inhibitors: (PDE5) inhibitors containing a sulfonamide moiety,-afil (denafil),2001.0,False,CCCc1nc(C)c2c(=O)nc(-c3cc(S(=O)(=O)N4CCN(CC)CC4)ccc3OCC)[nH]n12,488.61,2.07,,,,,,,,,,,No DILI,No DILI,No DILI,2017 Aug 2,,,SECKRCOLJRRGGV
Vecuronium,LT00916,Vecuronium,No-DILI-Concern,No match,0.0,,Intravenous,DILIrank,,,,CHEMBL1201219,M03AC03,1.0,1.0,9939.0,0.0,1.0,False,1984.0,0.0,,Neuromuscular Blocking Agent,0.0,4.0,Small molecule,1.0,False,0.0,True,0.0,VECURONIUM,0.0,MOL,True,False,-ium; -onium,quaternary ammonium derivatives: neuromuscular blocking agents; quaternary ammonium derivatives: neuromuscular blocking agents,-ium (-curonium); -onium (-curonium),1984.0,False,CC(=O)O[C@H]1C[C@@H]2CC[C@@H]3[C@H](CC[C@@]4(C)[C@H]3C[C@H]([N+]3(C)CCCCC3)[C@@H]4OC(C)=O)[C@@]2(C)C[C@@H]1N1CCCCC1,557.84,5.97,,,,,,,,,,,No DILI,No DILI,No DILI,,,,BGSZAXLLHYERSY
Venlafaxine,LT00174,Venlafaxine,Less-DILI-Concern,Adverse reactions,7.0,,Oral,DILIrank,B,CNS,Antidepressant,CHEMBL637,N06AX16,1.0,1.0,9943.0,0.0,0.0,True,1993.0,0.0,,Antidepressant,0.0,4.0,Small molecule,1.0,True,0.0,False,0.0,VENLAFAXINE,0.0,MOL,True,False,-faxine,"antianxiety, antidepressant inhibitor of norepinephrine and dopamine re-uptake",-faxine,1989.0,False,COc1ccc(C(CN(C)C)C2(O)CCCCC2)cc1,277.41,3.04,psychiatric toxicity,United States,,Black Box Warning,,Serotonin Transporter,Neuronal Signaling,"Venlafaxine (Wy 45030) is an arylalkanolamine serotonin-norepinephrine reuptake inhibitor (SNRI), used to treat major depressive disorder (MDD), generalised anxiety disorder (GAD), panic disorder and social phobia.",93413-69-5,198.27,DILI (likely),DILI,Likely,2020 Mar 6,,"CYP, Cholestasis/Biliary, Immune-mediated, Hypersensitivity",PNVNVHUZROJLTJ
Vinorelbine,LT00262,Vinorelbine,Ambiguous DILI-concern,Adverse reactions,3.0,,Intravenous,DILIrank,E*,Antineoplastic,"Solid tumors, Lymphoma",CHEMBL553025,L01CA04,1.0,1.0,480999.0,0.0,1.0,True,1994.0,0.0,,Antineoplastic,0.0,4.0,Small molecule,1.0,False,0.0,True,0.0,VINORELBINE,0.0,MOL,True,False,vin-,vinca alkaloids,vin-,1993.0,False,CCC1=C[C@@H]2CN(C1)Cc1c([nH]c3ccccc13)[C@@](C(=O)OC)(c1cc3c(cc1OC)N(C)[C@H]1[C@@](O)(C(=O)OC)[C@H](OC(C)=O)[C@]4(CC)C=CCN5CC[C@]31[C@@H]54)C2,778.95,4.75,,,,,,,,,,,No DILI,No DILI,No DILI,,,,GBABOYUKABKIAF
Voriconazole,LT01097,Voriconazole,Most-DILI-Concern,Warnings and precautions,8.0,,Oral,DILIrank,B,Antimicrobial,Antifungal,CHEMBL638,J02AC03,1.0,0.0,10023.0,0.0,1.0,True,2002.0,0.0,,,0.0,4.0,Small molecule,0.0,True,0.0,True,0.0,VORICONAZOLE,0.0,MOL,True,False,-conazole,systemic antifungals (miconazole type),-conazole,1999.0,False,C[C@@H](c1ncncc1F)[C@](O)(Cn1cncn1)c1ccc(F)cc1F,349.32,2.18,,,,,,"Fungal,P450 (e.g. CYP17)",Metabolism,"Voriconazole (Vfend,UK-109496) is a new triazole derivative similar to fluconazole and itraconazole that acts by inhibiting fungal cytochrome P-450-dependent, 14-alpha-sterol demethylase-mediated synthesis of ergosterol.",137234-62-9,200.4,DILI (likely),DILI,Likely,2017 May 17,,"CYP, Cholestasis/Biliary, Immune-mediated, Hypersensitivity",BCEHBSKCWLPMDN
Vorinostat,LT00462,Vorinostat,No-DILI-Concern,No match,0.0,,Oral,DILIrank,E,Antineoplastic,Lymphoma,CHEMBL98,L01XH01,1.0,0.0,45716.0,0.0,2.0,True,2006.0,0.0,,,0.0,4.0,Small molecule,1.0,True,0.0,False,0.0,VORINOSTAT,0.0,MOL,True,False,-stat,enzyme inhibitors: histone deacetylase inhibitors,-stat (-inostat),2005.0,False,O=C(CCCCCCC(=O)Nc1ccccc1)NO,264.32,2.47,,,,,,"Autophagy,HDAC,HPV",Epigenetics,"Vorinostat (SAHA,MK0683, Suberoylanilide hydroxamic acid, Zolinza) is an HDAC inhibitor with IC50 of ~10 nM in a cell-free assay. Vorinostat abrogates productive HPV-18 DNA amplification.",149647-78-9,196.75,No DILI,No DILI,No DILI,2020 Sep 12,,,WAEXFXRVDQXREF
Ximelagatran,LT02033,Ximelagatran,Most-DILI-Concern,Withdrawn,8.0,,Oral,DILIrank,,,,CHEMBL522038,B01AE05,-2.0,0.0,65172.0,0.0,1.0,True,,0.0,,,0.0,4.0,Small molecule,1.0,True,0.0,False,0.0,XIMELAGATRAN,1.0,MOL,False,False,-gatran,thrombin inhibitors (argatroban type),-gatran,2002.0,True,CCOC(=O)CN[C@@H](C(=O)N1CC[C@H]1C(=O)NCc1ccc(/C(N)=N\O)cc1)C1CCCCC1,473.57,1.1,hepatotoxicity,European Union,severe liver injury during longer-term (more than 11 days) treatment,Withdrawn,hepatotoxicity,,,,,,DILI (withdrawn),DILI,Withdrawn,,,"Immune-mediated, Hypersensitivity, idiosyncratic (manual annotation)",ZXIBCJHYVWYIKI
Zaleplon,LT00648,Zaleplon,No-DILI-Concern,No match,0.0,,Oral,DILIrank,E,CNS,Sedative/Hypnotic,CHEMBL1521,N05CF03,1.0,1.0,10102.0,0.0,2.0,True,1999.0,0.0,,Sedative-Hypnotic,0.0,4.0,Small molecule,1.0,True,0.0,False,0.0,ZALEPLON,0.0,MOL,True,False,-plon,"non-benzodiazepine anxiolytics, sedatives, hypnotics",-plon,1994.0,False,CCN(C(C)=O)c1cccc(-c2ccnc3c(C#N)cnn23)c1,305.34,2.64,misuse,United States,,Black Box Warning,,,,,,,No DILI,No DILI,No DILI,,,,HUNXMJYCHXQEGX
Zimelidine,LT01874,Zimelidine,Most-DILI-Concern,Withdrawn,8.0,,Oral,DILIrank,,,,CHEMBL37744,N06AB02,-2.0,0.0,,0.0,2.0,False,,0.0,,Antidepressant,0.0,4.0,Small molecule,1.0,False,0.0,False,0.0,ZIMELDINE,0.0,MOL,False,False,,,,1977.0,True,CN(C)C/C=C(/c1ccc(Br)cc1)c1cccnc1,317.23,3.84,,,,,,,,,,,DILI (withdrawn),DILI,Withdrawn,,,,OYPPVKRFBIWMSX
Zolpidem,LT00164,Zolpidem,Ambiguous DILI-concern,Adverse reactions,7.0,,Oral,DILIrank,E,CNS,Sedative/Hypnotic,CHEMBL911,N05CF02,1.0,1.0,10125.0,0.0,2.0,False,1992.0,0.0,,Sedative-Hypnotic,0.0,4.0,Small molecule,1.0,True,0.0,False,0.0,ZOLPIDEM,0.0,MOL,True,True,-pidem,hypnotics/sedatives (zolpidem type),-pidem,1987.0,False,Cc1ccc(-c2nc3ccc(C)cn3c2CC(=O)N(C)C)cc1,307.4,3.25,,,,,,,,,,,No DILI,No DILI,No DILI,,,,ZAFYATHCZYHLPB
Alloxan,,Alloxan,,,,No-DILI,,Greene,,,,CHEMBL1096009,,-1.0,0.0,76451.0,0.0,-1.0,False,,-1.0,,,-1.0,,Small molecule,1.0,False,-1.0,False,0.0,ALLOXAN,-1.0,MOL,False,False,,,,,False,O=C1NC(=O)C(=O)C(=O)N1,142.07,-2.08,,,,,,,,,,,No DILI,No DILI,No DILI,,,,HIMXGTXNXJYFGB
Azlocillin,,Azlocillin,,,,No-DILI,,Greene,,,,CHEMBL1537,J01CA09,0.0,0.0,2956.0,0.0,1.0,False,1982.0,0.0,,Antibacterial,0.0,4.0,Small molecule,1.0,False,0.0,True,0.0,AZLOCILLIN,0.0,MOL,True,False,-cillin,penicillins,-cillin,1976.0,False,CC1(C)S[C@@H]2[C@H](NC(=O)[C@H](NC(=O)N3CCNC3=O)c3ccccc3)C(=O)N2[C@H]1C(=O)O,461.5,0.09,,,,,,,,,,,No DILI,No DILI,No DILI,,,,JTWOMNBEOCYFNV
Butoconazole,,Butoconazole,,,,No-DILI,Vaginal,Greene,,,,CHEMBL1295,G01AF15,2.0,0.0,3240.0,0.0,0.0,False,1985.0,0.0,,Antifungal,0.0,4.0,Small molecule,1.0,False,0.0,False,0.0,BUTOCONAZOLE,0.0,MOL,True,True,-conazole,systemic antifungals (miconazole type),-conazole,1978.0,False,Clc1ccc(CCC(Cn2ccnc2)Sc2c(Cl)cccc2Cl)cc1,411.79,6.64,,,,,,Fungal,Microbiology,Butoconazole is an imidazole antifungal used in gynecology.,64872-76-0,199.14,No DILI,No DILI,No DILI,,,,SWLMUYACZKCSHZ
Cephapirin,,Cephapirin,,,,No-DILI,,Greene,,,,CHEMBL1599,J01DB08,0.0,0.0,554446.0,0.0,1.0,False,1974.0,0.0,,Antibacterial,0.0,4.0,Small molecule,1.0,False,0.0,True,0.0,CEPHAPIRIN,0.0,MOL,True,False,,,,1970.0,False,CC(=O)OCC1=C(C(=O)O)N2C(=O)[C@@H](NC(=O)CSc3ccncc3)[C@H]2SC1,423.47,0.48,,,,,,,,,,,No DILI,No DILI,No DILI,,,,UQLLWWBDSUHNEB
Econazole,,Econazole,,,,No-DILI,Topical,Greene,,,,CHEMBL808,D01AC03; G01AF05,1.0,0.0,82873.0,0.0,0.0,False,1982.0,0.0,,Antifungal,0.0,4.0,Small molecule,1.0,False,0.0,False,0.0,ECONAZOLE,0.0,MOL,True,True,-conazole,systemic antifungals (miconazole type),-conazole,1972.0,False,Clc1ccc(COC(Cn2ccnc2)c2ccc(Cl)cc2Cl)cc1,381.69,5.8,,,,,,Bacterial,Microbiology,Econazole is a broad spectrum antimycotic with some action against Gram positive bacteria.,27220-47-9,199.12,No DILI,No DILI,No DILI,,,,LEZWWPYKPKIXLL
Gallamine triethiodide,,Gallamine triethiodide,,,,No-DILI,Intravenous,Greene,,,,CHEMBL1200993,,0.0,0.0,,0.0,2.0,True,1982.0,0.0,,Neuromuscular Blocking Agent,0.0,4.0,Small molecule,1.0,False,0.0,True,0.0,GALLAMINE TRIETHIODIDE,0.0,MOL,True,False,,,,,False,CC[N+](CC)(CC)CCOc1cccc(OCC[N+](CC)(CC)CC)c1OCC[N+](CC)(CC)CC.[I-].[I-].[I-],891.54,5.45,,,,,,AChR,Neuronal Signaling,Gallamine Triethiodide  is a cholinergic receptor blocker with an IC50 of 68.0 ± 8.4 μM.,65-29-2,112.17,No DILI,No DILI,No DILI,,,,REEUVFCVXKWOFE
Isoxicam,,Isoxicam,,,,No-DILI,,Greene,,,,CHEMBL53292,,-2.0,0.0,76163.0,0.0,2.0,True,,0.0,,Anti-Inflammatory,0.0,4.0,Small molecule,1.0,False,0.0,False,0.0,ISOXICAM,0.0,MOL,False,False,-icam,anti-inflammatory agents (isoxicam type),-icam,1974.0,True,Cc1cc(NC(=O)C2=C(O)c3ccccc3S(=O)(=O)N2C)no1,335.34,1.48,dermatological toxicity,France; Spain; Germany,Stevens Johnson Syndrome; Toxic Epidermal Necrolysis,Withdrawn,dermatological toxicity,Others,Others,,34552-84-6,50.69,No DILI,No DILI,No DILI,,,,YYUAYBYLJSNDCX
Ketotifen,,Ketotifen,,,,No-DILI,"Opthalmic, Topical",Greene,,,,CHEMBL534,R06AX17; S01GX08,2.0,0.0,,0.0,2.0,False,1999.0,0.0,,Anti-Asthmatic,0.0,4.0,Small molecule,1.0,False,0.0,False,0.0,KETOTIFEN,1.0,MOL,True,True,,,,1979.0,False,CN1CCC(=C2c3ccccc3CC(=O)c3sccc32)CC1,309.43,4.01,,,,,,,,,,,No DILI,No DILI,No DILI,,,,ZCVMWBYGMWKGHF
Latamoxef,,Latamoxef,,,,No-DILI,,Greene,,,,CHEMBL74632,J01DD06,0.0,0.0,599928.0,0.0,0.0,False,1982.0,0.0,,Anti-Infective,0.0,4.0,Small molecule,1.0,False,0.0,True,0.0,MOXALACTAM,0.0,MOL,True,False,,,,1980.0,False,CO[C@@]1(NC(=O)C(C(=O)O)c2ccc(O)cc2)C(=O)N2C(C(=O)O)=C(CSc3nnnn3C)CO[C@@H]21,520.48,-1.13,,,,,,,,,,,No DILI,No DILI,No DILI,,,,JWCSIUVGFCSJCK
Melatonin,,Melatonin,,,,No-DILI,Oral,Greene,E,HDS: Nutritional Suppl,Sedative/Hypnotic,CHEMBL45,N05CH01,-1.0,0.0,16796.0,0.0,2.0,True,2022.0,0.0,,,0.0,4.0,Small molecule,1.0,True,0.0,False,0.0,MELATONIN,0.0,MOL,True,False,,,,,False,COc1ccc2[nH]cc(CCNC(C)=O)c2c1,232.28,1.86,,,,,,"Apoptosis related,ATF/CREB & c-Fos/c-Jun,Autophagy,COX,Mitophagy,MT Receptor",GPCR & G Protein,"Melatonin (NSC 113928, NSC 56423, N-Acetyl-5-methoxytryptamine,MT) is a MT receptor agonist, used as a dietary supplement. Melatonin is a selective ATF-6 inhibitor and downregulates COX-2. Melatonin enhances mitophagy and regulates the homeostasis of apoptosis and autophagy.",73-31-4,202.34,No DILI,No DILI,No DILI,,,,DRLFMBDRBRZALE
Miconazole,,Miconazole,,,,No-DILI,Topical,Greene,,,,CHEMBL91,G01AF04; S02AA13; J02AB01; A01AB09; D01AC52; A07AC01; D01AC02,2.0,0.0,82892.0,0.0,0.0,True,1974.0,0.0,,Antifungal,0.0,4.0,Small molecule,1.0,False,0.0,True,0.0,MICONAZOLE,0.0,MOL,True,True,-conazole,systemic antifungals (miconazole type),-conazole,1970.0,False,Clc1ccc(COC(Cn2ccnc2)c2ccc(Cl)cc2Cl)c(Cl)c1,416.13,6.45,,,,,,Fungal,Microbiology,"Miconazole (Monistat,R18134) is an imidazole antifungal agent.",22916-47-8,199.46,No DILI,No DILI,No DILI,,,,BYBLEWFAAKGYCD
Nocodazole,,Nocodazole,,,,No-DILI,,Greene,,,,CHEMBL9514,,,0.0,34892.0,0.0,2.0,False,,0.0,,Antineoplastic,0.0,2.0,Small molecule,1.0,False,0.0,False,0.0,NOCODAZOLE,0.0,MOL,False,False,,,,1976.0,False,COC(=O)Nc1nc2cc(C(=O)c3cccs3)ccc2[nH]1,301.33,3.03,,,,,,"Apoptosis related,Autophagy,Bcr-Abl,CRISPR/Cas9,Microtubule Associated",Cytoskeletal Signaling,"Nocodazole (R17934, Oncodazole, NSC238159) is a rapidly-reversible inhibitor of microtubule polymerization, also inhibits Abl, Abl(E255K) and Abl(T315I) with IC50 of 0.21 μM, 0.53 μM and 0.64 μM in cell-free assays, respectively. Nocodazole induces apoptosis.",31430-18-9,23.23,No DILI,No DILI,No DILI,,,,KYRVNWMVYQXFEU
Pyridoxal phosphate,,Pyridoxal phosphate,,,,No-DILI,Oral,Greene,,,,CHEMBL82202,,,0.0,18405.0,0.0,2.0,False,,0.0,,,0.0,3.0,Small molecule,1.0,False,0.0,False,0.0,PYRIDOXAL PHOSPHATE ANHYDROUS,0.0,MOL,False,False,,,,,False,Cc1ncc(COP(=O)(O)O)c(C=O)c1O,247.14,0.52,,,,,,Vitamin,Metabolism,"Pyridoxal phosphate (Pyridoxal 5'-phosphate, PAL-P, PLP, Vitamin B6), the active form of vitamin B6, acts as a coenzyme in all transamination reactions, and in certain decarboxylation, deamination, and racemization reactions of amino acids.",54-47-7,40.46,No DILI,No DILI,No DILI,,,,NGVDGCNFYWLIFO
Ragaglitazar,,Ragaglitazar,,,,No-DILI,,Greene,,,,CHEMBL24038,,,0.0,,0.0,1.0,False,,0.0,,,0.0,2.0,Small molecule,1.0,False,0.0,False,0.0,RAGAGLITAZAR,0.0,MOL,False,False,-glitazar,peroxisome proliferator activiating receptor (PPAR) agonists (not thiazolidene derivatives),-glitazar,,False,CCO[C@@H](Cc1ccc(OCCN2c3ccccc3Oc3ccccc32)cc1)C(=O)O,419.48,5.04,,,,,,,,,,,No DILI,No DILI,No DILI,,,,WMUIIGVAWPWQAW
Sulconazole nitrate,,Sulconazole nitrate,,,,No-DILI,Topical,Greene,,,,CHEMBL1200348,,1.0,0.0,,0.0,0.0,True,1985.0,0.0,,Antifungal,0.0,4.0,Small molecule,0.0,False,0.0,False,0.0,SULCONAZOLE NITRATE,0.0,MOL,True,True,-conazole,systemic antifungals (miconazole type),-conazole,1977.0,False,Clc1ccc(CSC(Cn2ccnc2)c2ccc(Cl)cc2Cl)cc1.O=[N+]([O-])O,460.77,6.52,,,,,,Fungal,Microbiology,"Sulconazole Nitrate(Exelderm,RS 44872) is an imidazole derivative with broad-spectrum antifungal activity.",61318-91-0,199.67,No DILI,No DILI,No DILI,,,,CRKGMGQUHDNAPB
Sulfabenzamide,,Sulfabenzamide,,,,No-DILI,,Greene,,,,CHEMBL1243,,0.0,0.0,,0.0,2.0,True,1945.0,0.0,,Antibacterial,0.0,4.0,Small molecule,1.0,False,0.0,False,0.0,SULFABENZAMIDE,0.0,MOL,True,True,sulfa-,antimicrobials (sulfonamides derivatives),sulfa-,1971.0,False,Nc1ccc(S(=O)(=O)NC(=O)c2ccccc2)cc1,276.32,1.39,,,,,,Bacterial,Microbiology,"Sulfabenzamide (Sultrin, N-Sulfanilylbenzamide) is an antibacterial/antimicrobial which also exhibit their antitumor effects through multiple mechanisms including inhibition of membrane bound carbonic anhydrases, prevention of microtubule assembly, cell cycle arrest, and inhibition of angiogenesis.",127-71-9,199.05,No DILI,No DILI,No DILI,,,,PBCZLFBEBARBBI
Vidarabine,,Vidarabine,,,,No-DILI,,Greene,,,,CHEMBL1090,S01AD06; J05AB03,0.0,0.0,45327.0,0.0,1.0,True,1976.0,0.0,,Antiviral,0.0,4.0,Small molecule,1.0,False,0.0,True,0.0,VIDARABINE,0.0,MOL,True,True,-arabine,antineoplastics (arabinofuranosyl derivatives),-arabine,1974.0,False,Nc1ncnc2c1ncn2[C@@H]1O[C@H](CO)[C@@H](O)[C@@H]1O,267.25,-1.98,,,,,,DNA/RNA Synthesis,DNA Damage/DNA Repair,"Vidarabine is an antiviral drug by interfering with the synthesis of viral DNA, used to treat herpes simplex and varicella zoster viruses.",5536-17-4,198.32,No DILI,No DILI,No DILI,,,,OIRDTQYFTABQOQ
Zomepirac,,Zomepirac,,,,No-DILI,,Greene,,,,CHEMBL19490,M01AB04,-2.0,0.0,35859.0,0.0,2.0,False,1980.0,0.0,,Analgesic; Anti-Inflammatory,0.0,4.0,Small molecule,1.0,False,0.0,False,0.0,ZOMEPIRAC,0.0,MOL,False,False,-ac,anti-inflammatory agents (acetic acid derivatives),-ac,1978.0,True,Cc1cc(CC(=O)O)n(C)c1C(=O)c1ccc(Cl)cc1,291.73,2.85,,,,,,,,,,,No DILI,No DILI,No DILI,,,,ZXVNMYWKKDOREA
Acrivastine,,Acrivastine,,,,No-DILI,Oral,LiverTox,E,Respiratory,Allergy symptoms,CHEMBL1224,R06AX18,1.0,0.0,83168.0,0.0,2.0,True,1994.0,0.0,,Antihistaminic,0.0,4.0,Small molecule,1.0,True,0.0,False,0.0,ACRIVASTINE,0.0,MOL,True,False,-astine,antihistaminics (histamine-H1 receptor antagonists),-astine,1985.0,False,Cc1ccc(/C(=C\CN2CCCC2)c2cccc(/C=C/C(=O)O)n2)cc1,348.45,4.02,,,,,,Histamine Receptor,Neuronal Signaling,Acrivastine(BW825C) is an antihistamine medicine that relieves the symptoms of allergies.,87848-99-5,28.7,No DILI,No DILI,No DILI,,,,PWACSDKDOHSSQD
Amobarbital,,Amobarbital,,,,No-DILI,"Intramuscular; Intravenous, oral",LiverTox,E,CNS,Sedative/Hypnotic,CHEMBL267894,N05CA02,-2.0,0.0,2673.0,0.0,0.0,True,,0.0,,Sedative-Hypnotic,0.0,4.0,Small molecule,1.0,False,0.0,False,0.0,AMOBARBITAL,0.0,MOL,True,False,-barb-,barbituric acid derivatives,-barb-,,True,CCC1(CCC(C)C)C(=O)NC(=O)NC1=O,226.28,1.18,misuse,Norway,Self-Poisonings,Withdrawn,misuse,,,,,,No DILI,No DILI,No DILI,,,,VIROVYVQCGLCII
Artemether,,Artemether,,,,No-DILI,Oral,LiverTox,,,,CHEMBL566534,P01BE02,1.0,0.0,195280.0,0.0,1.0,True,2009.0,1.0,,,0.0,4.0,Small molecule,1.0,True,0.0,False,0.0,ARTEMETHER,1.0,MOL,True,False,arte-,antimalarials (artemisin derivatives),arte-,2008.0,False,CO[C@H]1O[C@@H]2O[C@@]3(C)CC[C@H]4[C@H](C)CC[C@@H]([C@H]1C)[C@@]24OO3,298.38,2.84,,,,,,"ADC Cytotoxin,Anti-infection",Microbiology,"Artemether (SM-224, CGP 56696) is an antimalarial for the treatment of resistant strains of falciparum malaria.",71963-77-4,201.09,No DILI,No DILI,No DILI,,,,SXYIRMFQILZOAM
Bitolterol,,Bitolterol,,,,No-DILI,,LiverTox,E,Respiratory,Bronchodilation,CHEMBL1201295,R03AC17,0.0,0.0,3133.0,0.0,0.0,False,1984.0,0.0,,Bronchodilator,0.0,4.0,Small molecule,1.0,False,0.0,False,0.0,BITOLTEROL,1.0,MOL,True,True,-terol,bronchodilators (phenethylamine derivatives),-terol,1975.0,False,Cc1ccc(C(=O)Oc2ccc(C(O)CNC(C)(C)C)cc2OC(=O)c2ccc(C)cc2)cc1,461.56,5.16,,,,,,,,,,,No DILI,No DILI,No DILI,,,,FZGVEKPRDOIXJY
Butalbital,,Butalbital,,,,No-DILI,Oral,LiverTox,E,CNS,Sedative/Hypnotic,CHEMBL454,,1.0,0.0,102524.0,0.0,2.0,True,1983.0,0.0,,Sedative-Hypnotic,0.0,4.0,Small molecule,1.0,True,0.0,False,0.0,BUTALBITAL,0.0,MOL,True,False,,,,1966.0,False,C=CCC1(CC(C)C)C(=O)NC(=O)NC1=O,224.26,0.96,,,,,,,,,,,No DILI,No DILI,No DILI,,,,UZVHFVZFNXBMQJ
Butobarbital,,Butobarbital,,,,No-DILI,,LiverTox,,,,CHEMBL404422,N05CA03,-1.0,0.0,,0.0,2.0,True,,0.0,,,0.0,4.0,Small molecule,1.0,False,0.0,False,0.0,BUTETHAL,0.0,MOL,True,False,,,,,False,CCCCC1(CC)C(=O)NC(=O)NC1=O,212.25,0.94,,,,,,,,,,,No DILI,No DILI,No DILI,,,,STDBAQMTJLUMFW
Carmustine,,Carmustine,,,,No-DILI,Intravenous,LiverTox,E*,Antineoplastic,"Solid tumors, Lymphoma",CHEMBL513,L01AD01,1.0,0.0,3423.0,0.0,2.0,True,1977.0,0.0,,Antineoplastic,0.0,4.0,Small molecule,1.0,False,0.0,True,0.0,CARMUSTINE,0.0,MOL,True,False,-mustine,antineoplastics (chloroethylamine derivatives),-mustine,1970.0,False,O=NN(CCCl)C(=O)NCCCl,214.05,1.16,,,,,,DNA/RNA Synthesis,DNA Damage/DNA Repair,"Carmustine (bis-chloroethylnitrosourea, BCNU, BiCNU) is a cell-cycle phase nonspecific alkylating antineoplastic agent and used in the treatment of brain tumors and various other malignant neoplasms.",154-93-8,,No DILI,No DILI,No DILI,2017 Jan 17,,,DLGOEMSEDOSKAD
Chlortetracycline,,Chlortetracycline,,,,No-DILI,Tropical,LiverTox,E*,Antimicrobial,Antibacterial,CHEMBL404520,D06AA02; J01AA03; S01AA02; A01AB21,0.0,0.0,27644.0,0.0,1.0,False,1950.0,0.0,,"Antibacterial; Antiprotozoal,Antiprotozoal; Antibacterial",0.0,4.0,Small molecule,1.0,False,0.0,False,0.0,CHLORTETRACYCLINE,0.0,MOL,True,True,-cycline,antibiotics (tetracycline derivatives),-cycline,,False,CN(C)[C@@H]1C(O)=C(C(N)=O)C(=O)[C@@]2(O)C(O)=C3C(=O)c4c(O)ccc(Cl)c4[C@@](C)(O)[C@H]3C[C@@H]12,478.89,0.44,,,,,,,,,,,No DILI,No DILI,No DILI,,,,CYDMQBQPVICBEU
Cilastatin,,Cilastatin,,,,No-DILI,Intravenous,LiverTox,E,Antimicrobial,Antibacterial,CHEMBL766,,1.0,0.0,3697.0,0.0,1.0,False,1985.0,0.0,,Enzyme Inhibitor,0.0,4.0,Small molecule,1.0,False,0.0,True,0.0,CILASTATIN,0.0,MOL,True,False,-stat-,enzyme inhibitors: antihyperlipidemics (HMG-CoA inhibitors),-stat- (-statin),1984.0,False,CC1(C)C[C@@H]1C(=O)N/C(=C\CCCCSC[C@H](N)C(=O)O)C(=O)O,358.46,1.43,,,,,,Others,Metabolism,Cilastatin(MK0791) is a renal dehydropeptidase-I and leukotriene D4 dipeptidase inhibitor.,82009-34-5,251.08,No DILI,No DILI,No DILI,,,,DHSUYTOATWAVLW
Cisapride,,Cisapride,,,,No-DILI,Oral,LiverTox,E,Gastrointestinal,Prokinetic agent,CHEMBL1729,A03FA02,-2.0,1.0,,0.0,0.0,True,1993.0,0.0,,Stimulant (peristaltic),0.0,4.0,Small molecule,0.0,True,0.0,False,0.0,CISAPRIDE,0.0,MOL,True,False,-pride,sulpride derivatives and analogs,-pride,1983.0,True,COc1cc(N)c(Cl)cc1C(=O)NC1CCN(CCCOc2ccc(F)cc2)CC1OC,465.95,3.36,cardiotoxicity,Armenia; Brunei; Mauritius; Bhutan; United Kingdom; Philippines; United States; Oman; Canada,"Rare but serious cardiac adverse effects; Adverse cardiac events published by the FDA.; Serious cardiovascular adverse effects, Fatal arrhythmia, Documented reports on adverse events including deaths associated with its use; Rare but serious heart complications including arrhythmias and sudden death, Serious cardiac arrhythmias (e.g. ventricular tachycardia, torsades de pointes, and ventricular fibrillation) and sudden cardiac deaths",Withdrawn,cardiotoxicity,5-HT Receptor,Neuronal Signaling,"Cisapride (R 51619, Kaudalit, Kinestase, Prepulsid, Presid, Pridesia, Propulsid) is a nonselective 5-HT4 receptor agonist with gastroprokinetic effects.",81098-60-4,199.59,No DILI,No DILI,No DILI,,,,DCSUBABJRXZOMT
Cobicistat,,Cobicistat,,,,No-DILI,Oral,LiverTox,E*,Antimicrobial,Antiviral: HIV,CHEMBL2095208,V03AX03,1.0,0.0,72291.0,0.0,1.0,True,2012.0,0.0,,,0.0,4.0,Small molecule,1.0,True,0.0,False,0.0,COBICISTAT,0.0,MOL,True,False,-stat,enzyme inhibitors,-stat,2009.0,False,CC(C)c1nc(CN(C)C(=O)N[C@@H](CCN2CCOCC2)C(=O)N[C@H](CC[C@H](Cc2ccccc2)NC(=O)OCc2cncs2)Cc2ccccc2)cs1,776.04,6.0,,,,,,P450 (e.g. CYP17),Metabolism,Cobicistat (GS-9350) is a potent and selective inhibitor of CYP3A with IC50 of 30-285 nM.,1004316-88-4,128.86,No DILI,No DILI,No DILI,,,,ZCIGNRJZKPOIKD
Docusate,,Docusate,,,,No-DILI,oral,LiverTox,E,Gastrointestinal,Laxative,CHEMBL1477036,,-1.0,0.0,534.0,0.0,0.0,False,,0.0,,"Stool Softener,Stool Softener; Pharmaceutic Aid (surfactant)",0.0,4.0,Small molecule,1.0,False,0.0,False,0.0,DOCUSATE,0.0,MOL,False,False,,,,1980.0,False,CCCCC(CC)COC(=O)CC(C(=O)OCC(CC)CCCC)S(=O)(=O)O,422.58,4.15,,,,,,,,,,,No DILI,No DILI,No DILI,2018 Jan 9,,,HNSDLXPSAYFUHK
Ergotamine,,Ergotamine,,,,No-DILI,oral,LiverTox,E,CNS,Migraine,CHEMBL442,N02CA72; N02CA02; N02CA52,1.0,1.0,64318.0,0.0,1.0,False,1948.0,0.0,,Analgesic (specific in migraine),0.0,4.0,Small molecule,1.0,True,0.0,False,0.0,ERGOTAMINE,0.0,MOL,True,True,,,,,False,CN1C[C@H](C(=O)N[C@]2(C)O[C@@]3(O)[C@@H]4CCCN4C(=O)[C@H](Cc4ccccc4)N3C2=O)C=C2c3cccc4[nH]cc(c34)C[C@H]21,581.67,1.99,,,,,,,,,,,No DILI,No DILI,No DILI,,,,XCGSFFUVFURLIX
Ethacrynate,,Ethacrynate,,,,No-DILI,oral,LiverTox,,,,CHEMBL456,C03CC01,1.0,0.0,4876.0,0.0,2.0,True,1967.0,0.0,,Diuretic,0.0,4.0,Small molecule,1.0,True,0.0,True,0.0,ETHACRYNIC ACID,0.0,MOL,True,False,,,,1963.0,False,C=C(CC)C(=O)c1ccc(OCC(=O)O)c(Cl)c1Cl,303.14,3.61,,,,,,,,,,,No DILI,No DILI,No DILI,,,,AVOLMBLBETYQHX
Homatropine,,Homatropine,,,,No-DILI,Ophthalmic,LiverTox,E,Respiratory,Cold symptoms,CHEMBL1618018,S01FA05,-1.0,0.0,5747.0,0.0,0.0,False,,0.0,,Anticholinergic,0.0,4.0,Small molecule,1.0,False,0.0,False,0.0,HOMATROPINE,0.0,MOL,True,False,-trop-,atropine derivatives,-trop-,,False,CN1[C@@H]2CC[C@H]1C[C@@H](OC(=O)C(O)c1ccccc1)C2,275.35,1.89,,,,,,,,,,,No DILI,No DILI,No DILI,,,,ZTVIKZXZYLEVOL
Ipratropium,,Ipratropium,,,,No-DILI,Oral; Respiratory (inhalation),LiverTox,E,Respiratory,Bronchodilation,CHEMBL1621597,,1.0,0.0,,0.0,0.0,False,1986.0,0.0,,Bronchodilator,0.0,4.0,Small molecule,1.0,False,0.0,False,0.0,IPRATROPIUM,0.0,MOL,True,True,-ium; -trop-,quaternary ammonium derivatives; atropine derivatives,-ium; -trop-,1977.0,False,CC(C)[N+]1(C)[C@@H]2CC[C@H]1C[C@@H](OC(=O)C(CO)c1ccccc1)C2,332.46,2.85,,,,,,,,,,,No DILI,No DILI,No DILI,,,,OEXHQOGQTVQTAT
Levamisole,,Levamisole,,,,No-DILI,Oral,LiverTox,E*,Antimicrobial,Antihelmintic,CHEMBL1454,P02CE01,-2.0,0.0,6432.0,0.0,1.0,False,1990.0,0.0,,Biological Response Modifier,0.0,4.0,Small molecule,1.0,True,0.0,False,0.0,LEVAMISOLE,0.0,MOL,True,False,,,,1970.0,True,c1ccc([C@H]2CN3CCSC3=N2)cc1,204.3,2.15,"neurotoxicity, immune system toxicity",Vietnam,Adverse effects that cause encephalitis and mortality,Withdrawn,"neurotoxicity, immune system toxicity",,,,,,No DILI,No DILI,No DILI,,,,HLFSDGLLUJUHTE
Liraglutide,,Liraglutide,,,,No-DILI,Subcutaneous,LiverTox,E,Endocrine,Diabetes,CHEMBL4084119,A10BJ02,1.0,1.0,,0.0,1.0,True,2010.0,0.0,,,0.0,4.0,Protein,1.0,False,0.0,True,0.0,LIRAGLUTIDE,0.0,MOL,True,False,-tide,peptides: glucagon-like peptide (GLP) analogs,-tide (-glutide),2007.0,False,CCCCCCCCCCCCCCCC(=O)N[C@@H](CCC(=O)NCCCC[C@H](NC(=O)[C@H](C)NC(=O)[C@H](C)NC(=O)[C@H](CCC(N)=O)NC(=O)CNC(=O)[C@H](CCC(=O)O)NC(=O)[C@H](CC(C)C)NC(=O)[C@H](Cc1ccc(O)cc1)NC(=O)[C@H](CO)NC(=O)[C@H](CO)NC(=O)[C@@H](NC(=O)[C@H](CC(=O)O)NC(=O)[C@H](CO)NC(=O)[C@@H](NC(=O)[C@H](Cc1ccccc1)NC(=O)[C@@H](NC(=O)CNC(=O)[C@H](CCC(=O)O)NC(=O)[C@H](C)NC(=O)[C@@H](N)Cc1cnc[nH]1)[C@@H](C)O)[C@@H](C)O)C(C)C)C(=O)N[C@@H](CCC(=O)O)C(=O)N[C@@H](Cc1ccccc1)C(=O)N[C@H](C(=O)N[C@@H](C)C(=O)N[C@@H](Cc1c[nH]c2ccccc12)C(=O)N[C@@H](CC(C)C)C(=O)N[C@H](C(=O)N[C@@H](CCCNC(=N)N)C(=O)NCC(=O)N[C@@H](CCCNC(=N)N)C(=O)NCC(=O)O)C(C)C)[C@@H](C)CC)C(=O)O,3751.26,,carcinogenicity,United States,,Black Box Warning,,,,,,,No DILI,No DILI,No DILI,2019 Apr 10,,,YSDQQAXHVYUZIW
Plicamycin,,Plicamycin,,,,DILI,,LiverTox,A [HD],Antineoplastic,Solid tumors,CHEMBL1237054,L01DC02,0.0,0.0,,0.0,1.0,True,1970.0,0.0,,Antineoplastic,0.0,4.0,Small molecule,1.0,False,0.0,True,0.0,PLICAMYCIN,0.0,MOL,True,False,-mycin,antibiotics (Streptomyces strain),-mycin,1965.0,False,CO[C@H](C(=O)[C@@H](O)[C@@H](C)O)[C@@H]1Cc2cc3cc(O[C@H]4C[C@@H](O[C@@H]5C[C@@H](O)[C@H](O)[C@@H](C)O5)[C@H](O)[C@@H](C)O4)c(C)c(O)c3c(O)c2C(=O)[C@H]1O[C@H]1C[C@@H](O[C@@H]2C[C@@H](O)[C@@H](O[C@@H]3C[C@](C)(O)[C@H](O)[C@@H](C)O3)[C@@H](C)O2)[C@H](O)[C@@H](C)O1,1085.16,,,,,,,,,,,,DILI (known),DILI,Known,2020 Feb 19,,"Hepatitis, Necrosis, Sinusoidal",XDKMHMINQXATOR
Proguanil,,Proguanil,,,,No-DILI,Oral,LiverTox,E*,Antimicrobial,Antimalarial,CHEMBL1377,P01BB01; P01BB51,1.0,0.0,8455.0,0.0,2.0,False,2000.0,0.0,,,0.0,4.0,Small molecule,1.0,True,0.0,False,0.0,PROGUANIL,1.0,MOL,True,False,,,,2000.0,False,CC(C)NC(=N)NC(=N)Nc1ccc(Cl)cc1,253.74,2.21,,,,,,"Anti-infection,DHFR",Microbiology,"Proguanil (chlorguanide, chloroguanide) is a prophylactic antimalarial drug. It inhibits the dihydrofolate reductase of plasmodia and thereby blocks the biosynthesis of purines and pyrimidines, which are essential for DNA synthesis and cell multiplication.",500-92-5,201,No DILI,No DILI,No DILI,2017 Feb 3,,,SSOLNOMRVKKSON
Salmeterol,,Salmeterol,,,,No-DILI,Oral; Respiratory (inhalation),LiverTox,E,Respiratory,Bronchodilation,CHEMBL1263,R03AC12,1.0,1.0,64064.0,0.0,0.0,True,1994.0,0.0,,Bronchodilator,0.0,4.0,Small molecule,1.0,False,0.0,False,0.0,SALMETEROL,0.0,MOL,True,True,sal-; -terol,anti-inflammatory agents (salicylic acid derivatives); bronchodilators (phenethylamine derivatives),sal-; -terol,1985.0,False,OCc1cc(C(O)CNCCCCCCOCCCCc2ccccc2)ccc1O,415.57,4.11,,,,,,Adrenergic Receptor,Neuronal Signaling,"Salmeterol (Astmerole, GR-33343X, SN408D) is a long-acting beta2-adrenergic receptor agonist with Ki value of 1.5 nM for WT β2AR and shows very high selectivity for the WT β2AR(β1Ki/β2Ki ratio of approximately 1500).",89365-50-4,199.73,No DILI,No DILI,No DILI,,,,GIIZNNXWQWCKIB
Tazobactam,,Tazobactam,,,,No-DILI,Intravenous; Parenteral,LiverTox,E,Antimicrobial,Antibacterial,CHEMBL404,J01CG02,1.0,0.0,9421.0,0.0,1.0,False,1993.0,0.0,,Inhibitor (beta-lactamase),0.0,4.0,Small molecule,1.0,False,0.0,True,0.0,TAZOBACTAM,0.0,MOL,True,False,-bactam,beta-lactamase inhibitors,-bactam,1989.0,False,C[C@]1(Cn2ccnn2)[C@H](C(=O)O)N2C(=O)C[C@H]2S1(=O)=O,300.3,-1.52,,,,,,"Selection Antibiotics for Transfected Cell,β-lactamase",Microbiology,"Tazobactam (Tazobactam acid, Tazobactamum) is a β-lactamases Inhibitor with antibacterial activity. It also inhibits the class D oxacillinase OXA-2. It is used in combination with piperacillin and other β-lactam antibiotics to broaden their spectrum and enhance their effect.",89786-04-9,199.81,No DILI,No DILI,No DILI,,,,LPQZKKCYTLCDGQ
Thiopental,,Thiopental,,,,No-DILI,Intravenous,LiverTox,E,CNS,Sedative/Hypnotic,CHEMBL441,N01AF03; N05CA19,0.0,0.0,102166.0,0.0,0.0,False,1982.0,0.0,,Anesthetic (intravenous); Anticonvulsant,0.0,4.0,Small molecule,1.0,False,0.0,False,0.0,THIOPENTAL,0.0,MOL,True,True,,,,,False,CCCC(C)C1(CC)C(=O)NC(=S)NC1=O,242.34,1.35,,,,,,,,,,,No DILI,No DILI,No DILI,,,,IUJDSEJGGMCXSG
Tiotropium,,Tiotropium,,,,No-DILI,Oral; Respiratory (inhalation),LiverTox,E,Respiratory,Asthma,CHEMBL1900528,,1.0,0.0,,0.0,1.0,True,2004.0,0.0,,,0.0,4.0,Small molecule,1.0,False,0.0,False,0.0,TIOTROPIUM,0.0,MOL,True,True,-ium; -trop-,quaternary ammonium derivatives; atropine derivatives,-ium; -trop-,,False,C[N+]1(C)[C@@H]2C[C@@H](OC(=O)C(O)(c3cccs3)c3cccs3)C[C@H]1[C@@H]1O[C@@H]12,392.52,2.35,,,,,,,,,,,No DILI,No DILI,No DILI,,,,LERNTVKEWCAPOY
Vismodegib,,Vismodegib,,,,DILI,Oral,LiverTox,B,Antineoplastic,Basal cell cancer,CHEMBL473417,L01XJ01,1.0,1.0,66903.0,0.0,2.0,True,2012.0,1.0,,,0.0,4.0,Small molecule,1.0,True,0.0,False,0.0,VISMODEGIB,0.0,MOL,True,False,-degib,hedgehog signaling inhibitors,-degib,2009.0,False,CS(=O)(=O)c1ccc(C(=O)Nc2ccc(Cl)c(-c3ccccn3)c2)c(Cl)c1,421.31,4.71,teratogenicity,United States,,Black Box Warning,,Hedgehog/Smoothened,Stem Cells & Wnt,"Vismodegib (GDC-0449) is a potent, novel and specific hedgehog inhibitor with IC50 of 3 nM and also inhibits P-gp with IC50 of 3.0 μM in a cell-free assay.",879085-55-9,199.38,DILI (likely),DILI,Likely,2025 Jan 5,,"CYP, Cholestasis/Biliary, Hypersensitivity",BPQMGSKTAYIVFO
Zanamivir,,Zanamivir,,,,No-DILI,Oral; Respiratory (inhalation),LiverTox,E,Antimicrobial,Antiviral: Influenza,CHEMBL222813,J05AH01,1.0,0.0,50663.0,0.0,1.0,True,1999.0,0.0,,Enzyme Inhibitor (influenza virus neuraminidase); Antiviral,0.0,4.0,Small molecule,1.0,False,0.0,False,0.0,ZANAMIVIR,0.0,MOL,True,True,-vir,antivirals: neuraminidase inhibitors,-vir (-amivir),1997.0,False,CC(=O)N[C@H]1[C@H]([C@H](O)[C@H](O)CO)OC(C(=O)O)=C[C@@H]1NC(=N)N,332.31,-3.58,,,,,,"Influenza Virus,Neuraminidase",Microbiology,"Zanamivir (GG167,GR 121167X) is a neuraminidase inhibitor used in the treatment and prophylaxis of influenza caused by influenza A virus and influenza B virus.",139110-80-8,6.02,No DILI,No DILI,No DILI,2020 Jun 22,,,ARAIBEBZBOPLMB
Artesunate,,Artesunate,,,,DILI,,Suzuki,E,Antimicrobial,Malaria,CHEMBL361497,P01BE03,1.0,0.0,63918.0,0.0,1.0,True,2020.0,0.0,,,0.0,4.0,Small molecule,1.0,False,1.0,True,0.0,ARTESUNATE,1.0,MOL,True,False,arte-,antimalarials (artemisin derivatives),arte-,2002.0,False,C[C@H]1[C@H](OC(=O)CCC(=O)O)O[C@@H]2O[C@@]3(C)CC[C@H]4[C@H](C)CC[C@@H]1[C@@]24OO3,384.43,2.6,,,,,,"ADC Cytotoxin,STAT",JAK/STAT,Artesunate (WR-256283) is a part of the artemisinin group of agents with an IC50 of < 5 μM for small cell lung carcinoma cell line H69. It is a potential inhibitor of STAT-3 and exhibits selective cytotoxicity of cancer cells over normal cells in vitro; A potent inhibitor of EXP1.,88495-63-0,200.3,No DILI,No DILI,No DILI,2024 Aug 5,,,FIHJKUPKCHIPAT
Cocaine,,Cocaine,,,,DILI,"Nasal, Torpical",Suzuki,A [HD],CNS,Stimulant,CHEMBL120901,,-1.0,0.0,,0.0,-1.0,False,,-1.0,,,-1.0,,Small molecule,0.0,False,-1.0,False,0.0,,-1.0,MOL,False,False,,,,,False,COC(=O)[C@@H]1C2CCC(C[C@@H]1C(=O)Oc1ccccc1)N2C,303.36,1.86,,,,,,,,,,,DILI (known),DILI,Known,2017 Oct 26,,"Hepatitis, Necrosis, CYP, Immune-mediated, Hypersensitivity",QBYGRJQJEUUFHI
Cyproterone,,Cyproterone,,,,DILI,"Oral, Intramuscular",Suzuki,B,Antineoplastic,Prostate cancer,CHEMBL142130,,,0.0,50742.0,0.0,1.0,False,,0.0,,,0.0,0.5,Small molecule,1.0,False,0.0,False,0.0,CYPROTERONE,0.0,MOL,False,False,-terone,antiandrogens,-terone,,False,CC(=O)[C@@]1(O)CC[C@H]2[C@@H]3C=C(Cl)C4=CC(=O)[C@@H]5C[C@@H]5[C@]4(C)[C@H]3CC[C@@]21C,374.91,4.04,,,,,,,,,,,DILI (likely),DILI,Likely,2017 Jul 5,,"Hepatitis, CYP, Cholestasis/Biliary, Cirrhosis, Immune-mediated, Hypersensitivity",DUSHUSLJJMDGTE
Dehydroepiandrosterone,,Dehydroepiandrosterone,,,,DILI,,Suzuki,E,HDS: Nutritional Suppl,Body building,CHEMBL90593,A14AA07; G03XX01,1.0,0.0,28689.0,0.0,1.0,True,2016.0,0.0,,,0.0,4.0,Small molecule,1.0,False,0.0,False,0.0,PRASTERONE,0.0,MOL,True,True,-ster-; -terone,"steroids (androgens, anabolics); antiandrogens",-ster-; -terone,2015.0,False,C[C@]12CC[C@H](O)CC1=CC[C@@H]1[C@@H]2CC[C@]2(C)C(=O)CC[C@@H]12,288.43,3.88,,,,,,,,,,,No DILI,No DILI,No DILI,,,,FMGSKLZLMKYGDP
Enflurane,,Enflurane,,,,DILI,Respiratory (inhalation),Suzuki,B,CNS,"Anesthetic, general",CHEMBL1257,N01AB04,1.0,0.0,4792.0,0.0,0.0,True,1972.0,0.0,,Anesthetic (inhalation),0.0,4.0,Small molecule,0.0,False,0.0,False,0.0,ENFLURANE,0.0,MOL,True,True,-flurane,general inhalation anesthetics (halogenated alkane derivatives),-flurane,1970.0,False,FC(F)OC(F)(F)C(F)Cl,184.49,2.35,,,,,,,,,,,DILI (likely),DILI,Likely,2018 Jan 1,,"Hepatitis, CYP, Immune-mediated",JPGQOUSTVILISH
Estriol,,Estriol,,,,DILI,,Suzuki,A,Gynecological,Birth control,CHEMBL193482,G03CA04; G03CC06,-1.0,0.0,27974.0,0.0,1.0,True,2000.0,0.0,,Estrogen,0.0,4.0,Small molecule,1.0,False,0.0,False,0.0,ESTRIOL,0.0,MOL,True,True,estr-,estrogens,estr-,,False,C[C@]12CC[C@@H]3c4ccc(O)cc4CC[C@H]3[C@@H]1C[C@@H](O)[C@@H]2O,288.39,2.58,,,,,,Estrogen/progestogen Receptor,Endocrinology & Hormones,Estriol (NSC-12169) is an antagonist of the G-protein coupled estrogen receptor in estrogen receptor-negative breast cancer cells.,50-27-1,197.65,DILI (known),DILI,Known,,,,PROQIPRRNZUXQM
Etretinate,,Etretinate,,,,DILI,,Suzuki,B,Dermatologic,Psoriasis,CHEMBL464,D05BB01,-2.0,0.0,4913.0,0.0,2.0,True,1986.0,0.0,,Antipsoriatic,0.0,4.0,Small molecule,1.0,True,0.0,False,0.0,ETRETINATE,0.0,MOL,True,False,-retin-,retinol derivatives,-retin-,1979.0,True,CCOC(=O)/C=C(C)/C=C/C=C(C)/C=C/c1c(C)cc(OC)c(C)c1C,354.49,5.65,teratogenicity,France; United States,Risk for birth defects,Withdrawn,teratogenicity,Retinoid Receptor,Metabolism,"Etretinate (Tegison, Ethyl etrinoate, Retinoid, Etretinato,Ro 10-9359) is an oral aromatic retinoid acid which is effective in psoriasis and other dermatological syndromes. It activates retinoid receptors, causing an induction of cell differentiation, inhibition of cell proliferation, and inhibition of tissue infiltration by inflammatory cells.",54350-48-0,197.47,DILI (likely),DILI,Likely,,,,HQMNCQVAMBCHCO
Metamizole,,Metamizole,,,,DILI,,Suzuki,A,Analgesic,Moderate pain,CHEMBL461522,,-2.0,0.0,62088.0,0.0,2.0,False,,0.0,,Analgesic; Antipyretic,0.0,4.0,Small molecule,1.0,False,0.0,False,0.0,METAMIZOLE,0.0,MOL,False,False,,,,1962.0,True,Cc1c(N(C)CS(=O)(=O)O)c(=O)n(-c2ccccc2)n1C,311.36,0.77,,,,,,,,,,,DILI (known),DILI,Known,2024 Jun 2,,"Hepatitis, Cholestasis/Biliary, Hypersensitivity",LVWZTYCIRDMTEY
Stanozolol,,Stanozolol,,,,DILI,,Suzuki,A,Endocrine,Hormone replacement,CHEMBL2079587,A14AA02,0.0,0.0,9249.0,0.0,1.0,True,1962.0,0.0,,Androgen,0.0,4.0,Small molecule,1.0,True,0.0,False,0.0,STANOZOLOL,0.0,MOL,True,False,-olol,beta-blockers (propranolol type),-olol,1962.0,False,C[C@]12Cc3c[nH]nc3C[C@@H]1CC[C@@H]1[C@@H]2CC[C@@]2(C)[C@H]1CC[C@]2(C)O,328.5,4.12,,,,,,,,,,,DILI (known),DILI,Known,,,,LKAJKIOFIWVMDJ
Triptorelin,,Triptorelin,,,,DILI,"Subcutaneous, Intramuscular",Suzuki,E,Antineoplastic,Prostate cancer,CHEMBL1201334,L02AE04,1.0,0.0,63633.0,0.0,1.0,True,2000.0,0.0,PEPTIDE1{[Glp].H.W.S.Y.[dW].L.R.P.G.[am]}$$$$,Antineoplastic,0.0,4.0,Protein,1.0,False,0.0,True,0.0,TRIPTORELIN,0.0,BOTH,True,False,-relin,prehormones or hormone-release stimulating peptides,-relin,1987.0,False,CC(C)C[C@H](NC(=O)[C@@H](Cc1c[nH]c2ccccc12)NC(=O)[C@H](Cc1ccc(O)cc1)NC(=O)[C@H](CO)NC(=O)[C@H](Cc1c[nH]c2ccccc12)NC(=O)[C@H](Cc1c[nH]cn1)NC(=O)[C@@H]1CCC(=O)N1)C(=O)N[C@@H](CCCNC(=N)N)C(=O)N1CCC[C@H]1C(=O)NCC(N)=O,1311.47,,,,,,,,,,,,No DILI,No DILI,No DILI,2023 May 28,,,VXKHXGOKWPXYNA
Amisulpride,,Amisulpride,,,,DILI,,Zhu,E,Gastrointestinal,Anti-emetic,CHEMBL243712,N05AL05,1.0,0.0,64045.0,0.0,0.0,True,1986.0,0.0,,,0.0,4.0,Small molecule,1.0,False,0.0,True,0.0,AMISULPRIDE,0.0,MOL,True,False,-pride,sulpride derivatives and analogs,-pride,,False,CCN1CCCC1CNC(=O)c1cc(S(=O)(=O)CC)c(N)cc1OC,369.49,1.29,,,,,,Dopamine Receptor,Neuronal Signaling,Amisulpride (DAN-2163) is an atypical antipsychotic used to treat psychosis in schizophrenia and episodes of mania in bipolar disorder.,71675-85-9,197.57,No DILI,No DILI,No DILI,2024 Apr 28,,,NTJOBXMMWNYJFB
Axitinib,,Axitinib,,,,DILI,,Zhu,E*,Antineoplastic,Solid tumors,CHEMBL1289926,L01EK01,1.0,0.0,66910.0,0.0,2.0,True,2012.0,0.0,,,0.0,4.0,Small molecule,1.0,True,0.0,False,0.0,AXITINIB,0.0,MOL,True,False,-tinib,tyrosine kinase inhibitors,-tinib,2005.0,False,CNC(=O)c1ccccc1Sc1ccc2c(/C=C/c3ccccn3)n[nH]c2c1,386.48,4.64,,,,,,"c-Kit,PDGFR,VEGFR",Protein Tyrosine Kinase,"Axitinib (AG 013736) is a multi-target inhibitor of VEGFR1, VEGFR2, VEGFR3, PDGFRβ and c-Kit with IC50 of 0.1 nM, 0.2 nM, 0.1-0.3 nM, 1.6 nM and 1.7 nM in Porcine aorta endothelial cells, respectively.",319460-85-0,90.56,No DILI,No DILI,No DILI,2017 Aug 1,,,RITAVMQDGBJQJZ
Boceprevir,,Boceprevir,,,,DILI,,Zhu,B,Antimicrobial,Antiviral: HCV,CHEMBL218394,J05AP03,1.0,0.0,68621.0,0.0,0.0,True,2011.0,1.0,,,0.0,4.0,Small molecule,1.0,True,0.0,False,0.0,BOCEPREVIR,0.0,MOL,True,False,-vir,antivirals: serine protease inhibitors,-vir (-previr),2007.0,False,CC(C)(C)NC(=O)N[C@H](C(=O)N1C[C@H]2[C@@H]([C@H]1C(=O)NC(CC1CCC1)C(=O)C(N)=O)C2(C)C)C(C)(C)C,519.69,1.71,,,,,,"COVID-19,HCV Protease",Proteases,"Boceprevir (EBP 520, SCH 503034) is an oral, direct acting hepatitis C virus (HCV) protease inhibitor with Ki value of 14 nM for NS3. It is used in combination with other antiviral agents in the treatment of chronic hepatitis C, genotype 1.",394730-60-0,192.43,DILI (likely),DILI,Likely,2022 Jan 26,,"Hepatitis, CYP, Fibrosis, Cirrhosis",LHHCSNFAOIFYRV
Buprenorphine,,Buprenorphine,,,,DILI,,Zhu,B[HD],Substance abuse ,Opiate addiction,CHEMBL511142,N07BC01; N07BC51; N02AE01,1.0,1.0,,0.0,1.0,True,1981.0,0.0,,Analgesic,0.0,4.0,Small molecule,1.0,False,0.0,True,0.0,BUPRENORPHINE,0.0,MOL,True,True,,,,1976.0,False,CO[C@@]12CC[C@@]3(C[C@@H]1[C@](C)(O)C(C)(C)C)[C@H]1Cc4ccc(O)c5c4[C@@]3(CCN1CC1CC1)[C@H]2O5,467.65,4.41,"misuse, respiratory toxicity",United States,,Black Box Warning,,,,,,,DILI (likely),DILI,Likely,2020 Nov 24,,"Hepatitis, Necrosis, CYP, Cholestasis/Biliary, Immune-mediated, Hypersensitivity",RMRJXGBAOAMLHD
Cabazitaxel,,Cabazitaxel,,,,DILI,,Zhu,E*,Antineoplastic,Prostate cancer,CHEMBL1201748,L01CD04,1.0,1.0,63584.0,0.0,1.0,True,2010.0,0.0,,,0.0,4.0,Small molecule,1.0,False,0.0,True,0.0,CABAZITAXEL,0.0,MOL,True,False,-taxel,"antineoplastics, taxane derivatives",-taxel,2010.0,False,CO[C@H]1C(=O)[C@]2(C)[C@@H](OC)C[C@H]3OC[C@@]3(OC(C)=O)[C@H]2[C@H](OC(=O)c2ccccc2)[C@]2(O)C[C@H](OC(=O)[C@H](O)[C@@H](NC(=O)OC(C)(C)C)c3ccccc3)C(C)=C1C2(C)C,835.94,4.57,,United States,,Black Box Warning,,"Autophagy,Microtubule Associated",Cytoskeletal Signaling,"Cabazitaxel (RPR-116258A, XRP6258, TXD 258, Taxoid XRP6258) is a semi-synthetic derivative of a natural taxoid that kills cancer cells by inhibiting cell division and growth. Cabazitaxel exerts its effects by inhibiting microtubule growth and assembly, processes that are essential for cells to divide. Cabazitaxel induces autophagy via the PI3K/Akt/mTOR pathway.",183133-96-2,119.63,No DILI,No DILI,No DILI,2020 Sep 7,,,BMQGVNUXMIRLCK
Clobazam,,Clobazam,,,,DILI,,Zhu,E,CNS,Anticonvulsant,CHEMBL70418,N05BA09,1.0,1.0,31413.0,0.0,2.0,True,2005.0,0.0,,Tranquilizer (minor),0.0,4.0,Small molecule,1.0,True,0.0,False,0.0,CLOBAZAM,0.0,MOL,True,False,,,,1975.0,False,CN1C(=O)CC(=O)N(c2ccccc2)c2cc(Cl)ccc21,300.75,3.37,misuse,United States,,Black Box Warning,,,,,,,No DILI,No DILI,No DILI,2017 Jan 25,,,CXOXHMZGEKVPMT
Clofazimine,,Clofazimine,,,,DILI,,Zhu,E,Antimicrobial,Antileprosy,CHEMBL1292,J04BA01,1.0,0.0,,0.0,2.0,True,1986.0,0.0,,Antibacterial (tuberculostatic); Antibacterial (leprostatic),0.0,4.0,Small molecule,1.0,True,0.0,False,0.0,CLOFAZIMINE,0.0,MOL,True,False,,,,1967.0,False,CC(C)/N=c1\cc2n(-c3ccc(Cl)cc3)c3ccccc3nc-2cc1Nc1ccc(Cl)cc1,473.41,7.49,,,,,,"Antineoplastic and Immunosuppressive Antibiotics,Dyes,Phospholipase (e.g. PLA)",Metabolism,"Clofazimine (NSC-141046) is a rhimophenazine dye, originally developed for the treatment of tuberculosis, it has both antimicrobial and antiinflammatory activity, postulated mechanisms of action include intercalation of clofazimine with bacterial DNA and increasing levels of cellular phospholipase A2.",2030-63-9,10.56,No DILI,No DILI,No DILI,2017 Oct 13,,,WDQPAMHFFCXSNU
Desogestrel,,Desogestrel,,,,DILI,,Zhu,A,Gynecological,Birth control,CHEMBL1533,G03AC09,1.0,0.0,4453.0,0.0,1.0,True,1992.0,0.0,,Progestin,0.0,4.0,Small molecule,1.0,True,0.0,False,0.0,DESOGESTREL,1.0,MOL,True,False,-estr-; -gest-,estrogens; progestins,-estr-; -gest-,1990.0,False,C#C[C@]1(O)CC[C@H]2[C@@H]3CCC4=CCCC[C@@H]4[C@H]3C(=C)C[C@@]21CC,310.48,4.87,,,,,,Estrogen/progestogen Receptor,Endocrinology & Hormones,"Desogestrel (Cerazette, Desogen, Desogestrelum, Org-2969) is a synthetic progestational hormone used often as the progestogenic component of combined oral contraceptive agents.",54024-22-5,199.7,DILI (known),DILI,Known,,,,RPLCPCMSCLEKRS
Dihydrocodeine,,Dihydrocodeine,,,,DILI,,Zhu,E,Analgesic,Moderate pain,CHEMBL1595,N02AA08; N02AA58,1.0,0.0,,0.0,1.0,False,1983.0,0.0,,Analgesic,0.0,4.0,Small molecule,1.0,True,0.0,False,0.0,DIHYDROCODEINE,0.0,MOL,True,False,,,,,False,COc1ccc2c3c1O[C@H]1[C@@H](O)CC[C@H]4[C@@H](C2)N(C)CC[C@@]341,301.39,1.73,,,,,,,,,,,No DILI,No DILI,No DILI,,,,RBOXVHNMENFORY
Droxidopa,,Droxidopa,,,,DILI,,Zhu,E,CNS,Parkinson disease,CHEMBL2103827,C01CA27,1.0,1.0,31524.0,0.0,1.0,True,2014.0,1.0,,,0.0,4.0,Small molecule,1.0,True,0.0,False,0.0,DROXIDOPA,1.0,MOL,True,False,-dopa,dopamine receptor agonists,-dopa,2008.0,False,N[C@H](C(=O)O)[C@H](O)c1ccc(O)c(O)c1,213.19,-0.46,vascular toxicity,United States,,Black Box Warning,,Adrenergic Receptor,GPCR & G Protein,Droxidopa (L-DOPS) is a psychoactive drug and acts as a prodrug to the neurotransmitters norepinephrine (noradrenaline) and epinephrine (adrenaline).,23651-95-8,9.38,No DILI,No DILI,No DILI,2017 Apr 17,,,QXWYKJLNLSIPIN
Dydrogesterone,,Dydrogesterone,,,,DILI,,Zhu,A,Gynecological,Birth control,CHEMBL1200853,G03DB01,0.0,0.0,31527.0,0.0,1.0,True,1982.0,0.0,,Progestin,0.0,4.0,Small molecule,1.0,True,0.0,False,0.0,DYDROGESTERONE,0.0,MOL,True,False,-gest-; -ster-; -terone,"progestins; steroids (androgens, anabolics); antiandrogens",-gest-; -ster-; -terone,1962.0,False,CC(=O)[C@H]1CC[C@H]2[C@@H]3C=CC4=CC(=O)CC[C@@]4(C)[C@@H]3CC[C@]12C,312.45,4.5,,,,,,Estrogen/progestogen Receptor,Endocrinology & Hormones,"Dydrogesterone (NSC 92336) is an orally active progestogen which acts directly on the uterus, producing a complete secretory endometrium in an estrogen-primed uterus.",152-62-5,201.63,DILI (known),DILI,Known,,,,JGMOKGBVKVMRFX
Edaravone,,Edaravone,,,,DILI,,Zhu,E,CNS,ALS,CHEMBL290916,N07XX14,1.0,0.0,31530.0,0.0,2.0,True,2017.0,1.0,,,0.0,4.0,Small molecule,1.0,False,0.0,True,0.0,EDARAVONE,0.0,MOL,True,False,,,,2015.0,False,CC1=NN(c2ccccc2)C(=O)C1,174.2,1.8,,,,,,Antioxidant,ER stress & UPR,Edaravone (MCI-186) is a novel potent free radical scavenger that has been clinically used to reduce the neuronal damage following ischemic stroke.,89-25-8,200.92,No DILI,No DILI,No DILI,2019 Apr 9,,,QELUYTUMUWHWMC
Eltrombopag,,Eltrombopag,,,,DILI,,Zhu,E*,Hematologic,Thrombocytopenia,CHEMBL461101,B02BX05,1.0,1.0,85010.0,0.0,2.0,False,2008.0,0.0,,,0.0,4.0,Small molecule,1.0,True,0.0,False,0.0,ELTROMBOPAG,0.0,MOL,True,False,-trombopag,thrombopoetin agonists,-trombopag,2005.0,False,CC1=NN(c2ccc(C)c(C)c2)C(=O)/C1=N\Nc1cccc(-c2cccc(C(=O)O)c2)c1O,442.48,4.56,,,,,,TpoR,Immunology & Inflammation,"Eltrombopag Olamine (SB-497115-GR, Revolade, Promacta,Promacta Olamine) is a member of the biarylhydrazone class, which is a nonpeptide agonist of the thrombopoietin receptor (TpoR).",496775-62-3,157.63,No DILI,No DILI,No DILI,,,,XDXWLKQMMKQXPV
Gabapentin enacarbil,,Gabapentin enacarbil,,,,DILI,,Zhu,E*,CNS,Anticonvulsant,CHEMBL1628502,,1.0,0.0,68840.0,0.0,0.0,True,2011.0,0.0,,,0.0,4.0,Small molecule,1.0,True,0.0,False,0.0,GABAPENTIN ENACARBIL,1.0,MOL,True,False,gab-,gabamimetics,gab-,2008.0,False,CC(OC(=O)NCC1(CC(=O)O)CCCCC1)OC(=O)C(C)C,329.39,2.68,,,,,,,,,,,No DILI,No DILI,No DILI,,,,TZDUHAJSIBHXDL
Iloprost,,Iloprost,,,,DILI,,Zhu,E,Respiratory,Pulmonary hypertension,CHEMBL494,B01AC11,1.0,0.0,63916.0,0.0,0.0,True,2003.0,0.0,,,0.0,4.0,Small molecule,1.0,False,0.0,False,0.0,ILOPROST,0.0,MOL,True,True,-prost,prostaglandins,-prost,2004.0,False,CC#CCC(C)[C@H](O)/C=C/[C@@H]1[C@H]2C/C(=C/CCCC(=O)O)C[C@H]2C[C@H]1O,360.49,3.54,,,,,,,,,,,No DILI,No DILI,No DILI,,,,HIFJCPQKFCZDDL
Lanreotide,,Lanreotide,,,,DILI,,Zhu,E*,Endocrine,Hormone replacement,CHEMBL1201185,H01CB03,1.0,0.0,,0.0,1.0,True,2007.0,0.0,"PEPTIDE1{[dNal].C.Y.[dW].K.V.C.T.[am]}$PEPTIDE1,PEPTIDE1,7:R3-2:R3$$$",Antineoplastic,0.0,4.0,Protein,1.0,False,0.0,True,0.0,LANREOTIDE,0.0,BOTH,True,False,-tide,peptides: inhibition of growth hormone release,-tide (-reotide),1992.0,False,CC(C)[C@@H]1NC(=O)[C@H](CCCCN)NC(=O)[C@@H](Cc2c[nH]c3ccccc23)NC(=O)[C@H](Cc2ccc(O)cc2)NC(=O)[C@@H](NC(=O)[C@H](N)Cc2ccc3ccccc3c2)CSSC[C@@H](C(=O)N[C@H](C(N)=O)[C@@H](C)O)NC1=O,1096.35,,,,,,,GHSR,Endocrinology & Hormones,"Lanreotide (Laromustine, Angiopeptin, BIM 23014, Dermopeptin, Ipstyl, ITM-014, Somatulina, Somatuline, Lanreotidum), an analog of the native somatostatin peptide, is a physiological inhibitor of growth hormone (GH). Lanreotide also has antitumoral effects.",108736-35-2,91.21,No DILI,No DILI,No DILI,2017 Apr 11,,,PUDHBTGHUJUUFI
Peramivir,,Peramivir,,,,DILI,,Zhu,E,Antimicrobial,Antiviral: Influenza,CHEMBL3989402,,1.0,0.0,,0.0,1.0,True,2014.0,0.0,,,0.0,4.0,Small molecule,0.0,False,0.0,True,0.0,PERAMIVIR,0.0,MOL,True,False,-vir,antivirals: neuraminidase inhibitors,-vir (-amivir),2002.0,False,CCC(CC)[C@H](NC(C)=O)[C@@H]1[C@H](O)[C@@H](C(=O)O)C[C@H]1NC(=N)N.O.O.O,382.46,-0.14,,,,,,,,,,,No DILI,No DILI,No DILI,2020 Jun 22,,,RFUCJKFZFXNIGB
Phenylephrine,,Phenylephrine,,,,DILI,,Zhu,E,Respiratory,Allergy symptoms,CHEMBL1215,R01AA04; R01BA53; R01BA03; S01FB01; S01GA05; C01CA06; S01GA55; R01AB01,2.0,0.0,8093.0,0.0,1.0,False,1952.0,0.0,,Adrenergic (ophthalmic),0.0,4.0,Small molecule,1.0,True,0.0,True,0.0,PHENYLEPHRINE,0.0,MOL,True,True,,,,,False,CNC[C@H](O)c1cccc(O)c1,167.21,0.65,,,,,,Adrenergic Receptor,GPCR & G Protein,"Phenylephrine HCl (NCI-c55641,Phenylephrine hydrochloride,(R)-(-)-Phenylephrine hydrochloride, L-Phenylephrine hydrochloride) is a selective α1-adrenergic receptor agonist, used primarily as a decongestant.",61-76-7,201.31,No DILI,No DILI,No DILI,,,,SONNWYBIRXJNDC
Rivaroxaban,,Rivaroxaban,,,,DILI,,Zhu,A,Hematologic,Anticoagulant,CHEMBL198362,B01AF01,1.0,1.0,68579.0,0.0,1.0,True,2008.0,1.0,,,0.0,4.0,Small molecule,1.0,True,0.0,False,0.0,RIVAROXABAN,0.0,MOL,True,False,-xaban,"antithrombotics, blood coagulation factor XA inhibitors",-xaban,2006.0,False,O=C(NC[C@H]1CN(c2ccc(N3CCOCC3=O)cc2)C(=O)O1)c1ccc(Cl)s1,435.89,2.52,vascular toxicity,United States,,Black Box Warning,,Factor Xa,Metabolism,"Rivaroxaban (BAY 59-7939) is a direct inhibitor of Factor Xa with Ki and IC50 of 0.4 nM and 0.7 nM in cell-free assays, respectively. It is selective for human factor Xa, for which it has >10 000-fold greater selectivity than for other biologically relevant serine proteases (IC50 >20 μM).",366789-02-8,199.6,DILI (known),DILI,Known,2023 Feb 16,,"Hepatitis, Necrosis, CYP, Cholestasis/Biliary, Immune-mediated, Hypersensitivity",KGFYHTZWPPHNLQ
Telaprevir,,Telaprevir,,,,DILI,,Zhu,B,Antimicrobial,Antiviral: HCV,CHEMBL231813,J05AP02,1.0,1.0,68595.0,0.0,1.0,True,2011.0,0.0,,,0.0,4.0,Protein,1.0,True,0.0,False,0.0,TELAPREVIR,0.0,MOL,True,False,-vir,antivirals: serine protease inhibitors,-vir (-previr),2006.0,False,CCC[C@H](NC(=O)[C@@H]1[C@H]2CCC[C@H]2CN1C(=O)[C@@H](NC(=O)[C@@H](NC(=O)c1cnccn1)C1CCCCC1)C(C)(C)C)C(=O)C(=O)NC1CC1,679.86,2.45,,United States,,Black Box Warning,,"COVID-19,HCV Protease",Proteases,"Telaprevir (VX-950, LY-570310, MP-424) is an HCV NS3-4A serine protease inhibitor with IC50 of 0.35 μM.",402957-28-2,200.04,DILI (likely),DILI,Likely,2022 Jan 26,,"Hepatitis, CYP, Fibrosis, Cirrhosis, Immune-mediated, Hypersensitivity",BBAWEDCPNXPBQM
Vemurafenib,,Vemurafenib,,,,DILI,,Zhu,E*,Antineoplastic,Melanoma,CHEMBL1229517,L01EC01,1.0,0.0,63637.0,0.0,2.0,True,2011.0,1.0,,,0.0,4.0,Small molecule,0.0,True,0.0,False,0.0,VEMURAFENIB,0.0,MOL,True,False,-rafenib,rapidly accelerated fibrosarcoma (RAF) kinase inhibitors,-rafenib,2010.0,False,CCCS(=O)(=O)Nc1ccc(F)c(C(=O)c2c[nH]c3ncc(-c4ccc(Cl)cc4)cc23)c1F,489.93,5.54,,,,,,"Autophagy,Raf",MAPK,"Vemurafenib (PLX4032, RG7204, RO5185426) is a novel and potent inhibitor of B-RafV600E with IC50 of 31 nM in cell-free assay. 10-fold selective for B-RafV600E over wild-type B-Raf in enzymatic assays and the cellular selectivity can exceed 100-fold. Vemurafenib (PLX4032, RG7204) induces autophagy.",918504-65-1,197.99,No DILI,No DILI,No DILI,2018 Jun 28,,,GPXBXXGIAQBQNI
AKN-028,,AKN-028,,,,,,,,,,CHEMBL4790100,,,0.0,,0.0,2.0,False,,0.0,,,0.0,2.0,Small molecule,1.0,False,0.0,False,0.0,AKN-028,0.0,MOL,False,False,,,,,False,Nc1ncc(-c2ccncc2)nc1Nc1ccc2[nH]ccc2c1,302.34,3.35,,,,,,,,,,,DILI (withdrawn),DILI,Withdrawn,,,,JLRIJKVMMZEKDF
Abemaciclib,,Abemaciclib,,,,,,,E*,Antineoplastic,Breast Cancer,CHEMBL3301610,L01EF03,1.0,0.0,,1.0,2.0,True,2017.0,0.0,,,0.0,4.0,Small molecule,0.0,True,0.0,False,0.0,ABEMACICLIB,0.0,MOL,True,False,-ciclib,cyclin dependent kinase inhibitors (formerly-cidib),-ciclib,2014.0,False,CCN1CCN(Cc2ccc(Nc3ncc(F)c(-c4cc(F)c5nc(C)n(C(C)C)c5c4)n3)nc2)CC1,506.61,4.94,,,,,,CDK,Cell Cycle,"Abemaciclib (LY2835219) is a cell cycle inhibitor selective for CDK4/6 with IC50 of 2 nM and 10 nM in cell-free assays, respectively.",1231929-97-7,11.84,No DILI,No DILI,No DILI,2018 Jul 31,,,UZWDCWONPYILKI
Abrocitinib,,Abrocitinib,,,,,,,E,Dermatologic,Atopic dermatitis,CHEMBL3655081,D11AH08,1.0,1.0,,0.0,1.0,True,2021.0,0.0,,,0.0,4.0,Small molecule,0.0,True,0.0,False,0.0,ABROCITINIB,0.0,MOL,True,False,-tinib,tyrosine kinase inhibitors: tyrosine kinase inhibitors; janus kinase inhibitors,-tinib (-citinib),2018.0,False,CCCS(=O)(=O)N[C@H]1C[C@@H](N(C)c2ncnc3[nH]ccc23)C1,323.42,1.25,"carcinogenicity, infectious disease",United States,,Black Box Warning,,JAK,JAK/STAT,"Abrocitinib (PF-04965842) is a potent JAK1 inhibitor with IC50s of 29 nM, 803 nM, > 10 000 nM and 1250 nM for JAK1, JAK2, JAK3 and tyrosine kinase (TYK) 2, respectively.",1622902-68-4,200.98,No DILI,No DILI,No DILI,2022 Jun 13,,,IUEWXNHSKRWHDY
Aclidinium,,Aclidinium,,,,,,,E,Respiratory,Bronchodilation,CHEMBL1194325,,1.0,0.0,65346.0,0.0,1.0,False,2012.0,0.0,,,0.0,4.0,Small molecule,1.0,False,0.0,False,0.0,ACLIDINIUM,0.0,MOL,True,True,-clidinium; -ium,muscarinic receptor agonists/antagonists; quaternary ammonium derivatives: muscarinic receptor agonists/antagonists,-clidinium; -ium (-clidinium),2007.0,False,O=C(O[C@H]1C[N+]2(CCCOc3ccccc3)CCC1CC2)C(O)(c1cccs1)c1cccs1,484.66,4.67,,,,,,,,,,,No DILI,No DILI,No DILI,,,,ASMXXROZKSBQIH
Afamelanotide,,Afamelanotide,,,,,,,E,Genetic,Erythropoietic protoporphyria,CHEMBL441738,D02BB02,1.0,0.0,,0.0,1.0,True,2014.0,1.0,PEPTIDE1{[ac].S.Y.S.[Nle].E.H.[dF].R.W.G.K.P.V.[am]}$$$$,,0.0,4.0,Protein,1.0,False,1.0,True,0.0,AFAMELANOTIDE,0.0,BOTH,True,False,-tide,peptides: melanocortin receptor agonists,-tide (-melanotide),2017.0,False,CCCC[C@H](NC(=O)[C@H](CO)NC(=O)[C@H](Cc1ccc(O)cc1)NC(=O)[C@H](CO)NC(C)=O)C(=O)N[C@@H](CCC(=O)O)C(=O)N[C@@H](Cc1c[nH]cn1)C(=O)N[C@H](Cc1ccccc1)C(=O)N[C@@H](CCCNC(=N)N)C(=O)N[C@@H](Cc1c[nH]c2ccccc12)C(=O)NCC(=O)N[C@@H](CCCCN)C(=O)N1CCC[C@H]1C(=O)N[C@H](C(N)=O)C(C)C,1646.87,,,,,,,,,,,,No DILI,No DILI,No DILI,2024 Mar 5,,,UAHFGYDRQSXQEB
Alogliptin,,Alogliptin,,,,,,,E*,Endocrine,Diabetes,CHEMBL376359,A10BH04,1.0,0.0,72323.0,0.0,1.0,False,2013.0,0.0,,,0.0,4.0,Small molecule,1.0,True,0.0,False,0.0,ALOGLIPTIN,0.0,MOL,True,False,-gliptin,dipeptidyl aminopeptidase-IV inhibitors,-gliptin,2008.0,False,Cn1c(=O)cc(N2CCC[C@@H](N)C2)n(Cc2ccccc2C#N)c1=O,339.4,0.39,,,,,,DPP,Proteases,"Alogliptin (SYR-322) benzoate is a potent, selective inhibitor of DPP-4 with IC50 of <10 nM, exhibits greater than 10,000-fold selectivity over DPP-8 and DPP-9.",850649-62-6,147.34,No DILI,No DILI,No DILI,2018 Jan 3,,,ZSBOMTDTBDDKMP
Alpelisib,,Alpelisib,,,,,,,E*,Antineoplastic,"Breast Ca, HER2-ve, PIK3A mt",CHEMBL2396661,L01EM03,1.0,0.0,,1.0,1.0,True,2019.0,0.0,,,0.0,4.0,Small molecule,0.0,True,0.0,False,0.0,ALPELISIB,0.0,MOL,True,False,-lisib,phosphatidylinositol 3-kinase (PI3K) inhibitors,-lisib,2016.0,False,Cc1nc(NC(=O)N2CCC[C@H]2C(N)=O)sc1-c1ccnc(C(C)(C)C(F)(F)F)c1,441.48,3.84,,,,,,PI3K,PI3K/Akt/mTOR,"Alpelisib (BYL719) is a potent and selective PI3Kα inhibitor with IC50 of 5 nM in a cell-free assay, and minimal effect on PI3Kβ/γ/δ. Phase 2.",1217486-61-7,199.33,No DILI,No DILI,No DILI,2021 Sep 15,,,STUWGJZDJHPWGZ
Alpha lipoic acid,,Alpha lipoic acid,,,,,,,E,HDS: Nutritional Suppl,Diabetic neuropathy,CHEMBL33864,A16AX01,-1.0,0.0,16494.0,0.0,0.0,True,,0.0,,,0.0,4.0,Small molecule,1.0,False,0.0,False,0.0,"LIPOIC ACID, ALPHA",0.0,MOL,True,False,,,,,False,O=C(O)CCCCC1CCSS1,206.33,2.79,,,,,,,,,,,No DILI,No DILI,No DILI,,,,AGBQKNBQESQNJD
Amifampridine,,Amifampridine,,,,,,,E,CNS,Myasthenia ,CHEMBL354077,N07XX05,1.0,0.0,,0.0,2.0,True,2009.0,0.0,,,0.0,4.0,Small molecule,1.0,True,0.0,False,0.0,AMIFAMPRIDINE,0.0,MOL,True,False,,,,2014.0,False,Nc1ccncc1N,109.13,0.25,,,,,,,,,,,No DILI,No DILI,No DILI,2019 May 15,,,OYTKINVCDFNREN
Aminosalicylic acid,,Aminosalicylic acid,,,,,,,A,Antimicrobial,Antituberculosis,CHEMBL1169,J04AA01,1.0,0.0,27565.0,0.0,2.0,True,1950.0,0.0,,Antibacterial (tuberculostatic),0.0,4.0,Small molecule,1.0,True,1.0,False,0.0,AMINOSALICYLIC ACID,0.0,MOL,True,False,-sal-,anti-inflammatory agents (salicylic acid derivatives),-sal-,,False,Nc1ccc(C(=O)O)c(O)c1,153.14,0.67,,,,,,,,,,,DILI (known),DILI,Known,,,,WUBBRNOQWQTFEX
Androstenedione,,Androstenedione,,,,,,,A,HDS: Anabolic steroid,Body building,CHEMBL274826,,,0.0,16422.0,0.0,1.0,False,,0.0,,,0.0,-1.0,Small molecule,1.0,False,0.0,False,0.0,ANDROSTENEDIONE,0.0,MOL,False,False,,,,,False,C[C@]12CCC(=O)C=C1CC[C@@H]1[C@@H]2CC[C@]2(C)C(=O)CC[C@@H]12,286.42,4.09,,,,,,,,,,,DILI (known),DILI,Known,,,,AEMFNILZOJDQLW
Apalutamide,,Apalutamide,,,,,,,E,Antineoplastic,Prostate cancer,CHEMBL3183409,L02BB05,1.0,0.0,,0.0,2.0,True,2018.0,0.0,,,0.0,4.0,Small molecule,0.0,True,0.0,False,0.0,APALUTAMIDE,0.0,MOL,True,False,-lutamide,non-steroid antiandrogens,-lutamide,,False,CNC(=O)c1ccc(N2C(=S)N(c3cnc(C#N)c(C(F)(F)F)c3)C(=O)C23CCC3)cc1F,477.44,3.53,,,,,,,,,,,No DILI,No DILI,No DILI,2023 Mar 15,,,HJBWBFZLDZWPHF
Apixaban,,Apixaban,,,,,,,B,Hematologic,Anticoagulant,CHEMBL231779,B01AF02,1.0,1.0,72296.0,0.0,2.0,True,2011.0,0.0,,,0.0,4.0,Small molecule,1.0,True,0.0,False,0.0,APIXABAN,0.0,MOL,True,False,-xaban,"antithrombotics, blood coagulation factor XA inhibitors",-xaban,2005.0,False,COc1ccc(-n2nc(C(N)=O)c3c2C(=O)N(c2ccc(N4CCCCC4=O)cc2)CC3)cc1,459.51,2.7,vascular toxicity,United States,,Black Box Warning,,Factor Xa,Metabolism,"Apixaban (BMS 562247-01) is a highly selective, reversible inhibitor of Factor Xa with Ki of 0.08 nM and 0.17 nM in human and rabbit, respectively.",503612-47-3,39.17,DILI (likely),DILI,Likely,2023 Feb 16,,"CYP, Immune-mediated, Hypersensitivity",QNZCBYKSOIHPEH
Apremilast,,Apremilast,,,,,,,E,Dermatologic,Psoriasis,CHEMBL514800,L04AA32,1.0,0.0,78540.0,0.0,1.0,True,2014.0,1.0,,,0.0,4.0,Small molecule,1.0,True,0.0,False,0.0,APREMILAST,0.0,MOL,True,False,-ast,antiasthmatics/antiallergics (not acting primarily as antihistamines): type IV phosphodiesterase,-ast (-milast),2005.0,False,CCOc1cc([C@@H](CS(C)(=O)=O)N2C(=O)c3cccc(NC(C)=O)c3C2=O)ccc1OC,460.51,2.43,,,,,,"PDE,TNF-alpha",Metabolism,"Apremilast (CC-10004) is a potent and orally active PDE4 and TNF-α inhibitor with IC50 of 74 nM and 77 nM, respectively.",608141-41-9,199.78,No DILI,No DILI,No DILI,2017 Jul 25,,,IMOZEMNVLZVGJZ
Arsenic,,Arsenic,,,,,,,A [HD],Toxicology,Heavy metal  ,CHEMBL1231052,,-1.0,0.0,47217.0,0.0,2.0,True,,0.0,,,1.0,4.0,Small molecule,1.0,False,0.0,False,0.0,ARSENIC,0.0,MOL,False,False,,,,,False,[AsH3],77.95,,,,,,,,,,,,DILI (known),DILI,Known,2017 Jul 25,,"Hepatitis, Necrosis, Oxidative stress, Cirrhosis, Encephalopathy",RBFQJDQYXXHULB
Asciminib,,Asciminib,,,,,,,E*,Antineoplastic,"CML, Ph+",CHEMBL4208229,L01EA06,1.0,0.0,,1.0,1.0,True,2021.0,0.0,,,0.0,4.0,Small molecule,0.0,True,1.0,False,0.0,ASCIMINIB,0.0,MOL,True,False,-minib,"kinase inhibitor, binds to myristoyl binding site",-minib,2018.0,False,O=C(Nc1ccc(OC(F)(F)Cl)cc1)c1cnc(N2CC[C@@H](O)C2)c(-c2cc[nH]n2)c1,449.85,3.46,,,,,,Bcr-Abl,Angiogenesis,Asciminib (ABL001) is a potent and selective allosteric ABL1 inhibitor with dissociation constant (Kd) of 0.5-0.8 nM and selectivity to the myristoyl pocket of ABL1.,1492952-76-7,197.85,No DILI,No DILI,No DILI,2023 Oct 8,,,VOVZXURTCKPRDQ
Avanafil,,Avanafil,,,,,,,E*,Urologic,Erectile Dysfunction,CHEMBL1963681,G04BE10,1.0,0.0,66876.0,0.0,1.0,True,2011.0,0.0,,,0.0,4.0,Small molecule,1.0,True,0.0,False,0.0,AVANAFIL,0.0,MOL,True,False,-afil,phosphodiesterase type 5 inhibitors (PDE5) inhibitors: (PDE5) inhibitors containing a sulfonamide moiety,-afil (denafil),2000.0,False,COc1ccc(CNc2nc(N3CCC[C@H]3CO)ncc2C(=O)NCc2ncccn2)cc1Cl,483.96,2.43,,,,,,PDE,Metabolism,"Avanafil is a highly selective PDE5 inhibitor with IC50 of 5.2 nM, >121-fold selectivity over other PDEs.",330784-47-9,200.43,No DILI,No DILI,No DILI,2017 Aug 2,,,WEAJZXNPAWBCOA
Avapritinib,,Avapritinib,,,,,,,E*,Antineoplastic,GIST,CHEMBL4204794,L01EX18,1.0,0.0,,0.0,1.0,True,2020.0,0.0,,,0.0,4.0,Small molecule,0.0,True,1.0,False,0.0,AVAPRITINIB,0.0,MOL,True,False,-tinib,tyrosine kinase inhibitors,-tinib,2017.0,False,Cn1cc(-c2cc3c(N4CCN(c5ncc([C@@](C)(N)c6ccc(F)cc6)cn5)CC4)ncnn3c2)cn1,498.57,2.61,,,,,,"c-Kit,PDGFR",Protein Tyrosine Kinase,"Avapritinib (BLU-285) is a small molecule kinase inhibitor that potently inhibits PDGFRα D842V mutant activity in vitro (IC50 = 0.5 nM) and PDGFRα D842V autophosphorylation in the cellular setting (IC50 = 30 nM); also a potent inhibitor of the analogous Kit (c-Kit) mutation, D816V in Kit (c-Kit) Exon 17 (IC50 = 0.5 nM).",1703793-34-3,132.38,No DILI,No DILI,No DILI,2023 Sep 2,,,DWYRIWUZIJHQKQ
Avatrombopag,,Avatrombopag,,,,,,,E*,Hematologic,Thrombocytopenia,CHEMBL2103883,B02BX08,1.0,0.0,,0.0,2.0,False,2018.0,0.0,,,0.0,4.0,Small molecule,1.0,True,0.0,False,0.0,AVATROMBOPAG,0.0,MOL,True,False,-trombopag,thrombopoetin agonists,-trombopag,2011.0,False,O=C(Nc1nc(-c2cc(Cl)cs2)c(N2CCN(C3CCCCC3)CC2)s1)c1cnc(N2CCC(C(=O)O)CC2)c(Cl)c1,649.67,6.58,,,,,,TpoR,Immunology & Inflammation,"Avatrombopag (AKR-501,E5501,YM477) is an orally administered, small-molecule thrombopoietin receptor (c-Mpl) agonist which increases platelet number, but not platelet activation.",570406-98-3,30.79,No DILI,No DILI,No DILI,,,,OFZJKCQENFPZBH
Avibactam,,Avibactam,,,,,,,E,Antimicrobial,Antibacterial,CHEMBL1689063,,1.0,0.0,85984.0,0.0,1.0,False,2015.0,0.0,,,0.0,4.0,Small molecule,1.0,False,0.0,True,0.0,AVIBACTAM,0.0,MOL,True,False,-bactam,beta-lactamase inhibitors,-bactam,2012.0,False,NC(=O)[C@@H]1CC[C@@H]2CN1C(=O)N2OS(=O)(=O)O,265.25,-1.53,,,,,,,,,,,No DILI,No DILI,No DILI,,,,NDCUAPJVLWFHHB
Azilsartan,,Azilsartan,,,,,,,E*,Cardiovascular,Antihypertensive,CHEMBL57242,,-1.0,0.0,68850.0,0.0,2.0,False,,0.0,,,0.0,3.0,Small molecule,1.0,False,0.0,False,0.0,AZILSARTAN,0.0,MOL,False,False,-sartan,angiotensin II receptor antagonists,-sartan,2007.0,False,CCOc1nc2cccc(C(=O)O)c2n1Cc1ccc(-c2ccccc2-c2noc(=O)[nH]2)cc1,456.46,4.19,,,,,,Angiotensin Receptor,GPCR & G Protein,Azilsartan (TAK-536) is an angiotensin II type 1 (AT1) receptor antagonist with IC50 of 2.6 nM.,147403-03-0,199.36,No DILI,No DILI,No DILI,2017 Jan 13,,,KGSXMPPBFPAXLY
BMS-986142,,BMS-986142,,,,,,,,,,CHEMBL3900554,,,0.0,,0.0,-1.0,False,,0.0,,,0.0,2.0,Small molecule,0.0,False,0.0,False,0.0,BMS-986142,0.0,MOL,False,False,,,,,False,Cc1c(-c2c(F)cc(C(N)=O)c3[nH]c4c(c23)CC[C@H](C(C)(C)O)C4)cccc1-n1c(=O)c2cccc(F)c2n(C)c1=O,572.61,4.4,,,,,,BTK,Protein Tyrosine Kinase,"BMS-986142 is a potent and highly selective reversible small molecule inhibitor of BTK with an IC50 of 0.5 nM. In a panel of 384 kinases, only five kinases were inhibited by BMS-986142 with less than 100-fold selectivity for BTK (TEC, ITK, BLK, TXK and BMX).",1643368-58-4,174.64,DILI (withdrawn),DILI,Withdrawn,,,,ZRYMMWAJAFUANM
Baloxavir,,Baloxavir,,,,,,,E,Antimicrobial,Antiviral: Influenza ,CHEMBL4297215,,-1.0,0.0,,0.0,1.0,False,,0.0,,,0.0,2.0,Small molecule,0.0,False,0.0,False,0.0,BALOXAVIR,0.0,MOL,False,False,-vir,antivirals,-vir,2017.0,False,O=C1c2c(O)c(=O)ccn2N([C@@H]2c3ccccc3SCc3c2ccc(F)c3F)[C@@H]2COCCN12,483.5,2.98,,,,,,Antiviral,Microbiology,"Baloxavir (Baloxavir acid, S-033447) is a first-in-class, potent and selective cap-dependent endonuclease (CEN) inhibitor with an IC50 of 2.5 nM. BXA inhibits viral RNA transcription via selective inhibition of CEN activity.",1985605-59-1,51.71,No DILI,No DILI,No DILI,2020 Jun 22,,,FIDLLEYNNRGVFR
Baricitinib,,Baricitinib,,,,,,,E*,Rheumatologic,Rheumatoid arthritis,CHEMBL2105759,L04AA37,1.0,1.0,,0.0,2.0,True,2017.0,0.0,,,0.0,4.0,Small molecule,1.0,True,0.0,False,0.0,BARICITINIB,0.0,MOL,True,False,-tinib,tyrosine kinase inhibitors: tyrosine kinase inhibitors; janus kinase inhibitors,-tinib (-citinib),2011.0,False,CCS(=O)(=O)N1CC(CC#N)(n2cc(-c3ncnc4[nH]ccc34)cn2)C1,371.43,1.1,"respiratory toxicity, infectious disease, carcinogenicity, vascular toxicity",United States,,Black Box Warning,,"COVID-19,JAK",JAK/STAT,"Baricitinib (LY3009104, INCB028050) is a selective JAK1 and JAK2 inhibitor with IC50 of 5.9 nM and 5.7 nM in cell-free assays, ~70 and ~10-fold selective versus JAK3 and Tyk2, no inhibition to c-Met and Chk2. Baricitinib is found to reduce or interrupt the passage of the virus into target cells and is used in the treatment research for COVID-19. Phase 3.",1187594-09-7,199.24,No DILI,No DILI,No DILI,2022 Aug 30,,,XUZMWHLSFXCVMG
Bazedoxifene,,Bazedoxifene,,,,,,,E*,Gynecological,Estrogen,CHEMBL46740,G03XC02,1.0,0.0,,0.0,2.0,False,2009.0,0.0,,,0.0,4.0,Small molecule,1.0,True,0.0,False,0.0,BAZEDOXIFENE,0.0,MOL,True,False,-ifene,antiestrogens of the clomifene and tamoxifen groups,-ifene,2002.0,False,Cc1c(-c2ccc(O)cc2)n(Cc2ccc(OCCN3CCCCCC3)cc2)c2ccc(O)cc12,470.61,6.33,,,,,,Estrogen/progestogen Receptor,Endocrinology & Hormones,"Bazedoxifene HCl (WAY-140424, TSE-424) is a novel, non-steroidal, indole-based estrogen receptor modulator (SERM) binding to both ERα and ERβ with IC50 of  23 nM and 89 nM, respectively.",198480-56-7,199.19,No DILI,No DILI,No DILI,,,,UCJGJABZCDBEDK
Bedaquiline,,Bedaquiline,,,,,,,E*,Antimicrobial,Antituberculosis,CHEMBL376488,J04AK05,1.0,1.0,72292.0,0.0,1.0,True,2012.0,1.0,,,0.0,4.0,Small molecule,1.0,True,1.0,False,0.0,BEDAQUILINE,0.0,MOL,True,False,-quiline,"antibiotics, diarylquinoline structure",-quiline,2010.0,False,COc1nc2ccc(Br)cc2cc1[C@@H](c1ccccc1)[C@@](O)(CCN(C)C)c1cccc2ccccc12,555.52,7.13,,,,,,ATPase,Transmembrane Transporters,"Bedaquiline (TMC-207, R207910), a diarylquinoline, binds to subunit c of mycobacterial ATP synthase and inhibits its activity. It is highly selective for mycobacterial ATP synthase enzyme compared to homologous eukaryotic enzyme (Selectivity Index >20 000).",843663-66-1,21.6,No DILI,No DILI,No DILI,2017 Sep 22,,,QUIJNHUBAXPXFS
Belumosudil mesylate,,Belumosudil mesylate,,,,,,,E,Hematologic,Chronic GvH disease,CHEMBL4802130,,1.0,0.0,,0.0,2.0,True,2021.0,1.0,,,0.0,4.0,Small molecule,0.0,True,0.0,False,0.0,BELUMOSUDIL MESYLATE,0.0,MOL,True,False,-dil,vasodilators (undefined group): Rho protein kinase (ROCK) inhibitors,-dil (-sudil),2020.0,False,CC(C)NC(=O)COc1cccc(-c2nc(Nc3ccc4[nH]ncc4c3)c3ccccc3n2)c1.CS(=O)(=O)O,548.63,4.82,,,,,,,,,,,No DILI,No DILI,No DILI,,,,ILQJXEIRBCHLOM
Belzutifan,,Belzutifan,,,,,,,E,Antineoplastic,von Hippel Landau (cancers),CHEMBL4585668,L01XX74,1.0,1.0,,0.0,1.0,True,2021.0,1.0,,,0.0,4.0,Small molecule,0.0,True,0.0,False,0.0,BELZUTIFAN,0.0,MOL,True,False,-ifan,hypoxia-inducible factor (HIF) inhibitors,-ifan,2020.0,False,CS(=O)(=O)c1ccc(Oc2cc(F)cc(C#N)c2)c2c1[C@H](O)[C@H](F)[C@@H]2F,383.35,3.29,"teratogenicity, cardiotoxicity",United States,,Black Box Warning,,,,,,,No DILI,No DILI,No DILI,2023 Jul 20,,,LOMMPXLFBTZENJ
Bempedoic acid,,Bempedoic acid,,,,,,,E,Cardiovascular,Hypercholesterolemia,CHEMBL3545313,C10AX15,1.0,0.0,,0.0,2.0,True,2020.0,1.0,,,0.0,4.0,Small molecule,1.0,True,0.0,False,0.0,BEMPEDOIC ACID,0.0,MOL,True,False,,,,2014.0,False,CC(C)(CCCCCC(O)CCCCCC(C)(C)C(=O)O)C(=O)O,344.49,4.47,,,,,,,,,,,No DILI,No DILI,No DILI,,,,HYHMLYSLQUKXKP
Berberine,,Berberine,,,,,,,E,HDS: Herbal Product,Diabetes,CHEMBL295124,,,0.0,16118.0,0.0,2.0,False,,0.0,,,0.0,3.0,Small molecule,1.0,False,0.0,False,0.0,BERBERINE,0.0,MOL,False,False,,,,,False,COc1ccc2cc3[n+](cc2c1OC)CCc1cc2c(cc1-3)OCO2,336.37,3.1,,,,,,Bacterial,Microbiology,"Berberine (Umbellatine), an alkaloid isolated from Rhizoma coptidis, has broad applications, particularly as an antibacterial agent in the clinic.",2086-83-1,133.78,No DILI,No DILI,No DILI,,,,YBHILYKTIRIUTE
Berotralstat,,Berotralstat,,,,,,,E*,Hematologic,Hereditary Angioedema,CHEMBL4594271,B06AC06,1.0,0.0,,0.0,1.0,False,2020.0,0.0,,,0.0,4.0,Small molecule,0.0,True,0.0,False,0.0,BEROTRALSTAT,0.0,MOL,True,False,-stat,enzyme inhibitors: 1) kallikrein inhibitors or 2) serine protease inhibitors,-stat (-alstat),2019.0,False,N#Cc1cccc(C(NCC2CC2)c2ccc(F)c(NC(=O)c3cc(C(F)(F)F)nn3-c3cccc(CN)c3)c2)c1,562.57,5.7,,,,,,,,,,,No DILI,No DILI,No DILI,2024 Jun 20,,,UXNXMBYCBRBRFD
Beta carotene,,Beta carotene,,,,,,,E,HDS: Nutritional Suppl,General health,CHEMBL1293,D02BB01; A11CA02,0.0,0.0,17579.0,0.0,2.0,True,,0.0,,Ultraviolet Screen,0.0,4.0,Small molecule,1.0,True,0.0,False,0.0,BETA CAROTENE,0.0,MOL,False,False,-arotene,arotinoid derivatives,-arotene,1977.0,False,CC1=C(/C=C/C(C)=C/C=C/C(C)=C/C=C/C=C(C)/C=C/C=C(C)/C=C/C2=C(C)CCCC2(C)C)C(C)(C)CCC1,536.89,12.61,,,,,,,,,,,No DILI,No DILI,No DILI,,,,OENHQHLEOONYIE
Betrixaban,,Betrixaban,,,,,,,E*,Hematologic,Anticoagulant,CHEMBL512351,B01AF04,1.0,1.0,,0.0,2.0,True,2017.0,0.0,,,0.0,4.0,Small molecule,1.0,True,0.0,False,0.0,BETRIXABAN,0.0,MOL,True,False,-xaban,"antithrombotics, blood coagulation factor XA inhibitors",-xaban,2007.0,False,COc1ccc(NC(=O)c2ccc(C(=N)N(C)C)cc2)c(C(=O)Nc2ccc(Cl)cn2)c1,451.91,4.14,vascular toxicity,United States,,Black Box Warning,,Factor Xa,Metabolism,"Betrixaban is a new, long-acting, oral and selective Factor Xa inhibitor that decreases prothrombinase activity and thrombin generation.",330942-05-7,77.45,No DILI,No DILI,No DILI,2023 Feb 16,,,XHOLNRLADUSQLD
Bexagliflozin,,Bexagliflozin,,,,,,,E,Endocrine,Type 2 Diabetes,CHEMBL1808388,,1.0,0.0,,0.0,1.0,True,2023.0,0.0,,,0.0,4.0,Small molecule,1.0,True,0.0,False,0.0,BEXAGLIFLOZIN,0.0,MOL,True,False,-gliflozin,"phlorozin derivatives, phenolic glycosides",-gliflozin,2014.0,False,OC[C@H]1O[C@@H](c2ccc(Cl)c(Cc3ccc(OCCOC4CC4)cc3)c2)[C@H](O)[C@@H](O)[C@@H]1O,464.94,2.0,,,,,,SGLT,GPCR & G Protein,"Bexagliflozin (EGT1442, EGT-0001442, THR-1442) is a potent and selective SGLT2 inhibitor with an IC50 of 2 nM.",1118567-05-7,200.03,No DILI,No DILI,No DILI,,,,BTCRKOKVYTVOLU
Bictegravir,,Bictegravir,,,,,,,E*,Antimicrobial,HIV infection,CHEMBL3989866,,1.0,0.0,,0.0,1.0,False,2018.0,0.0,,,0.0,4.0,Small molecule,0.0,True,0.0,False,0.0,BICTEGRAVIR,0.0,MOL,True,False,-vir,antivirals: integrase inhibitors,-vir (-tegravir),2016.0,False,O=C(NCc1c(F)cc(F)cc1F)c1cn2c(c(O)c1=O)C(=O)N1[C@H]3CC[C@H](C3)O[C@@H]1C2,449.39,1.63,,,,,,"COVID-19,Integrase",Microbiology,"Bictegravir (GS-9883) is a novel, potent, once-daily, unboosted inhibitor of HIV-1 integrase.",1611493-60-7,200.28,No DILI,No DILI,No DILI,2019 Apr 10,,,SOLUWJRYJLAZCX
Binimetinib,,Binimetinib,,,,,,,E*,Antineoplastic,Melanoma,CHEMBL3187723,L01EE03,1.0,0.0,,0.0,2.0,True,2018.0,0.0,,,0.0,4.0,Small molecule,0.0,True,0.0,False,0.0,BINIMETINIB,0.0,MOL,True,False,-tinib,tyrosine kinase inhibitors: tyrosine kinase inhibitors; MEK (MAPK kinase) inhibitors,-tinib (-metinib),2014.0,False,Cn1cnc2c(F)c(Nc3ccc(Br)cc3F)c(C(=O)NOCCO)cc21,441.23,3.01,,,,,,"Apoptosis related,Autophagy,MEK",MAPK,"Binimetinib (MEK162, ARRY-162, ARRY-438162) is a potent inhibitor of MEK1/2 with IC50 of 12 nM in a cell-free assay. Binimetinib induces G1 cell cycle arrest and apoptosis in human NSCLC cell lines and induces autophagy. Phase 3.",606143-89-9,199.44,No DILI,No DILI,No DILI,,,,ACWZRVQXLIRSDF
Brexanolone,,Brexanolone,,,,,,,E,CNS,Post-partum depression,CHEMBL207538,N06AX29,1.0,1.0,50169.0,0.0,1.0,True,2019.0,1.0,,,0.0,4.0,Small molecule,1.0,False,0.0,True,0.0,BREXANOLONE,0.0,MOL,True,False,-olone,steroids (not prednisolone derivatives),-olone,2016.0,False,CC(=O)[C@H]1CC[C@H]2[C@@H]3CC[C@H]4C[C@H](O)CC[C@]4(C)[C@H]3CC[C@]12C,318.5,4.6,cardiotoxicity,United States,,Black Box Warning,,,,,,,No DILI,No DILI,No DILI,2019 Apr 12,,,AURFZBICLPNKBZ
Brexpiprazole,,Brexpiprazole,,,,,,,E,CNS,Antipsychotic,CHEMBL2105760,N05AX16,1.0,1.0,,0.0,2.0,True,2015.0,0.0,,,0.0,4.0,Small molecule,1.0,True,0.0,False,0.0,BREXPIPRAZOLE,0.0,MOL,True,False,-prazole,antiulcer agents (benzimidazole derivatives),-prazole,2011.0,False,O=c1ccc2ccc(OCCCCN3CCN(c4cccc5sccc45)CC3)cc2[nH]1,433.58,4.72,psychiatric toxicity,United States,,Black Box Warning,,,,,,,No DILI,No DILI,No DILI,2023 Jun 5,,,ZKIAIYBUSXZPLP
Brigatinib,,Brigatinib,,,,,,,E*,Antineoplastic,NSCLC,CHEMBL3545311,L01ED04,1.0,0.0,,0.0,2.0,True,2017.0,0.0,,,0.0,4.0,Small molecule,1.0,True,0.0,False,0.0,BRIGATINIB,0.0,MOL,True,False,-tinib,tyrosine kinase inhibitors,-tinib,2014.0,False,COc1cc(N2CCC(N3CCN(C)CC3)CC2)ccc1Nc1ncc(Cl)c(Nc2ccccc2P(C)(C)=O)n1,584.11,5.09,,,,,,"ALK,EGFR,FLT3,IGF-1R,ROS1",Angiogenesis,"Brigatinib (AP26113) is a potent and selective ALK (IC50, 0.6 nM) and ROS1 (IC50, 0.9 nM) inhibitor. It also inhibits IGF-1R, FLT3, and mutant variants of FLT3 (D835Y) and EGFR with lower potentcy.",1197953-54-0,5.14,No DILI,No DILI,No DILI,2018 Aug 3,,,AILRADAXUVEEIR
Brivaracetam,,Brivaracetam,,,,,,,E,CNS,Anticonvulsant,CHEMBL607400,N03AX23,1.0,0.0,,0.0,1.0,True,2016.0,0.0,,,0.0,4.0,Small molecule,1.0,True,0.0,True,0.0,BRIVARACETAM,0.0,MOL,True,False,-racetam,"nootropic agents (learning, cognitive enhancers), piracetam type",-racetam,2005.0,False,CCC[C@@H]1CC(=O)N([C@@H](CC)C(N)=O)C1,212.29,0.9,,,,,,,,,,,No DILI,No DILI,No DILI,2017 Oct 2,,,MSYKRHVOOPPJKU
Cabotegravir,,Cabotegravir,,,,,,,E*,Antimicrobial,Antiviral: HIV,CHEMBL2403238,J05AJ04,1.0,0.0,,0.0,1.0,True,2021.0,0.0,,,0.0,4.0,Small molecule,0.0,True,0.0,True,0.0,CABOTEGRAVIR,0.0,MOL,True,False,-vir,antivirals: integrase inhibitors,-vir (-tegravir),2013.0,False,C[C@H]1CO[C@@H]2Cn3cc(C(=O)NCc4ccc(F)cc4F)c(=O)c(O)c3C(=O)N12,405.36,0.96,,,,,,Integrase,Microbiology,"Cabotegravir (GSK744, GSK1265744, S/GSK1265744) is a long-acting HIV integrase inhibitor against a broad range of HIV subtypes, and inhibits the HIV-1 integrase catalyzed strand transfer reaction with IC50 of 3.0 nM. Phase 2.",1051375-10-0,93.75,No DILI,No DILI,No DILI,2023 Jun 17,,,WCWSTNLSLKSJPK
Cabozantinib,,Cabozantinib,,,,,,,E*,Antineoplastic,Thyroid cancer,CHEMBL2105717,L01EX07,1.0,1.0,72317.0,0.0,2.0,True,2012.0,1.0,,,0.0,4.0,Small molecule,0.0,True,0.0,False,0.0,CABOZANTINIB,0.0,MOL,True,False,-tinib,tyrosine kinase inhibitors,-tinib,2010.0,False,COc1cc2nccc(Oc3ccc(NC(=O)C4(C(=O)Nc5ccc(F)cc5)CC4)cc3)c2cc1OC,501.51,5.54,,,,,,"Apoptosis related,Axl,c-Met,VEGFR",Protein Tyrosine Kinase,"Cabozantinib (XL184, BMS-907351) is a potent VEGFR2 inhibitor with IC50 of 0.035 nM and also inhibits c-Met, Ret, Kit, Flt-1/3/4, Tie2, and AXL with IC50 of 1.3 nM, 4 nM, 4.6 nM, 12 nM/11.3 nM/6 nM, 14.3 nM and 7 nM in cell-free assays, respectively. Cabozantinib induces PUMA-dependent apoptosis in colon cancer cells via AKT/GSK-3β/NF-κB signaling pathway.",849217-68-1,199.4,No DILI,No DILI,No DILI,2017 Jan 4,,,ONIQOQHATWINJY
Canagliflozin,,Canagliflozin,,,,,,,E,Endocrine,Diabetes,CHEMBL4594217,A10BK02,1.0,1.0,,0.0,1.0,True,2011.0,1.0,,,0.0,4.0,Small molecule,0.0,True,0.0,False,0.0,CANAGLIFLOZIN,0.0,MOL,True,False,-gliflozin,"phlorozin derivatives, phenolic glycosides",-gliflozin,2009.0,False,Cc1ccc([C@@H]2O[C@H](CO)[C@@H](O)[C@H](O)[C@H]2O)cc1Cc1ccc(-c2ccc(F)cc2)s1.O,462.54,2.97,,United States,,Black Box Warning,,SGLT,GPCR & G Protein,"Canagliflozin (TA 7284, JNJ 28431754) is a highly potent and selective SGLT2 inhibitor for hSGLT2 with IC50 of 2.2 nM in a cell-free assay, exhibits 413-fold selectivity over hSGLT1.",842133-18-0,197.97,No DILI,No DILI,No DILI,,,,RCCZPUWDQVUJAB
Cangrelor,,Cangrelor,,,,,,,E,Hematologic,Antiplatelet,CHEMBL334966,B01AC25,1.0,0.0,,0.0,0.0,False,2015.0,0.0,,,0.0,4.0,Small molecule,0.0,False,0.0,True,0.0,CANGRELOR,0.0,MOL,True,False,-grel-,"platelet aggregation inhibitors, primarily platelet P2Y12 receptor antagonists",-grel-,2005.0,False,CSCCNc1nc(SCCC(F)(F)F)nc2c1ncn2[C@@H]1O[C@H](COP(=O)(O)OP(=O)(O)C(Cl)(Cl)P(=O)(O)O)[C@@H](O)[C@H]1O,776.37,2.85,,,,,,,,,,,No DILI,No DILI,No DILI,2017 Oct 3,,,PAEBIVWUMLRPSK
Cannabidiol,,Cannabidiol,,,,,,,E*,CNS,Anticonvulsant,CHEMBL190461,N03AX24,1.0,0.0,69478.0,0.0,1.0,True,2018.0,0.0,,,0.0,4.0,Small molecule,1.0,True,1.0,False,0.0,CANNABIDIOL,0.0,MOL,True,False,-nab-,cannabinol derivatives,-nab-,2016.0,False,C=C(C)[C@@H]1CCC(C)=C[C@H]1c1c(O)cc(CCCCC)cc1O,314.47,5.85,,,,,,,,,,,No DILI,No DILI,No DILI,2023 Feb 16,,,QHMBSVQNZZTUGM
Capmatinib,,Capmatinib,,,,,,,E*,Antineoplastic,NSCLC,CHEMBL3188267,L01EX17,1.0,0.0,,1.0,2.0,True,2020.0,0.0,,,0.0,4.0,Small molecule,0.0,True,0.0,False,0.0,CAPMATINIB,0.0,MOL,True,False,-tinib,tyrosine kinase inhibitors,-tinib,2016.0,False,CNC(=O)c1ccc(-c2cnc3ncc(Cc4ccc5ncccc5c4)n3n2)cc1F,412.43,3.43,,,,,,"Apoptosis related,c-Met,Wnt/beta-catenin",Protein Tyrosine Kinase,"Capmatinib (INCB28060, INC280, NVP-INC280) is a novel, ATP-competitive inhibitor of c-MET with IC50 of 0.13 nM in a cell-free assay, inactive against RONβ, as well as EGFR and HER-3. Capmatinib (INCB28060) inhibits Wnt/β-catenin and EMT signaling pathways and induces apoptosis in diffuse gastric cancer positive for c-MET amplification. Phase 1.",1029712-80-8,4.85,No DILI,No DILI,No DILI,2025 Apr 25,,,LIOLIMKSCNQPLV
Caramiphen,,Caramiphen,,,,,,,E,Respiratory,Allergy symptoms,CHEMBL61946,,,0.0,,0.0,2.0,False,,0.0,,,0.0,-1.0,Small molecule,0.0,False,0.0,False,0.0,CARAMIPHEN,0.0,MOL,False,False,,,,,False,CCN(CC)CCOC(=O)C1(c2ccccc2)CCCC1,289.42,3.38,,,,,,,,,,,No DILI,No DILI,No DILI,,,,OFAIGZWCDGNZGT
Carglumic acid,,Carglumic acid,,,,,,,E,Genetic,Hyperammonemia,CHEMBL1201780,A16AA05,1.0,0.0,71028.0,0.0,1.0,True,2010.0,1.0,,,0.0,4.0,Small molecule,1.0,True,0.0,False,0.0,CARGLUMIC ACID,0.0,MOL,True,False,,,,2009.0,False,NC(=O)N[C@@H](CCC(=O)O)C(=O)O,190.16,-1.03,,,,,,CPSase,Metabolism,"Carglumic Acid (arbamylglutamic acid, Carbamino-L-glutamic acid, Ureidoglutaric acid, N-Carbamylglutamate) is an orally active, synthetic structural analogue of N-acetylglutamate (NAG) and carbamoyl phosphate synthetase 1 (CPS 1) activator, with ammonia lowering activity.",1188-38-1,199.84,No DILI,No DILI,No DILI,,,,LCQLHJZYVOQKHU
Cariprazine,,Cariprazine,,,,,,,E*,CNS,Antipsychotic,CHEMBL2028019,N05AX15,1.0,1.0,,0.0,1.0,True,2015.0,0.0,,,0.0,4.0,Small molecule,1.0,True,0.0,False,0.0,CARIPRAZINE,0.0,MOL,True,False,,,,2011.0,False,CN(C)C(=O)N[C@H]1CC[C@H](CCN2CCN(c3cccc(Cl)c3Cl)CC2)CC1,427.42,4.34,,United States,,Black Box Warning,,,,,,,No DILI,No DILI,No DILI,2023 Jun 5,,,KPWSJANDNDDRMB
Cedazuridine,,Cedazuridine,,,,,,,E*,Antineoplastic,Myelodysplastic syndromes,CHEMBL3237547,,1.0,0.0,,0.0,1.0,True,2020.0,0.0,,,0.0,4.0,Small molecule,0.0,True,0.0,False,0.0,CEDAZURIDINE,0.0,MOL,True,False,-uridine,antivirals; antineoplastics (uridine derivatives),-uridine,2019.0,False,O=C1N[C@H](O)CCN1[C@@H]1O[C@H](CO)[C@@H](O)C1(F)F,268.22,-1.57,,,,,,,,,,,No DILI,No DILI,No DILI,2023 Jul 27,,,VUDZSIYXZUYWSC
Cefiderocol,,Cefiderocol,,,,,,,E*,Antimicrobiial,Antibacterial,CHEMBL3989974,J01DI04,1.0,0.0,,0.0,1.0,False,2019.0,0.0,,,0.0,4.0,Small molecule,1.0,False,0.0,True,0.0,CEFIDEROCOL,0.0,MOL,True,False,cef-,cephalosporins,cef-,2017.0,False,CC(C)(O/N=C(\C(=O)N[C@@H]1C(=O)N2C(C(=O)[O-])=C(C[N+]3(CCNC(=O)c4ccc(O)c(O)c4Cl)CCCC3)CS[C@H]12)c1csc(N)n1)C(=O)O,752.23,-0.18,,,,,,,,,,,No DILI,No DILI,No DILI,,,,DBPPRLRVDVJOCL
Ceftaroline,,Ceftaroline,,,,,,,E*,Antimicrobial,Antibacterial,CHEMBL4594371,,-1.0,0.0,,0.0,1.0,False,,0.0,,,0.0,-1.0,Small molecule,0.0,False,0.0,False,0.0,CEFTAROLINE,0.0,MOL,False,False,cef-,cephalosporins,cef-,,False,CCO/N=C(\C(=O)N[C@@H]1C(=O)N2C(C(=O)[O-])=C(Sc3nc(-c4cc[n+](C)cc4)cs3)CS[C@H]12)c1nsc(N)n1,604.72,-0.04,,,,,,,,,,,No DILI,No DILI,No DILI,,,,RGFBRLNVZCCMSV
Ceftolozane,,Ceftolozane,,,,,,,E*,Antimicrobial,Antibacterial,CHEMBL2103872,,1.0,0.0,,0.0,1.0,False,2014.0,0.0,,,0.0,4.0,Small molecule,1.0,False,0.0,True,0.0,CEFTOLOZANE,0.0,MOL,True,False,cef-,cephalosporins,cef-,2011.0,False,Cn1c(N)c(NC(=O)NCCN)c[n+]1CC1=C(C(=O)O)N2C(=O)[C@@H](NC(=O)/C(=N\OC(C)(C)C(=O)[O-])c3nsc(N)n3)[C@H]2SC1,666.7,-3.9,,,,,,,,,,,No DILI,No DILI,No DILI,,,,JHFNIHVVXRKLEF
Choline,,Choline,,,,,,,E,HDS: Nutritional Suppl,General health,CHEMBL920,,,0.0,15354.0,0.0,2.0,False,,0.0,,,0.0,0.5,Small molecule,1.0,False,0.0,False,0.0,CHOLINE,0.0,MOL,False,False,,,,,False,C[N+](C)(C)CCO,104.17,-0.32,,,,,,,,,,,No DILI,No DILI,No DILI,,,,OEYIOHPDSNJKLS
Clavulanate,,Clavulanate,,,,,,,A,Antimicrobial,Antibacterial,CHEMBL777,,1.0,0.0,48947.0,0.0,1.0,False,1984.0,0.0,,Inhibitor (beta-lactamase),0.0,4.0,Small molecule,1.0,True,0.0,True,0.0,CLAVULANIC ACID,0.0,MOL,True,False,,,,1986.0,False,O=C(O)[C@H]1/C(=C/CO)O[C@@H]2CC(=O)N21,199.16,-1.1,,,,,,,,,,,DILI (known),DILI,Known,,,,HZZVJAQRINQKSD
Coenzyme q10,,Coenzyme q10,,,,,,,E,HDS: Nutritional Suppl,General health,CHEMBL454801,C01EB09,,0.0,46245.0,0.0,2.0,False,,0.0,,,0.0,3.0,Small molecule,1.0,False,0.0,False,0.0,UBIDECARENONE,0.0,MOL,False,False,-renone,aldosterone antagonists (spironolactone type),-renone,,False,COC1=C(OC)C(=O)C(C/C=C(\C)CC/C=C(\C)CC/C=C(\C)CC/C=C(\C)CC/C=C(\C)CC/C=C(\C)CC/C=C(\C)CC/C=C(\C)CC/C=C(\C)CCC=C(C)C)=C(C)C1=O,863.36,17.85,,,,,,,,,,,No DILI,No DILI,No DILI,,,,ACTIUHUUMQJHFO
Copanlisib,,Copanlisib,,,,,,,E*,Antineoplastic,Lymphoma,CHEMBL3218576,L01EM02,1.0,0.0,,0.0,2.0,False,2017.0,1.0,,,0.0,4.0,Small molecule,1.0,False,0.0,True,0.0,COPANLISIB,0.0,MOL,True,False,-lisib,phosphatidylinositol 3-kinase (PI3K) inhibitors,-lisib,2015.0,False,COc1c(OCCCN2CCOCC2)ccc2c1N=C(NC(=O)c1cnc(N)nc1)N1CCN=C21,480.53,0.66,,,,,,,,,,,No DILI,No DILI,No DILI,2018 Oct 20,,,PZBCKZWLPGJMAO
Cortisone,,Cortisone,,,,,,,E,Endocrine,Hormone replacement,CHEMBL1499,,,0.0,16962.0,0.0,1.0,False,,0.0,,,0.0,3.0,Small molecule,1.0,False,0.0,False,0.0,CORTISONE,1.0,MOL,False,False,,,,,False,C[C@]12CCC(=O)C=C1CC[C@@H]1[C@@H]2C(=O)C[C@@]2(C)[C@H]1CC[C@]2(O)C(=O)CO,360.45,1.99,,,,,,Immunology & Inflammation related,Immunology & Inflammation,"Cortisone is a pregnane steroid hormone and one of main substance released by the body as a reaction to stress. It suppresses the immune system, thus reducing inflammation and attendant pain and swelling at the site of the injury.",53-06-5,199.76,No DILI,No DILI,No DILI,,,,MFYSYFVPBJMHGN
Cromolyn,,Cromolyn,,,,,,,E,Respiratory,Asthma,CHEMBL74,,2.0,0.0,128458.0,0.0,2.0,True,1982.0,0.0,,Anti-Asthmatic (prophylactic),0.0,4.0,Small molecule,1.0,True,0.0,False,0.0,CROMOLYN SODIUM,0.0,MOL,True,True,,,,1968.0,False,O=C([O-])c1cc(=O)c2c(OCC(O)COc3cccc4oc(C(=O)[O-])cc(=O)c34)cccc2o1.[Na+].[Na+],512.33,2.11,,,,,,,,,,,No DILI,No DILI,No DILI,,,,VLARUOGDXDTHEH
Dabrafenib,,Dabrafenib,,,,,,,E*,Antineoplastic,Melanoma,CHEMBL2028663,L01EC02,1.0,0.0,75045.0,0.0,2.0,True,2013.0,0.0,,,0.0,4.0,Small molecule,0.0,True,0.0,False,0.0,DABRAFENIB,0.0,MOL,True,False,-rafenib,rapidly accelerated fibrosarcoma (RAF) kinase inhibitors,-rafenib,2010.0,False,CC(C)(C)c1nc(-c2cccc(NS(=O)(=O)c3c(F)cccc3F)c2F)c(-c2ccnc(N)n2)s1,519.57,5.36,,,,,,Raf,MAPK,"Dabrafenib (GSK2118436, GSK2118436A) is a mutant BRAFV600E specific inhibitor with IC50 of 0.7 nM in cell-free assays, with 7- and 9-fold less potency against B-Raf(wt) and c-Raf, respectively.",1195765-45-7,57.74,No DILI,No DILI,No DILI,2018 Jun 28,,,BFSMGDJOXZAERB
Dacomitinib,,Dacomitinib,,,,,,,E*,Antineoplastic,NSCLC,CHEMBL2105719,L01EB07,1.0,0.0,,0.0,2.0,True,2018.0,0.0,,,0.0,4.0,Small molecule,0.0,True,0.0,False,0.0,DACOMITINIB,0.0,MOL,True,False,-tinib,tyrosine kinase inhibitors,-tinib,2010.0,False,COc1cc2ncnc(Nc3ccc(F)c(Cl)c3)c2cc1NC(=O)/C=C/CN1CCCCC1.O,487.96,5.16,,,,,,"Apoptosis related,EGFR,HER2",Protein Tyrosine Kinase,"Dacomitinib (PF299804, PF299) is a potent, irreversible pan-ErbB inhibitor, mostly to EGFR with IC50 of 6 nM in a cell-free assay. Dacomitinib inhibits ERBB2 and ERBB4 with IC50 of 45.7 nM and 73.7 nM, respectively. Dacomitinib is effective against NSCLCs with EGFR or ERBB2 mutations (resistant to gefitinib) as well as those harboring the EGFR T790M mutation. Dacomitinib inhibits cell growth and induces apoptosis. Phase 2.",1110813-31-4,40.43,No DILI,No DILI,No DILI,2019 Apr 15,,,BSPLGGCPNTZPIH
Dalbavancin,,Dalbavancin,,,,,,,E,Antimicrobial,Antibacterial,CHEMBL3301669,J01XA04,1.0,0.0,82721.0,0.0,1.0,False,2014.0,0.0,,,0.0,4.0,Unknown,1.0,False,0.0,True,0.0,DALBAVANCIN,0.0,MOL,True,False,-vancin,vancomycin-related compounds,-vancin,2004.0,False,CN[C@H]1C(=O)N[C@@H]2Cc3ccc(cc3)Oc3cc4cc(c3O[C@@H]3O[C@H](C(=O)O)[C@@H](O)[C@H](O)[C@H]3NC(=O)CCCCCCCCC(C)C)Oc3ccc(cc3Cl)[C@@H](O)[C@@H]3NC(=O)[C@H](NC(=O)[C@@H]4NC(=O)[C@@H](NC2=O)c2cc(cc(O)c2Cl)Oc2cc1ccc2O)c1ccc(O)c(c1)-c1c(O[C@H]2O[C@H](CO)[C@@H](O)[C@H](O)[C@@H]2O)cc(O)cc1[C@@H](C(=O)NCCCN(C)C)NC3=O,1816.72,,,,,,,"Antibiotics,Bacterial",Microbiology,"Dalbavancin (Zeven, BI 397, MDL 63397) is a lipoglycopeptide antibiotic that has bactericidal activity against Gram-positive bacteria including various staphylococci.",171500-79-1,55.05,No DILI,No DILI,No DILI,,,,KGPGQDLTDHGEGT
Dalfampridine,,Dalfampridine,,,,,,,E*,CNS,Multiple sclerosis,CHEMBL284348,N07XX07,1.0,0.0,34385.0,0.0,2.0,True,2010.0,0.0,,Multiple Sclerosis Symptomatic Treatment,0.0,4.0,Small molecule,1.0,True,0.0,False,0.0,DALFAMPRIDINE,0.0,MOL,True,False,,,,1994.0,False,Nc1ccncc1,94.12,0.66,,,,,,,,,,,No DILI,No DILI,No DILI,2017 Nov 13,,,NUKYPUAOHBNCPY
Dalfopristin,,Dalfopristin,,,,,,,E*,Antimicrobial,Antibacterial,CHEMBL1200937,,1.0,0.0,,0.0,1.0,True,1999.0,0.0,,Antibacterial,0.0,4.0,Small molecule,1.0,False,0.0,True,0.0,DALFOPRISTIN,0.0,MOL,True,False,-pris-; -pristin,"steriodal compounds acting on progesterone receptors (excluding-gest- compounds); antibacterials, pristinamycin derivatives",-pris-; -pristin,1993.0,False,CCN(CC)CCS(=O)(=O)[C@@H]1CCN2C(=O)c3coc(n3)CC(=O)C[C@H](O)/C=C(C)/C=C/CNC(=O)/C=C/[C@@H](C)[C@@H](C(C)C)OC(=O)[C@@H]12,690.86,2.27,,,,,,,,,,,No DILI,No DILI,No DILI,,,,SUYRLXYYZQTJHF
Daprodustat,,Daprodustat,,,,,,,E,Hematologic,Anemia  ESKD,CHEMBL3544988,B03XA07,1.0,1.0,,0.0,2.0,True,2023.0,0.0,,,0.0,4.0,Small molecule,1.0,True,0.0,False,0.0,DAPRODUSTAT,0.0,MOL,True,False,-stat,enzyme inhibitors: hypoxia-inducible factor (HIF) prolyl hydroxylase inhibitors,-stat (-dustat),2014.0,False,O=C(O)CNC(=O)C1C(=O)N(C2CCCCC2)C(=O)N(C2CCCCC2)C1=O,393.44,1.26,,United States,,Black Box Warning,,HIF,Angiogenesis,Daprodustat (GSK1278863) is an orally administered hypoxia-inducible factor-prolyl hydroxylase (HIF-PH) inhibitor. Phase 2.,960539-70-2,25.42,No DILI,No DILI,No DILI,2024 Jul 15,,,RUEYEZADQJCKGV
Darolutamide,,Darolutamide,,,,,,,E,Antineoplastic,Prostate cancer,CHEMBL4297185,L02BB06,1.0,0.0,,0.0,0.0,True,2019.0,0.0,,,0.0,4.0,Small molecule,1.0,True,0.0,False,0.0,DAROLUTAMIDE,0.0,MOL,True,False,-lutamide,non-steroid antiandrogens,-lutamide,2017.0,False,CC(O)c1cc(C(=O)N[C@@H](C)Cn2ccc(-c3ccc(C#N)c(Cl)c3)n2)n[nH]1,398.85,2.67,,,,,,Androgen Receptor,Endocrinology & Hormones,"Darolutamide (ODM-201, BAY-1841788) is a novel androgen receptor (AR) antagonist that blocks AR nuclear translocation with Ki of 11 nM. Phase 3.",1297538-32-9,200.58,No DILI,No DILI,No DILI,2023 Mar 15,,,BLIJXOOIHRSQRB
Dasabuvir,,Dasabuvir,,,,,,,B,Antimicrobial,Antiviral: HCV,CHEMBL3137312,J05AP09,1.0,0.0,85182.0,0.0,2.0,True,2014.0,0.0,,,0.0,4.0,Small molecule,1.0,True,0.0,False,0.0,DASABUVIR,0.0,MOL,True,False,-vir,antivirals: RNA polymerase (NS5B) inhibitors,-vir (-buvir),2013.0,False,COc1c(-c2ccc3cc(NS(C)(=O)=O)ccc3c2)cc(-n2ccc(=O)[nH]c2=O)cc1C(C)(C)C,493.59,4.02,,,,,,HCV Protease,Proteases,"Dasabuvir (ABT-333) is a non-nucleoside inhibitor of NS5B viral RNA-dependent RNA polymerase that inhibits recombinant NS5B polymerases derived from HCV genotype 1a and 1b clinical isolates with IC50 values between 2.2 and 10.7 nM. It is at least 7,000-fold selective for the inhibition of HCV genotype 1 polymerases over human/mammalian polymerases.",1132935-63-7,198.55,DILI (likely),DILI,Likely,,,,NBRBXGKOEOGLOI
Deferiprone,,Deferiprone,,,,,,,E*,Toxicology,Iron overload,CHEMBL70927,V03AC02,1.0,1.0,68554.0,0.0,2.0,True,1999.0,0.0,,,0.0,4.0,Small molecule,1.0,True,0.0,False,0.0,DEFERIPRONE,0.0,MOL,True,False,,,,2008.0,False,Cc1c(O)c(=O)ccn1C,139.15,0.4,hematological toxicity,United States,,Black Box Warning,,Others,Others,Deferiprone (CP20) is a chelating agent with an affinity for ferric ion (iron III)，binds with ferric ions to form neutral 3:1 (deferiprone:iron) complexes that are stable over a wide range of pH values.,30652-11-0,,No DILI,No DILI,No DILI,2017 Dec 27,,,TZXKOCQBRNJULO
Delafloxacin,,Delafloxacin,,,,,,,E*,Antimicrobial,Antibacterial,CHEMBL2105637,J01MA23,1.0,1.0,,0.0,2.0,False,2017.0,0.0,,,0.0,4.0,Small molecule,0.0,True,0.0,True,0.0,DELAFLOXACIN,0.0,MOL,True,False,-oxacin,antibacterials (quinolone derivatives),-oxacin,2008.0,False,Nc1nc(-n2cc(C(=O)O)c(=O)c3cc(F)c(N4CC(O)C4)c(Cl)c32)c(F)cc1F,440.77,1.92,,,,,,Anti-infection,Immunology & Inflammation,"Delafloxacin (ABT-492, RX-3341, WQ-3034) is a new fluoroquinolone against 155 aerobic and 171 anaerobic pathogens.","189279-58-1, 339591-82-1 (sodium salt)",199.66,No DILI,No DILI,No DILI,2020 Mar 10,,,DYDCPNMLZGFQTM
Deucravacitinib,,Deucravacitinib,,,,,,,E*,Dermatologic,Psoriasis,CHEMBL4435170,,1.0,0.0,,1.0,2.0,True,2022.0,1.0,,,0.0,4.0,Small molecule,0.0,True,0.0,False,0.0,DEUCRAVACITINIB,0.0,MOL,True,False,deu-; -tinib,deuterated compounds; tyrosine kinase inhibitors: tyrosine kinase inhibitors; janus kinase inhibitors,deu-; -tinib (-citinib),2020.0,False,[2H]C([2H])([2H])NC(=O)c1nnc(NC(=O)C2CC2)cc1Nc1cccc(-c2ncn(C)n2)c1OC,425.47,1.73,,,,,,"IFN,Interleukins,JAK",Protein Tyrosine Kinase,Deucravacitinib (BMS-986165) is a highly potent and selective allosteric inhibitor of Tyk2 with a Ki value of 0.02 nM for binding to the Tyk2 pseudokinase domain. It is highly selective against a panel of 265 kinases and pseudokinases.,1609392-27-9,68.16,No DILI,No DILI,No DILI,2023 Dec 28,,,BZZKEPGENYLQSC
Deutetrabenazine,,Deutetrabenazine,,,,,,,E,CNS,"Chorea, Huntington",CHEMBL3137326,N07XX16,1.0,1.0,,0.0,0.0,True,2017.0,0.0,,,0.0,4.0,Small molecule,1.0,True,0.0,False,0.0,DEUTETRABENAZINE,0.0,MOL,True,False,deu-,deuterated compounds,deu-,2014.0,False,[2H]C([2H])([2H])Oc1cc2c(cc1OC([2H])([2H])[2H])C1CC(=O)C(CC(C)C)CN1CC2,323.47,3.24,psychiatric toxicity,United States,,Black Box Warning,,,,,,,No DILI,No DILI,No DILI,,,,MKJIEFSOBYUXJB
Dextrothyroxine,,Dextrothyroxine,,,,,,,E*,Endocrine,Hormone replacement,CHEMBL559,C10AX01,1.0,0.0,30659.0,0.0,1.0,True,1967.0,0.0,,Antihyperlipidemic,0.0,4.0,Small molecule,1.0,True,0.0,False,0.0,DEXTROTHYROXINE,0.0,MOL,True,False,,,,1962.0,False,N[C@H](Cc1cc(I)c(Oc2cc(I)c(O)c(I)c2)c(I)c1)C(=O)O,776.87,4.56,,,,,,,,,,,No DILI,No DILI,No DILI,,,,XUIIKFGFIJCVMT
Dichloralphenazone,,Dichloralphenazone,,,,,,,E,CNS,Sedative/Hypnotic,CHEMBL1697834,N05CC04,,0.0,,0.0,2.0,False,,0.0,,,0.0,-1.0,Small molecule,0.0,False,0.0,False,0.0,DICHLORALPHENAZONE,0.0,MOL,False,False,,,,,False,Cc1cc(=O)n(-c2ccccc2)n1C.OC(O)C(Cl)(Cl)Cl.OC(O)C(Cl)(Cl)Cl,519.04,,,,,,,,,,,,No DILI,No DILI,No DILI,,,,ATKXDQOHNICLQW
Dienestrol,,Dienestrol,,,,,,,A,Gynecological,Birth control,CHEMBL1018,G03CB01; G03CC02,0.0,0.0,,0.0,2.0,True,1947.0,0.0,,Estrogen,0.0,4.0,Small molecule,1.0,False,0.0,False,0.0,DIENESTROL,0.0,MOL,True,True,-estr-,estrogens,-estr-,,False,C/C=C(C(=C/C)/c1ccc(O)cc1)\c1ccc(O)cc1,266.34,4.6,,,,,,Estrogen/progestogen Receptor,Endocrinology & Hormones,"Dienestrol(Restrol) is a synthetic, non-steroidal estrogen. It is an estrogen receptor agonist.",84-17-3,199,DILI (known),DILI,Known,,,,NFDFQCUYFHCNBW
Digitoxin,,Digitoxin,,,,,,,E,Cardiovascular,Heart failure,CHEMBL254219,C01AA04,0.0,0.0,28544.0,0.0,1.0,True,1982.0,0.0,,Cardiotonic,0.0,4.0,Small molecule,1.0,False,0.0,True,0.0,DIGITOXIN,0.0,MOL,True,False,-oxin,"fluoroquinolone derivatives, nonantibacterial indication (e.g., antineoplastic antibiotics)",-oxin,,False,C[C@H]1O[C@@H](O[C@H]2[C@@H](O)C[C@H](O[C@H]3[C@@H](O)C[C@H](O[C@H]4CC[C@@]5(C)[C@H](CC[C@@H]6[C@@H]5CC[C@]5(C)[C@@H](C7=CC(=O)OC7)CC[C@]65O)C4)O[C@@H]3C)O[C@@H]2C)C[C@H](O)[C@@H]1O,764.95,3.25,,,,,,,,,,,No DILI,No DILI,No DILI,,,,WDJUZGPOPHTGOT
Dihydromyricetin,,Dihydromyricetin,,,,,,,E,HDS: Herbal Product,Liver disease,CHEMBL3348861,,,0.0,28429.0,0.0,1.0,False,,0.0,,,0.0,2.0,Small molecule,1.0,False,0.0,False,0.0,AMPELOPSIN,0.0,MOL,False,False,,,,,False,O=C1c2c(O)cc(O)cc2O[C@H](c2cc(O)c(O)c(O)c2)[C@H]1O,320.25,0.89,,,,,,"GABA Receptor,ROS",Neuronal Signaling,"Dihydromyricetin (Ampelopsin, Ampeloptin) is a natural antioxidant flavonoid from Ampelopsis grossedentata.",27200-12-0,199.84,No DILI,No DILI,No DILI,2023 Aug 16,,,KJXSIXMJHKAJOD
Diroximel fumarate,,Diroximel fumarate,,,,,,,E*,CNS,Multiple sclerosis,CHEMBL3989944,L04AX09,1.0,0.0,,0.0,2.0,True,2019.0,0.0,,,0.0,4.0,Small molecule,0.0,True,0.0,False,0.0,DIROXIMEL FUMARATE,1.0,MOL,True,False,,,,2016.0,False,COC(=O)/C=C/C(=O)OCCN1C(=O)CCC1=O,255.23,-0.59,,,,,,Others,Others,Diroximel Fumarate (ALKS-8700) is a prodrug of monomethyl fumarate in a controlled-release formulation that rapidly and efficiently converts to MMF in the body.,1577222-14-0,199.83,No DILI,No DILI,No DILI,,,,YIMYDTCOUQIDMT
Docosahexaenoate,,Docosahexaenoate,,,,,,,E,HDS: Nutritional Suppl,Lipid lowering agent,CHEMBL367149,,,0.0,28125.0,0.0,2.0,False,,0.0,,,0.0,3.0,Small molecule,1.0,False,0.0,False,0.0,DOCONEXENT,0.0,MOL,False,False,,,,,False,CC/C=C\C/C=C\C/C=C\C/C=C\C/C=C\C/C=C\CCC(=O)O,328.5,6.55,,,,,,,,,,,No DILI,No DILI,No DILI,,,,MBMBGCFOFBJSGT
Doravirine,,Doravirine,,,,,,,E*,Antimicrobial,Antiviral: HIV,CHEMBL2364608,J05AG06,1.0,0.0,,0.0,2.0,True,2018.0,0.0,,,0.0,4.0,Small molecule,0.0,True,0.0,False,0.0,DORAVIRINE,0.0,MOL,True,False,-vir-,"antivirals: non-nucleoside reverse transcriptase inhibitors, not benzoxazinone derivatives",-vir- (-virine),2013.0,False,Cn1c(Cn2ccc(C(F)(F)F)c(Oc3cc(Cl)cc(C#N)c3)c2=O)n[nH]c1=O,425.75,2.65,,,,,,Reverse Transcriptase,Microbiology,"Doravirine (MK-1439) is a novel HIV-1 nonnucleoside reverse transcriptase inhibitor with IC50 values of 12, 9.7, and 9.7 nM against the wild type (WT) and K103N and Y181C reverse transcriptase (RT) mutants, respectively, in a biochemical assay. It is highly specific with minimum off-target activities.",1338225-97-0,199.65,No DILI,No DILI,No DILI,2019 Apr 12,,,ZIAOVIPSKUPPQW
Dronabinol,,Dronabinol,,,,,,,E,Gastrointestinal,Antiemetic,CHEMBL465,A04AD10,1.0,0.0,66964.0,0.0,1.0,True,1985.0,0.0,,Anti-Emetic,0.0,4.0,Small molecule,1.0,True,0.0,False,0.0,DRONABINOL,0.0,MOL,True,False,-nab-,cannabinol derivatives,-nab-,1984.0,False,CCCCCc1cc(O)c2c(c1)OC(C)(C)[C@@H]1CCC(C)=C[C@@H]21,314.47,5.74,,,,,,,,,,,No DILI,No DILI,No DILI,2018 Jan 15,,,CYQFCXCEBYINGO
Drospirenone,,Drospirenone,,,,,,,A,Gynecological,Birth control,CHEMBL1509,G03AC10,1.0,0.0,50838.0,0.0,1.0,True,2001.0,0.0,,Aldosterone Antagonist,0.0,4.0,Small molecule,1.0,True,0.0,False,0.0,DROSPIRENONE,0.0,MOL,True,False,-renone,aldosterone antagonists (spironolactone type),-renone,1997.0,False,C[C@]12CCC(=O)C=C1[C@@H]1C[C@@H]1[C@H]1[C@@H]3[C@@H]4C[C@@H]4[C@@]4(CCC(=O)O4)[C@@]3(C)CC[C@@H]12,366.5,4.31,,,,,,Estrogen/progestogen Receptor,Endocrinology & Hormones,Drospirenone (ZK 3059) is a synthetic progestin that is an analog to spironolactone.,67392-87-4,199.19,DILI (known),DILI,Known,,,,METQSPRSQINEEU
Duvelisib,,Duvelisib,,,,,,,E*,Antineoplastic,CLL,CHEMBL3039502,L01EM04,1.0,1.0,,0.0,1.0,False,2018.0,0.0,,,0.0,4.0,Small molecule,1.0,True,0.0,False,0.0,DUVELISIB,0.0,MOL,True,False,-lisib,phosphatidylinositol 3-kinase (PI3K) inhibitors,-lisib,2013.0,False,C[C@H](Nc1ncnc2nc[nH]c12)c1cc2cccc(Cl)c2c(=O)n1-c1ccccc1,416.87,4.48,,,,,,PI3K,Angiogenesis,"Duvelisib (IPI-145, INK1197) is a novel and selective PI3K δ/γ inhibitor with Ki and IC50 of 23 pM/243 pM and 1 nM/50 nM in cell-free assays, highly selective for PI3K δ/γ than other protein kinases. Phase 3.",1201438-56-3,199.11,No DILI,No DILI,No DILI,2022 Jul 12,,,SJVQHLPISAIATJ
Eicosapentaenoate,,Eicosapentaenoate,,,,,,,E,HDS: Nutritional Suppl,Lipid lowering agent,CHEMBL460026,,-1.0,0.0,28364.0,0.0,2.0,False,,0.0,,,0.0,3.0,Small molecule,1.0,False,0.0,False,0.0,ICOSAPENT,0.0,MOL,False,False,,,,,False,CC/C=C\C/C=C\C/C=C\C/C=C\C/C=C\CCCC(=O)O,302.46,5.99,,,,,,,,,,,No DILI,No DILI,No DILI,,,,JAZBEHYOTPTENJ
Elafibranor,,Elafibranor,,,,,,,E*,Gastrointestinal,Primary biliary cholangitis,CHEMBL3707395,,,0.0,,0.0,2.0,False,,0.0,,,0.0,3.0,Small molecule,1.0,False,0.0,False,0.0,ELAFIBRANOR,0.0,MOL,False,False,,,,2015.0,False,CSc1ccc(C(=O)/C=C/c2cc(C)c(OC(C)(C)C(=O)O)c(C)c2)cc1,384.5,5.16,,,,,,PPAR,Metabolism,"Elafibranor (GFT505) is an agonist of the peroxisome proliferator-activated receptor-α(PPAR-alpha) and peroxisome proliferator-activated receptor-δ(PPAR-δ). It improves insulin sensitivity, glucose homeostasis, and lipid metabolism and reduces inflammation.",923978-27-2,197.66,No DILI,No DILI,No DILI,2024 Jul 24,,,AFLFKFHDSCQHOL
Elagolix,,Elagolix,,,,,,,E,Gynecological,Endometriosis,CHEMBL1208155,H01CC03,1.0,0.0,,0.0,1.0,False,2018.0,1.0,,,0.0,4.0,Small molecule,0.0,True,0.0,False,0.0,ELAGOLIX,0.0,MOL,True,False,-golix,gonadotropin releasing hormone (GnRH) receptor antagonists (nonpeptide),-golix,2008.0,False,COc1cccc(-c2c(C)n(Cc3c(F)cccc3C(F)(F)F)c(=O)n(C[C@H](NCCCC(=O)O)c3ccccc3)c2=O)c1F,631.6,5.54,,,,,,,,,,,No DILI,No DILI,No DILI,2019 Jan 31,,,HEAUOKZIVMZVQL
Eliglustat,,Eliglustat,,,,,,,E,Genetic,Gaucher disease,CHEMBL2110588,A16AX10,1.0,0.0,82752.0,0.0,1.0,True,2014.0,0.0,,,0.0,4.0,Small molecule,1.0,True,1.0,False,0.0,ELIGLUSTAT,0.0,MOL,True,False,-stat,enzyme inhibitors: glucosyltransferase inhibitors,-stat (-glustat),2009.0,False,CCCCCCCC(=O)N[C@H](CN1CCCC1)[C@H](O)c1ccc2c(c1)OCCO2,404.55,3.43,,,,,,Glucosylceramide Synthase,Metabolism,"Eliglustat (GENZ-112638) inhibits glucosylceramide synthase(GCS) (IC50=20 nM in intact MDCK cells), thus reducing the load of glucosylceramide influx into the lysosome.",491833-29-5,197.76,No DILI,No DILI,No DILI,2018 Mar 5,,,FJZZPCZKBUKGGU
Elvitegravir,,Elvitegravir,,,,,,,E*,Antimicrobial,Antiviral: HIV,CHEMBL204656,J05AJ02,1.0,0.0,72289.0,0.0,1.0,True,2012.0,0.0,,,0.0,4.0,Small molecule,0.0,True,0.0,False,0.0,ELVITEGRAVIR,0.0,MOL,True,False,-vir,antivirals: integrase inhibitors,-vir (-tegravir),2007.0,False,COc1cc2c(cc1Cc1cccc(Cl)c1F)c(=O)c(C(=O)O)cn2[C@H](CO)C(C)C,447.89,4.28,,,,,,Integrase,Microbiology,"Elvitegravir (GS-9137,JTK-303,D06677) is an HIV integrase inhibitor for HIV-1 IIIB, HIV-2 EHO and HIV-2 ROD with IC50 of 0.7 nM, 2.8 nM and 1.4 nM in cell-free assays, respectively.",697761-98-1,198.71,No DILI,No DILI,No DILI,,,,JUZYLCPPVHEVSV
Empagliflozin,,Empagliflozin,,,,,,,E,Endocrine,Diabetes,CHEMBL2107830,A10BK03,1.0,0.0,82720.0,0.0,1.0,True,2014.0,0.0,,,0.0,4.0,Small molecule,1.0,True,0.0,False,0.0,EMPAGLIFLOZIN,0.0,MOL,True,False,-gliflozin,"phlorozin derivatives, phenolic glycosides",-gliflozin,2012.0,False,OC[C@H]1O[C@@H](c2ccc(Cl)c(Cc3ccc(O[C@H]4CCOC4)cc3)c2)[C@H](O)[C@@H](O)[C@@H]1O,450.92,1.61,,,,,,SGLT,GPCR & G Protein,"Empagliflozin (BI-10773) is a potent and selective SGLT-2 inhibitor with IC50 of 3.1 nM, exhibits >300-fold selectivity over SGLT-1, 4, 5 and 6. Phase 3.",864070-44-0,199.6,No DILI,No DILI,No DILI,,,,OBWASQILIWPZMG
Enasidenib,,Enasidenib,,,,,,,E*,Antineoplastic,Acute myelogenous leukemia,CHEMBL3989908,L01XX59,1.0,1.0,,0.0,2.0,False,2017.0,1.0,,,0.0,4.0,Small molecule,0.0,True,0.0,False,0.0,ENASIDENIB,0.0,MOL,True,False,-sidenib,mutated isocitrate dehydrogenase (IDH) inhibitors,-sidenib,2016.0,False,CC(C)(O)CNc1nc(Nc2ccnc(C(F)(F)F)c2)nc(-c2cccc(C(F)(F)F)n2)n1,473.38,4.29,,,,,,Dehydrogenase,Metabolism,"Enasidenib (AG-221) is a first-in-class, oral, potent, reversible, selective inhibitor of the IDH2 mutant enzyme.",1446502-11-9,198.57,No DILI,No DILI,No DILI,2025 Mar 1,,,DYLUUSLLRIQKOE
Encorafenib,,Encorafenib,,,,,,,E*,Antineoplastic,Melanoma,CHEMBL3301612,L01EC03,1.0,0.0,,0.0,1.0,True,2018.0,0.0,,,0.0,4.0,Small molecule,0.0,True,0.0,False,0.0,ENCORAFENIB,0.0,MOL,True,False,-rafenib,rapidly accelerated fibrosarcoma (RAF) kinase inhibitors,-rafenib,2014.0,False,COC(=O)N[C@@H](C)CNc1nccc(-c2cn(C(C)C)nc2-c2cc(Cl)cc(NS(C)(=O)=O)c2F)n1,540.02,3.91,,,,,,Raf,MAPK,Encorafenib (LGX818) is a highly potent RAF inhibitor with selective anti-proliferative and apoptotic activity in cells expressing B-RAF(V600E) with EC50 of 4 nM. Phase 3.,1269440-17-6,185.18,No DILI,No DILI,No DILI,,,,CMJCXYNUCSMDBY
Entrectinib,,Entrectinib,,,,,,,E*,Antineoplastic,"NSCLC, NTRK gene fusion",CHEMBL1983268,L01EX14,1.0,0.0,,0.0,2.0,True,2019.0,0.0,,,0.0,4.0,Small molecule,0.0,True,0.0,False,0.0,ENTRECTINIB,0.0,MOL,True,False,-tinib,tyrosine kinase inhibitors: tropomyosin receptor kinase (TRK) inhibitors,-tinib (-trectinib),2015.0,False,CN1CCN(c2ccc(C(=O)Nc3n[nH]c4ccc(Cc5cc(F)cc(F)c5)cc34)c(NC3CCOCC3)c2)CC1,560.65,5.03,,,,,,"ALK,Autophagy,ROS1,Trk receptor",Protein Tyrosine Kinase,"Entrectinib (RXDX-101, NMS-E628) is an orally bioavailable pan-TrkA/B/C, ROS1 and ALK inhibitor with IC50 ranging between 0.1 and 1.7 nM. Entrectinib (RXDX-101) induces autophagy. Phase 2.",1108743-60-7,178.37,No DILI,No DILI,No DILI,2021 Sep 15,,,HAYYBYPASCDWEQ
Enzalutamide,,Enzalutamide,,,,,,,E,Antineoplastic,Prostate cancer,CHEMBL1082407,L02BB04,1.0,0.0,68534.0,0.0,2.0,True,2012.0,0.0,,,0.0,4.0,Small molecule,0.0,True,0.0,False,0.0,ENZALUTAMIDE,0.0,MOL,True,False,-lutamide,deuterated compounds; non-steroid antiandrogens,-lutamide,2012.0,False,CNC(=O)c1ccc(N2C(=S)N(c3ccc(C#N)c(C(F)(F)F)c3)C(=O)C2(C)C)cc1F,464.44,3.99,,,,,,"Androgen Receptor,Autophagy",Endocrinology & Hormones,Enzalutamide (MDV3100) is an androgen-receptor (AR) antagonist with IC50 of 36 nM in LNCaP cells. Enzalutamide is shown to increase autophagy.,915087-33-1,198.09,No DILI,No DILI,No DILI,2023 Mar 15,,,WXCXUHSOUPDCQV
Eravacycline,,Eravacycline,,,,,,,E*,Antimicrobial,Bacterial infections,CHEMBL1951095,J01AA13,1.0,0.0,,0.0,1.0,True,2018.0,0.0,,,0.0,4.0,Small molecule,0.0,False,0.0,True,0.0,ERAVACYCLINE,0.0,MOL,True,False,-cycline,antibiotics (tetracycline derivatives),-cycline,2012.0,False,CN(C)[C@@H]1C(O)=C(C(N)=O)C(=O)[C@@]2(O)C(O)=C3C(=O)c4c(O)c(NC(=O)CN5CCCC5)cc(F)c4C[C@H]3C[C@@H]12,558.56,0.29,,,,,,,,,,,No DILI,No DILI,No DILI,2019 Apr 10,,,HLFSMUUOKPBTSM
Eribulin,,Eribulin,,,,,,,E*,Antineoplastic,Breast cancer,CHEMBL1683590,L01XX41,1.0,0.0,63587.0,0.0,1.0,True,2010.0,0.0,,,0.0,4.0,Small molecule,1.0,False,0.0,True,0.0,ERIBULIN,0.0,MOL,True,False,-bulin,antineoplastics (mitotic inhibitors; tubulin binders),-bulin,2006.0,False,C=C1C[C@@H]2CC[C@@]34C[C@H]5O[C@H]6[C@@H](O3)[C@H]3O[C@H](CC[C@@H]3O[C@H]6[C@H]5O4)CC(=O)C[C@@H]3[C@@H](OC)[C@@H](C[C@H](O)CN)O[C@H]3C[C@H]3O[C@@H](CC[C@@H]1O2)C[C@@H](C)C3=C,729.91,3.44,,,,,,,,,,,No DILI,No DILI,No DILI,2018 Feb 20,,,UFNVPOGXISZXJD
Ertugliflozin,,Ertugliflozin,,,,,,,E,Endocrine,Diabetes,CHEMBL1770248,A10BK04,1.0,0.0,,1.0,1.0,True,2017.0,0.0,,,0.0,4.0,Small molecule,1.0,True,0.0,False,0.0,ERTUGLIFLOZIN,0.0,MOL,True,False,-gliflozin,"phlorozin derivatives, phenolic glycosides",-gliflozin,2011.0,False,CCOc1ccc(Cc2cc([C@]34OC[C@](CO)(O3)[C@@H](O)[C@H](O)[C@H]4O)ccc2Cl)cc1,436.89,1.36,,,,,,SGLT,GPCR & G Protein,"Ertugliflozin (MK-8835, PF-04971729) is a potent and selective sodium-dependent glucose cotransporter 2 inhibitor with IC50 values of 0.877 nM for h-SGLT2 and 1000-fold higher for h-SGLT1.",1210344-57-2,199.14,No DILI,No DILI,No DILI,,,,MCIACXAZCBVDEE
Esomeprazole,,Esomeprazole,,,,,,,B,Gastrointestinal,Acid peptic disease,CHEMBL1201320,A02BC05,2.0,0.0,50275.0,0.0,1.0,False,2001.0,0.0,,,0.0,4.0,Small molecule,1.0,True,0.0,True,0.0,ESOMEPRAZOLE,1.0,MOL,True,False,-prazole,antiulcer agents (benzimidazole derivatives),-prazole,1999.0,False,COc1ccc2[nH]c([S@@+]([O-])Cc3ncc(C)c(OC)c3C)nc2c1,345.42,2.9,,,,,,,,,,,DILI (likely),DILI,Likely,,,,SUBDBMMJDZJVOS
Ethinyl estradiol,,Ethinyl estradiol,,,,,,,A,Gynecological,Birth control,CHEMBL691,L02AA03; G03CA01,1.0,0.0,4903.0,0.0,1.0,True,2001.0,0.0,,Estrogen,0.0,4.0,Small molecule,1.0,False,0.0,False,0.0,ETHINYL ESTRADIOL,0.0,MOL,True,True,estr-,estrogens,estr-,,False,C#C[C@]1(O)CC[C@H]2[C@@H]3CCc4cc(O)ccc4[C@H]3CC[C@@]21C,296.41,3.61,,,,,,Estrogen/progestogen Receptor,Endocrinology & Hormones,Ethinyl Estradiol is an orally bio-active estrogen used in almost all modern formulations of combined oral contraceptive pills.,57-63-6,199.06,DILI (known),DILI,Known,,,,BFPYWIDHMRZLRN
Ethynodiol,,Ethynodiol,,,,,,,A ,Gynecological,Birth control,CHEMBL1201406,,-1.0,0.0,50785.0,0.0,1.0,False,,0.0,,,0.0,-1.0,Small molecule,1.0,False,0.0,False,0.0,ETHYNODIOL,0.0,MOL,False,False,,,,,False,C#C[C@]1(O)CC[C@H]2[C@@H]3CCC4=C[C@@H](O)CC[C@@H]4[C@H]3CC[C@@]21C,300.44,3.28,,,,,,,,,,,DILI (known),DILI,Known,,,,JYILPERKVHXLNF
Evobrutinib,,Evobrutinib,,,,,,,,,,CHEMBL4072833,,,0.0,,0.0,2.0,False,,0.0,,,0.0,3.0,Small molecule,0.0,False,0.0,False,0.0,EVOBRUTINIB,0.0,MOL,False,False,-tinib,tyrosine kinase inhibitors: tyrosine kinase inhibitors Bruton's (Btk) inhibitors,-tinib (-brutinib),2022.0,False,C=CC(=O)N1CCC(CNc2ncnc(N)c2-c2ccc(Oc3ccccc3)cc2)CC1,429.52,4.35,,,,,,BTK,Protein Tyrosine Kinase,"Evobrutinib (M-2951, MSC-2364447C) is a highly selective BTK inhibitor with an IC50 of 37.9 nM. It has potential anti-neoplastic activity.",1415823-73-2,200.23,DILI (withdrawn),DILI,Withdrawn,,,,QUIWHXQETADMGN
Ezogabine,,Ezogabine,,,,,,,E,CNS,Anticonvulsant,CHEMBL41355,N03AX21,1.0,1.0,68584.0,0.0,2.0,True,2011.0,1.0,,,0.0,4.0,Small molecule,0.0,True,0.0,False,0.0,EZOGABINE,0.0,MOL,True,False,-gab-,gabamimetics,-gab-,2006.0,False,CCOC(=O)Nc1ccc(NCc2ccc(F)cc2)cc1N,303.34,3.59,,United States,,Black Box Warning,,,,,,,No DILI,No DILI,No DILI,2018 Feb 18,,,PCOBBVZJEWWZFR
FIRU,,FIRU,,,,,,,,,,,,,,,,,,,,,,,,,,,,,,,,,,,,,,,,O[C@H]1[C@@H](F)[C@H](N2C(NC(C(I)=C2)=O)=O)O[C@@H]1CO,,,,,,,,,,,,,No DILI,No DILI,No DILI,,,,IPVFGAYTKQKGBM
Fexinidazole,,Fexinidazole,,,,,,,E*,Antimicrobial,Trypanosomiasis,CHEMBL1631694,P01CA03,1.0,0.0,,0.0,2.0,True,2021.0,0.0,,,0.0,4.0,Small molecule,1.0,True,0.0,False,0.0,FEXINIDAZOLE,0.0,MOL,True,False,-nidazole,antiprotozoal substances (metronidazole type),-nidazole,2019.0,False,CSc1ccc(OCc2ncc([N+](=O)[O-])n2C)cc1,279.32,2.63,,,,,,DNA/RNA Synthesis,DNA Damage/DNA Repair,"Fexinidazole (HOE-239, Fexinidazole Winthrop) is a 5-nitroimidazole derivative. Fexinidazole is a DNA synthesis inhibitor and the only, all-oral agent for Human African Trypanosomiasis(HAT or sleeping sickness).",59729-37-2,200.49,No DILI,No DILI,No DILI,2023 Jul 18,,,MIWWSGDADVMLTG
Fidaxomicin,,Fidaxomicin,,,,,,,E,Antimicrobial,Antibacterial,CHEMBL1255800,A07AA12,1.0,0.0,,0.0,1.0,True,2011.0,0.0,,,0.0,4.0,Small molecule,1.0,True,0.0,False,0.0,FIDAXOMICIN,0.0,MOL,True,False,-micin,antibiotics (Micromonospora strains),-micin,2008.0,False,CCc1c(Cl)c(O)c(Cl)c(O)c1C(=O)O[C@H]1[C@H](O)[C@H](OC)[C@H](OC/C2=C\C=C\C[C@H](O)/C(C)=C/[C@H](CC)[C@@H](O[C@@H]3OC(C)(C)[C@@H](OC(=O)C(C)C)[C@H](O)[C@@H]3O)/C(C)=C/C(C)=C/C[C@@H]([C@@H](C)O)OC2=O)O[C@@H]1C,1058.05,,,,,,,DNA/RNA Synthesis,DNA Damage/DNA Repair,"Fidaxomicin (OPT-80, PAR-101,Dificid) is a narrow spectrum macrocyclic antibiotic that inhibits RNA polymerase sigma subunit.",873857-62-6,94.51,No DILI,No DILI,No DILI,2017 Aug 8,,,ZVGNESXIJDCBKN
Finerenone,,Finerenone,,,,,,,E,Renal Disease,Chronic kidney disease,CHEMBL2181927,C03DA05,1.0,0.0,,0.0,1.0,True,2021.0,1.0,,,0.0,4.0,Small molecule,0.0,True,0.0,False,0.0,FINERENONE,0.0,MOL,True,False,-renone,aldosterone antagonists (spironolactone type),-renone,2013.0,False,CCOc1ncc(C)c2c1[C@H](c1ccc(C#N)cc1OC)C(C(N)=O)=C(C)N2,378.43,2.99,,,,,,Mineralocorticoid Receptor,Endocrinology & Hormones,"Finerenone (FIN, BAY 94-8862) is a highly selective and orally available nonsteroidal antagonist of mineralocorticoid receptor (MR) with IC50 of 18 nM. Finerenone has the potential for cardiorenal diseases research, such as type 2 diabetes mellitus and chronic kidney disease.",1050477-31-0,200.84,No DILI,No DILI,No DILI,2023 Oct 13,,,BTBHLEZXCOBLCY
Flibanserin,,Flibanserin,,,,,,,E*,CNS,Hypoactive sexual desire,CHEMBL231068,G02CX02,1.0,1.0,,0.0,2.0,True,2015.0,1.0,,,0.0,4.0,Small molecule,0.0,True,0.0,False,0.0,FLIBANSERIN,0.0,MOL,True,False,-anserin,serotonin 5-HT2 receptor antagonists,-anserin,1997.0,False,O=c1[nH]c2ccccc2n1CCN1CCN(c2cccc(C(F)(F)F)c2)CC1,390.41,3.17,,United States,,Black Box Warning,,5-HT Receptor,Neuronal Signaling,"Flibanserin (BIMT-17, BIMT-17-BS) is a nonhormonal, centrally acting molecule that acts as an agonist at postsynaptic 5-HT1A receptors and as an antagonist at 5-HT2A receptors.",167933-07-5,199.8,No DILI,No DILI,No DILI,2018 Jan 26,,,PPRRDFIXUUSXRA
Fluoride,,Fluoride,,,,,,,E,HDS: Nutritional Suppl,Flouride,CHEMBL1232767,,,0.0,29228.0,0.0,2.0,False,,0.0,,,0.0,3.0,Small molecule,0.0,False,0.0,False,0.0,FLUORIDE,0.0,MOL,False,False,,,,,False,F,20.01,0.15,,,,,,,,,,,No DILI,No DILI,No DILI,,,,KRHYYFGTRYWZRS
Fondaparinux,,Fondaparinux,,,,,,,E,Hematologic,Anticoagulant,CHEMBL1201202,B01AX05,1.0,1.0,61033.0,0.0,1.0,False,2001.0,0.0,,,0.0,4.0,Oligosaccharide,1.0,False,0.0,True,0.0,FONDAPARINUX,0.0,MOL,True,False,-parinux,antihrombotic indirect selective synthetic factor Xa inhibitors,-parinux,2001.0,False,CO[C@H]1O[C@H](COS(=O)(=O)O)[C@@H](O[C@@H]2O[C@@H](C(=O)O)[C@@H](O[C@H]3O[C@H](COS(=O)(=O)O)[C@@H](O[C@@H]4O[C@H](C(=O)O)[C@@H](O[C@H]5O[C@H](COS(=O)(=O)O)[C@@H](O)[C@H](O)[C@H]5NS(=O)(=O)O)[C@H](O)[C@H]4O)[C@H](OS(=O)(=O)O)[C@H]3NS(=O)(=O)O)[C@H](O)[C@H]2OS(=O)(=O)O)[C@H](O)[C@H]1NS(=O)(=O)O,1508.27,,,,,,,,,,,,No DILI,No DILI,No DILI,2023 Feb 22,,,KANJSNBRCNMZMV
Fosnetupitant,,Fosnetupitant,,,,,,,E,Gastrointestinal,Nausea  & Vomiting,CHEMBL3989917,,1.0,0.0,,0.0,2.0,False,2018.0,0.0,,,0.0,4.0,Small molecule,0.0,True,0.0,True,0.0,FOSNETUPITANT,1.0,MOL,True,False,fos-; -tant,phosphoro-derivatives; tachykinin (neurokinin) receptor antagonists: NK1 receptor antagonists,fos-; -tant (-pitant),2016.0,False,Cc1ccccc1-c1cc(N2CC[N+](C)(COP(=O)([O-])O)CC2)ncc1N(C)C(=O)C(C)(C)c1cc(C(F)(F)F)cc(C(F)(F)F)c1,688.61,5.74,,,,,,,,,,,No DILI,No DILI,No DILI,2024 Feb 28,,,HZIYEEMJNBKMJH
Fostamatinib,,Fostamatinib,,,,,,,E*,Hematologic,Thrombocytopenia,CHEMBL2103830,B02BX09,1.0,0.0,,0.0,2.0,False,2018.0,1.0,,,0.0,4.0,Small molecule,0.0,True,0.0,False,0.0,FOSTAMATINIB,1.0,MOL,True,False,fos-; -tinib,phosphoro-derivatives; tyrosine kinase inhibitors,fos-; -tinib,2008.0,False,COc1cc(Nc2ncc(F)c(Nc3ccc4c(n3)N(COP(=O)(O)O)C(=O)C(C)(C)O4)n2)cc(OC)c1OC,580.47,3.09,,,,,,Syk,Angiogenesis,"Fostamatinib (R788), a prodrug of the active metabolite R406, is a Syk inhibitor with IC50 of 41 nM, strongly inhibits Syk but not Lyn, 5-fold less potent to Flt3. Phase 3.",901119-35-5,199.84,No DILI,No DILI,No DILI,2018 Oct 20,,,GKDRMWXFWHEQQT
Fostemsavir,,Fostemsavir,,,,,,,E*,Antimicrobial,HIV,CHEMBL3301594,J05AX29,1.0,0.0,,0.0,2.0,False,2020.0,1.0,,,0.0,4.0,Small molecule,1.0,True,0.0,False,0.0,FOSTEMSAVIR,1.0,MOL,True,False,fos-; -vir,phosphoro-derivatives; antivirals,fos-; -vir,2014.0,False,COc1cnc(-n2cnc(C)n2)c2c1c(C(=O)C(=O)N1CCN(C(=O)c3ccccc3)CC1)cn2COP(=O)(O)O,583.5,1.17,,,,,,gp120/CD4,Immunology & Inflammation,"Fostemsavir (BMS-663068, Rukobia), the phosphonooxymethyl prodrug of BMS626529, is an attachment inhibitor that targets HIV-1 gp120 and prevents its binding to CD4+ T cells with EC50 of < 10 nM.",864953-29-7,171.38,No DILI,No DILI,No DILI,2023 Jun 20,,,SWMDAPWAQQTBOG
Futibatinib,,Futibatinib,,,,,,,E*,Antineoplastic,Cholangiocarcinoma,CHEMBL3701238,L01EN04,1.0,0.0,,0.0,1.0,True,2022.0,0.0,,,0.0,4.0,Small molecule,0.0,True,0.0,False,0.0,FUTIBATINIB,0.0,MOL,True,False,-tinib,tyrosine kinase inhibitors,-tinib,2019.0,False,C=CC(=O)N1CC[C@H](n2nc(C#Cc3cc(OC)cc(OC)c3)c3c(N)ncnc32)C1,418.46,1.78,,,,,,FGFR,Protein Tyrosine Kinase,"Futibatinib (TAS-120) is an irreversible fibroblast growth factor receptor (FGFR) inhibitor which inhibits all 4 subtypes of FGFR with enzyme IC50 values of 1.8 nM, 1.4 nM, 1.6 nM and 3.7 nM for FGFR1, FGFR2, FGFR3 and FGFR4, respectively.",1448169-71-8,200.74,No DILI,No DILI,No DILI,2022 Nov 30,,,KEIPNCCJPRMIAX
Gilteritinib,,Gilteritinib,,,,,,,E*,Antineoplastic,AML,CHEMBL3301622,L01EX13,1.0,1.0,,0.0,2.0,False,2018.0,0.0,,,0.0,4.0,Small molecule,1.0,True,1.0,False,0.0,GILTERITINIB,0.0,MOL,True,False,-tinib,tyrosine kinase inhibitors,-tinib,2014.0,False,CCc1nc(C(N)=O)c(Nc2ccc(N3CCC(N4CCN(C)CC4)CC3)c(OC)c2)nc1NC1CCOCC1,552.72,2.7,,,,,,"Axl,FLT3",Protein Tyrosine Kinase,"Gilteritinib (ASP2215) is a small-molecule FLT3/AXL inhibitor with IC50 values of 0.29 nM and 0.73 nM for FLT3 and AXL, respectively. It inhibits FLT3 at an IC50 value that was approximately 800-fold more potent than the concentration required to inhibit c-KIT (230 nM).",1254053-43-4,180.93,No DILI,No DILI,No DILI,2019 Jan 20,,,GYQYAJJFPNQOOW
Glasdegib,,Glasdegib,,,,,,,E*,Antineoplastic,AML,CHEMBL2043437,L01XJ03,1.0,1.0,,0.0,1.0,False,2018.0,0.0,,,0.0,4.0,Small molecule,1.0,True,1.0,False,0.0,GLASDEGIB,0.0,MOL,True,False,-degib,hedgehog signaling inhibitors,-degib,2013.0,False,CN1CC[C@@H](NC(=O)Nc2ccc(C#N)cc2)C[C@@H]1c1nc2ccccc2[nH]1,374.45,3.39,,,,,,Hedgehog/Smoothened,Stem Cells & Wnt,"Glasdegib (PF-04449913) is a potent, and orally bioavailable Smoothened (Smo) inhibitor with IC50 of 5 nM. Phase 2.",1095173-27-5,125.52,No DILI,No DILI,No DILI,2019 Jan 20,,,SFNSLLSYNZWZQG
Glyburide,,Glyburide,,,,,,,B,Endocrine,Diabetes,CHEMBL472,A10BB01,1.0,0.0,5441.0,1.0,2.0,True,1984.0,0.0,,Antidiabetic,0.0,4.0,Small molecule,1.0,True,1.0,False,0.0,GLYBURIDE,0.0,MOL,True,False,,,,1969.0,False,COc1ccc(Cl)cc1C(=O)NCCc1ccc(S(=O)(=O)NC(=O)NC2CCCCC2)cc1,494.01,3.64,,,,,,Potassium Channel,Transmembrane Transporters,"Glyburide (Glibenclamide) is a known blocker of vascular ATP-sensitive K+ channels (KATP), used in the treatment of type 2 diabetes.",10238-21-8,200.4,DILI (likely),DILI,Likely,,,,ZNNLBTZKUZBEKO
Histrelin,,Histrelin,,,,,,,E*,Antineoplastic,Prostate cancer,CHEMBL1201255,L02AE05,1.0,0.0,5739.0,0.0,1.0,False,1991.0,0.0,,LHRH Agonist,0.0,4.0,Protein,0.0,False,0.0,True,0.0,HISTRELIN,0.0,MOL,True,False,-relin,prehormones or hormone-release stimulating peptides,-relin,1985.0,False,CCNC(=O)[C@@H]1CCCN1C(=O)[C@H](CCCNC(=N)N)NC(=O)[C@H](CC(C)C)NC(=O)[C@@H](Cc1cn(Cc2ccccc2)cn1)NC(=O)[C@H](Cc1ccc(O)cc1)NC(=O)[C@H](CO)NC(=O)[C@H](Cc1c[nH]c2ccccc12)NC(=O)[C@H](Cc1cnc[nH]1)NC(=O)[C@@H]1CCC(=O)N1,1323.53,,,,,,,,,,,,No DILI,No DILI,No DILI,2023 May 28,,,HHXHVIJIIXKSOE
Hydroxyprogesterone,,Hydroxyprogesterone,,,,,,,A,Gynecological,Birth control,CHEMBL1062,,,0.0,17252.0,0.0,1.0,False,,0.0,,,0.0,2.0,Small molecule,1.0,False,0.0,False,0.0,HYDROXYPROGESTERONE,0.0,MOL,False,False,-gest-; -ster-; -terone,"progestins; steroids (androgens, anabolics); antiandrogens",-gest-; -ster-; -terone,,False,CC(=O)[C@@]1(O)CC[C@H]2[C@@H]3CCC4=CC(=O)CC[C@]4(C)[C@H]3CC[C@@]21C,330.47,3.84,,,,,,,,,,,DILI (known),DILI,Known,,,,DBPWSSGDRRHUNT
Icatibant,,Icatibant,,,,,,,E,Genetic,Hereditary Angioedema,CHEMBL2028850,B06AC02,1.0,0.0,,0.0,1.0,False,2008.0,1.0,PEPTIDE1{[dR].R.P.[Hyp].G.[Thi].S.[dTic].[Phi].R}$$$$,Antagonist (bradykinin),0.0,4.0,Protein,1.0,False,0.0,True,0.0,ICATIBANT,0.0,BOTH,True,False,-tibant,antiasthmatics (bradykinin antagonists),-tibant,1993.0,False,N=C(N)NCCC[C@@H](N)C(=O)N[C@@H](CCCNC(=N)N)C(=O)N1CCC[C@H]1C(=O)N1C[C@H](O)C[C@H]1C(=O)NCC(=O)N[C@@H](Cc1cccs1)C(=O)N[C@@H](CO)C(=O)N1Cc2ccccc2C[C@@H]1C(=O)N1[C@H](C(=O)N[C@@H](CCCNC(=N)N)C(=O)O)C[C@@H]2CCCC[C@@H]21,1304.55,,,,,,,,,,,,No DILI,No DILI,No DILI,,,,QURWXBZNHXJZBE
Infigratinib,,Infigratinib,,,,,,,E*,Antineoplastic,NSCLC (Kras G12),CHEMBL1852688,L01EN03,1.0,0.0,63451.0,1.0,2.0,True,2021.0,0.0,,,0.0,4.0,Small molecule,1.0,True,0.0,False,0.0,INFIGRATINIB,0.0,MOL,True,False,-tinib,tyrosine kinase inhibitors,-tinib,2019.0,False,CCN1CCN(c2ccc(Nc3cc(N(C)C(=O)Nc4c(Cl)c(OC)cc(OC)c4Cl)ncn3)cc2)CC1,560.49,5.35,,,,,,FGFR,Angiogenesis,"Infigratinib (BGJ398) is a potent and selective FGFR inhibitor for FGFR1/2/3 with IC50 of 0.9 nM/1.4 nM/1 nM in cell-free assays, >40-fold selective for FGFR versus FGFR4 and VEGFR2, and little activity to Abl, Fyn, Kit, Lck, Lyn and Yes. Phase 2.",872511-34-7,48.17,No DILI,No DILI,No DILI,2022 Nov 30,,,QADPYRIHXKWUSV
Iodine,,Iodine,,,,,,,E,Toxicology,Trace element,CHEMBL1201225,D08AG03,-1.0,0.0,17606.0,0.0,2.0,True,,0.0,,"Anti-Infective, Topical",0.0,4.0,Small molecule,1.0,False,0.0,False,0.0,IODINE,0.0,MOL,True,False,io-,iodine-containing contrast media,io-,,False,II,253.81,1.77,,,,,,,,,,,No DILI,No DILI,No DILI,,,,PNDPGZBMCMUPRI
Isavuconazonium,,Isavuconazonium,,,,,,,E*,Antimicrobial,Antifungal,CHEMBL1183349,,1.0,0.0,85978.0,0.0,0.0,False,2015.0,0.0,,,0.0,4.0,Small molecule,0.0,True,1.0,True,0.0,ISAVUCONAZONIUM,1.0,MOL,True,False,-ium; -onium,quaternary ammonium derivatives; quaternary ammonium derivatives,-ium; -onium,2013.0,False,CNCC(=O)OCc1cccnc1N(C)C(=O)OC(C)[n+]1cnn(C[C@](O)(c2cc(F)ccc2F)[C@@H](C)c2nc(-c3ccc(C#N)cc3)cs2)c1,717.78,4.58,,,,,,,,,,,No DILI,No DILI,No DILI,2018 Apr 27,,,RSWOJTICKMKTER
Isoflurane,,Isoflurane,,,,,,,B,CNS,"Anesthetic, general",CHEMBL1256,N01AB06,1.0,0.0,6015.0,0.0,0.0,True,1979.0,0.0,,Anesthetic (inhalation),0.0,4.0,Small molecule,0.0,False,0.0,False,0.0,ISOFLURANE,0.0,MOL,True,True,-flurane,general inhalation anesthetics (halogenated alkane derivatives),-flurane,1972.0,False,FC(F)OC(Cl)C(F)(F)F,184.49,2.35,,,,,,,,,,,DILI (likely),DILI,Likely,2018 Jan 1,,"Hepatitis, CYP, Immune-mediated",PIWKPBJCKXDKJR
Isosorbide mononitrate,,Isosorbide mononitrate,,,,,,,E,Cardiovascular,Angina,CHEMBL1311,C01DA14,1.0,0.0,6062.0,0.0,1.0,True,1991.0,0.0,,Vasodilator (coronary),0.0,4.0,Small molecule,1.0,True,0.0,False,0.0,ISOSORBIDE MONONITRATE,1.0,MOL,True,False,,,,1988.0,False,O=[N+]([O-])O[C@@H]1CO[C@H]2[C@@H]1OC[C@@H]2O,191.14,-1.28,,,,,,Others,Others,"Isosorbide mononitrate (Elantan, Monoket, Mononit, Imdur, Corangin) is a Nitrate Vasodilator, dilating the blood vessels so as to reduce the blood pressure.",16051-77-7,198.81,No DILI,No DILI,No DILI,,,,YWXYYJSYQOXTPL
Istradefylline,,Istradefylline,,,,,,,E,CNS,Parkinson disease,CHEMBL431770,N04CX01,1.0,0.0,,0.0,2.0,True,2013.0,1.0,,,0.0,4.0,Small molecule,1.0,True,0.0,False,0.0,ISTRADEFYLLINE,0.0,MOL,True,False,-fylline,theophylline derivatives,-fylline,2003.0,False,CCn1c(=O)c2c(nc(/C=C/c3ccc(OC)c(OC)c3)n2C)n(CC)c1=O,384.44,2.12,,,,,,Adenosine Receptor,GPCR & G Protein,Istradefylline (KW-6002) is a selective adenosine A2A receptor (A2AR) antagonist with Ki of 2.2 nM. Phase 3.,155270-99-8,15.61,No DILI,No DILI,No DILI,2021 Oct 18,,,IQVRBWUUXZMOPW
Ivabradine,,Ivabradine,,,,,,,E,Cardiovascular,Heart failure,CHEMBL471737,C01EB17,1.0,0.0,85966.0,0.0,1.0,True,2015.0,1.0,,,0.0,4.0,Small molecule,1.0,True,0.0,False,0.0,IVABRADINE,0.0,MOL,True,False,,,,2014.0,False,COc1cc2c(cc1OC)CC(=O)N(CCCN(C)C[C@H]1Cc3cc(OC)c(OC)cc31)CC2,468.59,3.31,,,,,,,,,,,No DILI,No DILI,No DILI,2017 Apr 20,,,ACRHBAYQBXXRTO
Ivosidenib,,Ivosidenib,,,,,,,E*,Antineoplastic,Acute Myelogenous Leukemia,CHEMBL3989958,L01XX62,1.0,1.0,,0.0,1.0,True,2018.0,1.0,,,0.0,4.0,Small molecule,0.0,True,0.0,False,0.0,IVOSIDENIB,0.0,MOL,True,False,-sidenib,mutated isocitrate dehydrogenase (IDH) inhibitors,-sidenib,2017.0,False,N#Cc1ccnc(N2C(=O)CC[C@H]2C(=O)N(c2cncc(F)c2)[C@H](C(=O)NC2CC(F)(F)C2)c2ccccc2Cl)c1,582.97,4.32,carcinogenicity,United States,,Black Box Warning,,Dehydrogenase,Metabolism,"Ivosidenib (AG-120) is an orally available inhibitor of isocitrate dehydrogenase type 1 (IDH1), with potential antineoplastic activity.",1448347-49-6,171.54,No DILI,No DILI,No DILI,2024 Jan 6,,,WIJZXSAJMHAVGX
Ixazomib,,Ixazomib,,,,,,,E*,Antineoplastic,Multiple myeloma,CHEMBL2141296,L01XG03,-1.0,0.0,,0.0,1.0,True,,0.0,,,0.0,4.0,Small molecule,1.0,False,0.0,False,0.0,IXAZOMIB,0.0,MOL,True,False,-zomib,proteozome inhibitors,-zomib,2011.0,False,CC(C)C[C@H](NC(=O)CNC(=O)c1cc(Cl)ccc1Cl)B(O)O,361.03,,,,,,,"Autophagy,Proteasome",Proteases,"Ixazomib (MLN2238) inhibits the chymotrypsin-like proteolytic (β5) site of the 20S proteasome with IC50 and Ki of 3.4 nM and 0.93 nM in cell-free assays, respectively, also inhibits the caspase-like (β1) and trypsin-like (β2) proteolytic sites, with IC50 of 31 and 3500 nM. Ixazomib (MLN2238) induces autophagy. Phase 3.",1072833-77-2,199.43,No DILI,No DILI,No DILI,2017 Jun 1,,,MXAYKZJJDUDWDS
Larotrectinib,,Larotrectinib,,,,,,,E*,Antineoplastic,NTRK cancer,CHEMBL3889654,L01EX12,1.0,0.0,,1.0,1.0,True,2018.0,1.0,,,0.0,4.0,Small molecule,0.0,True,0.0,False,0.0,LAROTRECTINIB,0.0,MOL,True,False,-tinib,tyrosine kinase inhibitors: tropomyosin receptor kinase (TRK) inhibitors,-tinib (-trectinib),2016.0,False,O=C(Nc1cnn2ccc(N3CCC[C@@H]3c3cc(F)ccc3F)nc12)N1CC[C@H](O)C1,428.44,2.95,,,,,,"Apoptosis related,Trk receptor",Protein Tyrosine Kinase,"Larotrectinib sulfate (LOXO-101, ARRY-470) is an oral potent and selective ATP-competitive inhibitor of tropomyosin receptor kinases (TRK). Larotrectinib inhibition of TRKs induces cellular apoptosis and G1 cell-cycle arrest.",1223405-08-0,189.93,No DILI,No DILI,No DILI,2019 Apr 15,,,NYNZQNWKBKUAII
Lasmiditan,,Lasmiditan,,,,,,,E,CNS,Migraine,CHEMBL3039520,N02CC08,1.0,0.0,,0.0,2.0,False,2020.0,1.0,,,0.0,4.0,Small molecule,0.0,True,0.0,False,0.0,LASMIDITAN,0.0,MOL,True,False,-ditan,"antimigraine, serotonin 5-HT1 receptor agonists",-ditan,2012.0,False,CN1CCC(C(=O)c2cccc(NC(=O)c3c(F)cc(F)cc3F)n2)CC1,377.37,3.28,,,,,,,,,,,No DILI,No DILI,No DILI,2021 Jul 20,,,XEDHVZKDSYZQBF
Ledipasvir,,Ledipasvir,,,,,,,A,Antimicrobial,Antiviral: HCV,CHEMBL2374220,,1.0,0.0,85089.0,0.0,1.0,True,2014.0,1.0,,,0.0,4.0,Small molecule,0.0,True,0.0,False,0.0,LEDIPASVIR,0.0,MOL,True,False,-vir,antivirals: nonstructural protein 5A (NS5A) inhibitors,-vir (-asvir),2012.0,False,COC(=O)N[C@H](C(=O)N1CC2(CC2)C[C@H]1c1nc(-c2ccc3c(c2)C(F)(F)c2cc(-c4ccc5[nH]c([C@@H]6[C@H]7CC[C@H](C7)N6C(=O)[C@@H](NC(=O)OC)C(C)C)nc5c4)ccc2-3)c[nH]1)C(C)C,889.02,8.61,,,,,,"COVID-19,HCV Protease",Microbiology,"Ledipasvir (GS5885) is a HCV NS5A polymerase inhibitor, used for the treatment of hepatitis C virus infection.",1256388-51-8,112.49,DILI (known),DILI,Known,,,,VRTWBAAJJOHBQU
Lefamulin,,Lefamulin,,,,,,,E,Antimicrobiial,Pneumonia,CHEMBL3291398,J01XX12,1.0,0.0,,0.0,1.0,False,2019.0,0.0,,,0.0,4.0,Small molecule,1.0,True,0.0,True,0.0,LEFAMULIN,0.0,MOL,True,False,-mulin,"antibacterials, pleuromulin derivatives",-mulin,2014.0,False,C=C[C@]1(C)C[C@@H](OC(=O)CS[C@@H]2CC[C@@H](N)C[C@H]2O)[C@]2(C)[C@H](C)CC[C@]3(CCC(=O)[C@H]32)[C@@H](C)[C@@H]1O,507.74,3.87,,,,,,,,,,,No DILI,No DILI,No DILI,2019 Oct 18,,,KPVIXBKIJXZQJX
Lemborexant,,Lemborexant,,,,,,,E,CNS,Insomnia,CHEMBL3545367,N05CM21,1.0,0.0,,0.0,1.0,True,2020.0,0.0,,,0.0,4.0,Small molecule,0.0,True,0.0,False,0.0,LEMBOREXANT,0.0,MOL,True,False,,,,2014.0,False,Cc1ncc(OC[C@@]2(c3cccc(F)c3)C[C@H]2C(=O)Nc2ccc(F)cn2)c(C)n1,410.42,3.74,,,,,,,,,,,No DILI,No DILI,No DILI,2025 Feb 5,,,MUGXRYIUWFITCP
Leniolisib,,Leniolisib,,,,,,,E,Genetic,APDS syndrome,CHEMBL3643413,,1.0,0.0,,1.0,1.0,False,2023.0,0.0,,,0.0,4.0,Small molecule,0.0,True,0.0,False,0.0,LENIOLISIB,0.0,MOL,True,False,-lisib,phosphatidylinositol 3-kinase (PI3K) inhibitors,-lisib,2016.0,False,CCC(=O)N1CC[C@H](Nc2ncnc3c2CN(c2cnc(OC)c(C(F)(F)F)c2)CC3)C1,450.47,2.88,,,,,,PI3K,PI3K/Akt/mTOR,"Leniolisib (CDZ 173) is a potent PI3Kδ selective inhibitor with biochemical IC50 values of 0.244, 0.424, 2.23 and 0.011 μM for PI3Kα, PI3Kβ, PI3Kγ and PI3Kδ, respectively.",1354690-24-6,199.8,No DILI,No DILI,No DILI,2024 Jul 21,,,MWKYMZXCGYXLPL
Lesinurad,,Lesinurad,,,,,,,E,Rheumatologic,Gout,CHEMBL2105720,M04AB05,1.0,1.0,,0.0,2.0,True,2015.0,0.0,,,0.0,4.0,Small molecule,1.0,True,0.0,False,0.0,LESINURAD,0.0,MOL,True,False,-inurad,urate transporter inhibitors,-inurad,2010.0,False,O=C(O)CSc1nnc(Br)n1-c1ccc(C2CC2)c2ccccc12,404.29,4.24,,United States,,Black Box Warning,,OAT,Transmembrane Transporters,"Lesinurad (RDEA-594) is a selective uric acid reabsorption inhibitor (SURI) under investigation for treatment of gout in combination with xanthine oxidase inhibitors. Lesinurad is a URAT1 and OAT inhibitor, is determined to be a substrate for the kidney transporters OAT1 and OAT3 with Km values of 0.85 and 2 µM, respectively.",878672-00-5,197.88,No DILI,No DILI,No DILI,2019 May 1,,,FGQFOYHRJSUHMR
Letermovir,,Letermovir,,,,,,,E,Antimicrobial,CMV,CHEMBL1241951,J05AX18,1.0,0.0,,0.0,1.0,True,2017.0,1.0,,,0.0,4.0,Small molecule,0.0,True,1.0,True,0.0,LETERMOVIR,0.0,MOL,True,False,-vir,antivirals,-vir,2014.0,False,COc1cccc(N2CCN(C3=Nc4c(F)cccc4[C@H](CC(=O)O)N3c3cc(C(F)(F)F)ccc3OC)CC2)c1,572.56,5.71,,,,,,CMV,Microbiology,"Letermovir (AIC246, MK-8228) is a novel anti-CMV compound which targets the viral terminase complex and remains active against virus resistant to DNA polymerase inhibitors.",917389-32-3,174.66,No DILI,No DILI,No DILI,2019 Apr 10,,,FWYSMLBETOMXAG
Linaclotide,,Linaclotide,,,,,,,E,Gastrointestinal,Irritable bowel syndrome,CHEMBL3301675,A06AX04,1.0,1.0,68551.0,0.0,1.0,True,2012.0,1.0,"PEPTIDE1{C.C.E.Y.C.C.N.P.A.C.T.G.C.Y}$PEPTIDE1,PEPTIDE1,10:R3-2:R3|PEPTIDE1,PEPTIDE1,6:R3-1:R3|PEPTIDE1,PEPTIDE1,13:R3-5:R3$$$",,0.0,4.0,Protein,1.0,True,0.0,False,0.0,LINACLOTIDE,0.0,BOTH,True,False,-tide,peptides: gastrointestinal functions; normalizing agent,-tide (-clotide),2005.0,False,C[C@@H]1NC(=O)[C@@H]2CCCN2C(=O)[C@H](CC(N)=O)NC(=O)[C@@H]2CSSC[C@H](N)C(=O)N[C@H]3CSSC[C@H](NC1=O)C(=O)N[C@@H]([C@@H](C)O)C(=O)NCC(=O)N[C@H](C(=O)N[C@@H](Cc1ccc(O)cc1)C(=O)O)CSSC[C@H](NC(=O)[C@H](Cc1ccc(O)cc1)NC(=O)[C@H](CCC(=O)O)NC3=O)C(=O)N2,1526.77,,,United States,,Black Box Warning,,Others,Others,Linaclotide is a potent and selective guanylate cyclase C (GC-C) agonist that elicits pharmacological effects locally in the gastrointestinal tract.,851199-59-2,65.5,No DILI,No DILI,No DILI,2019 May 13,,,KXGCNMMJRFDFNR
Lithium,,Lithium,,,,,,,E,CNS,Mood stablizer,CHEMBL2146126,,,0.0,30146.0,0.0,2.0,False,,0.0,,,1.0,3.0,Small molecule,0.0,False,0.0,False,0.0,LITHIUM,0.0,MOL,False,False,,,,,False,[LiH],7.95,,,,,,,,,,,,No DILI,No DILI,No DILI,2019 Jun 4,,,SIAPCJWMELPYOE
Lonafarnib,,Lonafarnib,,,,,,,E*,Antineoplastic,Progeria: HGPS,CHEMBL298734,A16AX20,1.0,0.0,,0.0,1.0,True,2020.0,1.0,,,0.0,4.0,Small molecule,1.0,True,1.0,False,0.0,LONAFARNIB,0.0,MOL,True,False,-farnib,farnesyl transferase inhibitor,-farnib,2002.0,False,NC(=O)N1CCC(CC(=O)N2CCC([C@H]3c4ncc(Br)cc4CCc4cc(Cl)cc(Br)c43)CC2)CC1,638.83,5.91,,,,,,"Ras,Transferase",Metabolism,"Lonafarnib (SCH66336) is an orally bioavailable FPTase inhibitor for H-ras, K-ras-4B and N-ras with IC50 of 1.9 nM, 5.2 nM and 2.8 nM in cell-free assays, respectively. Phase 3.",193275-84-2,198.8,No DILI,No DILI,No DILI,2021 Jan 7,,,DHMTURDWPRKSOA
Lorcaserin,,Lorcaserin,,,,,,,E,Weight loss agent,Obesity,CHEMBL360328,A08AA11,-2.0,0.0,65353.0,0.0,1.0,False,2012.0,1.0,,,0.0,4.0,Small molecule,1.0,True,0.0,False,0.0,LORCASERIN,0.0,MOL,True,False,-caserin,"serotonin receptor agonists, primarily 5-HT2",-caserin,2005.0,True,C[C@H]1CNCCc2ccc(Cl)cc21,195.69,2.59,carcinogenicity,United States,Carcinogenicity,Withdrawn,carcinogenicity,,,,,,No DILI,No DILI,No DILI,,,,XTTZERNUQAFMOF
Lorlatinib,,Lorlatinib,,,,,,,E*,Antineoplastic,NSCLC,CHEMBL3286830,L01ED05,1.0,0.0,,0.0,1.0,True,2018.0,0.0,,,0.0,4.0,Small molecule,0.0,True,0.0,False,0.0,LORLATINIB,0.0,MOL,True,False,-tinib,tyrosine kinase inhibitors,-tinib,2015.0,False,C[C@H]1Oc2cc(cnc2N)-c2c(nn(C)c2C#N)CN(C)C(=O)c2ccc(F)cc21,406.42,2.8,,,,,,,,,,,No DILI,No DILI,No DILI,2019 Apr 15,,,IIXWYSCJSQVBQM
Lumacaftor,,Lumacaftor,,,,,,,E*,Genetic,Cystic Fibrosis,CHEMBL2103870,,1.0,0.0,,0.0,2.0,True,2015.0,1.0,,,0.0,4.0,Small molecule,0.0,True,0.0,False,0.0,LUMACAFTOR,0.0,MOL,True,False,-caftor,cystic fibrosis transmembrane regulator (CFTR) protein modulators,-caftor,2011.0,False,Cc1ccc(NC(=O)C2(c3ccc4c(c3)OC(F)(F)O4)CC2)nc1-c1cccc(C(=O)O)c1,452.41,4.75,,,,,,CFTR,Transmembrane Transporters,"Lumacaftor (VX-809, VRT 826809) acts to correct CFTR mutations common in cystic fibrosis by increasing mutant CFTR (F508del-CFTR) maturation,EC50 of 0.1 μM in fisher rat thyroid cells. Phase 3.",936727-05-8,198.93,No DILI,No DILI,No DILI,,,,UFSKUSARDNFIRC
Lumateperone,,Lumateperone,,,,,,,E,CNS,"Psychosis, Dementia",CHEMBL3306803,N05AD10,1.0,1.0,,0.0,1.0,True,2019.0,0.0,,,0.0,4.0,Small molecule,0.0,True,0.0,False,0.0,LUMATEPERONE,0.0,MOL,True,False,-perone,antianxiety agents/neuroleptics (4'-fluoro-4-piperidinobutyrophenone derivatives),-perone,2016.0,False,CN1CCN2c3c(cccc31)[C@@H]1CN(CCCC(=O)c3ccc(F)cc3)CC[C@@H]12,393.51,3.92,,United States,,Black Box Warning,,5-HT Receptor,Neuronal Signaling,Lumateperone (ITI-007) is an antagonist of 5-HT2A receptor with Ki of 0.54 nM. It has anticancer activity and can also be used in studies of psychiatric disorders such as schizophrenia.,313368-91-1,200.76,No DILI,No DILI,No DILI,2023 Jun 5,,,HOIIHACBCFLJET
Lurasidone,,Lurasidone,,,,,,,E,CNS,Antipsychotic,CHEMBL1237021,N05AE05,1.0,1.0,70735.0,0.0,1.0,False,2010.0,0.0,,,0.0,4.0,Small molecule,1.0,True,0.0,False,0.0,LURASIDONE,0.0,MOL,True,False,-sidone,antipsychotic with binding activity on sertonin (5-HT2A) and dopamine (D2) receptors,-sidone,2005.0,False,O=C1[C@@H]2[C@H]3CC[C@H](C3)[C@@H]2C(=O)N1C[C@@H]1CCCC[C@H]1CN1CCN(c2nsc3ccccc23)CC1,492.69,4.26,,,,,,"5-HT Receptor,Dopamine Receptor",Neuronal Signaling,"Lurasidone (SM-13496) is a second-generation antipsychotic agent that exhibits full antagonism at dopamine D2 and serotonin 5-HT2A receptors with binding affinities Ki = 1 nM and Ki = 0.5 nM, respectively. It also has high affinity for serotonin 5-HT7 receptors (Ki = 0.5 nM), partial agonist activity at 5-HT1A receptors (Ki = 6.4 nM) and lacks affinity for histamine H1 and muscarinic M1 receptors.",367514-87-2,14.21,No DILI,No DILI,No DILI,2023 Jun 10,,,PQXKDMSYBGKCJA
Lusutrombopag,,Lusutrombopag,,,,,,,E*,Hematologic,Thrombocytopenia,CHEMBL2107831,B02BX07,1.0,0.0,,0.0,1.0,True,2018.0,0.0,,,0.0,4.0,Small molecule,1.0,True,0.0,False,0.0,LUSUTROMBOPAG,0.0,MOL,True,False,-trombopag,thrombopoetin agonists,-trombopag,2012.0,False,CCCCCCO[C@@H](C)c1cccc(-c2csc(NC(=O)c3cc(Cl)c(/C=C(\C)C(=O)O)c(Cl)c3)n2)c1OC,591.56,8.52,,,,,,TpoR,Immunology & Inflammation,"Lusutrombopag (Mulpleta, S-888711) is an orally bioavailable thrombopoietin (TPO) receptor agonist being developed for chronic liver disease (CLD).",1110766-97-6,169.05,No DILI,No DILI,No DILI,,,,NOZIJMHMKORZBA
Macitentan,,Macitentan,,,,,,,E*,Respiratory,Pulmonary Hypertension,CHEMBL2103873,C02KX04,1.0,1.0,76607.0,0.0,2.0,True,2010.0,0.0,,,0.0,4.0,Small molecule,1.0,True,1.0,False,0.0,MACITENTAN,0.0,MOL,True,False,-entan,endothelin receptor antagonists,-entan,2011.0,False,CCCNS(=O)(=O)Nc1ncnc(OCCOc2ncc(Br)cn2)c1-c1ccc(Br)cc1,588.28,3.57,teratogenicity,United States,,Black Box Warning,,,,,,,No DILI,No DILI,No DILI,2017 Sep 30,,,JGCMEBMXRHSZKX
Magnesium,,Magnesium,,,,,,,E,HDS: Nutritional Suppl,General health,CHEMBL2146125,,,0.0,,0.0,2.0,False,,0.0,,,1.0,3.0,Small molecule,0.0,False,0.0,False,0.0,MAGNESIUM,0.0,MOL,False,False,,,,,False,[MgH2],26.32,,,,,,,,,,,,No DILI,No DILI,No DILI,,,,RSHAOIXHUHAZPM
Maralixibat,,Maralixibat,,,,,,,E*,Gastrointestinal,Pruritus of Alagille Syndrome,CHEMBL363392,,1.0,0.0,,0.0,1.0,False,2021.0,0.0,,,0.0,4.0,Small molecule,0.0,True,1.0,False,0.0,MARALIXIBAT,0.0,MOL,True,False,-ixibat,ileal bile acid transporter (IBAT) inhibitors,-ixibat,2016.0,False,CCCCC1(CCCC)CS(=O)(=O)c2ccc(N(C)C)cc2[C@@H](c2ccc(OCc3ccc(C[N+]45CCN(CC4)CC5)cc3)cc2)[C@H]1O,674.97,6.62,,,,,,,,,,,No DILI,No DILI,No DILI,2022 Mar 10,,,STPKWKPURVSAJF
Maribavir,,Maribavir,,,,,,,E,Antimicrobial,Post-transpl refract CMV ,CHEMBL515408,J05AX10,1.0,0.0,,0.0,1.0,True,2021.0,1.0,,,0.0,4.0,Small molecule,1.0,True,1.0,False,0.0,MARIBAVIR,0.0,MOL,True,False,-vir,antivirals,-vir,1998.0,False,CC(C)Nc1nc2cc(Cl)c(Cl)cc2n1[C@H]1O[C@@H](CO)[C@H](O)[C@@H]1O,376.24,1.77,,,,,,,,,,,No DILI,No DILI,No DILI,2022 Nov 14,,,KJFBVJALEQWJBS
Menadione,,Menadione,,,,,,,E,HDS: Nutritional Suppl,General health,CHEMBL590,B02BA02,0.0,0.0,28869.0,0.0,2.0,True,,0.0,,Vitamin (prothrombogenic),0.0,4.0,Small molecule,1.0,True,0.0,False,0.0,MENADIONE,0.0,MOL,False,False,,,,,False,CC1=CC(=O)c2ccccc2C1=O,172.18,2.01,,,,,,"CDK,DNA/RNA Synthesis,phosphatase",Metabolism,"Menadione (NSC 4170, Vitamin K3), a fat-soluble compound, is an inhibitor of Cdc25 phosphatase and mitochondrial DNA polymerase γ (pol γ), used as a nutritional supplement.",58-27-5,197.47,No DILI,No DILI,No DILI,,,,MJVAVZPDRWSRRC
Mepacrine,,Mepacrine,,,,,,,E*,Antimicrobial,Antimalarial,CHEMBL7568,P01AX05,,0.0,8711.0,0.0,0.0,False,,0.0,,,0.0,2.0,Small molecule,1.0,False,0.0,False,0.0,QUINACRINE,0.0,MOL,False,False,-crine,acridine derivatives,-crine,,False,CCN(CC)CCCC(C)Nc1c2ccc(Cl)cc2nc2ccc(OC)cc12,399.97,5.97,,,,,,,,,,,No DILI,No DILI,No DILI,2017 Feb 1,,,GPKJTRJOBQGKQK
Mestranol,,Mestranol,,,,,,,A,Gynecological,Birth control,CHEMBL1201151,,1.0,0.0,6784.0,0.0,1.0,True,1961.0,0.0,,Estrogen,0.0,4.0,Small molecule,1.0,True,0.0,False,0.0,MESTRANOL,1.0,MOL,True,False,-estr-,estrogens,-estr-,1962.0,False,C#C[C@]1(O)CC[C@H]2[C@@H]3CCc4cc(OC)ccc4[C@H]3CC[C@@]21C,310.44,3.92,,,,,,Estrogen/progestogen Receptor,Endocrinology & Hormones,"Mestranol is the 3-methyl ether of ethinyl estradiol, which is a potent estrogen receptor agonist and used as oral contraceptives.",72-33-3,48.32,DILI (known),DILI,Known,,,,IMSSROKUHAOUJS
Methandienone,,Methandienone,,,,,,,A,HDS: Anabolic steroid,Body building,CHEMBL1418176,D11AE01; A14AA03,-2.0,0.0,,0.0,1.0,True,,0.0,,,0.0,4.0,Small molecule,1.0,False,0.0,False,0.0,METHANDROSTENOLONE,0.0,MOL,True,False,-andr-; -olone,androgens; steroids (not prednisolone derivatives),-andr-; -olone,,True,C[C@]12C=CC(=O)C=C1CC[C@@H]1[C@@H]2CC[C@@]2(C)[C@H]1CC[C@]2(C)O,300.44,4.05,misuse,France; United States; United Kingdom; Germany,Off-label abuse,Withdrawn,misuse,,,,,,DILI (known),DILI,Known,,,,XWALNWXLMVGSFR
Methenamine,,Methenamine,,,,,,,E,Urologic,Bladder symptoms,CHEMBL1201270,J01XX05,1.0,0.0,6824.0,0.0,2.0,False,1967.0,0.0,,Antibacterial (urinary),0.0,4.0,Small molecule,1.0,True,0.0,False,0.0,METHENAMINE,0.0,MOL,True,False,,,,1963.0,False,C1N2CN3CN1CN(C2)C3,140.19,-1.02,,,,,,,,,,,No DILI,No DILI,No DILI,2021 Jan 22,,,VKYKSIONXSXAKP
Methenolone,,Methenolone,,,,,,,A,HDS: Anabolic steroid,Body building,CHEMBL2106880,A14AA04,,0.0,,0.0,1.0,False,,0.0,,Anabolic,0.0,2.0,Small molecule,1.0,False,0.0,False,0.0,METHENOLONE ACETATE,0.0,MOL,False,False,-olone,steroids (not prednisolone derivatives),-olone,1966.0,False,CC(=O)O[C@H]1CC[C@H]2[C@@H]3CC[C@H]4CC(=O)C=C(C)[C@]4(C)[C@H]3CC[C@]12C,344.5,4.7,,,,,,,,,,,DILI (known),DILI,Known,,,,PGAUJQOPTMSERF
Midostaurin,,Midostaurin,,,,,,,E*,Antineoplastic,AML/Mastocytosis,CHEMBL608533,L01EX10,1.0,0.0,63452.0,0.0,1.0,True,2017.0,1.0,,,0.0,4.0,Small molecule,1.0,True,1.0,False,0.0,MIDOSTAURIN,0.0,MOL,True,False,,,,2004.0,False,CO[C@@H]1[C@H](N(C)C(=O)c2ccccc2)C[C@H]2O[C@]1(C)n1c3ccccc3c3c4c(c5c6ccccc6n2c5c31)C(=O)NC4,570.65,5.91,,,,,,PKC,Cytoskeletal Signaling,"Midostaurin (pkc412, CGP 41251) is a multi-targeted kinase inhibitor, including PKCα/β/γ, Syk, Flk-1, Akt, PKA, c-Kit, c-Fgr, c-Src, FLT3, PDFRβ and VEGFR1/2 with IC50 ranging from 80-500 nM.",120685-11-2,175.24,No DILI,No DILI,No DILI,2019 Apr 10,,,BMGQWWVMWDBQGC
Migalastat,,Migalastat,,,,,,,E,Genetic,Fabry's disease,CHEMBL110458,A16AX14,1.0,0.0,,0.0,1.0,True,2016.0,1.0,,,0.0,4.0,Small molecule,1.0,True,1.0,False,0.0,MIGALASTAT,0.0,MOL,True,False,-stat,enzyme inhibitors,-stat,2005.0,False,OC[C@H]1NC[C@H](O)[C@@H](O)[C@H]1O,163.17,-2.97,,,,,,,,,,,No DILI,No DILI,No DILI,2019 Apr 11,,,LXBIFEVIBLOUGU
Miltefosine,,Miltefosine,,,,,,,E,Antimicrobial,Antileishmaniasis,CHEMBL125,P01CX04,1.0,1.0,75283.0,0.0,0.0,True,2014.0,1.0,,,0.0,4.0,Small molecule,1.0,True,0.0,False,0.0,MILTEFOSINE,0.0,MOL,True,False,-fos-; -fosine,phosphoro-derivatives; cytostatic phospholipid derivatives,-fos-; -fosine,,False,CCCCCCCCCCCCCCCCOP(=O)([O-])OCC[N+](C)(C)C,407.58,5.68,teratogenicity,United States,,Black Box Warning,,Akt,PI3K/Akt/mTOR,"Miltefosine (Hexadecylphosphocholine) inhibits PI3K/Akt activity with ED50 of 17.2 μM and 8.1 μM in carcinoma cell lines A431 and HeLa, first oral drug for Visceral leishmaniasis, effective against both promastigotes and amastigotes.",58066-85-6,,No DILI,No DILI,No DILI,2017 Mar 15,,,PQLXHQMOHUQAKB
Mirabegron,,Mirabegron,,,,,,,E*,Urologic,Bladder symptoms,CHEMBL2095212,G04BD12,1.0,0.0,65349.0,0.0,1.0,True,2012.0,1.0,,,0.0,4.0,Small molecule,1.0,True,0.0,False,0.0,MIRABEGRON,0.0,MOL,True,False,-begron,beta3 adrenoreceptor agonists,-begron,2009.0,False,Nc1nc(CC(=O)Nc2ccc(CCNC[C@H](O)c3ccccc3)cc2)cs1,396.52,2.77,,,,,,Adrenergic Receptor,Neuronal Signaling,Mirabegron (YM 178) is a selective β3-adrenoceptor agonist with EC50 of 22.4 nM.,223673-61-8,199.24,No DILI,No DILI,No DILI,2023 Jul 14,,,PBAPPPCECJKMCM
Mobocertinib,,Mobocertinib,,,,,,,E,Antineoplastic,NSCLC with EGF2 exon 20 mt,CHEMBL4650319,L01EB10,1.0,1.0,,0.0,2.0,False,2021.0,0.0,,,0.0,4.0,Small molecule,0.0,True,0.0,False,0.0,MOBOCERTINIB,0.0,MOL,True,False,-tinib,tyrosine kinase inhibitors: epidermal growth factor receptor (EGFR) inhibitors,-tinib (-ertinib),2020.0,False,C=CC(=O)Nc1cc(Nc2ncc(C(=O)OC(C)C)c(-c3cn(C)c4ccccc34)n2)c(OC)cc1N(C)CCN(C)C,585.71,5.08,,,,,,"EGFR,HER2",Protein Tyrosine Kinase,"Mobocertinib (TAK788, AP32788), an investigational TKI, is a potent, selective preclinical inhibitor of epidermal growth factor receptor (EGFR) and HER2 mutations. Mobocertinib (TAK788) is an antineoplastic agent.",1847461-43-1,15.37,No DILI,No DILI,No DILI,2023 Oct 30,,,AZSRSNUQCUDCGG
Molnupiravir,,Molnupiravir,,,,,,,E,Antimicrobial,Antiviral: SARS-CoV-2,CHEMBL4650320,J05AB18,,0.0,,0.0,1.0,False,,0.0,,,0.0,3.0,Small molecule,0.0,False,0.0,False,0.0,MOLNUPIRAVIR,1.0,MOL,False,False,-vir,"antivirals: treatments of SARS-CoV-2 infection, inhibiting viral RNA replication",-vir (-piravir),2020.0,False,CC(C)C(=O)OC[C@H]1O[C@@H](n2cc/c(=N\O)[nH]c2=O)[C@H](O)[C@@H]1O,329.31,-1.72,,,,,,"COVID-19,SARS-CoV",Microbiology,"Molnupiravir (EIDD-2801, MK-4482) is an orally bioavailable prodrug of the ribonucleoside analog β-d-N4-hydroxycytidine (NHC; EIDD-1931) with broad-spectrum antiviral activity against SARS-CoV-2, MERS-CoV, SARS-CoV, and the causative agent of COVID-19.",2349386-89-4,200.42,No DILI,No DILI,No DILI,2022 Jan 31,,,HTNPEHXGEKVIHG
Monomethyl fumarate,,Monomethyl fumarate,,,,,,,E*,CNS,Multiple sclerosis,CHEMBL589586,,1.0,0.0,,0.0,2.0,True,2020.0,0.0,,,0.0,4.0,Small molecule,1.0,True,0.0,False,0.0,MONOMETHYL FUMARATE,0.0,MOL,True,False,,,,2018.0,False,COC(=O)/C=C/C(=O)O,130.1,-0.2,,,,,,"Apoptosis related,Autophagy,GPR",GPCR & G Protein,"Monomethyl Fumarate (MMF, Monomethylfumarate, Fumaric acid monomethyl ester, Methyl hydrogen fumarate), the active metabolite of the psoriasis drug Fumaderm, is a potent GPR109A agonist. Monomethyl Fumarate prevents major dysfunctions associated with neurodegenerative diseases: oxidative stress, mitochondrial dysfunction, apoptosis and autophagy.",2756-87-8,199.85,No DILI,No DILI,No DILI,,,,NKHAVTQWNUWKEO
Naldemedine,,Naldemedine,,,,,,,E,Gastrointestinal,Constipation,CHEMBL2105755,A06AH05,1.0,0.0,,0.0,1.0,False,2017.0,0.0,,,0.0,4.0,Small molecule,1.0,True,0.0,False,0.0,NALDEMEDINE,0.0,MOL,True,False,nal-,narcotic agonists/antagonists (normorphine type),nal-,2011.0,False,CC(C)(NC(=O)C1=C(O)[C@@H]2Oc3c(O)ccc4c3[C@@]23CCN(CC2CC2)[C@H](C4)[C@]3(O)C1)c1nc(-c2ccccc2)no1,570.65,3.48,,,,,,,,,,,No DILI,No DILI,No DILI,2019 Apr 15,,,AXQACEQYCPKDMV
Naloxegol,,Naloxegol,,,,,,,E,Gastrointestinal,Constipation,CHEMBL2219418,A06AH03,1.0,0.0,82975.0,0.0,1.0,True,2014.0,0.0,,,0.0,4.0,Small molecule,1.0,True,0.0,False,0.0,NALOXEGOL,0.0,MOL,True,False,nal-,narcotic agonists/antagonists (normorphine type),nal-,2012.0,False,C=CCN1CC[C@]23c4c5ccc(O)c4O[C@H]2[C@@H](OCCOCCOCCOCCOCCOCCOCCOC)CC[C@@]3(O)[C@H]1C5,651.79,1.86,,,,,,,,,,,No DILI,No DILI,No DILI,2020 Mar 24,,,XNKCCCKFOQNXKV
Neratinib,,Neratinib,,,,,,,E*,Antineoplastic,Breast Cancer,CHEMBL180022,L01EH02,1.0,0.0,,0.0,2.0,False,2017.0,0.0,,,0.0,4.0,Small molecule,1.0,True,0.0,False,0.0,NERATINIB,0.0,MOL,True,False,-tinib,tyrosine kinase inhibitors,-tinib,2006.0,False,CCOc1cc2ncc(C#N)c(Nc3ccc(OCc4ccccn4)c(Cl)c3)c2cc1NC(=O)/C=C/CN(C)C,557.05,5.93,,,,,,"EGFR,HER2",Protein Tyrosine Kinase,"Neratinib (HKI-272) is a highly selective HER2 and EGFR inhibitor with IC50 of 59 nM and 92 nM in cell-free assays; weakly inhibits KDR and Src, no significant inhibition to Akt, CDK1/2/4, IKK-2, MK-2, PDK1, c-Raf and c-Met. Phase 3.",698387-09-6,8.98,No DILI,No DILI,No DILI,2018 Oct 20,,,JWNPDZNEKVCWMY
Netupitant,,Netupitant,,,,,,,E,Gastrointestinal,Nausea  & Vomiting,CHEMBL206253,,1.0,0.0,85155.0,0.0,2.0,True,2014.0,0.0,,,0.0,4.0,Small molecule,0.0,True,0.0,True,0.0,NETUPITANT,0.0,MOL,True,False,-tant,tachykinin (neurokinin) receptor antagonists: NK1 receptor antagonists,-tant (-pitant),2005.0,False,Cc1ccccc1-c1cc(N2CCN(C)CC2)ncc1N(C)C(=O)C(C)(C)c1cc(C(F)(F)F)cc(C(F)(F)F)c1,578.6,6.79,,,,,,Neurokinin Receptor,Neuronal Signaling,Netupitant (CID6451149) is a selective neurokinin 1 (NK1) receptor antagonist with potential antiemetic activity.,290297-26-6,3.46,No DILI,No DILI,No DILI,,,,WAXQNWCZJDTGBU
Niacinamide,,Niacinamide,,,,,,,E,Cardiovascular,Lipid lowering agent,CHEMBL1140,A11HA01,1.0,0.0,17154.0,0.0,2.0,True,,0.0,,Vitamin (enzyme co-factor),0.0,4.0,Small molecule,1.0,True,0.0,True,0.0,NIACINAMIDE,0.0,MOL,False,False,,,,,False,NC(=O)c1cccnc1,122.13,0.18,,,,,,,,,,,No DILI,No DILI,No DILI,,,,DFPAKSUCGFBDDF
Nicotine,,Nicotine,,,,,,,E,Substance abuse ,Smoking cessation,CHEMBL3,N07BA01,2.0,0.0,17688.0,0.0,1.0,True,1984.0,0.0,,Smoking Cessation Adjunct,0.0,4.0,Small molecule,1.0,True,0.0,False,0.0,NICOTINE,0.0,MOL,True,True,,,,1985.0,False,CN1CCC[C@H]1c1cccnc1,162.24,1.85,,,,,,,,,,,No DILI,No DILI,No DILI,2020 Mar 25,,,SNICXCGAKADSCV
Nifurtimox,,Nifurtimox,,,,,,,E,Antimicrobial,Chagas disease,CHEMBL290960,P01CC01,1.0,0.0,7566.0,0.0,0.0,True,2020.0,0.0,,,0.0,4.0,Small molecule,1.0,True,0.0,False,0.0,NIFURTIMOX,0.0,MOL,True,False,nifur-,5-nitrofuran derivatives,nifur-,2015.0,False,CC1CS(=O)(=O)CCN1/N=C/c1ccc([N+](=O)[O-])o1,287.3,0.64,,,,,,Anti-infection,Microbiology,Nifurtimox (BAY-2502) is an antiprotozoal agent.,23256-30-6,198.41,No DILI,No DILI,No DILI,2023 Jul 18,,,ARFHIAQFJWUCFH
Niraparib,,Niraparib,,,,,,,E*,Antineoplastic,Ovarian Cancer,CHEMBL1094636,L01XK02,1.0,0.0,,1.0,1.0,True,2017.0,1.0,,,0.0,4.0,Small molecule,1.0,True,1.0,False,0.0,NIRAPARIB,0.0,MOL,True,False,-parib,poly-ADP-ribose polymerase inhibitors,-parib,2011.0,False,NC(=O)c1cccc2cn(-c3ccc([C@@H]4CCCNC4)cc3)nc12,320.4,2.59,,,,,,"Apoptosis related,PARP",DNA Damage/DNA Repair,"Niraparib (MK-4827) is a selective inhibitor of PARP1/2 with IC50 of 3.8 nM/2.1 nM, with great activity in cancer cells with mutant BRCA-1 and BRCA-2. It is >330-fold selective against PARP3, V-PARP and Tank1. Niraparib can form PARP–DNA complexes resulting in DNA damage, apoptosis, and cell death. Phase 3.",1038915-60-4,199.76,No DILI,No DILI,No DILI,2017 Jul 20,,,PCHKPVIQAHNQLW
Nirmatrelvir,,Nirmatrelvir,,,,,,,E,Antimicrobial,Antiviral: SARS-CoV-2,CHEMBL4802135,,1.0,0.0,,0.0,1.0,True,2023.0,0.0,,,0.0,4.0,Small molecule,0.0,True,0.0,False,0.0,NIRMATRELVIR,0.0,MOL,False,False,-vir,antivirals: inhibitor of COVID 3CL protease,-vir (-trelvir),2021.0,False,CC(C)(C)[C@H](NC(=O)C(F)(F)F)C(=O)N1C[C@H]2[C@@H]([C@H]1C(=O)N[C@H](C#N)C[C@@H]1CCNC1=O)C2(C)C,499.53,1.1,,,,,,"COVID-19,SARS-CoV",Microbiology,"Nirmatrelvir (PF-07321332) is an reversible covalent inhibitor of SARS-CoV-2 main protease (Mpro, also referred to as 3CL protease) with an ki of 3.11 nM. PF-07321332 binds directly to the catalytic cysteine (Cys145) residue of the enzyme.",2628280-40-8,200.19,No DILI,No DILI,No DILI,,,,LIENCHBZNNMNKG
Norelgestromin,,Norelgestromin,,,,,,,A,Gynecological,Birth control,CHEMBL1200807,,1.0,0.0,,0.0,1.0,True,2001.0,0.0,,,0.0,4.0,Small molecule,1.0,False,0.0,False,0.0,NORELGESTROMIN,0.0,MOL,True,True,-estr-; -gest-,estrogens; progestins,-estr-; -gest-,2000.0,False,C#C[C@]1(O)CC[C@H]2[C@@H]3CCC4=C/C(=N/O)CC[C@@H]4[C@H]3CC[C@@]21CC,327.47,4.14,,,,,,,,,,,DILI (known),DILI,Known,,,,ISHXLNHNDMZNMC
Norgestimate,,Norgestimate,,,,,,,A,Gynecological,Birth control,CHEMBL1200934,,1.0,0.0,50815.0,0.0,1.0,True,1989.0,0.0,,Progestin,0.0,4.0,Small molecule,1.0,True,0.0,False,0.0,NORGESTIMATE,1.0,MOL,True,False,-gest-,progestins,-gest-,1975.0,False,C#C[C@]1(OC(C)=O)CC[C@H]2[C@@H]3CCC4=C/C(=N/O)CC[C@@H]4[C@H]3CC[C@@]21CC,369.51,4.71,,,,,,Estrogen/progestogen Receptor,Endocrinology & Hormones,"Norgestimate, a synthetic progesterone analog, is an orally active progestin with highly selective progestational activity and minimal androgenicity.",35189-28-7,200.27,DILI (known),DILI,Known,,,,KIQQMECNKUGGKA
Obeticholic acid,,Obeticholic acid,,,,,,,B,Gastrointestinal,Primary biliary cirrhosis,CHEMBL566315,A05AA04,1.0,1.0,,0.0,1.0,True,2016.0,1.0,,,0.0,4.0,Small molecule,1.0,True,1.0,False,0.0,OBETICHOLIC ACID,0.0,MOL,True,False,,,,2008.0,False,CC[C@H]1[C@@H](O)[C@@H]2[C@H](CC[C@]3(C)[C@@H]([C@H](C)CCC(=O)O)CC[C@@H]23)[C@@]2(C)CC[C@@H](O)C[C@@H]12,420.63,5.11,,United States,,Black Box Warning,,"Autophagy,FXR",Metabolism,"Obeticholic Acid (INT-747, 6-ECDCA, 6-Ethylchenodeoxycholic acid) is a potent and selective farnesoid X receptor (FXR) agonist with EC50 of 99 nM. Obeticholic Acid inhibits autophagy. Phase 3.",459789-99-2,199.7,DILI (likely),DILI,Likely,,,,ZXERDUOLZKYMJM
Odevixibat,,Odevixibat,,,,,,,E*,Gastrointestinal,Pruritus of PFIC,CHEMBL4297588,A05AX05,1.0,0.0,,0.0,1.0,False,2021.0,1.0,,,0.0,4.0,Small molecule,0.0,True,1.0,False,0.0,ODEVIXIBAT,0.0,MOL,True,False,-ixibat,ileal bile acid transporter (IBAT) inhibitors,-ixibat,2019.0,False,CCCCC1(CCCC)CN(c2ccccc2)c2cc(SC)c(OCC(=O)N[C@@H](C(=O)N[C@@H](CC)C(=O)O)c3ccc(O)cc3)cc2S(=O)(=O)N1,740.94,5.88,,,,,,,,,,,No DILI,No DILI,No DILI,2022 Mar 10,,,XULSCZPZVQIMFM
Olaparib,,Olaparib,,,,,,,E,Antineoplastic,Ovarian cancer,CHEMBL521686,L01XK01,1.0,0.0,83766.0,1.0,2.0,True,2014.0,1.0,,,0.0,4.0,Small molecule,0.0,True,0.0,False,0.0,OLAPARIB,0.0,MOL,True,False,-parib,poly-ADP-ribose polymerase inhibitors,-parib,2013.0,False,O=C(c1cc(Cc2n[nH]c(=O)c3ccccc23)ccc1F)N1CCN(C(=O)C2CC2)CC1,434.47,2.35,,,,,,"Autophagy,Mitophagy,PARP",DNA Damage/DNA Repair,"Olaparib (AZD2281, KU0059436) is a selective inhibitor of PARP1/2 with IC50 of 5 nM/1 nM in cell-free assays, 300-times less effective against tankyrase-1. Olaparib induces significant autophagy that is associated with mitophagy in cells with BRCA mutations.",763113-22-0,197.95,No DILI,No DILI,No DILI,2017 Jun 1,,,FDLYAMZZIXQODN
Oliceridine,,Oliceridine,,,,,,,E,Analgesic,Severe pain,CHEMBL2443262,N02AX07,1.0,1.0,,0.0,1.0,True,2020.0,0.0,,,0.0,4.0,Small molecule,0.0,False,0.0,True,0.0,OLICERIDINE,0.0,MOL,True,False,-eridine,analgesics (meperidine type),-eridine,2015.0,False,COc1ccsc1CNCC[C@@]1(c2ccccn2)CCOC2(CCCC2)C1,386.56,4.69,"misuse, respiratory toxicity",United States,,Black Box Warning,,,,,,,No DILI,No DILI,No DILI,2024 Jul 5,,,DMNOVGJWPASQDL
Omadacycline,,Omadacycline,,,,,,,E*,Antimicrobial,"Pneumonia, Skin & Skin St",CHEMBL1689772,J01AA15,1.0,0.0,,0.0,1.0,False,2018.0,0.0,,,0.0,4.0,Small molecule,1.0,True,0.0,True,0.0,OMADACYCLINE,0.0,MOL,True,False,-cycline,antibiotics (tetracycline derivatives),-cycline,2009.0,False,CN(C)c1cc(CNCC(C)(C)C)c(O)c2c1C[C@H]1C[C@H]3[C@H](N(C)C)C(O)=C(C(N)=O)C(=O)[C@@]3(O)C(O)=C1C2=O,556.66,1.32,,,,,,,,,,,No DILI,No DILI,No DILI,2020 Jan 9,,,JEECQCWWSTZDCK
Ombitasvir,,Ombitasvir,,,,,,,B,Antimicrobial,Antiviral: HCV,CHEMBL3127326,,0.0,0.0,85183.0,0.0,1.0,True,2014.0,0.0,,,0.0,4.0,Small molecule,1.0,True,0.0,False,0.0,OMBITASVIR,0.0,MOL,True,False,-vir,antivirals: nonstructural protein 5A (NS5A) inhibitors,-vir (-asvir),2013.0,False,COC(=O)N[C@H](C(=O)N1CCC[C@H]1C(=O)Nc1ccc([C@@H]2CC[C@@H](c3ccc(NC(=O)[C@@H]4CCCN4C(=O)[C@@H](NC(=O)OC)C(C)C)cc3)N2c2ccc(C(C)(C)C)cc2)cc1)C(C)C,894.13,7.69,,,,,,HCV Protease,Proteases,Ombitasvir (ABT-267) is an inhibitor of the HCV non-structural protein 5A with antiviral activity.,1258226-87-7,111.84,DILI (likely),DILI,Likely,,,,PIDFDZJZLOTZTM
Opicapone,,Opicapone,,,,,,,E,CNS,Parkinson disease,CHEMBL1089318,N04BX04,1.0,0.0,,0.0,2.0,True,2020.0,0.0,,,0.0,4.0,Small molecule,1.0,True,0.0,False,0.0,OPICAPONE,0.0,MOL,True,False,-capone,catechol-O-methyltransferase (COMT) inhibitors,-capone,2018.0,False,Cc1c(Cl)c(C)[n+]([O-])c(Cl)c1-c1noc(-c2cc(O)c(O)c([N+](=O)[O-])c2)n1,413.17,3.28,,,,,,Others,Neuronal Signaling,Opicapone(BIA 9-1067) is a potent inhibitor of <b>catechol-O-methyltransferase (COMT)</b> with ED50 values of 1.4 mg⋅kg<sup>−1</sup> in rat erythrocytes. It has the potential to be used in research of Parkinson's disease and motor fluctuations.,923287-50-7,200.885833918242,No DILI,No DILI,No DILI,2021 Oct 25,,,ASOADIZOVZTJSR
Orelabrutinib,,Orelabrutinib,,,,,,,,,,CHEMBL4650321,,,0.0,,0.0,2.0,False,,0.0,,,0.0,3.0,Small molecule,0.0,False,0.0,False,0.0,ORELABRUTINIB,0.0,MOL,False,False,-tinib,tyrosine kinase inhibitors: tyrosine kinase inhibitors Bruton's (Btk) inhibitors,-tinib (-brutinib),2021.0,False,C=CC(=O)N1CCC(c2ccc(C(N)=O)c(-c3ccc(Oc4ccccc4)cc3)n2)CC1,427.5,4.53,,,,,,BTK,Angiogenesis,"Orelabrutinib (ICP-022) is a potent, orally active and irreversible inhibitor of Bruton's tyrosine kinase (BTK). Orelabrutinib has potential antineoplastic activity.",1655504-04-3,201.17,DILI (withdrawn),DILI,Withdrawn,,,,MZPVEMOYADUARK
Oritavancin,,Oritavancin,,,,,,,E,Antimicrobial,Antibacterial,CHEMBL1688530,J01XA05,1.0,0.0,82699.0,0.0,1.0,False,2014.0,0.0,,,0.0,4.0,Unknown,1.0,False,0.0,True,0.0,ORITAVANCIN,0.0,MOL,True,False,-vancin,vancomycin-related compounds,-vancin,1999.0,False,CN[C@H](CC(C)C)C(=O)N[C@H]1C(=O)N[C@@H](CC(N)=O)C(=O)N[C@H]2C(=O)N[C@H]3C(=O)N[C@H](C(=O)N[C@H](C(=O)O)c4cc(O)cc(O)c4-c4cc3ccc4O)[C@H](O[C@H]3C[C@](C)(N)[C@@H](O)[C@H](C)O3)c3ccc(c(Cl)c3)Oc3cc2cc(c3O[C@@H]2O[C@H](CO)[C@@H](O)[C@H](O)[C@H]2O[C@H]2C[C@](C)(NCc3ccc(-c4ccc(Cl)cc4)cc3)[C@@H](O)[C@H](C)O2)Oc2ccc(cc2Cl)[C@H]1O,1793.12,,,,,,,,,,,,No DILI,No DILI,No DILI,,,,VHFGEBVPHAGQPI
Osilodrostat,,Osilodrostat,,,,,,,E,Endocrine,Cushing's syndrome,CHEMBL3099695,H02CA02,1.0,0.0,,0.0,1.0,False,2020.0,1.0,,,0.0,4.0,Small molecule,0.0,True,1.0,False,0.0,OSILODROSTAT,0.0,MOL,True,False,-stat,enzyme inhibitors: inhibitors of aldosterone synthase,-stat (-drostat),2015.0,False,N#Cc1ccc([C@H]2CCc3cncn32)c(F)c1,227.24,2.43,,,,,,,,,,,No DILI,No DILI,No DILI,2024 May 14,,,USUZGMWDZDXMDG
Osimertinib,,Osimertinib,,,,,,,E*,Antineoplastic,Lung cancer,CHEMBL3353410,L01EB04,1.0,0.0,,0.0,2.0,True,2015.0,0.0,,,0.0,4.0,Small molecule,1.0,True,0.0,False,0.0,OSIMERTINIB,0.0,MOL,True,False,-tinib,tyrosine kinase inhibitors: epidermal growth factor receptor (EGFR) inhibitors,-tinib (-ertinib),2015.0,False,C=CC(=O)Nc1cc(Nc2nccc(-c3cn(C)c4ccccc34)n2)c(OC)cc1N(C)CCN(C)C,499.62,4.51,,,,,,EGFR,Protein Tyrosine Kinase,"Osimertinib (AZD9291) is an oral, irreversible, and mutant-selective EGFR inhibitor with IC50 of 12.92, 11.44 and 493.8 nM for Exon 19 deletion EGFR, L858R/T790M EGFR, and WT EGFR in LoVo cells, respectively. Phase 3.",1421373-65-0,198.15,No DILI,No DILI,No DILI,2017 Jun 1,,,DUYJMQONPNNFPI
Ospemifene,,Ospemifene,,,,,,,E,Gynecological,Estrogen,CHEMBL2105395,G03XC05,1.0,1.0,73275.0,0.0,2.0,True,2013.0,0.0,,,0.0,4.0,Small molecule,1.0,True,0.0,False,0.0,OSPEMIFENE,0.0,MOL,True,False,-ifene,antiestrogens of the clomifene and tamoxifen groups,-ifene,2006.0,False,OCCOc1ccc(/C(=C(/CCCl)c2ccccc2)c2ccccc2)cc1,378.9,5.65,"neurotoxicity, carcinogenicity, cardiotoxicity, vascular toxicity",United States,,Black Box Warning,,Estrogen/progestogen Receptor,Endocrinology & Hormones,"Ospemifene(FC-1271a) is a non-hormonal selective estrogen receptor modulator (SERM), used for the treatment of dyspareunia.",128607-22-7,197.95,No DILI,No DILI,No DILI,,,,LUMKNAVTFCDUIE
Oxybate,,Oxybate,,,,,,,E,CNS,Narcolepsy,CHEMBL1342,,1.0,1.0,30830.0,0.0,2.0,False,2002.0,0.0,,"Anesthesia, Adjunct To",0.0,4.0,Small molecule,1.0,True,0.0,False,0.0,OXYBATE,0.0,MOL,True,False,,,,1966.0,False,O=C(O)CCCO,104.11,-0.16,,,,,,,,,,,No DILI,No DILI,No DILI,2021 Aug 18,,,SJZRECIVHVDYJC
Ozanimod,,Ozanimod,,,,,,,E*,CNS,Multiple sclerosis,CHEMBL3707247,L04AA38,1.0,0.0,,0.0,1.0,False,2020.0,0.0,,,0.0,4.0,Small molecule,1.0,True,0.0,False,0.0,OZANIMOD,0.0,MOL,True,False,-imod,immunomodulators,-imod,2015.0,False,CC(C)Oc1ccc(-c2nc(-c3cccc4c3CC[C@@H]4NCCO)no2)cc1C#N,404.47,3.63,,,,,,S1P Receptor,GPCR & G Protein,Ozanimod (RPC1063) is a selective oral S1P Receptor 1 modulator. Phase 3.,1306760-87-1,200.27,No DILI,No DILI,No DILI,2021 Jul 15,,,XRVDGNKRPOAQTN
Pacritinib,,Pacritinib,,,,,,,E*,Hematologic,Polycytemia Vera,CHEMBL2035187,L01EJ03,1.0,0.0,,0.0,2.0,False,2022.0,0.0,,,0.0,4.0,Small molecule,1.0,True,0.0,False,0.0,PACRITINIB,0.0,MOL,True,False,-tinib,tyrosine kinase inhibitors,-tinib,2014.0,False,C1=N/C2=N/c3ccc(OCCN4CCCC4)c(c3)COC/C=C/COCc3cccc(c3)C(=C1)N2,472.59,4.47,,,,,,"FLT3,JAK",JAK/STAT,"Pacritinib (SB1518) is a potent and selective inhibitor of Janus Kinase 2 (JAK2) and Fms-Like Tyrosine Kinase-3 (FLT3) with IC50s of 23 and 22 nM in cell-free assays, respectively. Phase 3.",937272-79-2,23.28,No DILI,No DILI,No DILI,2023 Dec 28,,,HWXVIOGONBBTBY
Panobinostat,,Panobinostat,,,,,,,E,Antineoplastic,Multiple myeloma,CHEMBL483254,L01XH03,1.0,1.0,85990.0,0.0,2.0,True,2015.0,0.0,,,0.0,4.0,Small molecule,1.0,True,1.0,False,0.0,PANOBINOSTAT,0.0,MOL,True,False,-stat,enzyme inhibitors: histone deacetylase inhibitors,-stat (-inostat),2011.0,False,Cc1[nH]c2ccccc2c1CCNCc1ccc(/C=C/C(=O)NO)cc1,349.43,3.33,,,,,,"Apoptosis related,Autophagy,HDAC,HIV Protease",Epigenetics,"Panobinostat (LBH589, NVP-LBH589) is a novel broad-spectrum HDAC inhibitor with IC50 of 5 nM in a cell-free assay. Panobinostat (LBH589) induces autophagy and apoptosis. Panobinostat effectively disrupts HIV latency in vivo. Phase 3.",404950-80-7,197.46,No DILI,No DILI,No DILI,2020 Sep 25,,,FPOHNWQLNRZRFC
Paritaprevir,,Paritaprevir,,,,,,,B,Antimicrobial,Antiviral: HCV,CHEMBL3391662,,0.0,0.0,,0.0,1.0,True,2014.0,0.0,,,0.0,4.0,Small molecule,1.0,True,0.0,False,0.0,PARITAPREVIR,0.0,MOL,True,False,-vir,antivirals: serine protease inhibitors,-vir (-previr),2014.0,False,Cc1cnc(C(=O)N[C@H]2CCCCC/C=C\[C@@H]3C[C@@]3(C(=O)NS(=O)(=O)C3CC3)NC(=O)[C@@H]3C[C@@H](Oc4nc5ccccc5c5ccccc45)CN3C2=O)cn1,765.89,3.64,,,,,,HCV Protease,Proteases,Paritaprevir (ABT-450) is a nonstructural (NS) protein 3/4A protease inhibitor.,1216941-48-8,130.57,DILI (likely),DILI,Likely,,,,UAUIUKWPKRJZJV
Pasireotide,,Pasireotide,,,,,,,E*,Endocrine,Cushings syndrome,CHEMBL3349607,H01CB05,1.0,0.0,72312.0,0.0,1.0,False,2012.0,1.0,"PEPTIDE1{[X1776].[Phg].[dW].K.[Tyr(Bzl)].F}$PEPTIDE1,PEPTIDE1,6:R2-1:R1$$$",,0.0,4.0,Protein,1.0,False,1.0,True,0.0,PASIREOTIDE,0.0,BOTH,True,False,-tide,peptides: inhibition of growth hormone release,-tide (-reotide),2011.0,False,NCCCC[C@@H]1NC(=O)[C@@H](Cc2c[nH]c3ccccc23)NC(=O)[C@H](c2ccccc2)NC(=O)[C@@H]2C[C@@H](OC(=O)NCCN)CN2C(=O)[C@H](Cc2ccccc2)NC(=O)[C@H](Cc2ccc(OCc3ccccc3)cc2)NC1=O,1047.23,,,,,,,SSTR,Endocrinology & Hormones,"Pasireotide (SOM230) is a multi-receptor ligand somatostatin analogue with high binding affinity for somatostatin receptor (SSTR) subtypes sst1,2,3 and sst5. It potently suppresses GH, IGF-I and ACTH secretion, indicating potential efficacy in acromegaly and Cushing’s disease.",396091-73-9,95.49,No DILI,No DILI,No DILI,2017 Apr 20,,,VMZMNAABQBOLAK
Pemigatinib,,Pemigatinib,,,,,,,E*,Antineoplastic,"Cholangioca, FGFR2 fusion",CHEMBL4297522,L01EN02,1.0,0.0,,0.0,2.0,True,2020.0,0.0,,,0.0,4.0,Small molecule,0.0,True,1.0,False,0.0,PEMIGATINIB,0.0,MOL,True,False,-tinib,tyrosine kinase inhibitors,-tinib,2018.0,False,CCN1C(=O)N(c2c(F)c(OC)cc(OC)c2F)Cc2cnc3[nH]c(CN4CCOCC4)cc3c21,487.51,3.66,,,,,,FGFR,Angiogenesis,"Pemigatinib (INCB054828, Pemazyre) is an orally active and selective inhibitor of FGFR with IC50 of 0.4 nM, 0.5 nM, 1.2 nM and 30 nM for FGFR1, FGFR2, FGFR3 and FGFR4, respectively. Pemigatinib has the potential for cholangiocarcinoma.",1513857-77-6,82.05,No DILI,No DILI,No DILI,2022 Nov 30,,,HCDMJFOHIXMBOV
Perampanel,,Perampanel,,,,,,,E,CNS,Anticonvulsant,CHEMBL1214124,N03AX22,1.0,1.0,71013.0,0.0,2.0,True,2012.0,1.0,,,0.0,4.0,Small molecule,1.0,True,0.0,False,0.0,PERAMPANEL,0.0,MOL,True,False,-ampa-,ionotropic non-NMDA (N-methyl D-aspartate) glutamate receptors [AMPA (alpha-amino-3-hydroxy-5-methyl-4-isoxazolepropionic acid receptor) and/or KA (kainite antagonist) receptors]: antagonists,-ampa- (-ampanel),2006.0,False,N#Cc1ccccc1-c1cc(-c2ccccn2)cn(-c2ccccc2)c1=O,349.39,4.44,,,,,,,,,,,No DILI,No DILI,No DILI,2016 May 4,,,PRMWGUBFXWROHD
Pexidartinib,,Pexidartinib,,,,,,,B,Antineoplastic,Tenosynovial giant cell tumor,CHEMBL3813873,L01EX15,1.0,1.0,,1.0,2.0,False,2019.0,1.0,,,0.0,4.0,Small molecule,0.0,True,0.0,False,0.0,PEXIDARTINIB,0.0,MOL,True,False,-tinib,tyrosine kinase inhibitors,-tinib,2017.0,False,FC(F)(F)c1ccc(CNc2ccc(Cc3c[nH]c4ncc(Cl)cc34)cn2)cn1,417.82,5.23,,,,,,"Apoptosis related,c-Kit,CSF-1R,FLT3",Protein Tyrosine Kinase,"Pexidartinib (PLX3397) is an oral, potent multi-targeted receptor tyrosine kinase inhibitor of CSF-1R, Kit (c-Kit), and FLT3 with IC50 of 20 nM, 10 nM and 160 nM, respectively. Pexidartinib (PLX3397) induces apoptosis and necrosis with antitumor activity. Phase 3.",1029044-16-3,198.65,DILI (likely),DILI,Likely,2019 Oct 10,,"CYP, Cholestasis/Biliary, Hypersensitivity",JGWRKYUXBBNENE
Pheniramine,,Pheniramine,,,,,,,E,Respiratory,Allergy symptoms,CHEMBL1193,D04AA16; R06AB05,2.0,0.0,,0.0,0.0,False,1994.0,0.0,,,0.0,4.0,Small molecule,1.0,False,0.0,False,0.0,PHENIRAMINE,0.0,MOL,True,True,,,,1988.0,False,CN(C)CCC(c1ccccc1)c1ccccn1,240.35,3.17,,,,,,,,,,,No DILI,No DILI,No DILI,,,,IJHNSHDBIRRJRN
Phenolphthalein,,Phenolphthalein,,,,,,,E,Gastrointestinal,Laxative,CHEMBL63857,A06AB04,-2.0,0.0,34914.0,0.0,2.0,True,,0.0,,Laxative,0.0,4.0,Small molecule,1.0,False,0.0,False,0.0,PHENOLPHTHALEIN,0.0,MOL,False,False,,,,,True,O=C1OC(c2ccc(O)cc2)(c2ccc(O)cc2)c2ccccc21,318.33,3.56,carcinogenicity,Oman; Canada; Saudi Arabia,May cause cancer,Withdrawn,carcinogenicity,Dyes,Others,Phenolphthalein (Phthalimetten) is an acid-base pH indicator.,77-09-8,197.91,No DILI,No DILI,No DILI,,,,KJFMBFZCATUALV
Phenylbutyrate,,Phenylbutyrate,,,,,,,E,Genetic,Urea cycle disorders,CHEMBL1469,,1.0,0.0,41500.0,0.0,2.0,False,1996.0,0.0,,Antihyperammonemic,0.0,4.0,Small molecule,1.0,True,0.0,False,0.0,PHENYLBUTANOIC ACID,1.0,MOL,True,False,,,,1995.0,False,O=C(O)CCCc1ccccc1,164.2,2.09,,,,,,,,,,,No DILI,No DILI,No DILI,,,,OBKXEAXTFZPCHS
Phenyltoloxamine,,Phenyltoloxamine,,,,,,,E,Respiratory,Allergy symptoms,CHEMBL186720,,,0.0,,0.0,2.0,False,,0.0,,,0.0,2.0,Small molecule,1.0,False,0.0,False,0.0,PHENYLTOLOXAMINE,0.0,MOL,False,False,,,,,False,CN(C)CCOc1ccccc1Cc1ccccc1,255.36,3.22,,,,,,,,,,,No DILI,No DILI,No DILI,,,,IZRPKIZLIFYYKR
Pimavanserin,,Pimavanserin,,,,,,,E,CNS,Antipsychotic,CHEMBL2111101,N05AX17,1.0,1.0,,0.0,2.0,False,2016.0,0.0,,,0.0,4.0,Small molecule,0.0,True,0.0,False,0.0,PIMAVANSERIN,0.0,MOL,True,False,-anserin,serotonin 5-HT2 receptor antagonists,-anserin,2005.0,False,CC(C)COc1ccc(CNC(=O)N(Cc2ccc(F)cc2)C2CCN(C)CC2)cc1,427.56,4.67,,,,,,,,,,,No DILI,No DILI,No DILI,2023 Jun 10,,,RKEWSXXUOLRFBX
Pirbuterol,,Pirbuterol,,,,,,,E,Respiratory,Bronchodilation,CHEMBL1094966,R03CC07; R03AC08,1.0,0.0,8245.0,0.0,0.0,False,1986.0,0.0,,Bronchodilator,0.0,4.0,Small molecule,1.0,False,0.0,False,0.0,PIRBUTEROL,0.0,MOL,True,True,-terol,bronchodilators (phenethylamine derivatives),-terol,1973.0,False,CC(C)(C)NCC(O)c1ccc(O)c(CO)n1,240.3,0.7,,,,,,,,,,,No DILI,No DILI,No DILI,,,,VQDBNKDJNJQRDG
Pirtobrutinib,,Pirtobrutinib,,,,,,,E,Antineoplastic,"CLL, Mantle Cell Lymphoma",CHEMBL4650485,,1.0,0.0,,0.0,1.0,True,2023.0,0.0,,,0.0,4.0,Small molecule,0.0,True,0.0,False,0.0,PIRTOBRUTINIB,0.0,MOL,True,False,-tinib,tyrosine kinase inhibitors: tyrosine kinase inhibitors Bruton's (Btk) inhibitors,-tinib (-brutinib),2021.0,False,COc1ccc(F)cc1C(=O)NCc1ccc(-c2nn([C@@H](C)C(F)(F)F)c(N)c2C(N)=O)cc1,479.43,3.43,,,,,,BTK,Angiogenesis,"Pirtobrutinib (LOXO-305, LY 3527727, RXC-005) is a highly selective, non-covalent, next generation BTK inhibitor with an IC50 of 5.69 nM in WT BTK HEK cells. Pirtobrutinib shows more than 300-fold selective for BTK over 98% of 370 other kinases.",2101700-15-4,200.24,No DILI,No DILI,No DILI,2024 Jul 15,,,FWZAWAUZXYCBKZ
Pitolisant,,Pitolisant,,,,,,,E,CNS,"Narcolepsy, sleepiness",CHEMBL462605,N07XX11,1.0,0.0,,0.0,2.0,False,2019.0,1.0,,,0.0,4.0,Small molecule,1.0,True,0.0,False,0.0,PITOLISANT,0.0,MOL,True,False,-isant,histamine H3 receptor antagonists,-isant,2018.0,False,Clc1ccc(CCCOCCCN2CCCCC2)cc1,295.85,4.17,,,,,,,,,,,No DILI,No DILI,No DILI,2021 Aug 18,,,NNACHAUCXXVJSP
Plecanatide,,Plecanatide,,,,,,,E,Gastrointestinal,Constipation,CHEMBL2103867,A06AX07,1.0,1.0,,0.0,1.0,True,2017.0,0.0,"PEPTIDE1{N.D.E.C.E.L.C.V.N.V.A.C.T.G.C.L}$PEPTIDE1,PEPTIDE1,12:R3-4:R3|PEPTIDE1,PEPTIDE1,15:R3-7:R3$$$",,0.0,4.0,Protein,1.0,True,0.0,False,0.0,PLECANATIDE,0.0,BOTH,True,False,-tide,peptides,-tide,2010.0,False,CC(C)C[C@H](NC(=O)[C@@H]1CSSC[C@@H]2NC(=O)[C@H](CC(C)C)NC(=O)[C@H](CCC(=O)O)NC(=O)[C@@H](NC(=O)[C@H](CCC(=O)O)NC(=O)[C@H](CC(=O)O)NC(=O)[C@@H](N)CC(N)=O)CSSC[C@H](NC(=O)[C@H](C)NC(=O)[C@H](C(C)C)NC(=O)[C@H](CC(N)=O)NC(=O)[C@H](C(C)C)NC2=O)C(=O)N[C@@H]([C@@H](C)O)C(=O)NCC(=O)N1)C(=O)O,1681.91,,,United States,,Black Box Warning,,,,,,,No DILI,No DILI,No DILI,2019 Apr 16,,,NSPHQWLKCGGCQR
Ponatinib,,Ponatinib,,,,,,,E*,Antineoplastic,Leukemia,CHEMBL1171837,L01EA05,1.0,1.0,78543.0,0.0,2.0,False,2012.0,0.0,,,0.0,4.0,Small molecule,0.0,True,1.0,False,0.0,PONATINIB,0.0,MOL,True,False,-tinib,tyrosine kinase inhibitors,-tinib,2010.0,False,Cc1ccc(C(=O)Nc2ccc(CN3CCN(C)CC3)c(C(F)(F)F)c2)cc1C#Cc1cnc2cccnn12,532.57,4.46,,,,,,"Autophagy,Bcr-Abl,FGFR,PDGFR,Src,VEGFR",Angiogenesis,"Ponatinib (AP24534) is a novel, potent multi-target inhibitor of Abl, PDGFRα, VEGFR2, FGFR1 and Src with IC50 of 0.37 nM, 1.1 nM, 1.5 nM, 2.2 nM and 5.4 nM in cell-free assays, respectively. Ponatinib (AP24534) inhibits autophagy.",943319-70-8,56.33,No DILI,No DILI,No DILI,2020 May 10,,,PHXJVRSECIGDHY
Ponesimod,,Ponesimod,,,,,,,E*,CNS,Multiple sclerosis,CHEMBL1096146,L04AA50,1.0,0.0,,0.0,1.0,True,2021.0,0.0,,,0.0,4.0,Small molecule,1.0,True,0.0,False,0.0,PONESIMOD,0.0,MOL,True,False,-imod,immunomodulators,-imod,2015.0,False,CCC/N=C1\S/C(=C\c2ccc(OC[C@H](O)CO)c(Cl)c2)C(=O)N1c1ccccc1C,460.98,4.27,,,,,,S1P Receptor,GPCR & G Protein,"Ponesimod (ACT-128800) is an orally active, selective sphingosine-1-phosphate receptor 1 (S1P1) immunomodulator with EC50 of 5.7 nM.",854107-55-4,199.58,No DILI,No DILI,No DILI,2021 Jul 15,,,LPAUOXUZGSBGDU
Pralsetinib,,Pralsetinib,,,,,,,E*,Antineoplastic,RET pos NSCLC,CHEMBL4582651,L01EX23,1.0,0.0,,0.0,1.0,True,2020.0,0.0,,,0.0,4.0,Small molecule,0.0,True,0.0,False,0.0,PRALSETINIB,0.0,MOL,True,False,-tinib,tyrosine kinase inhibitors,-tinib,2019.0,False,CO[C@]1(C(=O)N[C@@H](C)c2ccc(-n3cc(F)cn3)nc2)CC[C@H](c2nc(C)cc(Nc3cc(C)[nH]n3)n2)CC1,533.61,4.2,,,,,,c-RET,Apoptosis,"Pralsetinib (BLU-667, CS 3009, Gavreto) is a highly potent and selective RET (c-RET) inhibitor with an IC50 of 0.4 nM for WT RET. It also demonstrates potent activity (IC50 0.4 nmol/L) against common oncogenic RET alterations, including RET (M918T).",2097132-94-8,187.41,No DILI,No DILI,No DILI,2023 Aug 12,,,GBLBJPZSROAGMF
Prilocaine,,Prilocaine,,,,,,,E,CNS,"Anesthetic, local",CHEMBL1194,N01BB04; N01BB54,1.0,0.0,8404.0,0.0,0.0,True,1965.0,0.0,,Anesthetic (local),0.0,4.0,Small molecule,1.0,False,0.0,True,0.0,PRILOCAINE,0.0,MOL,True,True,-caine,local anesthetics,-caine,1966.0,False,CCCNC(C)C(=O)Nc1ccccc1C,220.32,2.32,,,,,,Sodium Channel,Transmembrane Transporters,"Prilocaine (NSC 40027) is a local anesthetic of the amino amide type. It acts on sodium channels on the neuronal cell membrane, limiting the spread of seizure activity and reducing seizure propagation.",721-50-6,199.72,No DILI,No DILI,No DILI,,,,MVFGUOIZUNYYSO
Prucalopride,,Prucalopride,,,,,,,E,Gastrointestinal,Constipation,CHEMBL117287,A06AX05,1.0,0.0,,0.0,2.0,True,2009.0,0.0,,,0.0,4.0,Small molecule,1.0,True,0.0,False,0.0,PRUCALOPRIDE,0.0,MOL,True,False,-pride,sulpride derivatives and analogs,-pride,2011.0,False,COCCCN1CCC(NC(=O)c2cc(Cl)c(N)c3c2OCC3)CC1,367.88,2.09,,,,,,5-HT Receptor,Neuronal Signaling,"Prucalopride (R-93877) is a selective, high affinity 5-HT receptor agonist for 5-HT4A and 5-HT4B receptor with Ki of 2.5 nM and 8 nM, respectively, exhibits >290-fold selectivity against other 5-HT receptor subtypes.",179474-81-8,163.1,No DILI,No DILI,No DILI,2019 Apr 25,,,ZPMNHBXQOOVQJL
Quercetin,,Quercetin,,,,,,,E,HDS: Nutritional Suppl,Antioxidant,CHEMBL50,,,0.0,16243.0,0.0,2.0,False,,0.0,,,0.0,3.0,Small molecule,1.0,False,0.0,False,0.0,QUERCETIN,0.0,MOL,False,False,,,,,False,O=c1c(O)c(-c2ccc(O)c(O)c2)oc2cc(O)cc(O)c12,302.24,1.99,,,,,,"Apoptosis related,Autophagy,Mitophagy,PI3K,PKC,Sirtuin,Src",Epigenetics,"Quercetin (NSC 9221, Sophoretin, C.I. 75720), a natural flavonoid present in vegetables, fruit and wine, is a stimulator of recombinant SIRT1 and also a PI3K inhibitor with IC50 of 2.4-5.4 μM. Quercetin induces mitophagy, apoptosis and protective autophagy. Phase 4.",117-39-5,201.83,No DILI,No DILI,No DILI,,,,REFJWTPEDVJJIY
Quinupristin,,Quinupristin,,,,,,,E*,Antimicrobial,Antibacterial,CHEMBL1200649,,1.0,0.0,,0.0,1.0,True,1999.0,0.0,,Antibacterial,0.0,4.0,Small molecule,1.0,False,0.0,True,0.0,QUINUPRISTIN,0.0,MOL,True,False,-pris-; -pristin,"steriodal compounds acting on progesterone receptors (excluding-gest- compounds); antibacterials, pristinamycin derivatives",-pris-; -pristin,1993.0,False,CC[C@H]1NC(=O)[C@@H](NC(=O)c2ncccc2O)[C@@H](C)OC(=O)[C@H](c2ccccc2)NC(=O)[C@@H]2CC(=O)[C@H](CS[C@@H]3CN4CCC3CC4)CN2C(=O)[C@H](Cc2ccc(N(C)C)cc2)N(C)C(=O)[C@@H]2CCCN2C1=O,1022.24,,,,,,,Others,Others,"Quinupristin, a streptogramin antibiotic, blocks peptide bond synthesis to prevent the extension of polypeptide chains and promote the detachment of incomplete protein chains in the bacterial ribosomal subunits.",120138-50-3,48.91,No DILI,No DILI,No DILI,,,,WTHRRGMBUAHGNI
Quizartinib,,Quizartinib,,,,,,,E,Antineoplastic,Acute myelogenous leukemia,CHEMBL576982,L01EX11,1.0,1.0,90217.0,1.0,2.0,False,2023.0,0.0,,,0.0,4.0,Small molecule,1.0,True,0.0,False,0.0,QUIZARTINIB,0.0,MOL,True,False,-tinib,tyrosine kinase inhibitors,-tinib,2010.0,False,CC(C)(C)c1cc(NC(=O)Nc2ccc(-c3cn4c(n3)sc3cc(OCCN5CCOCC5)ccc34)cc2)no1,560.68,5.86,,,,,,"Apoptosis related,FLT3,Target Protein Ligand",Angiogenesis,"Quizartinib (AC220) is a second-generation FLT3 inhibitor for Flt3(ITD/WT) with IC50 of 1.1 nM/4.2 nM in MV4-11 and RS4;11 cells, respectively, 10-fold more selective for Flt3 than KIT, PDGFRα, PDGFRβ, RET, and CSF-1R. Quizartinib (AC220) induces apoptosis of tumor cells. Phase 3.",950769-58-1,58.86,No DILI,No DILI,No DILI,2024 Jul 21,,,CVWXJKQAOSCOAB
Regorafenib,,Regorafenib,,,,,,,B,Antineoplastic,Colon cancer,CHEMBL1946170,L01EX05,1.0,1.0,68647.0,0.0,2.0,True,2012.0,0.0,,,0.0,4.0,Small molecule,0.0,True,0.0,False,0.0,REGORAFENIB,0.0,MOL,True,False,-rafenib,rapidly accelerated fibrosarcoma (RAF) kinase inhibitors,-rafenib,2011.0,False,CNC(=O)c1cc(Oc2ccc(NC(=O)Nc3ccc(Cl)c(C(F)(F)F)c3)c(F)c2)ccn1,482.82,5.69,,United States,,Black Box Warning,,"Autophagy,c-Kit,c-RET,PDGFR,Raf,VEGFR",Protein Tyrosine Kinase,"Regorafenib (BAY 73-4506,Fluoro-Sorafenib, Resihance, Stivarga) is a multi-target inhibitor for VEGFR1, VEGFR2, VEGFR3, PDGFRβ, Kit (c-Kit), RET (c-RET) and Raf-1 with IC50 of 13 nM/4.2 nM/46 nM, 22 nM, 7 nM, 1.5 nM and 2.5 nM in cell-free assays, respectively. Regorafenib induces autophagy.",755037-03-7,200.9,DILI (likely),DILI,Likely,2018 Jun 6,,"Hepatitis, Necrosis, CYP, Sinusoidal, Cirrhosis, Encephalopathy, Immune-mediated, Hypersensitivity",FNHKPVJBJVTLMP
Relugolix,,Relugolix,,,,,,,E,Antineoplastic,Prostate cancer,CHEMBL1800159,L02BX04,1.0,0.0,,0.0,2.0,True,2019.0,0.0,,,0.0,4.0,Small molecule,0.0,True,0.0,False,0.0,RELUGOLIX,0.0,MOL,True,False,-golix,gonadotropin releasing hormone (GnRH) receptor antagonists (nonpeptide),-golix,2015.0,False,CONC(=O)Nc1ccc(-c2sc3c(c2CN(C)C)c(=O)n(-c2ccc(OC)nn2)c(=O)n3Cc2c(F)cccc2F)cc1,623.64,3.75,,,,,,GNRH Receptor,Endocrinology & Hormones,"Relugolix (RVT-601, TAK-385) is a selective antagonist of the gonadotropin-releasing hormone receptor (GnRHR) with IC50 of 0.33 nM and 0.32 nM for human GnRHR and monkey GnRHR, respectively.",737789-87-6,97.81,No DILI,No DILI,No DILI,2023 May 28,,,AOMXMOCNKJTRQP
Remimazolam,,Remimazolam,,,,,,,E,CNS,Sedation for procedulres,CHEMBL4297526,N05CD14,1.0,1.0,,0.0,1.0,False,2020.0,0.0,,,0.0,4.0,Small molecule,1.0,False,0.0,True,0.0,REMIMAZOLAM,0.0,MOL,True,False,,,,2019.0,False,COC(=O)CC[C@@H]1N=C(c2ccccn2)c2cc(Br)ccc2-n2c(C)cnc21,439.31,4.18,,,,,,,,,,,No DILI,No DILI,No DILI,2023 Jun 22,,,CYHWMBVXXDIZNZ
Resveratrol,,Resveratrol,,,,,,,E,HDS: Herbal Product,Aging,CHEMBL165,,,0.0,45713.0,0.0,2.0,False,,0.0,,,0.0,3.0,Small molecule,1.0,False,0.0,False,0.0,RESVERATROL,0.0,MOL,False,False,,,,,False,Oc1ccc(/C=C/c2cc(O)cc(O)c2)cc1,228.25,2.97,,,,,,"AMPK,Apoptosis related,Autophagy,COX,ERK,IκB/IKK,JNK,Lipoxygenase,Mitophagy,Sirtuin,Src,STAT",Autophagy,"Resveratrol (SRT501, trans-Resveratrol) has a wide spectrum of targets including cyclooxygenases(i.e. COX, IC50=1.1 μM), lipooxygenases（LOX, IC50=2.7 μM）, kinases, sirtuins and other proteins. It has anti-cancer, anti-inflammatory, blood-sugar-lowering and other beneficial cardiovascular effects. Resveratrol induces mitophagy/autophagy and autophagy-dependent apoptosis.",501-36-0,197.16,No DILI,No DILI,No DILI,,,,LUKBXSAWLPMMSZ
Revefenacin,,Revefenacin,,,,,,,E,Respiratory,COPD,CHEMBL3833319,R03BB08,1.0,0.0,,0.0,2.0,True,2018.0,0.0,,,0.0,4.0,Small molecule,1.0,False,0.0,False,0.0,REVEFENACIN,0.0,MOL,True,True,-fenacin,muscarinic receptor antagonists,-fenacin,2016.0,False,CN(CCN1CCC(OC(=O)Nc2ccccc2-c2ccccc2)CC1)C(=O)c1ccc(CN2CCC(C(N)=O)CC2)cc1,597.76,4.84,,,,,,AChR,Neuronal Signaling,"Revefenacin (TD-4208, GSK-1160724) is a potent, lung-selective, long-acting muscarinic antagonist that may be for the treatment of respiratory disease.",864750-70-9,167.29,No DILI,No DILI,No DILI,,,,FYDWDCIFZSGNBU
Rifamycin,,Rifamycin,,,,,,,E,Gastrointestinal,Travelers diarrhea,CHEMBL437765,S02AA12; A07AA13; J04AB03; D06AX15; S01AA16,1.0,0.0,29673.0,0.0,1.0,False,2018.0,0.0,,,0.0,4.0,Small molecule,1.0,True,0.0,False,0.0,RIFAMYCIN,0.0,MOL,True,False,-mycin; rifa-,antibiotics (Streptomyces strain); antibiotics (rifamycin derivatives),-mycin; rifa-,2009.0,False,CO[C@H]1/C=C/O[C@@]2(C)Oc3c(C)c(O)c4c(O)c(cc(O)c4c3C2=O)NC(=O)/C(C)=C\C=C\[C@H](C)[C@H](O)[C@@H](C)[C@@H](O)[C@@H](C)[C@H](OC(C)=O)[C@@H]1C,697.78,4.75,,,,,,,,,,,No DILI,No DILI,No DILI,2019 Apr 11,,,HJYYPODYNSCCOU
Rimegepant,,Rimegepant,,,,,,,E,CNS,Migraine treatment,CHEMBL2178422,N02CD06,1.0,0.0,,0.0,1.0,False,2020.0,0.0,,,0.0,4.0,Small molecule,0.0,True,0.0,False,0.0,RIMEGEPANT,0.0,MOL,True,False,-gepant,calcitonin gene-related peptide receptor antagonists,-gepant,2013.0,False,N[C@@H]1c2cccnc2[C@H](OC(=O)N2CCC(n3c(=O)[nH]c4ncccc43)CC2)CC[C@H]1c1cccc(F)c1F,534.57,4.49,,,,,,CGRP Receptor,GPCR & G Protein,"Rimegepant (BMS-927711, BHV-3000) is a potent, selective, competitive human calcitonin gene-related peptide (CGRP) receptor antagonist with ki of 0.027 nM.",1289023-67-1,187.07,No DILI,No DILI,No DILI,2025 Jan 12,,,KRNAOFGYEFKHPB
Riociguat,,Riociguat,,,,,,,E,Respiratory,Pulmonary Hypertension,CHEMBL2107834,C02KX05,1.0,1.0,76018.0,0.0,2.0,True,2013.0,1.0,,,0.0,4.0,Small molecule,0.0,True,0.0,False,0.0,RIOCIGUAT,0.0,MOL,True,False,-ciguat,guanaline cyclase activators,-ciguat,2012.0,False,COC(=O)N(C)c1c(N)nc(-c2nn(Cc3ccccc3F)c3ncccc23)nc1N,422.42,2.44,teratogenicity,United States,,Black Box Warning,,Guanylate Cyclase,GPCR & G Protein,"Riociguat (BAY 63-2521) is an oral soluble guanylate cyclase (GC) stimulator, used in the treatment of ipulmonary hypertension.",625115-55-1,198.85,No DILI,No DILI,No DILI,2018 Jun 4,,,WXXSNCNJFUAIDG
Ripretinib,,Ripretinib,,,,,,,E,Antineoplastic,"GIST, refractory",CHEMBL4216467,L01EX19,1.0,0.0,,0.0,2.0,True,2020.0,0.0,,,0.0,4.0,Small molecule,0.0,True,1.0,False,0.0,RIPRETINIB,0.0,MOL,True,False,-retin-; -tinib,retinol derivatives; tyrosine kinase inhibitors,-retin-; -tinib,2017.0,False,CCn1c(=O)c(-c2cc(NC(=O)Nc3ccccc3)c(F)cc2Br)cc2cnc(NC)cc21,510.37,5.67,,,,,,"c-Kit,PDGFR",Protein Tyrosine Kinase,"DCC-2618 is an orally bioavailable switch pocket control inhibitor of wild-type and mutated forms of the tumor-associated antigens (TAA) mast/stem cell factor receptor (SCFR) Kit (c-Kit) and PDGFR-alpha, with IC50 values of 4 nM, 8 nM, 18 nM, 5 nM and 14 nM for WT Kit (c-Kit), V654A Kit (c-Kit), T670I Kit (c-Kit), D816H Kit (c-Kit) and D816V Kit (c-Kit), respectively.",1442472-39-0,195.94,No DILI,No DILI,No DILI,2023 Oct 12,,,CEFJVGZHQAGLHS
Risdiplam,,Risdiplam,,,,,,,E,Genetic,Spinal muscular atrophy,CHEMBL4297528,M09AX10,1.0,0.0,,0.0,2.0,True,2020.0,0.0,,,0.0,4.0,Small molecule,0.0,True,1.0,False,0.0,RISDIPLAM,0.0,MOL,True,False,-plam,survival motor neurin SMN1 and SMN2 splicing modulators,-plam,2018.0,False,Cc1cn2nc(-c3cc(=O)n4cc(N5CCNC6(CC6)C5)ccc4n3)cc(C)c2n1,401.47,1.96,,,,,,,,,,,No DILI,No DILI,No DILI,2024 Jun 15,,,ASKZRYGFUPSJPN
Ritlecitinib,,Ritlecitinib,,,,,,,E*,Dermatologic,Alopecia areata,CHEMBL4085457,,1.0,1.0,,0.0,1.0,False,2023.0,0.0,,,0.0,4.0,Small molecule,0.0,True,0.0,False,0.0,RITLECITINIB,0.0,MOL,True,False,-tinib,tyrosine kinase inhibitors: tyrosine kinase inhibitors; janus kinase inhibitors,-tinib (-citinib),,False,C=CC(=O)N1C[C@H](Nc2ncnc3[nH]ccc23)CC[C@@H]1C,285.35,1.94,,,,,,JAK,JAK/STAT,"Ritlecitinib (PF-06651600) is a potent and irreversible JAK3-selective inhibitor with an IC50 of 33.1 nM but without activity (IC50 > 10 000 nM) against JAK1, JAK2, and TYK2.",1792180-81-4,199.76,No DILI,No DILI,No DILI,2024 Mar 25,,,CBRJPFGIXUFMTM
Roflumilast,,Roflumilast,,,,,,,E,Respiratory,Asthma,CHEMBL193240,R03DX07,1.0,0.0,47657.0,0.0,2.0,True,2010.0,1.0,,,0.0,4.0,Small molecule,0.0,True,0.0,False,0.0,ROFLUMILAST,0.0,MOL,True,False,-ast,antiasthmatics/antiallergics (not acting primarily as antihistamines): type IV phosphodiesterase,-ast (-milast),2002.0,False,O=C(Nc1c(Cl)cncc1Cl)c1ccc(OC(F)F)c(OCC2CC2)c1,403.21,5.03,,,,,,PDE,Metabolism,"Roflumilast (APTA 2217, B9302-107, BY 217, BYK 20869) is a selective inhibitor of PDE4 with IC50 of 0.2-4.3 nM in a cell-free assay.",162401-32-3,200.89,No DILI,No DILI,No DILI,2018 Jun 4,,,MNDBXUUTURYVHR
Rolapitant,,Rolapitant,,,,,,,E,Gastrointestinal,Antiemetic,CHEMBL3707331,A04AD14,1.0,0.0,,0.0,1.0,False,2015.0,0.0,,,0.0,4.0,Small molecule,0.0,True,0.0,False,0.0,ROLAPITANT,0.0,MOL,True,False,-tant,tachykinin (neurokinin) receptor antagonists: NK1 receptor antagonists,-tant (-pitant),2005.0,False,C[C@@H](OC[C@@]1(c2ccccc2)CC[C@]2(CCC(=O)N2)CN1)c1cc(C(F)(F)F)cc(C(F)(F)F)c1,500.48,5.73,,,,,,Neurokinin Receptor,Neuronal Signaling,"Rolapitant (SCH-619734) is a selective and competitive antagonist of human substance P/NK1 receptors with antiemetic activity. It has a high affinity for the human NK1 receptor of 0.66 nM and high selectivity over the human NK2 and NK3 subtypes of >1000-fold, as well as preferential affinity for human, guinea pig, gerbil and monkey NK1 receptors over rat, mouse and rabbit.",552292-08-7,199.81,No DILI,No DILI,No DILI,2024 Mar 1,,,FIVSJYGQAIEMOC
Ropivacaine,,Ropivacaine,,,,,,,E,CNS,"Anesthetic, local",CHEMBL1077896,N01BB09,1.0,0.0,8890.0,0.0,1.0,False,1996.0,0.0,,,0.0,4.0,Small molecule,1.0,False,0.0,True,0.0,ROPIVACAINE,0.0,MOL,True,False,-caine,local anesthetics,-caine,,False,CCCN1CCCC[C@H]1C(=O)Nc1c(C)cccc1C,274.41,3.51,,,,,,Others,Others,Ropivacaine is a member of the amino amide class of local anesthetics.,84057-95-4,83.82,No DILI,No DILI,No DILI,,,,ZKMNUMMKYBVTFN
Rotigotine,,Rotigotine,,,,,,,E,CNS,Parkinson disease,CHEMBL1303,N04BC09,1.0,0.0,,0.0,1.0,True,2007.0,0.0,,,0.0,4.0,Small molecule,1.0,False,0.0,False,0.0,ROTIGOTINE,0.0,MOL,True,True,,,,2004.0,False,CCCN(CCc1cccs1)[C@H]1CCc2c(O)cccc2C1,315.48,4.27,,,,,,Dopamine Receptor,Neuronal Signaling,"Rotigotine(N-0923) is a dopamine receptor agonist, used in the treatment of Parkinson's disease and restless legs syndrome.",99755-59-6,199.7,No DILI,No DILI,No DILI,2017 Jul 21,,,KFQYTPMOWPVWEJ
Rucaparib,,Rucaparib,,,,,,,E*,Antineoplastic,Ovarian Cancer,CHEMBL1173055,L01XK03,1.0,0.0,,0.0,2.0,False,2016.0,0.0,,,0.0,4.0,Small molecule,0.0,True,0.0,False,0.0,RUCAPARIB,0.0,MOL,True,False,-parib,poly-ADP-ribose polymerase inhibitors,-parib,2010.0,False,CNCc1ccc(-c2[nH]c3cc(F)cc4c3c2CCNC4=O)cc1,323.37,2.98,,,,,,PARP,DNA Damage/DNA Repair,"Rucaparib (AG-014699, PF-01367338) is an inhibitor of PARP with Ki of 1.4 nM for PARP1 in a cell-free assay, also showing binding affinity to eight other PARP domains. Phase 3.",459868-92-9,199.35,No DILI,No DILI,No DILI,2017 Jun 1,,,HMABYWSNWIZPAG
Safinamide,,Safinamide,,,,,,,E,CNS,Parkinson,CHEMBL396778,N04BD03,1.0,0.0,,0.0,1.0,True,2015.0,0.0,,,0.0,4.0,Small molecule,0.0,True,0.0,False,0.0,SAFINAMIDE,0.0,MOL,True,False,,,,2011.0,False,C[C@H](NCc1ccc(OCc2cccc(F)c2)cc1)C(N)=O,302.35,2.37,,,,,,MAO,Metabolism,"Safinamide (EMD-1195686, PNU-15774E) is an orally active, selective, reversible <v>monoamine oxidase-B inhibitor with both dopaminergic and non-dopaminergic (glutamatergic) properties. The IC50 value of safinamide for MAO-B is 98 nM.",133865-89-1,198.45,No DILI,No DILI,No DILI,2019 Apr 8,,,NEMGRZFTLSKBAP
Sarecycline,,Sarecycline,,,,,,,E*,Antimicrobial,Acne,CHEMBL2364632,J01AA14,1.0,0.0,,0.0,1.0,False,2018.0,0.0,,,0.0,4.0,Small molecule,1.0,True,0.0,False,0.0,SARECYCLINE,0.0,MOL,True,False,-cycline,antibiotics (tetracycline derivatives),-cycline,2012.0,False,CON(C)Cc1ccc(O)c2c1C[C@H]1C[C@H]3[C@H](N(C)C)C(O)=C(C(N)=O)C(=O)[C@@]3(O)C(O)=C1C2=O,487.51,0.11,,,,,,,,,,,No DILI,No DILI,No DILI,2019 Apr 10,,,PQJQFLNBMSCUSH
Secnidazole,,Secnidazole,,,,,,,E,Antimicrobial,Vaginosis,CHEMBL498847,P01AB07,1.0,0.0,,0.0,0.0,True,2017.0,0.0,,,0.0,4.0,Small molecule,1.0,True,0.0,False,0.0,SECNIDAZOLE,0.0,MOL,True,False,-nidazole,antiprotozoal substances (metronidazole type),-nidazole,2015.0,False,Cc1ncc([N+](=O)[O-])n1CC(C)O,185.18,0.48,,,,,,Anti-infection,Microbiology,"Secnidazole (Flagentyl, PM 185184, RP 14539) is a nitroimidazole anti-infective.",3366-95-8,199.81,No DILI,No DILI,No DILI,2020 Feb 25,,,KPQZUUQMTUIKBP
Seladelpar,,Seladelpar,,,,,,,E*,Gastroenterology,Primary Biliary Cholangitis,CHEMBL230158,,,0.0,,0.0,1.0,False,,0.0,,,0.0,3.0,Small molecule,0.0,False,0.0,False,0.0,SELADELPAR,0.0,MOL,False,False,-delpar,PPAR delta receptor agonists,-delpar,2017.0,False,CCO[C@H](COc1ccc(C(F)(F)F)cc1)CSc1ccc(OCC(=O)O)c(C)c1,444.47,5.05,,,,,,,,,,,No DILI,No DILI,No DILI,2024 Sep 18,,,JWHYSEDOYMYMNM
Selexipag,,Selexipag,,,,,,,E,Respiratory,Pulmonary hypertension,CHEMBL238804,B01AC27,1.0,0.0,,0.0,2.0,True,2015.0,0.0,,,0.0,4.0,Small molecule,1.0,True,0.0,False,0.0,SELEXIPAG,0.0,MOL,True,False,,,,2011.0,False,CC(C)N(CCCCOCC(=O)NS(C)(=O)=O)c1cnc(-c2ccccc2)c(-c2ccccc2)n1,496.63,3.9,,,,,,Prostaglandin Receptor,Immunology & Inflammation,"Selexipag (NS-304, ACT-293987) is an orally active, first-in-class, selective prostacyclin IP receptor agonist with Ki value of 260 nM for human IP, whereas Ki values > 10,000 nM are measured at the other human G-protein-coupled prostanoid receptors (EP1-4, DP, FP and TP).",475086-01-2,199.35,No DILI,No DILI,No DILI,2016 Nov 10,,,QXWZQTURMXZVHJ
Selinexor,,Selinexor,,,,,,,E*,Antineoplastic,Rel/Ref Multiple Myeloma,CHEMBL3545185,L01XX66,1.0,0.0,,0.0,2.0,True,2019.0,1.0,,,0.0,4.0,Small molecule,0.0,True,0.0,False,0.0,SELINEXOR,0.0,MOL,True,False,-nexor,exportin 1 inhibitors,-nexor,2015.0,False,O=C(/C=C\n1cnc(-c2cc(C(F)(F)F)cc(C(F)(F)F)c2)n1)NNc1cnccn1,443.31,3.39,,,,,,CRM1,Transmembrane Transporters,"Selinexor (KPT-330, ATG-010) is an orally bioavailable selective CRM1 inhibitor. Phase 2.",1393477-72-9,198.51,No DILI,No DILI,No DILI,2023 Apr 29,,,DEVSOMFAQLZNKR
Selpercatinib,,Selpercatinib,,,,,,,E*,Antineoplastic,"NSCLC, Thyroid: RET",CHEMBL4559134,L01EX22,1.0,0.0,,0.0,2.0,True,2020.0,0.0,,,0.0,4.0,Small molecule,0.0,True,0.0,False,0.0,SELPERCATINIB,0.0,MOL,True,False,-tinib,tyrosine kinase inhibitors,-tinib,2019.0,False,COc1ccc(CN2C3CC2CN(c2ccc(-c4cc(OCC(C)(C)O)cn5ncc(C#N)c45)cn2)C3)cn1,525.61,3.28,,,,,,c-RET,Apoptosis,"Selpercatinib (LOXO-292, ARRY-192) is a potent and specific RET (c-RET) inhibitor with IC50 values of 1 nM, 2 nM, 2 nM, 4 nM, 2 nM, 2 nM for WT RET, RET V804M, RET V804L, RET A883F, RET M918T and RET S891A respectively.",2152628-33-4,47.56,No DILI,No DILI,No DILI,2023 Aug 12,,,XIIOFHFUYBLOLW
Selumetinib,,Selumetinib,,,,,,,E*,Antineoplastic,Neurofibromatosis,CHEMBL1614701,L01EE04,1.0,0.0,90227.0,1.0,2.0,False,2020.0,1.0,,,0.0,4.0,Small molecule,0.0,True,1.0,False,0.0,SELUMETINIB,0.0,MOL,True,False,-tinib,tyrosine kinase inhibitors: tyrosine kinase inhibitors; MEK (MAPK kinase) inhibitors,-tinib (-metinib),2009.0,False,Cn1cnc2c(F)c(Nc3ccc(Br)cc3Cl)c(C(=O)NOCCO)cc21,457.69,3.53,,,,,,"Apoptosis related,MEK",MAPK,"Selumetinib (AZD6244, ARRY-142886) is a potent, highly selective MEK inhibitor with IC50 of 14 nM for MEK1 and Kd value of 530 nM for MEK2. It  also inhibits ERK1/2 phosphorylation with IC50 of 10 nM, no inhibition to p38α, MKK6, EGFR, ErbB2, ERK2, B-Raf, etc. Selumetinib suppresses cell proliferation, migration and trigger apoptosis. Phase 3.",606143-52-6,198.83,No DILI,No DILI,No DILI,2021 Jan 21,,,CYOHGALHFOKKQC
Setmelanotide,,Setmelanotide,,,,,,,E,Genetic,POMC deficiency; obesity,CHEMBL3301624,A08AA12,1.0,0.0,,0.0,1.0,True,2020.0,1.0,"PEPTIDE1{[ac].R.C.[dA].H.[dF].R.W.C.[am]}$PEPTIDE1,PEPTIDE1,9:R3-3:R3$$$",,0.0,4.0,Protein,1.0,False,1.0,True,0.0,SETMELANOTIDE,0.0,BOTH,True,False,-tide,peptides: melanocortin receptor agonists,-tide (-melanotide),2014.0,False,CC(=O)N[C@@H](CCCNC(=N)N)C(=O)N[C@H]1CSSC[C@@H](C(N)=O)NC(=O)[C@H](Cc2c[nH]c3ccccc23)NC(=O)[C@H](CCCNC(=N)N)NC(=O)[C@@H](Cc2ccccc2)NC(=O)[C@H](Cc2c[nH]cn2)NC(=O)[C@@H](C)NC1=O,1117.33,,,,,,,Melanocortin Receptor,GPCR & G Protein,"Setmelanotide (RM-493, BIM-22493, CAM 4072) is a cyclic peptide full agonist of melanocortin-4 receptor (MC4R) with an EC50 of 0.27 nM and a Ki of 2.1 nM.",920014-72-8,89.5,No DILI,No DILI,No DILI,2024 Jul 5,,,HDHDTKMUACZDAA
Sevoflurane,,Sevoflurane,,,,,,,B,CNS,"Anesthetic, general",CHEMBL1200694,N01AB08,1.0,0.0,9130.0,0.0,2.0,True,1995.0,0.0,,Anesthetic (inhalation),0.0,4.0,Small molecule,0.0,False,0.0,False,0.0,SEVOFLURANE,0.0,MOL,True,True,-flurane,general inhalation anesthetics (halogenated alkane derivatives),-flurane,1971.0,False,FCOC(C(F)(F)F)C(F)(F)F,200.05,2.42,,,,,,,,,,,DILI (likely),DILI,Likely,2018 Jan 1,,"Hepatitis, CYP, Immune-mediated",DFEYYRMXOJXZRJ
Simeprevir,,Simeprevir,,,,,,,B,Antimicrobial,Antiviral: HCV,CHEMBL501849,J05AP05,1.0,1.0,,0.0,1.0,False,2013.0,0.0,,,0.0,4.0,Small molecule,1.0,True,0.0,False,0.0,SIMEPREVIR,0.0,MOL,True,False,-vir,antivirals: serine protease inhibitors,-vir (-previr),2010.0,False,COc1ccc2c(O[C@@H]3C[C@H]4C(=O)N[C@]5(C(=O)NS(=O)(=O)C6CC6)C[C@H]5/C=C\CCCCN(C)C(=O)[C@@H]4C3)cc(-c3nc(C(C)C)cs3)nc2c1C,749.96,5.25,,,,,,HCV Protease,Proteases,"Simeprevir (TMC-435, TMC-435350) is a competitive, reversible, macrocyclic, noncovalent hepatitis C virus (HCV) NS3/4A protease inhibitor that acts directly against the hepatitis C virus. It has a medium inhibitory concentration (IC50) <13 nM for all HCV NS3/4A enzymes(genotypes 1a, 1b, 2, 4, 5, and 6), but has an IC50 value of 37 nM for genotype 3.",923604-59-5,133.34,DILI (likely),DILI,Likely,2022 Feb 7,,"Hepatitis, CYP, Cirrhosis, Immune-mediated, Hypersensitivity",JTZZSQYMACOLNN
Siponimod,,Siponimod,,,,,,,E*,CNS,Multiple sclerosis,CHEMBL2336071,L04AA42,1.0,0.0,,0.0,2.0,True,2019.0,0.0,,,0.0,4.0,Small molecule,0.0,True,0.0,False,0.0,SIPONIMOD,0.0,MOL,True,False,-imod,immunomodulators,-imod,2018.0,False,CCc1cc(/C(C)=N/OCc2ccc(C3CCCCC3)c(C(F)(F)F)c2)ccc1CN1CC(C(=O)O)C1,516.6,6.77,,,,,,S1P Receptor,GPCR & G Protein,"BAF312 (Siponimod) is a next-generation S1P receptor agonist, selective for S1P1 and S1P5 receptors with EC50 of 0.39 nM and 0.98 nM, exhibits >1000-fold selectivity over S1P2, S1P3 and S1P4 receptors. Phase 3.",1230487-00-9,193.57,No DILI,No DILI,No DILI,2021 Jul 15,,,KIHYPELVXPAIDH
Sodium benzoate,,Sodium benzoate,,,,,,,E,Genetic,Hyperammonemia,CHEMBL1356,A16AX11,1.0,0.0,,0.0,2.0,True,1987.0,0.0,,Antihyperammonemic; Pharmaceutic Aid (antifungal agent),0.0,4.0,Small molecule,1.0,True,0.0,True,0.0,SODIUM BENZOATE,0.0,MOL,True,False,,,,1989.0,False,O=C([O-])c1ccccc1.[Na+],144.1,,,,,,,Others,Others,Sodium benzoate (Benzoic acid sodium salt) is a preservative and uesd as a food additive which is bacteriostatic and fungistatic under acidic conditions.,532-32-1,20.82,No DILI,No DILI,No DILI,,,,WXMKPNITSTVMEF
Sofosbuvir,,Sofosbuvir,,,,,,,A,Antimicrobial,Antiviral: HCV,CHEMBL1259059,J05AP08,1.0,1.0,85083.0,0.0,1.0,True,2013.0,1.0,,,0.0,4.0,Small molecule,0.0,True,0.0,False,0.0,SOFOSBUVIR,1.0,MOL,True,False,-fos-; -vir,phosphoro-derivatives; antivirals: RNA polymerase (NS5B) inhibitors,-fos-; -vir (-buvir),2012.0,False,CC(C)OC(=O)[C@H](C)N[P@](=O)(OC[C@H]1O[C@@H](n2ccc(=O)[nH]c2=O)[C@](C)(F)[C@@H]1O)Oc1ccccc1,529.46,1.66,,United States,,Black Box Warning,,"DNA/RNA Synthesis,HCV Protease",DNA Damage/DNA Repair,"Sofosbuvir (PSI-7977, GS-7977) is a HCV NS5B polymerase inhibitor for the treatment of chronic hepatitis C virus (HCV) infection.",1190307-88-0,188.88,DILI (known),DILI,Known,2022 Feb 7,,"Hepatitis, CYP, Cirrhosis, Encephalopathy",TTZHDVOVKQGIBA
Solriamfetol,,Solriamfetol,,,,,,,E,CNS,"Nacrolepsy, sleepiness",CHEMBL4297212,,1.0,0.0,,0.0,1.0,True,2019.0,0.0,,,0.0,4.0,Small molecule,0.0,True,0.0,False,0.0,SOLRIAMFETOL HYDROCHLORIDE,0.0,MOL,True,False,,,,2017.0,False,Cl.NC(=O)OC[C@H](N)Cc1ccccc1,230.69,0.65,,,,,,,,,,,No DILI,No DILI,No DILI,2021 Aug 18,,,KAOVAAHCFNYXNJ
Somapacitan,,Somapacitan,,,,,,,E,Endocrine,Growth hormone deficiency,CHEMBL3707290,H01AC07,1.0,0.0,,0.0,1.0,True,2020.0,0.0,,,0.0,4.0,Small molecule,0.0,False,1.0,True,0.0,SOMAPACITAN,0.0,MOL,True,False,som-,growth hormone derivatives,som-,2016.0,False,C=C(CCCCCCCCCCCCCCCc1nnn[nH]1)NS(=O)(=O)CCCC(=O)NCCOCCOCC(=O)N[C@@H](CCC(=O)N[C@@H](CCC(=O)NCCOCCOCC(=O)N[C@@H](CCCCNC(=O)CSC[C@H](N)C(=O)O)C(N)=O)C(=O)O)C(=O)O,1308.59,,,,,,,,,,,,No DILI,No DILI,No DILI,2024 Jul 1,,,NAKSIOUBFDBTSW
Sonidegib,,Sonidegib,,,,,,,E*,Antineoplastic,Basal cell cancer,CHEMBL2105737,L01XJ02,1.0,1.0,,0.0,1.0,False,2015.0,0.0,,,0.0,4.0,Small molecule,0.0,True,0.0,False,0.0,SONIDEGIB,0.0,MOL,True,False,-degib,hedgehog signaling inhibitors,-degib,2011.0,False,Cc1c(C(=O)Nc2ccc(N3C[C@@H](C)O[C@@H](C)C3)nc2)cccc1-c1ccc(OC(F)(F)F)cc1,485.51,5.82,,,,,,Hedgehog/Smoothened,Stem Cells & Wnt,"Sonidegib (Erismodegib, NVP-LDE225) is a Smoothened (Smo) antagonist, inhibiting Hedgehog (Hh) signaling with IC50 of 1.3 nM (mouse) and 2.5 nM (human) in cell-free assays, respectively. Phase 3.",956697-53-3,199.79,No DILI,No DILI,No DILI,2017 Jun 1,,,VZZJRYRQSPEMTK
Stiripentol,,Stiripentol,,,,,,,E,Genetic,"Hereditary Amyloidosis, neuropathy",CHEMBL1983350,N03AX17,1.0,0.0,,0.0,0.0,True,2007.0,0.0,,Anticonvulsant,0.0,4.0,Small molecule,1.0,True,0.0,False,0.0,STIRIPENTOL,0.0,MOL,True,False,,,,1979.0,False,CC(C)(C)C(O)/C=C/c1ccc2c(c1)OCO2,234.29,2.84,,,,,,P450 (e.g. CYP17),Metabolism,Stiripentol (BCX2600) is a third-generation anti-epileptic drug that enhances GABAergic neurotransmission. It is an inhibitor of cytochrome P450.,49763-96-4,196.34,No DILI,No DILI,No DILI,2019 Apr 10,,,IBLNKMRFIPWSOY
Sulbactam,,Sulbactam,,,,,,,E,Antimicrobial,Antibacterial,CHEMBL403,J01CG01,-1.0,0.0,9321.0,0.0,1.0,False,,0.0,,"Inhibitor (beta-lactamase); Synergist (penicillin/cephalosporin),Synergist (penicillin/cephalosporin); Inhibitor (beta-lactamase)",0.0,4.0,Small molecule,1.0,False,0.0,False,0.0,SULBACTAM,0.0,MOL,True,False,-bactam,beta-lactamase inhibitors,-bactam,,False,CC1(C)[C@H](C(=O)O)N2C(=O)C[C@H]2S1(=O)=O,233.24,-0.79,,,,,,Anti-infection,Microbiology,Sulbactam(CP45899) is a beta-lactamase inhibitor with an average IC50 of 0.8 μM.,68373-14-8,201.51,No DILI,No DILI,No DILI,,,,FKENQMMABCRJMK
Sulfamerazine,,Sulfamerazine,,,,,,,A,Antimicrobial,Antibacterial,CHEMBL438,D06BA06; J01ED07,0.0,0.0,102130.0,0.0,2.0,True,1982.0,0.0,,Antibacterial,0.0,4.0,Small molecule,1.0,True,0.0,False,0.0,SULFAMERAZINE,0.0,MOL,True,False,sulfa-,antimicrobials (sulfonamides derivatives),sulfa-,,False,Cc1ccnc(NS(=O)(=O)c2ccc(N)cc2)n1,264.31,1.17,,,,,,Bacterial,Microbiology,"Sulfamerazine (RP 2632,sulphamerazine) is a sulfonamide antibacterial.",127-79-7,200.53,DILI (known),DILI,Known,,,,QPPBRPIAZZHUNT
Sulfamethazine,,Sulfamethazine,,,,,,,A,Antimicrobial,Antibacterial,CHEMBL446,J01EB03,0.0,0.0,102265.0,0.0,2.0,True,1949.0,0.0,,Antibacterial,0.0,4.0,Small molecule,1.0,True,0.0,False,0.0,SULFAMETHAZINE,0.0,MOL,True,False,sulfa-,antimicrobials (sulfonamides derivatives),sulfa-,,False,Cc1cc(C)nc(NS(=O)(=O)c2ccc(N)cc2)n1,278.34,1.48,,,,,,Bacterial,Microbiology,"Sulfamethazine(Sulfadimidine,Sulfadimerazine) is a sulfonamide antibacterial.",57-68-1,201.2,DILI (known),DILI,Known,,,,ASWVTGNCAZCNNR
Sulfisoxazole,,Sulfisoxazole,,,,,,,A,Antimicrobial,Antibacterial,CHEMBL453,J01EB05; S01AB02,0.0,0.0,102484.0,0.0,2.0,True,1971.0,0.0,,Antibacterial,0.0,4.0,Small molecule,1.0,True,0.0,False,0.0,SULFISOXAZOLE,0.0,MOL,True,False,,,,,False,Cc1noc(NS(=O)(=O)c2ccc(N)cc2)c1C,267.31,1.67,,,,,,Bacterial,Microbiology,Sulfisoxazole (NU-445) is a sulfonamide antibacterial with an oxazole substituent.,127-69-5,198.28,DILI (known),DILI,Known,,,,NHUHCSRWZMLRLA
Suvorexant,,Suvorexant,,,,,,,E,CNS,Sedative/hypnotic,CHEMBL1083659,N05CM19,1.0,0.0,82698.0,0.0,1.0,True,2014.0,1.0,,,0.0,4.0,Small molecule,1.0,True,0.0,False,0.0,SUVOREXANT,0.0,MOL,True,False,,,,2010.0,False,Cc1ccc(-n2nccn2)c(C(=O)N2CCN(c3nc4cc(Cl)ccc4o3)CC[C@H]2C)c1,450.93,4.11,,,,,,,,,,,No DILI,No DILI,No DILI,2025 Feb 5,,,JYTNQNCOQXFQPK
TAK-875,,TAK-875,,,,,,,,,,CHEMBL1829174,,,0.0,,1.0,1.0,False,,0.0,,,0.0,3.0,Small molecule,1.0,False,0.0,False,0.0,FASIGLIFAM,0.0,MOL,False,False,,,,2013.0,False,Cc1cc(OCCCS(C)(=O)=O)cc(C)c1-c1cccc(COc2ccc3c(c2)OC[C@H]3CC(=O)O)c1,524.64,5.31,,,,,,,,,,,DILI (withdrawn),DILI,Withdrawn,,,,BZCALJIHZVNMGJ
Tafenoquine,,Tafenoquine,,,,,,,E,Antimicrobial,Malaria,CHEMBL298470,P01BA07,1.0,0.0,,0.0,0.0,False,2018.0,0.0,,,0.0,4.0,Small molecule,0.0,True,0.0,False,0.0,TAFENOQUINE,0.0,MOL,True,False,,,,2012.0,False,COc1cc(C)c2c(Oc3cccc(C(F)(F)F)c3)c(OC)cc(NC(C)CCCN)c2n1,463.5,5.91,,,,,,Anti-infection,Others,"Tafenoquine (WR 238605) is an 8-aminoquinoline, used as an anti-malarial prophylactic agent.",106635-80-7,200.65,No DILI,No DILI,No DILI,2019 Apr 10,,,LBHLFPGPEGDCJG
Talazoparib,,Talazoparib,,,,,,,E*,Antineoplastic,"Breast Cancer, HER2-",CHEMBL3137320,L01XK04,1.0,0.0,,1.0,1.0,False,2018.0,0.0,,,0.0,4.0,Small molecule,0.0,True,0.0,False,0.0,TALAZOPARIB,0.0,MOL,True,False,-parib,poly-ADP-ribose polymerase inhibitors,-parib,2014.0,False,Cn1ncnc1[C@H]1c2n[nH]c(=O)c3cc(F)cc(c23)N[C@@H]1c1ccc(F)cc1,380.36,2.63,,,,,,PARP,DNA Damage/DNA Repair,"Talazoparib (BMN 673, LT-673) is a novel PARP inhibitor with IC50 of 0.57 nM for PARP1 in a cell-free assay. It is also a potent inhibitor of PARP-2, but does not inhibit PARG and is highly sensitive to PTEN mutation. Phase 3.",1207456-01-6,99.91,No DILI,No DILI,No DILI,2019 Jan 20,,,HWGQMRYQVZSGDQ
Tasimelteon,,Tasimelteon,,,,,,,E,CNS,Sedative/hypnotic,CHEMBL2103822,N05CH03,1.0,0.0,79042.0,0.0,1.0,True,2014.0,0.0,,,0.0,4.0,Small molecule,1.0,True,1.0,False,0.0,TASIMELTEON,0.0,MOL,True,False,-melteon,selective melatonin receptor agonist,-melteon,2007.0,False,CCC(=O)NC[C@@H]1C[C@H]1c1cccc2c1CCO2,245.32,2.25,,,,,,MT Receptor,Neuronal Signaling,"Tasimelteon (BMS 214778, VEC 162) is a selective dual melatonin receptor (MT1/MT2) agonist with 2.1-4.4 times greater affinity for the MT2 receptor believed to mediate circadian rhythm phase-shifting (Ki = 0.0692 nM and Ki = 0.17 nM in NIH-3T3 and CHOeK1 cells, respectively), than for the MT1 receptor (Ki = 0.304 nM and Ki = 0.35 nM, respectively).",609799-22-6,199.74,No DILI,No DILI,No DILI,,,,PTOIAAWZLUQTIO
Tazemetostat,,Tazemetostat,,,,,,,E*,Antineoplastic,"Lymphoma, Sarcoma",CHEMBL3414621,L01XX72,1.0,0.0,,1.0,2.0,False,2020.0,1.0,,,0.0,4.0,Small molecule,1.0,True,0.0,False,0.0,TAZEMETOSTAT,0.0,MOL,True,False,-stat,enzyme inhibitors: histone N-methyl transferase inhibitors,-stat (-metostat),2018.0,False,CCN(c1cc(-c2ccc(CN3CCOCC3)cc2)cc(C(=O)NCc2c(C)cc(C)[nH]c2=O)c1C)C1CCOCC1,572.75,4.73,,,,,,"EZH1/2,Histone Methyltransferase",Epigenetics,"Tazemetostat (EPZ-6438, E7438) is a potent, and selective EZH2 inhibitor with Ki and IC50 of 2.5 nM and 11 nM in cell-free assays, exhibiting a 35-fold selectivity versus EZH1 and >4,500-fold selectivity relative to 14 other HMTs.",1403254-99-8,8.73,No DILI,No DILI,No DILI,2023 Aug 4,,,NSQSAUGJQHDYNO
Tecovirimat,,Tecovirimat,,,,,,,E,Antimicrobial,Antiviral: Smallpox,CHEMBL1257073,J05AX24,1.0,0.0,,0.0,1.0,False,2018.0,1.0,,,0.0,4.0,Small molecule,0.0,True,0.0,False,0.0,TECOVIRIMAT,0.0,MOL,True,False,-vir-,"antivirals: antiviral, disrupts viral maturation",-vir- (-virimat),2008.0,False,O=C(NN1C(=O)[C@@H]2[C@@H]3C=C[C@@H]([C@H]4C[C@@H]34)[C@@H]2C1=O)c1ccc(C(F)(F)F)cc1,376.33,2.4,,,,,,Antiviral,Immunology & Inflammation,"Tecovirimat (Arestvyr, SIGA-246, ST-246, TPOXX) is an antiviral that inhibits the egress of orthopoxviruses by targeting viral p37 protein orthologs. Tecovirimat is developed for the treatment of smallpox infection.",869572-92-9,199.29,No DILI,No DILI,No DILI,2022 Oct 18,,,CSKDFZIMJXRJGH
Tedizolid,,Tedizolid,,,,,,,E*,Antimicrobial,Antibacterial,CHEMBL1257051,J01XX11,-1.0,0.0,82717.0,0.0,1.0,True,,0.0,,,0.0,4.0,Small molecule,0.0,False,0.0,False,0.0,TEDIZOLID,0.0,MOL,True,False,-zolid,oxazolidinone antibacterials,-zolid,2009.0,False,Cn1nnc(-c2ccc(-c3ccc(N4C[C@H](CO)OC4=O)cc3F)cn2)n1,370.34,1.4,,,,,,"Antibiotics,Bacterial",Microbiology,Tedizolid(TR-700) is an oxazolidinone-class antibiotic prodrug used for the treatment of acute bacterial skin and skin structure infections caused by susceptible isolates of several Gram-positive bacteria.,856866-72-3,27,No DILI,No DILI,No DILI,2016 Apr 2,,,XFALPSLJIHVRKE
Telavancin,,Telavancin,,,,,,,E,Antimicrobial,Antibacterial,CHEMBL507870,J01XA03,1.0,1.0,71229.0,0.0,1.0,False,2009.0,0.0,,,0.0,4.0,Unknown,1.0,False,0.0,True,0.0,TELAVANCIN,0.0,MOL,True,False,-vancin,vancomycin-related compounds,-vancin,2004.0,False,CCCCCCCCCCNCCN[C@@]1(C)C[C@H](O[C@H]2[C@H](Oc3c4cc5cc3Oc3ccc(cc3Cl)[C@@H](O)[C@@H](NC(=O)[C@@H](CC(C)C)NC)C(=O)N[C@@H](CC(N)=O)C(=O)N[C@H]5C(=O)N[C@H]3C(=O)N[C@H](C(=O)N[C@H](C(=O)O)c5cc(O)c(CNCP(=O)(O)O)c(O)c5-c5cc3ccc5O)[C@H](O)c3ccc(c(Cl)c3)O4)O[C@H](CO)[C@@H](O)[C@@H]2O)O[C@@H](C)[C@H]1O,1755.66,,,,,,,,,,,,No DILI,No DILI,No DILI,,,,ONUMZHGUFYIKPM
Telotristat,,Telotristat,,,,,,,E,Gastrointestinal,Diarrhea from Carcinoid,CHEMBL2103855,A16AX15,-1.0,0.0,,0.0,1.0,False,,0.0,,,0.0,4.0,Small molecule,0.0,False,0.0,False,0.0,TELOTRISTAT,0.0,MOL,True,False,-stat,enzyme inhibitors: tryptophan hydroxylase inhibitors,-stat (-tristat),2010.0,False,Cc1ccn(-c2cc(Cl)ccc2[C@@H](Oc2cc(-c3ccc(C[C@H](N)C(=O)O)cc3)nc(N)n2)C(F)(F)F)n1,546.94,4.51,,,,,,,,,,,No DILI,No DILI,No DILI,2019 Apr 7,,,NCLGDOBQAWBXRA
Tenapanor,,Tenapanor,,,,,,,E,Gastrointestinal,IBS-constipation,CHEMBL3304485,A06AX08,0.0,1.0,,1.0,1.0,False,2019.0,1.0,,,0.0,4.0,Small molecule,1.0,True,0.0,False,0.0,TENAPANOR,0.0,MOL,True,False,-napanor,sodium-hydrogen antiporter (also called sodium-proton exchanger) inhibitors,-napanor,2014.0,False,CN1Cc2c(Cl)cc(Cl)cc2[C@H](c2cccc(S(=O)(=O)NCCOCCOCCNC(=O)NCCCCNC(=O)NCCOCCOCCNS(=O)(=O)c3cccc([C@@H]4CN(C)Cc5c(Cl)cc(Cl)cc54)c3)c2)C1,1145.07,,,,,,,,,,,,No DILI,No DILI,No DILI,2023 Apr 30,,,DNHPDWGIXIMXSA
Terodiline,,Terodiline,,,,,,,E,Urologic,Bladder symptoms,CHEMBL363295,G04BD05,-2.0,0.0,,0.0,0.0,False,1986.0,0.0,,Vasodilator (coronary),0.0,4.0,Small molecule,0.0,False,0.0,False,0.0,TERODILINE,0.0,MOL,True,False,-dil-,vasodilators (undefined group),-dil-,1966.0,True,CC(CC(c1ccccc1)c1ccccc1)NC(C)(C)C,281.44,4.99,,,,,,,,,,,No DILI,No DILI,No DILI,,,,UISARWKNNNHPGI
Tezacaftor,,Tezacaftor,,,,,,,E*,Genetic,Cystic fibrosis,CHEMBL3544914,,1.0,0.0,,0.0,1.0,True,2018.0,0.0,,,0.0,4.0,Small molecule,0.0,True,0.0,False,0.0,TEZACAFTOR,0.0,MOL,True,False,-caftor,cystic fibrosis transmembrane regulator (CFTR) protein modulators,-caftor,2015.0,False,CC(C)(CO)c1cc2cc(NC(=O)C3(c4ccc5c(c4)OC(F)(F)O5)CC3)c(F)cc2n1C[C@@H](O)CO,520.5,3.4,,,,,,,,,,,No DILI,No DILI,No DILI,,,,MJUVRTYWUMPBTR
Tivozanib,,Tivozanib,,,,,,,E*,Antineoplastic,Renal cell carcinoma,CHEMBL1289494,L01EK03,1.0,0.0,,0.0,2.0,False,2017.0,0.0,,,0.0,4.0,Small molecule,1.0,True,0.0,False,0.0,TIVOZANIB,0.0,MOL,True,False,-anib,angiogenesis inhibitors,-anib,2009.0,False,COc1cc2nccc(Oc3ccc(NC(=O)Nc4cc(C)on4)c(Cl)c3)c2cc1OC,454.87,5.64,,,,,,"c-Kit,PDGFR,VEGFR",Protein Tyrosine Kinase,"Tivozanib (AV-951, KRN-951) is a potent and selective VEGFR inhibitor for VEGFR1/2/3 with IC50 of 30 nM/6.5 nM/15 nM, and also inhibits PDGFR and c-Kit, low activity observed against FGFR-1, Flt3, c-Met, EGFR and IGF-1R. Phase 3.",475108-18-0,43.97,No DILI,No DILI,No DILI,2023 Dec 26,,,SPMVMDHWKHCIDT
Tofacitinib,,Tofacitinib,,,,,,,E*,Rheumatologic,Rheumatic Disease,CHEMBL221959,L04AA29,1.0,1.0,71200.0,1.0,1.0,False,2012.0,0.0,,,0.0,4.0,Small molecule,1.0,True,0.0,False,0.0,TOFACITINIB,0.0,MOL,True,False,-tinib,tyrosine kinase inhibitors: tyrosine kinase inhibitors; janus kinase inhibitors,-tinib (-citinib),2010.0,False,C[C@@H]1CCN(C(=O)CC#N)C[C@@H]1N(C)c1ncnc2[nH]ccc12,312.38,1.54,,,,,,"Apoptosis related,JAK",JAK/STAT,"Tofacitinib (CP-690550,Tasocitinib) is a novel inhibitor of JAK3 with IC50 of 1 nM in cell-free assays, 20- to 100-fold less potent against JAK2 and JAK1. Tofacitinib inhibits the expression of antiapoptotic BCL-A1 and BCL-XL in human plasmacytoid dendritic cells (PDC) and induced PDC apoptosis.",477600-75-2,198.48,No DILI,No DILI,No DILI,2022 Aug 30,,,UJLAWZDWDVHWOW
Torsemide,,Torsemide,,,,,,,E,Cardiovascular,Diuretic,CHEMBL1148,C03CA04,1.0,0.0,9637.0,0.0,2.0,True,1993.0,0.0,,Diuretic,0.0,4.0,Small molecule,1.0,True,0.0,True,0.0,TORSEMIDE,0.0,MOL,True,False,-semide,diuretics (furosemide type),-semide,1989.0,False,Cc1cccc(Nc2ccncc2S(=O)(=O)NC(=O)NC(C)C)c1,348.43,2.53,,,,,,Chloride Channel,Transmembrane Transporters,"Torsemide (AC-4464, JDL-464) is a pyridyl sulfonylurea with a chemical structure between that of traditional loop diuretics and Cl- channel blockers, used to treat hypertension.",56211-40-6,8.61,No DILI,No DILI,No DILI,,,,NGBFQHCMQULJNZ
Trametinib,,Trametinib,,,,,,,E*,Antineoplastic,Melanoma,CHEMBL2103875,L01EE01,-1.0,0.0,75998.0,0.0,2.0,True,2013.0,0.0,,,0.0,4.0,Small molecule,0.0,False,0.0,False,0.0,TRAMETINIB,0.0,MOL,True,False,-tinib,tyrosine kinase inhibitors: tyrosine kinase inhibitors; MEK (MAPK kinase) inhibitors,-tinib (-metinib),2011.0,False,CC(=O)Nc1cccc(-n2c(=O)n(C3CC3)c(=O)c3c(Nc4ccc(I)cc4F)n(C)c(=O)c(C)c32)c1,615.4,3.94,,,,,,"Apoptosis related,Autophagy,MEK",MAPK,"Trametinib (GSK1120212, JTP-74057, Mekinist) is a highly specific and potent MEK1/2 inhibitor with IC50 of 0.92 nM/1.8 nM in cell-free assays, no inhibition of the kinase activities of c-Raf, B-Raf, ERK1/2. Trametinib activates autophagy and induces apoptosis.",871700-17-3,35.75,No DILI,No DILI,No DILI,2018 Jun 28,,,LIRYPHYGHXZJBZ
Treprostinil,,Treprostinil,,,,,,,E,Respiratory,Pulmonary hypertension,CHEMBL1237119,B01AC21,1.0,0.0,50861.0,0.0,1.0,True,2002.0,0.0,,,0.0,4.0,Small molecule,1.0,True,1.0,True,0.0,TREPROSTINIL,0.0,MOL,True,True,-prost-,prostaglandins,-prost-,2002.0,False,CCCCC[C@H](O)CC[C@@H]1[C@H]2Cc3cccc(OCC(=O)O)c3C[C@H]2C[C@H]1O,390.52,3.58,,,,,,,,,,,No DILI,No DILI,No DILI,,,,PAJMKGZZBBTTOY
Triamcinolone,,Triamcinolone,,,,,,,E,Endocrine,Immune suppression,CHEMBL1451,H02AB08; R03BA06; R01AD11; D07XB02; S01BA05; C05AA12; D07AB09; A01AC01,0.0,0.0,9667.0,0.0,1.0,True,1957.0,0.0,,Glucocorticoid,0.0,4.0,Small molecule,0.0,True,0.0,False,0.0,TRIAMCINOLONE,0.0,MOL,True,False,-olone,steroids (not prednisolone derivatives),-olone,,False,C[C@]12C=CC(=O)C=C1CC[C@H]1[C@@H]3C[C@@H](O)[C@](O)(C(=O)CO)[C@@]3(C)C[C@H](O)[C@@]12F,394.44,0.62,,,,,,Glucocorticoid Receptor,Endocrinology & Hormones,"Triamcinolone is a glucocorticoid given, as the free alcohol or in esterified form, orally, intramuscularly, by local injection, by inhalation, or applied topically in the management of various disorders in which corticosteroids are indicated.",124-94-7,197.75,No DILI,No DILI,No DILI,,,,GFNANZIMVAIWHM
Triclabendazole,,Triclabendazole,,,,,,,E,Antimicrobiial,Fascioliasis,CHEMBL1086440,P02BX04,1.0,0.0,,0.0,2.0,True,2019.0,0.0,,,0.0,4.0,Small molecule,1.0,True,0.0,False,0.0,TRICLABENDAZOLE,0.0,MOL,True,False,-bendazole,antithelmintics (tibendazole type),-bendazole,2017.0,False,CSc1nc2cc(Cl)c(Oc3cccc(Cl)c3Cl)cc2[nH]1,359.67,6.04,,,,,,Microtubule Associated,Cytoskeletal Signaling,"Triclabendazole (CGA-89317,tcbz) is a benzimidazole, it binds to tubulin impairing intracellular transport mechanisms and interferes with protein synthesis.",68786-66-3,200.19,No DILI,No DILI,No DILI,2021 Sep 1,,,NQPDXQQQCQDHHW
Trientine,,Trientine,,,,,,,E,Toxicology,Copper chelation,CHEMBL609,A16AX12,1.0,0.0,39501.0,0.0,2.0,False,1985.0,0.0,,Chelating Agent,0.0,4.0,Small molecule,1.0,True,0.0,False,0.0,TRIENTINE,0.0,MOL,True,False,,,,1984.0,False,NCCNCCNCCN,146.24,-1.92,,,,,,,,,,,No DILI,No DILI,No DILI,,,,VILCJCGEZXAXTO
Triheptanoin,,Triheptanoin,,,,,,,E,HDS: Nutritional Suppl,Long chain FA oxidative def,CHEMBL4297585,A16AX17,1.0,0.0,,0.0,2.0,True,2020.0,0.0,,,0.0,4.0,Small molecule,1.0,True,0.0,False,0.0,TRIHEPTANOIN,0.0,MOL,True,False,,,,2018.0,False,CCCCCCC(=O)OCC(COC(=O)CCCCCC)OC(=O)CCCCCC,428.61,5.9,,,,,,Others,Others,"Triheptanoin (API, IND106011, UX007, Glycerol trienanthate) is a synthetic, medium-chain triglyceride consisting of three odd-chain 7-carbon (heptanoate) fatty acids on a glycerol backbone. Triheptanoin is used for treatment of fatty acid oxidation disorders and GLUT1.",620-67-7,0,No DILI,No DILI,No DILI,2024 Jun 10,,,PJHKBYALYHRYSK
Triiodothyronine,,Triiodothyronine,,,,,,,E*,Endocrine,Hormone replacement,CHEMBL1201119,H03AA02,1.0,1.0,6484.0,0.0,1.0,True,1956.0,0.0,,Thyroid Hormone,0.0,4.0,Small molecule,1.0,True,0.0,True,0.0,LIOTHYRONINE SODIUM,0.0,MOL,True,False,,,,,False,N[C@@H](Cc1cc(I)c(Oc2ccc(O)c(I)c2)c(I)c1)C(=O)[O-].[Na+],672.96,3.95,,United States,,Black Box Warning,,THR,Metabolism,"Triiodothyronine (T3, Liothyronine, 3,3',5-Triiodo-L-thyronine) is a thyroid hormone that affects various physiological process in the body, including growth and development, metabolism, body temperature, and heart rate.This product is soluble but easy to precipitate after freezing in DMSO. NaOH is recommended as a stock solution.",6893-02-3,153.62,No DILI,No DILI,No DILI,,,,SBXXSUDPJJJJLC
Trilaciclib,,Trilaciclib,,,,,,,E,Antineoplastic,Cancer chemotherapy,CHEMBL3894860,V03AF12,1.0,0.0,,0.0,2.0,True,2021.0,1.0,,,0.0,4.0,Small molecule,0.0,False,0.0,True,0.0,TRILACICLIB,0.0,MOL,True,False,-ciclib,cyclin dependent kinase inhibitors (formerly-cidib),-ciclib,2016.0,False,CN1CCN(c2ccc(Nc3ncc4cc5n(c4n3)C3(CCCCC3)CNC5=O)nc2)CC1,446.56,2.72,,,,,,,,,,,No DILI,No DILI,No DILI,2023 Oct 17,,,PDGKHKMBHVFCMG
Tucatinib,,Tucatinib,,,,,,,E*,Antineoplastic,Breast Cancer,CHEMBL3989868,L01EH03,1.0,0.0,,0.0,2.0,True,2020.0,0.0,,,0.0,4.0,Small molecule,1.0,True,0.0,False,0.0,TUCATINIB,0.0,MOL,True,False,-tinib,tyrosine kinase inhibitors,-tinib,2016.0,False,Cc1cc(Nc2ncnc3ccc(NC4=NC(C)(C)CO4)cc23)ccc1Oc1ccn2ncnc2c1,480.53,5.09,,,,,,"EGFR,HER2",Protein Tyrosine Kinase,"Tucatinib (Irbinitinib, ONT-380, ARRY-380) is an oral, potent, selective, reversible and ATP-competitive small-molecule inhibitor of ErbB-2 (also called HER2) with IC50s of 8 nM and 7 nM for ErbB-2 and p95 HER2, respectively in cell-based assays, showing ~500-fold selective for HER2 vs EGFR. It has potential antineoplastic activity.",937263-43-9,199.78,No DILI,No DILI,No DILI,2023 Sep 8,,,SDEAXTCZPQIFQM
Ubrogepant,,Ubrogepant,,,,,,,E,CNS,Migraine,CHEMBL2364638,N02CD04,1.0,0.0,,0.0,1.0,True,2019.0,0.0,,,0.0,4.0,Small molecule,0.0,True,0.0,False,0.0,UBROGEPANT,0.0,MOL,True,False,-gepant,calcitonin gene-related peptide receptor antagonists,-gepant,2013.0,False,C[C@@H]1[C@H](c2ccccc2)C[C@H](NC(=O)c2cnc3c(c2)C[C@@]2(C3)C(=O)Nc3ncccc32)C(=O)N1CC(F)(F)F,549.55,3.53,,,,,,CGRP Receptor,GPCR & G Protein,Ubrogepant (MK-1602) is an antagonist of human calcitonin gene-related peptide receptor (CGRP). It potently blocks human α–CGRP–stimulated cAMP responses with an IC50 of 0.081 nM in human CGRP receptor-expressing HEK293 cells.,1374248-77-7,181.97,No DILI,No DILI,No DILI,2025 Jan 12,,,DDOOFTLHJSMHLN
Ulipristal,,Ulipristal,,,,,,,E,Gynecological,Emergency Contracept,CHEMBL2103846,G03XB02; G03AD02,-1.0,0.0,,0.0,1.0,False,,0.0,,,0.0,4.0,Small molecule,1.0,False,0.0,False,0.0,ULIPRISTAL,0.0,MOL,True,False,-pris-,steriodal compounds acting on progesterone receptors (excluding-gest- compounds),-pris-,2009.0,False,CC(=O)[C@@]1(O)CC[C@H]2[C@@H]3CCC4=CC(=O)CCC4=C3[C@@H](c3ccc(N(C)C)cc3)C[C@@]21C,433.59,4.97,,,,,,,,,,,No DILI,No DILI,No DILI,,,,HKDLNTKNLJPAIY
Umbralisib,,Umbralisib,,,,,,,E*,Antineoplastic,Lymphoma,CHEMBL3948730,L01EX25,0.0,0.0,,0.0,1.0,False,2021.0,0.0,,,0.0,4.0,Small molecule,0.0,True,0.0,False,0.0,UMBRALISIB,0.0,MOL,True,False,-lisib,phosphatidylinositol 3-kinase (PI3K) inhibitors,-lisib,2017.0,False,CC(C)Oc1ccc(-c2nn([C@@H](C)c3oc4ccc(F)cc4c(=O)c3-c3cccc(F)c3)c3ncnc(N)c23)cc1F,571.56,6.66,,,,,,PI3K,PI3K/Akt/mTOR,"Umbralisib (TGR-1202, Rp-5264), a novel, next generation PI3Kδ inhibitor, inhibits PI3Kδ activity in enzyme and cell based assays with IC50 and EC50 values of 22.2 & 24.3 nM, respectively.",1532533-67-7,174.96,No DILI,No DILI,No DILI,2023 Oct 10,,,IUVCFHHAEHNCFT
Upadacitinib,,Upadacitinib,,,,,,,D,Rheumatologic,"RA, moderate severe, refract",CHEMBL3622821,L04AA44,1.0,1.0,,0.0,1.0,False,2019.0,0.0,,,0.0,4.0,Small molecule,0.0,True,0.0,False,0.0,UPADACITINIB,0.0,MOL,True,False,-tinib,tyrosine kinase inhibitors: tyrosine kinase inhibitors; janus kinase inhibitors,-tinib (-citinib),2015.0,False,CC[C@@H]1CN(C(=O)NCC(F)(F)F)C[C@@H]1c1cnc2cnc3[nH]ccc3n12,380.37,2.91,,,,,,JAK,JAK/STAT,"Upadacitinib (ABT-494) is a selective JAK1 inhibitor which demonstrates activity against JAK1 (0.045 μM) and JAK2 (0.109 μM),  with > 40 fold selectivity over JAK3 (2.1 μM) and 100 fold selectivity over TYK2 (4.7 μM) as compared to JAK1.",1310726-60-3,199.81,No DILI,No DILI,No DILI,2022 Aug 30,,,WYQFJHHDOKWSHR
Usnic acid,,Usnic acid,,,,,,,B,HDS: Herbal Product,Weight loss,CHEMBL1314537,,-1.0,0.0,,0.0,-1.0,False,,-1.0,,,-1.0,,Small molecule,1.0,False,-1.0,False,0.0,,-1.0,MOL,False,False,,,,,False,CC(=O)C1=C(O)C2(C)C(=CC1=O)Oc1c(C(C)=O)c(O)c(C)c(O)c12,344.32,2.13,,,,,,"Akt,ERK",PI3K/Akt/mTOR,"Usnic acid (Usniacin) is a furandione found uniquely in lichen that is used widely in cosmetics, deodorants, toothpaste and medicinal creams as well as some herbal products. It exhibits antiviral, antiprotozoal, antiproliferative, anti-inflammatory and analgesic activity. Usnic acid inhibits breast tumor angiogenesis and growth by suppressing VEGFR2-mediated AKT and ERK1/2 signaling pathways.",125-46-2,11.62,DILI (likely),DILI,Likely,,,,ICTZCAHDGHPRQR
Valbenazine,,Valbenazine,,,,,,,E,CNS,Tardive Dyskinesia,CHEMBL2364639,N07XX13,1.0,1.0,,0.0,1.0,False,2017.0,0.0,,,0.0,4.0,Small molecule,1.0,True,0.0,False,0.0,VALBENAZINE,1.0,MOL,True,False,,,,2013.0,False,COc1cc2c(cc1OC)[C@H]1C[C@@H](OC(=O)[C@@H](N)C(C)C)[C@H](CC(C)C)CN1CC2,418.58,3.56,,,,,,,,,,,No DILI,No DILI,No DILI,,,,GEJDGVNQKABXKG
Valproate,,Valproate,,,,,,,A,CNS,Anticonvulsant,CHEMBL109,N03AG01,1.0,1.0,39867.0,0.0,2.0,True,1978.0,0.0,,Anticonvulsant,0.0,4.0,Small molecule,1.0,True,0.0,True,0.0,VALPROIC ACID,0.0,MOL,True,False,,,,1975.0,False,CCCC(CCC)C(=O)O,144.21,2.29,"hepatotoxicity, teratogenicity, gastrointestinal toxicity",United States,,Black Box Warning,,,,,,,DILI (known),DILI,Known,2020 Jul 31,,"Hepatitis, Necrosis, Mitochondrial dysfunction, Cholestasis/Biliary, Steatosis, Fibrosis, Cirrhosis, Lactic acidosis, Immune-mediated, Hypersensitivity Syndrome",NIJJYAXOARWZEE
Valrubicin,,Valrubicin,,,,,,,E,Antineoplastic,Solid tumors,CHEMBL1096885,L01DB09,1.0,0.0,,0.0,1.0,True,1998.0,0.0,,,0.0,4.0,Small molecule,0.0,False,0.0,True,0.0,VALRUBICIN,0.0,MOL,True,False,-rubicin,antineoplastic antibiotics (daunorubicin type),-rubicin,1997.0,False,CCCCC(=O)OCC(=O)[C@]1(O)Cc2c(O)c3c(c(O)c2[C@@H](O[C@H]2C[C@H](NC(=O)C(F)(F)F)[C@H](O)[C@H](C)O2)C1)C(=O)c1c(OC)cccc1C3=O,723.65,2.46,,,,,,PKC,TGF-beta/Smad,"Valrubicin(AD-32) is a chemotherapy drug used to treat bladder cancer. Valrubicin is a chemotherapy agent, inhibits TPA- and PDBu-induced PKC activation with IC50s of 0.85 and 1.25 μM, respectively.",56124-62-0,138.19,No DILI,No DILI,No DILI,,,,ZOCKGBMQLCSHFP
Vandetanib,,Vandetanib,,,,,,,E*,Antineoplastic,Thyroid cancer,CHEMBL24828,L01EX04,1.0,1.0,49960.0,0.0,2.0,True,2011.0,0.0,,,0.0,4.0,Small molecule,0.0,True,0.0,False,0.0,VANDETANIB,0.0,MOL,True,False,-anib,angiogenesis inhibitors,-anib,2006.0,False,COc1cc2/c(=N/c3ccc(Br)cc3F)nc[nH]c2cc1OCC1CCN(C)CC1,475.36,4.43,cardiotoxicity,United States,,Black Box Warning,,"Apoptosis related,Autophagy,EGFR,ROS,VEGFR",Protein Tyrosine Kinase,"Vandetanib (ZD6474) is a potent inhibitor of VEGFR2 with IC50 of 40 nM in a cell-free assay. It also inhibits VEGFR3 and EGFR with IC50 of 110 nM and 500 nM, respectively. Not sensitive to PDGFRβ, Flt1, Tie-2 and FGFR1 with IC50 of 1.1-3.6 μM. No activity against MEK, CDK2, c-Kit, erbB2, FAK, PDK1, Akt and IGF-1R with IC50 above 10 μM. Vandetanib (ZD6474) increases apoptosis and induces autophagy by increasing the level of reactive oxygen species (ROS).",443913-73-3,8.41,No DILI,No DILI,No DILI,2018 Jun 28,,,UHTHHESEBZOYNR
Velpatasvir,,Velpatasvir,,,,,,,A,Antimicrobial,Antiviral: HCV,CHEMBL3545062,,1.0,0.0,,0.0,1.0,True,2016.0,0.0,,,0.0,4.0,Small molecule,1.0,True,0.0,False,0.0,VELPATASVIR,0.0,MOL,True,False,-vir,antivirals: nonstructural protein 5A (NS5A) inhibitors,-vir (-asvir),2015.0,False,COC[C@H]1C[C@@H](c2nc(-c3ccc4c(c3)COc3cc5c(ccc6nc([C@@H]7CC[C@H](C)N7C(=O)[C@@H](NC(=O)OC)C(C)C)[nH]c65)cc3-4)c[nH]2)N(C(=O)[C@H](NC(=O)OC)c2ccccc2)C1,883.02,7.73,,,,,,"COVID-19,HCV Protease",Proteases,"Velpatasvir (GS-5816,VEL) is a second-generation NS5A inhibitor that inhibits hepatitis C viral replication through acting on the crucial ""membranous web"" that facilitates RNA replication.",1377049-84-7,113.25,DILI (known),DILI,Known,,,,FHCUMDQMBHQXKK
Venetoclax,,Venetoclax,,,,,,,E,Antineoplastic,Leukemia,CHEMBL3137309,L01XX52,1.0,0.0,,1.0,2.0,True,2016.0,1.0,,,0.0,4.0,Small molecule,1.0,True,0.0,False,0.0,VENETOCLAX,0.0,MOL,True,False,-toclax,bcl-2 (B-cell lymphoma 2) inhibitors,-toclax,2013.0,False,CC1(C)CCC(CN2CCN(c3ccc(C(=O)NS(=O)(=O)c4ccc(NCC5CCOCC5)c([N+](=O)[O-])c4)c(Oc4cnc5[nH]ccc5c4)c3)CC2)=C(c2ccc(Cl)cc2)C1,868.46,8.66,,,,,,"Autophagy,Bcl-2",Apoptosis,"Venetoclax (ABT-199, GDC-0199) is a Bcl-2-selective inhibitor with Ki of <0.01 nM in cell-free assays, >4800-fold more selective versus Bcl-xL and Bcl-w, and no activity to Mcl-1. Venetoclax is reported to induce cell growth suppression, apoptosis, cell cycle arrest, and autophagy in triple negative breast cancer MDA-MB-231 cells. Phase 3.",1257044-40-8,115.15,No DILI,No DILI,No DILI,2017 Apr 4,,,LQBVNQSMGBZMKD
Vericiguat,,Vericiguat,,,,,,,E,Cardiovascular,Heart Failure,CHEMBL4066936,C01DX22,1.0,1.0,,0.0,2.0,True,2021.0,1.0,,,0.0,4.0,Small molecule,0.0,True,0.0,False,0.0,VERICIGUAT,0.0,MOL,True,False,-ciguat,guanaline cyclase activators,-ciguat,2019.0,False,COC(=O)Nc1c(N)nc(-c2nn(Cc3ccccc3F)c3ncc(F)cc23)nc1N,426.39,2.56,teratogenicity,United States,,Black Box Warning,,Guanylate Cyclase,GPCR & G Protein,"Vericiguat (BAY1021189, Verquvo) is a potent, orally available and soluble guanylate cyclase (sGC) stimulator.",1350653-20-1,199.35,No DILI,No DILI,No DILI,2023 Jun 16,,,QZFHIXARHDBPBY
Vibegron,,Vibegron,,,,,,,E,Urologic,Overactive bladder,CHEMBL2107826,,1.0,0.0,,0.0,1.0,True,2018.0,0.0,,,0.0,4.0,Small molecule,0.0,True,0.0,False,0.0,VIBEGRON,0.0,MOL,True,False,-begron,beta3 adrenoreceptor agonists,-begron,2012.0,False,O=C(Nc1ccc(C[C@@H]2CC[C@H]([C@H](O)c3ccccc3)N2)cc1)[C@@H]1CCc2nccc(=O)n21,444.54,2.77,,,,,,,,,,,No DILI,No DILI,No DILI,2023 Jul 10,,,DJXRIQMCROIRCZ
Vilazodone,,Vilazodone,,,,,,,E*,CNS,Antidepressant,CHEMBL439849,N06AX24,1.0,1.0,70707.0,0.0,2.0,False,2011.0,0.0,,,0.0,4.0,Small molecule,1.0,True,0.0,False,0.0,VILAZODONE,0.0,MOL,True,False,,,,2009.0,False,N#Cc1ccc2[nH]cc(CCCCN3CCN(c4ccc5oc(C(N)=O)cc5c4)CC3)c2c1,441.54,4.03,,,,,,"5-HT Receptor,Serotonin Transporter",Neuronal Signaling,"Vilazodone (EMD-68843, SB-659746A) is a novel antidepressant having a selective serotonin (5-HT) reuptake inhibitory and 5-HT1A receptor partial agonist activity. The affinity of vilazodone is much higher in the 5-HT reuptake site (Ki=0.1 nM) than in norepinephrine (Ki=56 nM) and dopamine (Ki=37 nM) sites.",163521-12-8,199.31,No DILI,No DILI,No DILI,2020 Apr 8,,,SGEGOXDYSFKCPT
Vorapaxar,,Vorapaxar,,,,,,,E,Hematologic,Antiplatelet,CHEMBL493982,B01AC26,1.0,1.0,82702.0,0.0,1.0,False,2014.0,1.0,,,0.0,4.0,Small molecule,0.0,True,0.0,False,0.0,VORAPAXAR,0.0,MOL,True,False,-paxar,Protease-activated receptor 1 (PAR1) antagonists,-paxar,2009.0,False,CCOC(=O)N[C@@H]1CC[C@@H]2[C@@H](C1)C[C@H]1C(=O)O[C@H](C)[C@H]1[C@H]2/C=C/c1ccc(-c2cccc(F)c2)cn1,492.59,5.63,,,,,,PAR,GPCR & G Protein,"Vorapaxar (SCH 530348, MK-5348) is a potent and orally active thrombin receptor (PAR-1) antagonist with Ki of 8.1 nM.",618385-01-6,200.98,No DILI,No DILI,No DILI,2017 Apr 11,,,ZBGXUVOIWDMMJE
Vortioxetine,,Vortioxetine,,,,,,,E*,CNS,Antidepressant,CHEMBL2104993,N06AX26,1.0,1.0,76016.0,0.0,2.0,False,2013.0,1.0,,,0.0,4.0,Small molecule,1.0,True,0.0,False,0.0,VORTIOXETINE,0.0,MOL,True,False,-oxetine,antidepressants (fluoxetine type): thioether derivatives,-oxetine (-tioxetine),2011.0,False,Cc1ccc(Sc2ccccc2N2CCNCC2)c(C)c1,298.46,3.86,,,,,,,,,,,No DILI,No DILI,No DILI,2020 Apr 8,,,YQNWZWMKLDQSAC
Voxelotor,,Voxelotor,,,,,,,E*,Hematologic,Sickle Cell Disease,CHEMBL4101807,B06AX03,1.0,0.0,,0.0,2.0,True,2019.0,1.0,,,0.0,4.0,Small molecule,0.0,True,1.0,False,0.0,VOXELOTOR,0.0,MOL,True,False,,,,2017.0,False,CC(C)n1nccc1-c1ncccc1COc1cccc(O)c1C=O,337.38,3.62,,,,,,Others,Others,"Voxelotor (GBT440, GTx011) is a novel small molecule hemoglobin modifier which increases hemoglobin oxygen affinity.",1446321-46-5,198.6,No DILI,No DILI,No DILI,2021 Jul 12,,,FWCVZAQENIZVMY
Voxilaprevir,,Voxilaprevir,,,,,,,A,Antimicrobial,Antiviral: HCV,CHEMBL3707372,,1.0,0.0,,0.0,1.0,True,2017.0,0.0,,,0.0,4.0,Small molecule,0.0,True,0.0,False,0.0,VOXILAPREVIR,0.0,MOL,True,False,-vir,antivirals: serine protease inhibitors,-vir (-previr),2016.0,False,CC[C@@H]1[C@@H]2CN(C(=O)[C@H](C(C)(C)C)NC(=O)O[C@@H]3C[C@H]3CCCCC(F)(F)c3nc4ccc(OC)cc4nc3O2)[C@@H]1C(=O)N[C@]1(C(=O)NS(=O)(=O)C2(C)CC2)C[C@H]1C(C)C,861.02,5.35,,,,,,,,,,,DILI (known),DILI,Known,,,,MKDALIOACIEUJM
Zanubrutinib,,Zanubrutinib,,,,,,,E*,Antineoplastic,Mantle Cell Lymphoma,CHEMBL3936761,L01EL03,1.0,0.0,,0.0,1.0,True,2019.0,0.0,,,0.0,4.0,Small molecule,0.0,True,0.0,False,0.0,ZANUBRUTINIB,0.0,MOL,True,False,-tinib,tyrosine kinase inhibitors: tyrosine kinase inhibitors Bruton's (Btk) inhibitors,-tinib (-brutinib),2018.0,False,C=CC(=O)N1CCC([C@@H]2CCNc3c(C(N)=O)c(-c4ccc(Oc5ccccc5)cc4)nn32)CC1,471.56,4.22,,,,,,BTK,Protein Tyrosine Kinase,"Zanubrutinib (BGB-3111) is a potent, specific and irreversible BTK inhibitor that has been shown to have a lower off-target inhibitory activity on other kinases, including ITK, JAK3 and EGFR.",1691249-45-2,199.34,No DILI,No DILI,No DILI,2019 Dec 16,,,RNOAOAWBMHREKO
