model_name,outer_fold,inner_fold,batch_size,hidden_channels,learning_rate,dropout_rate,val_auc
GCN_Optimised,0,0,32,64,0.001,0.1,0.620795107033639
GCN_Optimised,0,0,32,64,0.001,0.2,0.6196830692243537
GCN_Optimised,0,0,32,64,0.001,0.3,0.6287183764247984
GCN_Optimised,0,0,32,64,0.001,0.4,0.6255212677231026
GCN_Optimised,0,0,32,64,0.001,0.5,0.6196830692243537
GCN_Optimised,0,0,32,64,0.0001,0.1,0.6269113149847095
GCN_Optimised,0,0,32,64,0.0001,0.2,0.6257992771754242
GCN_Optimised,0,0,32,64,0.0001,0.3,0.6251042535446206
GCN_Optimised,0,0,32,64,0.0001,0.4,0.6271893244370309
GCN_Optimised,0,0,32,64,0.0001,0.5,0.6281623575201557
GCN_Optimised,0,0,32,64,1e-05,0.1,0.5051431748679455
GCN_Optimised,0,0,32,64,1e-05,0.2,0.5083402835696413
GCN_Optimised,0,0,32,64,1e-05,0.3,0.5047261606894634
GCN_Optimised,0,0,32,64,1e-05,0.4,0.5745065332221295
GCN_Optimised,0,0,32,64,1e-05,0.5,0.5743675284959688
GCN_Optimised,0,0,32,128,0.001,0.1,0.6169029747011399
GCN_Optimised,0,0,32,128,0.001,0.2,0.6295524047817627
GCN_Optimised,0,0,32,128,0.001,0.3,0.6288573811509591
GCN_Optimised,0,0,32,128,0.001,0.4,0.6280233527939949
GCN_Optimised,0,0,32,128,0.001,0.5,0.6312204614956909
GCN_Optimised,0,0,32,128,0.0001,0.1,0.6273283291631915
GCN_Optimised,0,0,32,128,0.0001,0.2,0.6273283291631916
GCN_Optimised,0,0,32,128,0.0001,0.3,0.6287183764247984
GCN_Optimised,0,0,32,128,0.0001,0.4,0.6355296080066724
GCN_Optimised,0,0,32,128,0.0001,0.5,0.6302474284125661
GCN_Optimised,0,0,32,128,1e-05,0.1,0.5517097581317765
GCN_Optimised,0,0,32,128,1e-05,0.2,0.5512927439532944
GCN_Optimised,0,0,32,128,1e-05,0.3,0.5510147345009732
GCN_Optimised,0,0,32,128,1e-05,0.4,0.5496246872393662
GCN_Optimised,0,0,32,128,1e-05,0.5,0.5493466777870447
GCN_Optimised,0,0,32,256,0.001,0.1,0.6310814567695302
GCN_Optimised,0,0,32,256,0.001,0.2,0.6283013622463164
GCN_Optimised,0,0,32,256,0.001,0.3,0.6231581873783709
GCN_Optimised,0,0,32,256,0.001,0.4,0.6326105087572977
GCN_Optimised,0,0,32,256,0.001,0.5,0.6273283291631916
GCN_Optimised,0,0,32,256,0.0001,0.1,0.6066166249652488
GCN_Optimised,0,0,32,256,0.0001,0.2,0.6053655824298028
GCN_Optimised,0,0,32,256,0.0001,0.3,0.6048095635251599
GCN_Optimised,0,0,32,256,0.0001,0.4,0.6055045871559633
GCN_Optimised,0,0,32,256,0.0001,0.5,0.6068946344175702
GCN_Optimised,0,0,32,256,1e-05,0.1,0.4221573533500139
GCN_Optimised,0,0,32,256,1e-05,0.2,0.4318876841812621
GCN_Optimised,0,0,32,256,1e-05,0.3,0.42187934389769255
GCN_Optimised,0,0,32,256,1e-05,0.4,0.42201834862385323
GCN_Optimised,0,0,32,256,1e-05,0.5,0.42201834862385323
GCN_Optimised,0,0,64,64,0.001,0.1,0.6249652488184598
GCN_Optimised,0,0,64,64,0.001,0.2,0.623992215735335
GCN_Optimised,0,0,64,64,0.001,0.3,0.6219071448429246
GCN_Optimised,0,0,64,64,0.001,0.4,0.6228801779260494
GCN_Optimised,0,0,64,64,0.001,0.5,0.6228801779260495
GCN_Optimised,0,0,64,64,0.0001,0.1,0.6182930219627467
GCN_Optimised,0,0,64,64,0.0001,0.2,0.618154017236586
GCN_Optimised,0,0,64,64,0.0001,0.3,0.6146788990825689
GCN_Optimised,0,0,64,64,0.0001,0.4,0.6146788990825689
GCN_Optimised,0,0,64,64,0.0001,0.5,0.617737003058104
GCN_Optimised,0,0,64,64,1e-05,0.1,0.5062552126772311
GCN_Optimised,0,0,64,64,1e-05,0.2,0.5051431748679456
GCN_Optimised,0,0,64,64,1e-05,0.3,0.5045871559633028
GCN_Optimised,0,0,64,64,1e-05,0.4,0.504448151237142
GCN_Optimised,0,0,64,64,1e-05,0.5,0.5036141228801779
GCN_Optimised,0,0,64,128,0.001,0.1,0.6330275229357798
GCN_Optimised,0,0,64,128,0.001,0.2,0.6316374756741729
GCN_Optimised,0,0,64,128,0.001,0.3,0.6344175701973868
GCN_Optimised,0,0,64,128,0.001,0.4,0.632471504031137
GCN_Optimised,0,0,64,128,0.001,0.5,0.6330275229357798
GCN_Optimised,0,0,64,128,0.0001,0.1,0.6163469557964971
GCN_Optimised,0,0,64,128,0.0001,0.2,0.6159299416180151
GCN_Optimised,0,0,64,128,0.0001,0.3,0.6157909368918544
GCN_Optimised,0,0,64,128,0.0001,0.4,0.6149569085348903
GCN_Optimised,0,0,64,128,0.0001,0.5,0.6153739227133723
GCN_Optimised,0,0,64,128,1e-05,0.1,0.5262718932443703
GCN_Optimised,0,0,64,128,1e-05,0.2,0.5261328885182097
GCN_Optimised,0,0,64,128,1e-05,0.3,0.5252988601612455
GCN_Optimised,0,0,64,128,1e-05,0.4,0.5246038365304421
GCN_Optimised,0,0,64,128,1e-05,0.5,0.5257158743397276
GCN_Optimised,0,0,64,256,0.001,0.1,0.6141228801779262
GCN_Optimised,0,0,64,256,0.001,0.2,0.6162079510703364
GCN_Optimised,0,0,64,256,0.001,0.3,0.6214901306644427
GCN_Optimised,0,0,64,256,0.001,0.4,0.613705865999444
GCN_Optimised,0,0,64,256,0.001,0.5,0.6230191826522102
GCN_Optimised,0,0,64,256,0.0001,0.1,0.6006394217403392
GCN_Optimised,0,0,64,256,0.0001,0.2,0.6003614122880178
GCN_Optimised,0,0,64,256,0.0001,0.3,0.5991103697525716
GCN_Optimised,0,0,64,256,0.0001,0.4,0.6006394217403392
GCN_Optimised,0,0,64,256,0.0001,0.5,0.597164303586322
GCN_Optimised,0,0,64,256,1e-05,0.1,0.3946344175701974
GCN_Optimised,0,0,64,256,1e-05,0.2,0.3946344175701974
GCN_Optimised,0,0,64,256,1e-05,0.3,0.3936613844870726
GCN_Optimised,0,0,64,256,1e-05,0.4,0.3936613844870726
GCN_Optimised,0,0,64,256,1e-05,0.5,0.3933833750347512
GCN_Optimised,0,0,128,64,0.001,0.1,0.6196830692243537
GCN_Optimised,0,0,128,64,0.001,0.2,0.6205170975813178
GCN_Optimised,0,0,128,64,0.001,0.3,0.6252432582707812
GCN_Optimised,0,0,128,64,0.001,0.4,0.6241312204614957
GCN_Optimised,0,0,128,64,0.001,0.5,0.623575201556853
GCN_Optimised,0,0,128,64,0.0001,0.1,0.6120378092855157
GCN_Optimised,0,0,128,64,0.0001,0.2,0.6098137336669448
GCN_Optimised,0,0,128,64,0.0001,0.3,0.6089797053099806
GCN_Optimised,0,0,128,64,0.0001,0.4,0.6057825966082847
GCN_Optimised,0,0,128,64,0.0001,0.5,0.6081456769530165
GCN_Optimised,0,0,128,64,1e-05,0.1,0.5015290519877675
GCN_Optimised,0,0,128,64,1e-05,0.2,0.5011120378092855
GCN_Optimised,0,0,128,64,1e-05,0.3,0.5015290519877676
GCN_Optimised,0,0,128,64,1e-05,0.4,0.5011120378092855
GCN_Optimised,0,0,128,64,1e-05,0.5,0.4998609952738393
GCN_Optimised,0,0,128,128,0.001,0.1,0.6309424520433695
GCN_Optimised,0,0,128,128,0.001,0.2,0.6309424520433695
GCN_Optimised,0,0,128,128,0.001,0.3,0.6299694189602447
GCN_Optimised,0,0,128,128,0.001,0.4,0.6295524047817626
GCN_Optimised,0,0,128,128,0.001,0.5,0.6309424520433695
GCN_Optimised,0,0,128,128,0.0001,0.1,0.603419516263553
GCN_Optimised,0,0,128,128,0.0001,0.2,0.6030025020850709
GCN_Optimised,0,0,128,128,0.0001,0.3,0.6024464831804281
GCN_Optimised,0,0,128,128,0.0001,0.4,0.6018904642757854
GCN_Optimised,0,0,128,128,0.0001,0.5,0.5966082846816791
GCN_Optimised,0,0,128,128,1e-05,0.1,0.5137614678899082
GCN_Optimised,0,0,128,128,1e-05,0.2,0.5137614678899082
GCN_Optimised,0,0,128,128,1e-05,0.3,0.5139004726160689
GCN_Optimised,0,0,128,128,1e-05,0.4,0.5139004726160689
GCN_Optimised,0,0,128,128,1e-05,0.5,0.5137614678899083
GCN_Optimised,0,0,128,256,0.001,0.1,0.6156519321656936
GCN_Optimised,0,0,128,256,0.001,0.2,0.6142618849040868
GCN_Optimised,0,0,128,256,0.001,0.3,0.6144008896302475
GCN_Optimised,0,0,128,256,0.001,0.4,0.6153739227133723
GCN_Optimised,0,0,128,256,0.001,0.5,0.6117597998331943
GCN_Optimised,0,0,128,256,0.0001,0.1,0.5569919377258826
GCN_Optimised,0,0,128,256,0.0001,0.2,0.5561579093689185
GCN_Optimised,0,0,128,256,0.0001,0.3,0.5565749235474007
GCN_Optimised,0,0,128,256,0.0001,0.4,0.5597720322490964
GCN_Optimised,0,0,128,256,0.0001,0.5,0.5621351125938283
GCN_Optimised,0,0,128,256,1e-05,0.1,0.3829580205726995
GCN_Optimised,0,0,128,256,1e-05,0.2,0.38295802057269945
GCN_Optimised,0,0,128,256,1e-05,0.3,0.38309702529886014
GCN_Optimised,0,0,128,256,1e-05,0.4,0.3832360300250208
GCN_Optimised,0,0,128,256,1e-05,0.5,0.382262996941896
GCN_Optimised,0,1,32,64,0.001,0.1,0.5870169585765916
GCN_Optimised,0,1,32,64,0.001,0.2,0.5916041145398944
GCN_Optimised,0,1,32,64,0.001,0.3,0.5952182374200723
GCN_Optimised,0,1,32,64,0.001,0.4,0.599805393383375
GCN_Optimised,0,1,32,64,0.001,0.5,0.5906310814567696
GCN_Optimised,0,1,32,64,0.0001,0.1,0.5974423130386433
GCN_Optimised,0,1,32,64,0.0001,0.2,0.5974423130386433
GCN_Optimised,0,1,32,64,0.0001,0.3,0.5991103697525716
GCN_Optimised,0,1,32,64,0.0001,0.4,0.5963302752293579
GCN_Optimised,0,1,32,64,0.0001,0.5,0.5978593272171255
GCN_Optimised,0,1,32,64,1e-05,0.1,0.4576035585209898
GCN_Optimised,0,1,32,64,1e-05,0.2,0.4582985821517932
GCN_Optimised,0,1,32,64,1e-05,0.3,0.45857659160411457
GCN_Optimised,0,1,32,64,1e-05,0.4,0.4537114261884904
GCN_Optimised,0,1,32,64,1e-05,0.5,0.4542674450931332
GCN_Optimised,0,1,32,128,0.001,0.1,0.5934111759799832
GCN_Optimised,0,1,32,128,0.001,0.2,0.5871559633027523
GCN_Optimised,0,1,32,128,0.001,0.3,0.5932721712538227
GCN_Optimised,0,1,32,128,0.001,0.4,0.5960522657770364
GCN_Optimised,0,1,32,128,0.001,0.5,0.5998053933833751
GCN_Optimised,0,1,32,128,0.0001,0.1,0.5852098971365026
GCN_Optimised,0,1,32,128,0.0001,0.2,0.5850708924103419
GCN_Optimised,0,1,32,128,0.0001,0.3,0.5916041145398944
GCN_Optimised,0,1,32,128,0.0001,0.4,0.5877119822073951
GCN_Optimised,0,1,32,128,0.0001,0.5,0.5859049207673062
GCN_Optimised,0,1,32,128,1e-05,0.1,0.4909646927995551
GCN_Optimised,0,1,32,128,1e-05,0.2,0.4905476786210731
GCN_Optimised,0,1,32,128,1e-05,0.3,0.4895746455379483
GCN_Optimised,0,1,32,128,1e-05,0.4,0.4892966360856269
GCN_Optimised,0,1,32,128,1e-05,0.5,0.4883236030025021
GCN_Optimised,0,1,32,256,0.001,0.1,0.589519043647484
GCN_Optimised,0,1,32,256,0.001,0.2,0.5860439254934668
GCN_Optimised,0,1,32,256,0.001,0.3,0.5916041145398944
GCN_Optimised,0,1,32,256,0.001,0.4,0.5916041145398945
GCN_Optimised,0,1,32,256,0.001,0.5,0.5842368640533779
GCN_Optimised,0,1,32,256,0.0001,0.1,0.5910480956352515
GCN_Optimised,0,1,32,256,0.0001,0.2,0.5929941618015012
GCN_Optimised,0,1,32,256,0.0001,0.3,0.593550180706144
GCN_Optimised,0,1,32,256,0.0001,0.4,0.593133166527662
GCN_Optimised,0,1,32,256,0.0001,0.5,0.5956352515985545
GCN_Optimised,0,1,32,256,1e-05,0.1,0.4797053099805394
GCN_Optimised,0,1,32,256,1e-05,0.2,0.4602446483180428
GCN_Optimised,0,1,32,256,1e-05,0.3,0.473589102029469
GCN_Optimised,0,1,32,256,1e-05,0.4,0.46524881845982763
GCN_Optimised,0,1,32,256,1e-05,0.5,0.4616346955796497
GCN_Optimised,0,1,64,64,0.001,0.1,0.5971643035863219
GCN_Optimised,0,1,64,64,0.001,0.2,0.5973033083124827
GCN_Optimised,0,1,64,64,0.001,0.3,0.595774256324715
GCN_Optimised,0,1,64,64,0.001,0.4,0.5945232137892689
GCN_Optimised,0,1,64,64,0.001,0.5,0.5963302752293578
GCN_Optimised,0,1,64,64,0.0001,0.1,0.5996663886572144
GCN_Optimised,0,1,64,64,0.0001,0.2,0.6000834028356965
GCN_Optimised,0,1,64,64,0.0001,0.3,0.6013344453711427
GCN_Optimised,0,1,64,64,0.0001,0.4,0.6000834028356964
GCN_Optimised,0,1,64,64,0.0001,0.5,0.6017514595496247
GCN_Optimised,0,1,64,64,1e-05,0.1,0.4496802891298304
GCN_Optimised,0,1,64,64,1e-05,0.2,0.4521823742007228
GCN_Optimised,0,1,64,64,1e-05,0.3,0.44940227967750906
GCN_Optimised,0,1,64,64,1e-05,0.4,0.4500973033083125
GCN_Optimised,0,1,64,64,1e-05,0.5,0.4484292465943842
GCN_Optimised,0,1,64,128,0.001,0.1,0.5916041145398944
GCN_Optimised,0,1,64,128,0.001,0.2,0.5925771476230192
GCN_Optimised,0,1,64,128,0.001,0.3,0.5941061996107868
GCN_Optimised,0,1,64,128,0.001,0.4,0.5948012232415902
GCN_Optimised,0,1,64,128,0.001,0.5,0.5984153461217682
GCN_Optimised,0,1,64,128,0.0001,0.1,0.5838198498748958
GCN_Optimised,0,1,64,128,0.0001,0.2,0.5836808451487351
GCN_Optimised,0,1,64,128,0.0001,0.3,0.5843758687795384
GCN_Optimised,0,1,64,128,0.0001,0.4,0.5843758687795385
GCN_Optimised,0,1,64,128,0.0001,0.5,0.5849318876841813
GCN_Optimised,0,1,64,128,1e-05,0.1,0.47178204058938006
GCN_Optimised,0,1,64,128,1e-05,0.2,0.471365026410898
GCN_Optimised,0,1,64,128,1e-05,0.3,0.47108701695857663
GCN_Optimised,0,1,64,128,1e-05,0.4,0.47094801223241595
GCN_Optimised,0,1,64,128,1e-05,0.5,0.4706700027800945
GCN_Optimised,0,1,64,256,0.001,0.1,0.5932721712538226
GCN_Optimised,0,1,64,256,0.001,0.2,0.5971643035863219
GCN_Optimised,0,1,64,256,0.001,0.3,0.595357242146233
GCN_Optimised,0,1,64,256,0.001,0.4,0.5956352515985545
GCN_Optimised,0,1,64,256,0.001,0.5,0.5943842090631082
GCN_Optimised,0,1,64,256,0.0001,0.1,0.593967194884626
GCN_Optimised,0,1,64,256,0.0001,0.2,0.5950792326939116
GCN_Optimised,0,1,64,256,0.0001,0.3,0.5942452043369475
GCN_Optimised,0,1,64,256,0.0001,0.4,0.5936891854323048
GCN_Optimised,0,1,64,256,0.0001,0.5,0.5954962468723937
GCN_Optimised,0,1,64,256,1e-05,0.1,0.430636641645816
GCN_Optimised,0,1,64,256,1e-05,0.2,0.42187934389769255
GCN_Optimised,0,1,64,256,1e-05,0.3,0.41993327773144284
GCN_Optimised,0,1,64,256,1e-05,0.4,0.41896024464831805
GCN_Optimised,0,1,64,256,1e-05,0.5,0.41896024464831805
GCN_Optimised,0,1,128,64,0.001,0.1,0.5911871003614123
GCN_Optimised,0,1,128,64,0.001,0.2,0.5907700861829303
GCN_Optimised,0,1,128,64,0.001,0.3,0.5906310814567696
GCN_Optimised,0,1,128,64,0.001,0.4,0.5903530720044482
GCN_Optimised,0,1,128,64,0.001,0.5,0.5910480956352516
GCN_Optimised,0,1,128,64,0.0001,0.1,0.5954962468723937
GCN_Optimised,0,1,128,64,0.0001,0.2,0.5934111759799833
GCN_Optimised,0,1,128,64,0.0001,0.3,0.5952182374200723
GCN_Optimised,0,1,128,64,0.0001,0.4,0.5788156797331109
GCN_Optimised,0,1,128,64,0.0001,0.5,0.579232693911593
GCN_Optimised,0,1,128,64,1e-05,0.1,0.44648318042813456
GCN_Optimised,0,1,128,64,1e-05,0.2,0.445371142618849
GCN_Optimised,0,1,128,64,1e-05,0.3,0.44509313316652765
GCN_Optimised,0,1,128,64,1e-05,0.4,0.44523213789268834
GCN_Optimised,0,1,128,64,1e-05,0.5,0.445371142618849
GCN_Optimised,0,1,128,128,0.001,0.1,0.593133166527662
GCN_Optimised,0,1,128,128,0.001,0.2,0.5924381428968586
GCN_Optimised,0,1,128,128,0.001,0.3,0.5903530720044482
GCN_Optimised,0,1,128,128,0.001,0.4,0.5916041145398944
GCN_Optimised,0,1,128,128,0.001,0.5,0.5932721712538227
GCN_Optimised,0,1,128,128,0.0001,0.1,0.5676953016402558
GCN_Optimised,0,1,128,128,0.0001,0.2,0.563108145676953
GCN_Optimised,0,1,128,128,0.0001,0.3,0.5596330275229358
GCN_Optimised,0,1,128,128,0.0001,0.4,0.5592160133444537
GCN_Optimised,0,1,128,128,0.0001,0.5,0.5592160133444537
GCN_Optimised,0,1,128,128,1e-05,0.1,0.4626077286627746
GCN_Optimised,0,1,128,128,1e-05,0.2,0.4621907144842925
GCN_Optimised,0,1,128,128,1e-05,0.3,0.4621907144842925
GCN_Optimised,0,1,128,128,1e-05,0.4,0.4623297192104532
GCN_Optimised,0,1,128,128,1e-05,0.5,0.4623297192104532
GCN_Optimised,0,1,128,256,0.001,0.1,0.5904920767306089
GCN_Optimised,0,1,128,256,0.001,0.2,0.5921601334445372
GCN_Optimised,0,1,128,256,0.001,0.3,0.5900750625521267
GCN_Optimised,0,1,128,256,0.001,0.4,0.5907700861829301
GCN_Optimised,0,1,128,256,0.001,0.5,0.5924381428968586
GCN_Optimised,0,1,128,256,0.0001,0.1,0.5800667222685572
GCN_Optimised,0,1,128,256,0.0001,0.2,0.5786766750069503
GCN_Optimised,0,1,128,256,0.0001,0.3,0.577425632471504
GCN_Optimised,0,1,128,256,0.0001,0.4,0.577008618293022
GCN_Optimised,0,1,128,256,0.0001,0.5,0.5724214623297192
GCN_Optimised,0,1,128,256,1e-05,0.1,0.3894912427022519
GCN_Optimised,0,1,128,256,1e-05,0.2,0.39088128996385874
GCN_Optimised,0,1,128,256,1e-05,0.3,0.38921323324993046
GCN_Optimised,0,1,128,256,1e-05,0.4,0.3889352237976091
GCN_Optimised,0,1,128,256,1e-05,0.5,0.38963024742841257
GCN_Optimised,0,2,32,64,0.001,0.1,0.5793255942509674
GCN_Optimised,0,2,32,64,0.001,0.2,0.5775290215588723
GCN_Optimised,0,2,32,64,0.001,0.3,0.5726920950801547
GCN_Optimised,0,2,32,64,0.001,0.4,0.5766998341625207
GCN_Optimised,0,2,32,64,0.001,0.5,0.5807075732448866
GCN_Optimised,0,2,32,64,0.0001,0.1,0.5887230514096186
GCN_Optimised,0,2,32,64,0.0001,0.2,0.5874792703150913
GCN_Optimised,0,2,32,64,0.0001,0.3,0.5863736871199557
GCN_Optimised,0,2,32,64,0.0001,0.4,0.5867882808181315
GCN_Optimised,0,2,32,64,0.0001,0.5,0.5865118850193477
GCN_Optimised,0,2,32,64,1e-05,0.1,0.5207296849087893
GCN_Optimised,0,2,32,64,1e-05,0.2,0.5209369817578773
GCN_Optimised,0,2,32,64,1e-05,0.3,0.5241846323935876
GCN_Optimised,0,2,32,64,1e-05,0.4,0.5269485903814262
GCN_Optimised,0,2,32,64,1e-05,0.5,0.5230790491984522
GCN_Optimised,0,2,32,128,0.001,0.1,0.5844389165284688
GCN_Optimised,0,2,32,128,0.001,0.2,0.5863736871199557
GCN_Optimised,0,2,32,128,0.001,0.3,0.583886124930901
GCN_Optimised,0,2,32,128,0.001,0.4,0.582089552238806
GCN_Optimised,0,2,32,128,0.001,0.5,0.5789110005527915
GCN_Optimised,0,2,32,128,0.0001,0.1,0.5753178551686013
GCN_Optimised,0,2,32,128,0.0001,0.2,0.5750414593698177
GCN_Optimised,0,2,32,128,0.0001,0.3,0.5782200110558319
GCN_Optimised,0,2,32,128,0.0001,0.4,0.5786346047540077
GCN_Optimised,0,2,32,128,0.0001,0.5,0.5787728026533997
GCN_Optimised,0,2,32,128,1e-05,0.1,0.5451907131011609
GCN_Optimised,0,2,32,128,1e-05,0.2,0.5421503593145384
GCN_Optimised,0,2,32,128,1e-05,0.3,0.5417357656163627
GCN_Optimised,0,2,32,128,1e-05,0.4,0.5418739635157546
GCN_Optimised,0,2,32,128,1e-05,0.5,0.5420121614151465
GCN_Optimised,0,2,32,256,0.001,0.1,0.5838861249309011
GCN_Optimised,0,2,32,256,0.001,0.2,0.5819513543394141
GCN_Optimised,0,2,32,256,0.001,0.3,0.5858208955223881
GCN_Optimised,0,2,32,256,0.001,0.4,0.5854063018242122
GCN_Optimised,0,2,32,256,0.001,0.5,0.5836097291321172
GCN_Optimised,0,2,32,256,0.0001,0.1,0.5874792703150912
GCN_Optimised,0,2,32,256,0.0001,0.2,0.5869264787175235
GCN_Optimised,0,2,32,256,0.0001,0.3,0.5885848535102266
GCN_Optimised,0,2,32,256,0.0001,0.4,0.5870646766169154
GCN_Optimised,0,2,32,256,0.0001,0.5,0.5866500829187395
GCN_Optimised,0,2,32,256,1e-05,0.1,0.4748479823106689
GCN_Optimised,0,2,32,256,1e-05,0.2,0.4759535655058043
GCN_Optimised,0,2,32,256,1e-05,0.3,0.474709784411277
GCN_Optimised,0,2,32,256,1e-05,0.4,0.4749861802100608
GCN_Optimised,0,2,32,256,1e-05,0.5,0.472636815920398
GCN_Optimised,0,2,64,64,0.001,0.1,0.5883084577114427
GCN_Optimised,0,2,64,64,0.001,0.2,0.588032061912659
GCN_Optimised,0,2,64,64,0.001,0.3,0.58595909342178
GCN_Optimised,0,2,64,64,0.001,0.4,0.5899668325041459
GCN_Optimised,0,2,64,64,0.001,0.5,0.5849917081260364
GCN_Optimised,0,2,64,64,0.0001,0.1,0.5912106135986732
GCN_Optimised,0,2,64,64,0.0001,0.2,0.5919016030956328
GCN_Optimised,0,2,64,64,0.0001,0.3,0.5919016030956329
GCN_Optimised,0,2,64,64,0.0001,0.4,0.5925925925925926
GCN_Optimised,0,2,64,64,0.0001,0.5,0.5927307904919845
GCN_Optimised,0,2,64,64,1e-05,0.1,0.509673852957435
GCN_Optimised,0,2,64,64,1e-05,0.2,0.5089828634604754
GCN_Optimised,0,2,64,64,1e-05,0.3,0.5080154781647319
GCN_Optimised,0,2,64,64,1e-05,0.4,0.5081536760641239
GCN_Optimised,0,2,64,64,1e-05,0.5,0.5080154781647319
GCN_Optimised,0,2,64,128,0.001,0.1,0.5869264787175236
GCN_Optimised,0,2,64,128,0.001,0.2,0.5844389165284687
GCN_Optimised,0,2,64,128,0.001,0.3,0.5865118850193477
GCN_Optimised,0,2,64,128,0.001,0.4,0.5831951354339414
GCN_Optimised,0,2,64,128,0.001,0.5,0.5844389165284688
GCN_Optimised,0,2,64,128,0.0001,0.1,0.5732448866777223
GCN_Optimised,0,2,64,128,0.0001,0.2,0.5720011055831951
GCN_Optimised,0,2,64,128,0.0001,0.3,0.5720011055831952
GCN_Optimised,0,2,64,128,0.0001,0.4,0.5721393034825871
GCN_Optimised,0,2,64,128,0.0001,0.5,0.5724156992813708
GCN_Optimised,0,2,64,128,1e-05,0.1,0.5259812050856827
GCN_Optimised,0,2,64,128,1e-05,0.2,0.5263957987838584
GCN_Optimised,0,2,64,128,1e-05,0.3,0.5273631840796019
GCN_Optimised,0,2,64,128,1e-05,0.4,0.5259812050856827
GCN_Optimised,0,2,64,128,1e-05,0.5,0.5259812050856827
GCN_Optimised,0,2,64,256,0.001,0.1,0.5863736871199559
GCN_Optimised,0,2,64,256,0.001,0.2,0.5862354892205639
GCN_Optimised,0,2,64,256,0.001,0.3,0.5862354892205638
GCN_Optimised,0,2,64,256,0.001,0.4,0.5797401879491431
GCN_Optimised,0,2,64,256,0.001,0.5,0.58595909342178
GCN_Optimised,0,2,64,256,0.0001,0.1,0.5860972913211719
GCN_Optimised,0,2,64,256,0.0001,0.2,0.5863736871199557
GCN_Optimised,0,2,64,256,0.0001,0.3,0.5844389165284688
GCN_Optimised,0,2,64,256,0.0001,0.4,0.5873410724156992
GCN_Optimised,0,2,64,256,0.0001,0.5,0.5865118850193477
GCN_Optimised,0,2,64,256,1e-05,0.1,0.4286898839137645
GCN_Optimised,0,2,64,256,1e-05,0.2,0.4292426755113322
GCN_Optimised,0,2,64,256,1e-05,0.3,0.42882808181315635
GCN_Optimised,0,2,64,256,1e-05,0.4,0.4292426755113322
GCN_Optimised,0,2,64,256,1e-05,0.5,0.4289662797125483
GCN_Optimised,0,2,128,64,0.001,0.1,0.5798783858485351
GCN_Optimised,0,2,128,64,0.001,0.2,0.5825041459369816
GCN_Optimised,0,2,128,64,0.001,0.3,0.5825041459369817
GCN_Optimised,0,2,128,64,0.001,0.4,0.5829187396351576
GCN_Optimised,0,2,128,64,0.001,0.5,0.5831951354339414
GCN_Optimised,0,2,128,64,0.0001,0.1,0.6064123825317854
GCN_Optimised,0,2,128,64,0.0001,0.2,0.6071033720287451
GCN_Optimised,0,2,128,64,0.0001,0.3,0.6097291321171918
GCN_Optimised,0,2,128,64,0.0001,0.4,0.6090381426202323
GCN_Optimised,0,2,128,64,0.0001,0.5,0.6113875069098949
GCN_Optimised,0,2,128,64,1e-05,0.1,0.49709784411276947
GCN_Optimised,0,2,128,64,1e-05,0.2,0.4972360420121614
GCN_Optimised,0,2,128,64,1e-05,0.3,0.4969596462133775
GCN_Optimised,0,2,128,64,1e-05,0.4,0.4969596462133775
GCN_Optimised,0,2,128,64,1e-05,0.5,0.4975124378109453
GCN_Optimised,0,2,128,128,0.001,0.1,0.5823659480375899
GCN_Optimised,0,2,128,128,0.001,0.2,0.5794637921503593
GCN_Optimised,0,2,128,128,0.001,0.3,0.580016583747927
GCN_Optimised,0,2,128,128,0.001,0.4,0.5858208955223879
GCN_Optimised,0,2,128,128,0.001,0.5,0.5816749585406302
GCN_Optimised,0,2,128,128,0.0001,0.1,0.5724156992813709
GCN_Optimised,0,2,128,128,0.0001,0.2,0.5713101160862354
GCN_Optimised,0,2,128,128,0.0001,0.3,0.5706191265892758
GCN_Optimised,0,2,128,128,0.0001,0.4,0.5714483139856275
GCN_Optimised,0,2,128,128,0.0001,0.5,0.570480928689884
GCN_Optimised,0,2,128,128,1e-05,0.1,0.5247374239911553
GCN_Optimised,0,2,128,128,1e-05,0.2,0.5243228302929794
GCN_Optimised,0,2,128,128,1e-05,0.3,0.5244610281923714
GCN_Optimised,0,2,128,128,1e-05,0.4,0.5251520176893311
GCN_Optimised,0,2,128,128,1e-05,0.5,0.5245992260917633
GCN_Optimised,0,2,128,256,0.001,0.1,0.5891376451077944
GCN_Optimised,0,2,128,256,0.001,0.2,0.5891376451077943
GCN_Optimised,0,2,128,256,0.001,0.3,0.5894140409065782
GCN_Optimised,0,2,128,256,0.001,0.4,0.5888612493090105
GCN_Optimised,0,2,128,256,0.001,0.5,0.5880320619126589
GCN_Optimised,0,2,128,256,0.0001,0.1,0.5811221669430624
GCN_Optimised,0,2,128,256,0.0001,0.2,0.5818131564400222
GCN_Optimised,0,2,128,256,0.0001,0.3,0.5823659480375898
GCN_Optimised,0,2,128,256,0.0001,0.4,0.5816749585406302
GCN_Optimised,0,2,128,256,0.0001,0.5,0.5829187396351576
GCN_Optimised,0,2,128,256,1e-05,0.1,0.4223327805417358
GCN_Optimised,0,2,128,256,1e-05,0.2,0.42371475953565507
GCN_Optimised,0,2,128,256,1e-05,0.3,0.42371475953565507
GCN_Optimised,0,2,128,256,1e-05,0.4,0.4235765616362631
GCN_Optimised,0,2,128,256,1e-05,0.5,0.4224709784411277
GCN_Optimised,0,3,32,64,0.001,0.1,0.6721945826423439
GCN_Optimised,0,3,32,64,0.001,0.2,0.6705362078496406
GCN_Optimised,0,3,32,64,0.001,0.3,0.6741293532338308
GCN_Optimised,0,3,32,64,0.001,0.4,0.6759259259259259
GCN_Optimised,0,3,32,64,0.001,0.5,0.6831122166943062
GCN_Optimised,0,3,32,64,0.0001,0.1,0.6800718629076837
GCN_Optimised,0,3,32,64,0.0001,0.2,0.6803482587064676
GCN_Optimised,0,3,32,64,0.0001,0.3,0.6799336650082918
GCN_Optimised,0,3,32,64,0.0001,0.4,0.6813156440022112
GCN_Optimised,0,3,32,64,0.0001,0.5,0.6807628524046434
GCN_Optimised,0,3,32,64,1e-05,0.1,0.4897733554449972
GCN_Optimised,0,3,32,64,1e-05,0.2,0.49004975124378114
GCN_Optimised,0,3,32,64,1e-05,0.3,0.4897733554449972
GCN_Optimised,0,3,32,64,1e-05,0.4,0.4894969596462134
GCN_Optimised,0,3,32,64,1e-05,0.5,0.48825317855168604
GCN_Optimised,0,3,32,128,0.001,0.1,0.6655610834715313
GCN_Optimised,0,3,32,128,0.001,0.2,0.6658374792703151
GCN_Optimised,0,3,32,128,0.001,0.3,0.6666666666666666
GCN_Optimised,0,3,32,128,0.001,0.4,0.6625207296849088
GCN_Optimised,0,3,32,128,0.001,0.5,0.6662520729684908
GCN_Optimised,0,3,32,128,0.0001,0.1,0.679519071310116
GCN_Optimised,0,3,32,128,0.0001,0.2,0.6774461028192371
GCN_Optimised,0,3,32,128,0.0001,0.3,0.6756495301271421
GCN_Optimised,0,3,32,128,0.0001,0.4,0.6775843007186292
GCN_Optimised,0,3,32,128,0.0001,0.5,0.681730237700387
GCN_Optimised,0,3,32,128,1e-05,0.1,0.6126312880044222
GCN_Optimised,0,3,32,128,1e-05,0.2,0.6130458817025981
GCN_Optimised,0,3,32,128,1e-05,0.3,0.6127694859038141
GCN_Optimised,0,3,32,128,1e-05,0.4,0.613045881702598
GCN_Optimised,0,3,32,128,1e-05,0.5,0.6113875069098949
GCN_Optimised,0,3,32,256,0.001,0.1,0.6813156440022112
GCN_Optimised,0,3,32,256,0.001,0.2,0.6865671641791045
GCN_Optimised,0,3,32,256,0.001,0.3,0.6835268103924821
GCN_Optimised,0,3,32,256,0.001,0.4,0.6810392482034273
GCN_Optimised,0,3,32,256,0.001,0.5,0.65616362631288
GCN_Optimised,0,3,32,256,0.0001,0.1,0.6560254284134881
GCN_Optimised,0,3,32,256,0.0001,0.2,0.654090657822001
GCN_Optimised,0,3,32,256,0.0001,0.3,0.6489773355444997
GCN_Optimised,0,3,32,256,0.0001,0.4,0.6531232725262577
GCN_Optimised,0,3,32,256,0.0001,0.5,0.6546434494195688
GCN_Optimised,0,3,32,256,1e-05,0.1,0.43891652846876733
GCN_Optimised,0,3,32,256,1e-05,0.2,0.43960751796572695
GCN_Optimised,0,3,32,256,1e-05,0.3,0.44043670536207846
GCN_Optimised,0,3,32,256,1e-05,0.4,0.4501105583195135
GCN_Optimised,0,3,32,256,1e-05,0.5,0.44748479823106685
GCN_Optimised,0,3,64,64,0.001,0.1,0.6637645107794362
GCN_Optimised,0,3,64,64,0.001,0.2,0.6654228855721394
GCN_Optimised,0,3,64,64,0.001,0.3,0.6663902708678828
GCN_Optimised,0,3,64,64,0.001,0.4,0.6651464897733554
GCN_Optimised,0,3,64,64,0.001,0.5,0.6656992813709232
GCN_Optimised,0,3,64,64,0.0001,0.1,0.6785516860143725
GCN_Optimised,0,3,64,64,0.0001,0.2,0.6782752902155887
GCN_Optimised,0,3,64,64,0.0001,0.3,0.6806246545052514
GCN_Optimised,0,3,64,64,0.0001,0.4,0.6839414040906578
GCN_Optimised,0,3,64,64,0.0001,0.5,0.6809010503040354
GCN_Optimised,0,3,64,64,1e-05,0.1,0.46600331674958545
GCN_Optimised,0,3,64,64,1e-05,0.2,0.4668325041459371
GCN_Optimised,0,3,64,64,1e-05,0.3,0.4662797125483693
GCN_Optimised,0,3,64,64,1e-05,0.4,0.46655610834715305
GCN_Optimised,0,3,64,64,1e-05,0.5,0.4664179104477612
GCN_Optimised,0,3,64,128,0.001,0.1,0.673576561636263
GCN_Optimised,0,3,64,128,0.001,0.2,0.6699834162520729
GCN_Optimised,0,3,64,128,0.001,0.3,0.6684632393587617
GCN_Optimised,0,3,64,128,0.001,0.4,0.6643173023770039
GCN_Optimised,0,3,64,128,0.001,0.5,0.66404090657822
GCN_Optimised,0,3,64,128,0.0001,0.1,0.6753731343283582
GCN_Optimised,0,3,64,128,0.0001,0.2,0.6759259259259259
GCN_Optimised,0,3,64,128,0.0001,0.3,0.6767551133222774
GCN_Optimised,0,3,64,128,0.0001,0.4,0.6759259259259259
GCN_Optimised,0,3,64,128,0.0001,0.5,0.6766169154228855
GCN_Optimised,0,3,64,128,1e-05,0.1,0.597844112769486
GCN_Optimised,0,3,64,128,1e-05,0.2,0.5982587064676617
GCN_Optimised,0,3,64,128,1e-05,0.3,0.5982587064676617
GCN_Optimised,0,3,64,128,1e-05,0.4,0.5979823106688777
GCN_Optimised,0,3,64,128,1e-05,0.5,0.597844112769486
GCN_Optimised,0,3,64,256,0.001,0.1,0.6644555002763959
GCN_Optimised,0,3,64,256,0.001,0.2,0.6637645107794361
GCN_Optimised,0,3,64,256,0.001,0.3,0.6608623548922057
GCN_Optimised,0,3,64,256,0.001,0.4,0.659894969596462
GCN_Optimised,0,3,64,256,0.001,0.5,0.6634881149806523
GCN_Optimised,0,3,64,256,0.0001,0.1,0.6633499170812603
GCN_Optimised,0,3,64,256,0.0001,0.2,0.6630735212824764
GCN_Optimised,0,3,64,256,0.0001,0.3,0.6626589275843007
GCN_Optimised,0,3,64,256,0.0001,0.4,0.6630735212824764
GCN_Optimised,0,3,64,256,0.0001,0.5,0.6633499170812603
GCN_Optimised,0,3,64,256,1e-05,0.1,0.39648977335544505
GCN_Optimised,0,3,64,256,1e-05,0.2,0.39621337755666114
GCN_Optimised,0,3,64,256,1e-05,0.3,0.3960751796572692
GCN_Optimised,0,3,64,256,1e-05,0.4,0.39621337755666114
GCN_Optimised,0,3,64,256,1e-05,0.5,0.3962133775566612
GCN_Optimised,0,3,128,64,0.001,0.1,0.6673576561636264
GCN_Optimised,0,3,128,64,0.001,0.2,0.6647318960751797
GCN_Optimised,0,3,128,64,0.001,0.3,0.6666666666666666
GCN_Optimised,0,3,128,64,0.001,0.4,0.6644555002763958
GCN_Optimised,0,3,128,64,0.001,0.5,0.6670812603648425
GCN_Optimised,0,3,128,64,0.0001,0.1,0.65616362631288
GCN_Optimised,0,3,128,64,0.0001,0.2,0.6563709231619679
GCN_Optimised,0,3,128,64,0.0001,0.3,0.6622443338861249
GCN_Optimised,0,3,128,64,0.0001,0.4,0.656301824212272
GCN_Optimised,0,3,128,64,0.0001,0.5,0.6619679380873411
GCN_Optimised,0,3,128,64,1e-05,0.1,0.4553620784964069
GCN_Optimised,0,3,128,64,1e-05,0.2,0.45536207849640686
GCN_Optimised,0,3,128,64,1e-05,0.3,0.45536207849640686
GCN_Optimised,0,3,128,64,1e-05,0.4,0.4556384742951907
GCN_Optimised,0,3,128,64,1e-05,0.5,0.45619126589275844
GCN_Optimised,0,3,128,128,0.001,0.1,0.6749585406301826
GCN_Optimised,0,3,128,128,0.001,0.2,0.6723327805417358
GCN_Optimised,0,3,128,128,0.001,0.3,0.6717799889441681
GCN_Optimised,0,3,128,128,0.001,0.4,0.6706744057490327
GCN_Optimised,0,3,128,128,0.001,0.5,0.6719181868435601
GCN_Optimised,0,3,128,128,0.0001,0.1,0.6708126036484244
GCN_Optimised,0,3,128,128,0.0001,0.2,0.6636263128800441
GCN_Optimised,0,3,128,128,0.0001,0.3,0.6596185737976783
GCN_Optimised,0,3,128,128,0.0001,0.4,0.6593421779988943
GCN_Optimised,0,3,128,128,0.0001,0.5,0.6587893864013266
GCN_Optimised,0,3,128,128,1e-05,0.1,0.5902432283029297
GCN_Optimised,0,3,128,128,1e-05,0.2,0.5902432283029297
GCN_Optimised,0,3,128,128,1e-05,0.3,0.5903814262023217
GCN_Optimised,0,3,128,128,1e-05,0.4,0.5901050304035378
GCN_Optimised,0,3,128,128,1e-05,0.5,0.5902432283029297
GCN_Optimised,0,3,128,256,0.001,0.1,0.6572692095080155
GCN_Optimised,0,3,128,256,0.001,0.2,0.6586511885019346
GCN_Optimised,0,3,128,256,0.001,0.3,0.658098396904367
GCN_Optimised,0,3,128,256,0.001,0.4,0.6520176893311221
GCN_Optimised,0,3,128,256,0.001,0.5,0.652294085129906
GCN_Optimised,0,3,128,256,0.0001,0.1,0.6699834162520729
GCN_Optimised,0,3,128,256,0.0001,0.2,0.6702598120508569
GCN_Optimised,0,3,128,256,0.0001,0.3,0.6687396351575456
GCN_Optimised,0,3,128,256,0.0001,0.4,0.6684632393587616
GCN_Optimised,0,3,128,256,0.0001,0.5,0.6690160309563294
GCN_Optimised,0,3,128,256,1e-05,0.1,0.37271973466003316
GCN_Optimised,0,3,128,256,1e-05,0.2,0.34563294637921504
GCN_Optimised,0,3,128,256,1e-05,0.3,0.34577114427860695
GCN_Optimised,0,3,128,256,1e-05,0.4,0.34577114427860695
GCN_Optimised,0,3,128,256,1e-05,0.5,0.34549474847982303
GCN_Optimised,0,4,32,64,0.001,0.1,0.6833886124930901
GCN_Optimised,0,4,32,64,0.001,0.2,0.685046987285793
GCN_Optimised,0,4,32,64,0.001,0.3,0.6817302377003869
GCN_Optimised,0,4,32,64,0.001,0.4,0.6861525704809286
GCN_Optimised,0,4,32,64,0.001,0.5,0.6853233830845771
GCN_Optimised,0,4,32,64,0.0001,0.1,0.6779988944168048
GCN_Optimised,0,4,32,64,0.0001,0.2,0.6788280818131566
GCN_Optimised,0,4,32,64,0.0001,0.3,0.6799336650082919
GCN_Optimised,0,4,32,64,0.0001,0.4,0.6797954671088998
GCN_Optimised,0,4,32,64,0.0001,0.5,0.6799336650082919
GCN_Optimised,0,4,32,64,1e-05,0.1,0.46102819237147596
GCN_Optimised,0,4,32,64,1e-05,0.2,0.46185737976782754
GCN_Optimised,0,4,32,64,1e-05,0.3,0.4611663902708678
GCN_Optimised,0,4,32,64,1e-05,0.4,0.45950801547816467
GCN_Optimised,0,4,32,64,1e-05,0.5,0.4639303482587064
GCN_Optimised,0,4,32,128,0.001,0.1,0.6686014372581537
GCN_Optimised,0,4,32,128,0.001,0.2,0.6705362078496407
GCN_Optimised,0,4,32,128,0.001,0.3,0.6726091763405196
GCN_Optimised,0,4,32,128,0.001,0.4,0.6731619679380874
GCN_Optimised,0,4,32,128,0.001,0.5,0.6694306246545053
GCN_Optimised,0,4,32,128,0.0001,0.1,0.6771697070204532
GCN_Optimised,0,4,32,128,0.0001,0.2,0.6779988944168048
GCN_Optimised,0,4,32,128,0.0001,0.3,0.6781370923161969
GCN_Optimised,0,4,32,128,0.0001,0.4,0.6755113322277502
GCN_Optimised,0,4,32,128,0.0001,0.5,0.6784134881149807
GCN_Optimised,0,4,32,128,1e-05,0.1,0.6234107241569928
GCN_Optimised,0,4,32,128,1e-05,0.2,0.6232725262576009
GCN_Optimised,0,4,32,128,1e-05,0.3,0.6231343283582089
GCN_Optimised,0,4,32,128,1e-05,0.4,0.6218905472636815
GCN_Optimised,0,4,32,128,1e-05,0.5,0.6205085682697623
GCN_Optimised,0,4,32,256,0.001,0.1,0.6763405196241017
GCN_Optimised,0,4,32,256,0.001,0.2,0.6737147595356551
GCN_Optimised,0,4,32,256,0.001,0.3,0.6708126036484245
GCN_Optimised,0,4,32,256,0.001,0.4,0.6750967385295743
GCN_Optimised,0,4,32,256,0.001,0.5,0.6679104477611941
GCN_Optimised,0,4,32,256,0.0001,0.1,0.6768933112216694
GCN_Optimised,0,4,32,256,0.0001,0.2,0.6733001658374793
GCN_Optimised,0,4,32,256,0.0001,0.3,0.6739911553344389
GCN_Optimised,0,4,32,256,0.0001,0.4,0.6735765616362631
GCN_Optimised,0,4,32,256,0.0001,0.5,0.6745439469320067
GCN_Optimised,0,4,32,256,1e-05,0.1,0.5251520176893313
GCN_Optimised,0,4,32,256,1e-05,0.2,0.5157545605306799
GCN_Optimised,0,4,32,256,1e-05,0.3,0.5168601437258153
GCN_Optimised,0,4,32,256,1e-05,0.4,0.5168601437258155
GCN_Optimised,0,4,32,256,1e-05,0.5,0.5167219458264235
GCN_Optimised,0,4,64,64,0.001,0.1,0.677860696517413
GCN_Optimised,0,4,64,64,0.001,0.2,0.6771697070204532
GCN_Optimised,0,4,64,64,0.001,0.3,0.6786898839137644
GCN_Optimised,0,4,64,64,0.001,0.4,0.6789662797125483
GCN_Optimised,0,4,64,64,0.001,0.5,0.6786898839137645
GCN_Optimised,0,4,64,64,0.0001,0.1,0.675787728026534
GCN_Optimised,0,4,64,64,0.0001,0.2,0.6744057490326146
GCN_Optimised,0,4,64,64,0.0001,0.3,0.6738529574350469
GCN_Optimised,0,4,64,64,0.0001,0.4,0.6712271973466003
GCN_Optimised,0,4,64,64,0.0001,0.5,0.6713653952459923
GCN_Optimised,0,4,64,64,1e-05,0.1,0.44195688225538976
GCN_Optimised,0,4,64,64,1e-05,0.2,0.4426478717523493
GCN_Optimised,0,4,64,64,1e-05,0.3,0.44292426755113323
GCN_Optimised,0,4,64,64,1e-05,0.4,0.44320066334991715
GCN_Optimised,0,4,64,64,1e-05,0.5,0.44402985074626866
GCN_Optimised,0,4,64,128,0.001,0.1,0.6739911553344389
GCN_Optimised,0,4,64,128,0.001,0.2,0.6748203427307905
GCN_Optimised,0,4,64,128,0.001,0.3,0.6744057490326147
GCN_Optimised,0,4,64,128,0.001,0.4,0.6726091763405198
GCN_Optimised,0,4,64,128,0.001,0.5,0.6753731343283582
GCN_Optimised,0,4,64,128,0.0001,0.1,0.677584300718629
GCN_Optimised,0,4,64,128,0.0001,0.2,0.679657269209508
GCN_Optimised,0,4,64,128,0.0001,0.3,0.6806246545052516
GCN_Optimised,0,4,64,128,0.0001,0.4,0.6774461028192371
GCN_Optimised,0,4,64,128,0.0001,0.5,0.6822830292979547
GCN_Optimised,0,4,64,128,1e-05,0.1,0.6055831951354339
GCN_Optimised,0,4,64,128,1e-05,0.2,0.6053067993366501
GCN_Optimised,0,4,64,128,1e-05,0.3,0.6050304035378662
GCN_Optimised,0,4,64,128,1e-05,0.4,0.6051686014372581
GCN_Optimised,0,4,64,128,1e-05,0.5,0.6050304035378662
GCN_Optimised,0,4,64,256,0.001,0.1,0.6721945826423439
GCN_Optimised,0,4,64,256,0.001,0.2,0.6744057490326147
GCN_Optimised,0,4,64,256,0.001,0.3,0.6728855721393036
GCN_Optimised,0,4,64,256,0.001,0.4,0.6684632393587618
GCN_Optimised,0,4,64,256,0.001,0.5,0.6721945826423439
GCN_Optimised,0,4,64,256,0.0001,0.1,0.6843559977888336
GCN_Optimised,0,4,64,256,0.0001,0.2,0.6844941956882256
GCN_Optimised,0,4,64,256,0.0001,0.3,0.6844941956882256
GCN_Optimised,0,4,64,256,0.0001,0.4,0.6817302377003871
GCN_Optimised,0,4,64,256,0.0001,0.5,0.6807628524046435
GCN_Optimised,0,4,64,256,1e-05,0.1,0.4528745163073521
GCN_Optimised,0,4,64,256,1e-05,0.2,0.4527363184079602
GCN_Optimised,0,4,64,256,1e-05,0.3,0.4527363184079602
GCN_Optimised,0,4,64,256,1e-05,0.4,0.4527363184079602
GCN_Optimised,0,4,64,256,1e-05,0.5,0.45356550580431176
GCN_Optimised,0,4,128,64,0.001,0.1,0.6825594250967385
GCN_Optimised,0,4,128,64,0.001,0.2,0.6871199557766722
GCN_Optimised,0,4,128,64,0.001,0.3,0.6832504145936982
GCN_Optimised,0,4,128,64,0.001,0.4,0.6839414040906578
GCN_Optimised,0,4,128,64,0.001,0.5,0.6788280818131565
GCN_Optimised,0,4,128,64,0.0001,0.1,0.6482863460475401
GCN_Optimised,0,4,128,64,0.0001,0.2,0.6451077943615258
GCN_Optimised,0,4,128,64,0.0001,0.3,0.6456605859590934
GCN_Optimised,0,4,128,64,0.0001,0.4,0.6359867330016583
GCN_Optimised,0,4,128,64,0.0001,0.5,0.6355721393034826
GCN_Optimised,0,4,128,64,1e-05,0.1,0.4369817578772802
GCN_Optimised,0,4,128,64,1e-05,0.2,0.43725815367606413
GCN_Optimised,0,4,128,64,1e-05,0.3,0.43725815367606413
GCN_Optimised,0,4,128,64,1e-05,0.4,0.4362907683803206
GCN_Optimised,0,4,128,64,1e-05,0.5,0.4367053620784964
GCN_Optimised,0,4,128,128,0.001,0.1,0.6709508015478165
GCN_Optimised,0,4,128,128,0.001,0.2,0.6728855721393034
GCN_Optimised,0,4,128,128,0.001,0.3,0.6723327805417358
GCN_Optimised,0,4,128,128,0.001,0.4,0.6726091763405195
GCN_Optimised,0,4,128,128,0.001,0.5,0.6726091763405196
GCN_Optimised,0,4,128,128,0.0001,0.1,0.6623825317855168
GCN_Optimised,0,4,128,128,0.0001,0.2,0.6633499170812603
GCN_Optimised,0,4,128,128,0.0001,0.3,0.662106135986733
GCN_Optimised,0,4,128,128,0.0001,0.4,0.662106135986733
GCN_Optimised,0,4,128,128,0.0001,0.5,0.6610005527915975
GCN_Optimised,0,4,128,128,1e-05,0.1,0.5967385295743505
GCN_Optimised,0,4,128,128,1e-05,0.2,0.5967385295743504
GCN_Optimised,0,4,128,128,1e-05,0.3,0.5968767274737423
GCN_Optimised,0,4,128,128,1e-05,0.4,0.5968767274737423
GCN_Optimised,0,4,128,128,1e-05,0.5,0.5967385295743504
GCN_Optimised,0,4,128,256,0.001,0.1,0.6712271973466003
GCN_Optimised,0,4,128,256,0.001,0.2,0.6731619679380874
GCN_Optimised,0,4,128,256,0.001,0.3,0.673852957435047
GCN_Optimised,0,4,128,256,0.001,0.4,0.675787728026534
GCN_Optimised,0,4,128,256,0.001,0.5,0.6762023217247097
GCN_Optimised,0,4,128,256,0.0001,0.1,0.6586511885019347
GCN_Optimised,0,4,128,256,0.0001,0.2,0.6564400221116639
GCN_Optimised,0,4,128,256,0.0001,0.3,0.656301824212272
GCN_Optimised,0,4,128,256,0.0001,0.4,0.65616362631288
GCN_Optimised,0,4,128,256,0.0001,0.5,0.6553344389165284
GCN_Optimised,0,4,128,256,1e-05,0.1,0.40105030403537867
GCN_Optimised,0,4,128,256,1e-05,0.2,0.4011885019347706
GCN_Optimised,0,4,128,256,1e-05,0.3,0.4011885019347706
GCN_Optimised,0,4,128,256,1e-05,0.4,0.4089275843007186
GCN_Optimised,0,4,128,256,1e-05,0.5,0.40049751243781095
GCN_Optimised,1,0,32,64,0.001,0.1,0.6738949124270226
GCN_Optimised,1,0,32,64,0.001,0.2,0.6733388935223799
GCN_Optimised,1,0,32,64,0.001,0.3,0.674172921879344
GCN_Optimised,1,0,32,64,0.001,0.4,0.6729218793438977
GCN_Optimised,1,0,32,64,0.001,0.5,0.6812621629135391
GCN_Optimised,1,0,32,64,0.0001,0.1,0.6836252432582708
GCN_Optimised,1,0,32,64,0.0001,0.2,0.6844592716152349
GCN_Optimised,1,0,32,64,0.0001,0.3,0.6833472338059494
GCN_Optimised,1,0,32,64,0.0001,0.4,0.6834862385321101
GCN_Optimised,1,0,32,64,0.0001,0.5,0.6855713094245204
GCN_Optimised,1,0,32,64,1e-05,0.1,0.5218237420072283
GCN_Optimised,1,0,32,64,1e-05,0.2,0.5204336947456214
GCN_Optimised,1,0,32,64,1e-05,0.3,0.5190436474840145
GCN_Optimised,1,0,32,64,1e-05,0.4,0.5164025576869613
GCN_Optimised,1,0,32,64,1e-05,0.5,0.5150125104253545
GCN_Optimised,1,0,32,128,0.001,0.1,0.6811231581873785
GCN_Optimised,1,0,32,128,0.001,0.2,0.6836252432582708
GCN_Optimised,1,0,32,128,0.001,0.3,0.6801501251042535
GCN_Optimised,1,0,32,128,0.001,0.4,0.6829302196274674
GCN_Optimised,1,0,32,128,0.001,0.5,0.6834862385321101
GCN_Optimised,1,0,32,128,0.0001,0.1,0.6979427300528218
GCN_Optimised,1,0,32,128,0.0001,0.2,0.6971087016958577
GCN_Optimised,1,0,32,128,0.0001,0.3,0.6964136780650543
GCN_Optimised,1,0,32,128,0.0001,0.4,0.6972477064220184
GCN_Optimised,1,0,32,128,0.0001,0.5,0.6979427300528218
GCN_Optimised,1,0,32,128,1e-05,0.1,0.6196830692243537
GCN_Optimised,1,0,32,128,1e-05,0.2,0.6185710314150682
GCN_Optimised,1,0,32,128,1e-05,0.3,0.6170419794273005
GCN_Optimised,1,0,32,128,1e-05,0.4,0.615929941618015
GCN_Optimised,1,0,32,128,1e-05,0.5,0.6144008896302474
GCN_Optimised,1,0,32,256,0.001,0.1,0.6759799833194329
GCN_Optimised,1,0,32,256,0.001,0.2,0.6737559077008619
GCN_Optimised,1,0,32,256,0.001,0.3,0.6801501251042537
GCN_Optimised,1,0,32,256,0.001,0.4,0.6763969974979149
GCN_Optimised,1,0,32,256,0.001,0.5,0.676814011676397
GCN_Optimised,1,0,32,256,0.0001,0.1,0.6704197942730054
GCN_Optimised,1,0,32,256,0.0001,0.2,0.668334723380595
GCN_Optimised,1,0,32,256,0.0001,0.3,0.6673616902974701
GCN_Optimised,1,0,32,256,0.0001,0.4,0.6665276619405059
GCN_Optimised,1,0,32,256,0.0001,0.5,0.667917709202113
GCN_Optimised,1,0,32,256,1e-05,0.1,0.4339727550736725
GCN_Optimised,1,0,32,256,1e-05,0.2,0.42924659438420915
GCN_Optimised,1,0,32,256,1e-05,0.3,0.42924659438420915
GCN_Optimised,1,0,32,256,1e-05,0.4,0.4252154573255491
GCN_Optimised,1,0,32,256,1e-05,0.5,0.42104531554072844
GCN_Optimised,1,0,64,64,0.001,0.1,0.6744509313316652
GCN_Optimised,1,0,64,64,0.001,0.2,0.6731998887962191
GCN_Optimised,1,0,64,64,0.001,0.3,0.6744509313316653
GCN_Optimised,1,0,64,64,0.001,0.4,0.6779260494856825
GCN_Optimised,1,0,64,64,0.001,0.5,0.6748679455101474
GCN_Optimised,1,0,64,64,0.0001,0.1,0.6773700305810397
GCN_Optimised,1,0,64,64,0.0001,0.2,0.6755629691409509
GCN_Optimised,1,0,64,64,0.0001,0.3,0.6759799833194329
GCN_Optimised,1,0,64,64,0.0001,0.4,0.6762579927717542
GCN_Optimised,1,0,64,64,0.0001,0.5,0.6779260494856826
GCN_Optimised,1,0,64,64,1e-05,0.1,0.49972199054767863
GCN_Optimised,1,0,64,64,1e-05,0.2,0.4993049763691966
GCN_Optimised,1,0,64,64,1e-05,0.3,0.49958298582151794
GCN_Optimised,1,0,64,64,1e-05,0.4,0.49819293855991104
GCN_Optimised,1,0,64,64,1e-05,0.5,0.5011120378092855
GCN_Optimised,1,0,64,128,0.001,0.1,0.682652210175146
GCN_Optimised,1,0,64,128,0.001,0.2,0.6827912149013067
GCN_Optimised,1,0,64,128,0.001,0.3,0.6801501251042535
GCN_Optimised,1,0,64,128,0.001,0.4,0.6809841534612178
GCN_Optimised,1,0,64,128,0.001,0.5,0.6823742007228246
GCN_Optimised,1,0,64,128,0.0001,0.1,0.6915485126494301
GCN_Optimised,1,0,64,128,0.0001,0.2,0.6922435362802335
GCN_Optimised,1,0,64,128,0.0001,0.3,0.6901584653878232
GCN_Optimised,1,0,64,128,0.0001,0.4,0.6908534890186266
GCN_Optimised,1,0,64,128,0.0001,0.5,0.6926605504587156
GCN_Optimised,1,0,64,128,1e-05,0.1,0.5952182374200723
GCN_Optimised,1,0,64,128,1e-05,0.2,0.5945232137892689
GCN_Optimised,1,0,64,128,1e-05,0.3,0.5941061996107868
GCN_Optimised,1,0,64,128,1e-05,0.4,0.5934111759799834
GCN_Optimised,1,0,64,128,1e-05,0.5,0.5934111759799833
GCN_Optimised,1,0,64,256,0.001,0.1,0.6855713094245205
GCN_Optimised,1,0,64,256,0.001,0.2,0.6852932999721991
GCN_Optimised,1,0,64,256,0.001,0.3,0.6869613566861275
GCN_Optimised,1,0,64,256,0.001,0.4,0.6837642479844315
GCN_Optimised,1,0,64,256,0.001,0.5,0.6827912149013068
GCN_Optimised,1,0,64,256,0.0001,0.1,0.6620795107033639
GCN_Optimised,1,0,64,256,0.0001,0.2,0.6605504587155964
GCN_Optimised,1,0,64,256,0.0001,0.3,0.6649986099527384
GCN_Optimised,1,0,64,256,0.0001,0.4,0.6630525437864887
GCN_Optimised,1,0,64,256,0.0001,0.5,0.6668056713928275
GCN_Optimised,1,0,64,256,1e-05,0.1,0.3479288295802057
GCN_Optimised,1,0,64,256,1e-05,0.2,0.34792882958020577
GCN_Optimised,1,0,64,256,1e-05,0.3,0.3557130942452043
GCN_Optimised,1,0,64,256,1e-05,0.4,0.347789824854045
GCN_Optimised,1,0,64,256,1e-05,0.5,0.35237698081734775
GCN_Optimised,1,0,128,64,0.001,0.1,0.6579093689185433
GCN_Optimised,1,0,128,64,0.001,0.2,0.6570753405615791
GCN_Optimised,1,0,128,64,0.001,0.3,0.6573533500139004
GCN_Optimised,1,0,128,64,0.001,0.4,0.6527661940505978
GCN_Optimised,1,0,128,64,0.001,0.5,0.6512371420628302
GCN_Optimised,1,0,128,64,0.0001,0.1,0.651793160967473
GCN_Optimised,1,0,128,64,0.0001,0.2,0.649013066444259
GCN_Optimised,1,0,128,64,0.0001,0.3,0.6483180428134556
GCN_Optimised,1,0,128,64,0.0001,0.4,0.6410897970530999
GCN_Optimised,1,0,128,64,0.0001,0.5,0.6401167639699751
GCN_Optimised,1,0,128,64,1e-05,0.1,0.49499582985821516
GCN_Optimised,1,0,128,64,1e-05,0.2,0.4887406171809842
GCN_Optimised,1,0,128,64,1e-05,0.3,0.49013066444259107
GCN_Optimised,1,0,128,64,1e-05,0.4,0.48665554628857377
GCN_Optimised,1,0,128,64,1e-05,0.5,0.4886016124548235
GCN_Optimised,1,0,128,128,0.001,0.1,0.6845982763413956
GCN_Optimised,1,0,128,128,0.001,0.2,0.6862663330553239
GCN_Optimised,1,0,128,128,0.001,0.3,0.6848762857937171
GCN_Optimised,1,0,128,128,0.001,0.4,0.6843202668890742
GCN_Optimised,1,0,128,128,0.001,0.5,0.6858493188768418
GCN_Optimised,1,0,128,128,0.0001,0.1,0.6857103141506811
GCN_Optimised,1,0,128,128,0.0001,0.2,0.6859883236030025
GCN_Optimised,1,0,128,128,0.0001,0.3,0.6861273283291631
GCN_Optimised,1,0,128,128,0.0001,0.4,0.6679177092021129
GCN_Optimised,1,0,128,128,0.0001,0.5,0.6819571865443426
GCN_Optimised,1,0,128,128,1e-05,0.1,0.5836808451487352
GCN_Optimised,1,0,128,128,1e-05,0.2,0.5838198498748959
GCN_Optimised,1,0,128,128,1e-05,0.3,0.5839588546010565
GCN_Optimised,1,0,128,128,1e-05,0.4,0.5836808451487351
GCN_Optimised,1,0,128,128,1e-05,0.5,0.583263830970253
GCN_Optimised,1,0,128,256,0.001,0.1,0.6715318320822908
GCN_Optimised,1,0,128,256,0.001,0.2,0.6698637753683626
GCN_Optimised,1,0,128,256,0.001,0.3,0.6738949124270226
GCN_Optimised,1,0,128,256,0.001,0.4,0.6736169029747012
GCN_Optimised,1,0,128,256,0.001,0.5,0.671948846260773
GCN_Optimised,1,0,128,256,0.0001,0.1,0.6309424520433695
GCN_Optimised,1,0,128,256,0.0001,0.2,0.6305254378648875
GCN_Optimised,1,0,128,256,0.0001,0.3,0.6313594662218516
GCN_Optimised,1,0,128,256,0.0001,0.4,0.632054489852655
GCN_Optimised,1,0,128,256,0.0001,0.5,0.6273283291631917
GCN_Optimised,1,0,128,256,1e-05,0.1,0.32707812065610237
GCN_Optimised,1,0,128,256,1e-05,0.2,0.32721712538226305
GCN_Optimised,1,0,128,256,1e-05,0.3,0.3279121490130664
GCN_Optimised,1,0,128,256,1e-05,0.4,0.32819015846538785
GCN_Optimised,1,0,128,256,1e-05,0.5,0.3274951348345844
GCN_Optimised,1,1,32,64,0.001,0.1,0.546149569085349
GCN_Optimised,1,1,32,64,0.001,0.2,0.5448985265499027
GCN_Optimised,1,1,32,64,0.001,0.3,0.54837364470392
GCN_Optimised,1,1,32,64,0.001,0.4,0.5914651098137337
GCN_Optimised,1,1,32,64,0.001,0.5,0.5521267723102586
GCN_Optimised,1,1,32,64,0.0001,0.1,0.6199610786766749
GCN_Optimised,1,1,32,64,0.0001,0.2,0.6199610786766749
GCN_Optimised,1,1,32,64,0.0001,0.3,0.6187100361412288
GCN_Optimised,1,1,32,64,0.0001,0.4,0.6178760077842647
GCN_Optimised,1,1,32,64,0.0001,0.5,0.6171809841534612
GCN_Optimised,1,1,32,64,1e-05,0.1,0.5450375312760634
GCN_Optimised,1,1,32,64,1e-05,0.2,0.5439254934667779
GCN_Optimised,1,1,32,64,1e-05,0.3,0.5446205170975813
GCN_Optimised,1,1,32,64,1e-05,0.4,0.5446205170975813
GCN_Optimised,1,1,32,64,1e-05,0.5,0.5447595218237421
GCN_Optimised,1,1,32,128,0.001,0.1,0.5581039755351682
GCN_Optimised,1,1,32,128,0.001,0.2,0.5614400889630248
GCN_Optimised,1,1,32,128,0.001,0.3,0.5567139282735614
GCN_Optimised,1,1,32,128,0.001,0.4,0.5554628857381152
GCN_Optimised,1,1,32,128,0.001,0.5,0.5710314150681123
GCN_Optimised,1,1,32,128,0.0001,0.1,0.6048095635251599
GCN_Optimised,1,1,32,128,0.0001,0.2,0.6050875729774813
GCN_Optimised,1,1,32,128,0.0001,0.3,0.6060606060606061
GCN_Optimised,1,1,32,128,0.0001,0.4,0.6093967194884626
GCN_Optimised,1,1,32,128,0.0001,0.5,0.607450653322213
GCN_Optimised,1,1,32,128,1e-05,0.1,0.5961912705031971
GCN_Optimised,1,1,32,128,1e-05,0.2,0.5960522657770365
GCN_Optimised,1,1,32,128,1e-05,0.3,0.5956352515985543
GCN_Optimised,1,1,32,128,1e-05,0.4,0.595357242146233
GCN_Optimised,1,1,32,128,1e-05,0.5,0.595357242146233
GCN_Optimised,1,1,32,256,0.001,0.1,0.5469835974423131
GCN_Optimised,1,1,32,256,0.001,0.2,0.5461495690853491
GCN_Optimised,1,1,32,256,0.001,0.3,0.5443425076452598
GCN_Optimised,1,1,32,256,0.001,0.4,0.5501807061440088
GCN_Optimised,1,1,32,256,0.001,0.5,0.5454545454545454
GCN_Optimised,1,1,32,256,0.0001,0.1,0.5560189046427579
GCN_Optimised,1,1,32,256,0.0001,0.2,0.5556018904642758
GCN_Optimised,1,1,32,256,0.0001,0.3,0.5556018904642758
GCN_Optimised,1,1,32,256,0.0001,0.4,0.5565749235474007
GCN_Optimised,1,1,32,256,0.0001,0.5,0.5562969140950793
GCN_Optimised,1,1,32,256,1e-05,0.1,0.4958298582151793
GCN_Optimised,1,1,32,256,1e-05,0.2,0.4940227967750904
GCN_Optimised,1,1,32,256,1e-05,0.3,0.4952738393105366
GCN_Optimised,1,1,32,256,1e-05,0.4,0.4956908534890187
GCN_Optimised,1,1,32,256,1e-05,0.5,0.4961078676675007
GCN_Optimised,1,1,64,64,0.001,0.1,0.5565749235474006
GCN_Optimised,1,1,64,64,0.001,0.2,0.5565749235474007
GCN_Optimised,1,1,64,64,0.001,0.3,0.5557408951904366
GCN_Optimised,1,1,64,64,0.001,0.4,0.5575479566305256
GCN_Optimised,1,1,64,64,0.001,0.5,0.5556018904642758
GCN_Optimised,1,1,64,64,0.0001,0.1,0.6287183764247986
GCN_Optimised,1,1,64,64,0.0001,0.2,0.6287183764247984
GCN_Optimised,1,1,64,64,0.0001,0.3,0.6284403669724771
GCN_Optimised,1,1,64,64,0.0001,0.4,0.6277453433416736
GCN_Optimised,1,1,64,64,0.0001,0.5,0.6260772866277453
GCN_Optimised,1,1,64,64,1e-05,0.1,0.5269669168751738
GCN_Optimised,1,1,64,64,1e-05,0.2,0.5273839310536559
GCN_Optimised,1,1,64,64,1e-05,0.3,0.526827912149013
GCN_Optimised,1,1,64,64,1e-05,0.4,0.5272449263274952
GCN_Optimised,1,1,64,64,1e-05,0.5,0.5257158743397276
GCN_Optimised,1,1,64,128,0.001,0.1,0.5804837364470392
GCN_Optimised,1,1,64,128,0.001,0.2,0.5778426466499862
GCN_Optimised,1,1,64,128,0.001,0.3,0.5802057269947178
GCN_Optimised,1,1,64,128,0.001,0.4,0.5508757297748124
GCN_Optimised,1,1,64,128,0.001,0.5,0.554628857381151
GCN_Optimised,1,1,64,128,0.0001,0.1,0.6117597998331944
GCN_Optimised,1,1,64,128,0.0001,0.2,0.6137058659994441
GCN_Optimised,1,1,64,128,0.0001,0.3,0.6121768140116763
GCN_Optimised,1,1,64,128,0.0001,0.4,0.6137058659994441
GCN_Optimised,1,1,64,128,0.0001,0.5,0.6141228801779262
GCN_Optimised,1,1,64,128,1e-05,0.1,0.5877119822073951
GCN_Optimised,1,1,64,128,1e-05,0.2,0.5875729774812344
GCN_Optimised,1,1,64,128,1e-05,0.3,0.5861829302196275
GCN_Optimised,1,1,64,128,1e-05,0.4,0.5865999443981096
GCN_Optimised,1,1,64,128,1e-05,0.5,0.585070892410342
GCN_Optimised,1,1,64,256,0.001,0.1,0.563525159855435
GCN_Optimised,1,1,64,256,0.001,0.2,0.5625521267723104
GCN_Optimised,1,1,64,256,0.001,0.3,0.5653322212955241
GCN_Optimised,1,1,64,256,0.001,0.4,0.56449819293856
GCN_Optimised,1,1,64,256,0.001,0.5,0.5625521267723104
GCN_Optimised,1,1,64,256,0.0001,0.1,0.5726994717820406
GCN_Optimised,1,1,64,256,0.0001,0.2,0.5728384765082014
GCN_Optimised,1,1,64,256,0.0001,0.3,0.5726994717820406
GCN_Optimised,1,1,64,256,0.0001,0.4,0.5728384765082013
GCN_Optimised,1,1,64,256,0.0001,0.5,0.5742285237698082
GCN_Optimised,1,1,64,256,1e-05,0.1,0.44523213789268834
GCN_Optimised,1,1,64,256,1e-05,0.2,0.44495412844036697
GCN_Optimised,1,1,64,256,1e-05,0.3,0.44495412844036697
GCN_Optimised,1,1,64,256,1e-05,0.4,0.4446761189880456
GCN_Optimised,1,1,64,256,1e-05,0.5,0.4441201000834028
GCN_Optimised,1,1,128,64,0.001,0.1,0.5564359188212399
GCN_Optimised,1,1,128,64,0.001,0.2,0.5835418404225743
GCN_Optimised,1,1,128,64,0.001,0.3,0.5582429802613289
GCN_Optimised,1,1,128,64,0.001,0.4,0.5562969140950793
GCN_Optimised,1,1,128,64,0.001,0.5,0.554628857381151
GCN_Optimised,1,1,128,64,0.0001,0.1,0.636502641089797
GCN_Optimised,1,1,128,64,0.0001,0.2,0.6370586599944399
GCN_Optimised,1,1,128,64,0.0001,0.3,0.6359466221851543
GCN_Optimised,1,1,128,64,0.0001,0.4,0.6327495134834584
GCN_Optimised,1,1,128,64,0.0001,0.5,0.6337225465665832
GCN_Optimised,1,1,128,64,1e-05,0.1,0.5195996663886572
GCN_Optimised,1,1,128,64,1e-05,0.2,0.5202946900194607
GCN_Optimised,1,1,128,64,1e-05,0.3,0.5204336947456213
GCN_Optimised,1,1,128,64,1e-05,0.4,0.5202946900194606
GCN_Optimised,1,1,128,64,1e-05,0.5,0.520572699471782
GCN_Optimised,1,1,128,128,0.001,0.1,0.5815957742563247
GCN_Optimised,1,1,128,128,0.001,0.2,0.5800667222685572
GCN_Optimised,1,1,128,128,0.001,0.3,0.5889630247428412
GCN_Optimised,1,1,128,128,0.001,0.4,0.5838198498748958
GCN_Optimised,1,1,128,128,0.001,0.5,0.5857659160411455
GCN_Optimised,1,1,128,128,0.0001,0.1,0.609257714762302
GCN_Optimised,1,1,128,128,0.0001,0.2,0.6095357242146233
GCN_Optimised,1,1,128,128,0.0001,0.3,0.6105087572977481
GCN_Optimised,1,1,128,128,0.0001,0.4,0.6100917431192661
GCN_Optimised,1,1,128,128,0.0001,0.5,0.610091743119266
GCN_Optimised,1,1,128,128,1e-05,0.1,0.5892410341951626
GCN_Optimised,1,1,128,128,1e-05,0.2,0.5891020294690019
GCN_Optimised,1,1,128,128,1e-05,0.3,0.5892410341951626
GCN_Optimised,1,1,128,128,1e-05,0.4,0.5893800389213234
GCN_Optimised,1,1,128,128,1e-05,0.5,0.5892410341951626
GCN_Optimised,1,1,128,256,0.001,0.1,0.5492076730608841
GCN_Optimised,1,1,128,256,0.001,0.2,0.5494856825132055
GCN_Optimised,1,1,128,256,0.001,0.3,0.5476786210731166
GCN_Optimised,1,1,128,256,0.001,0.4,0.5515707534056158
GCN_Optimised,1,1,128,256,0.001,0.5,0.5462885738115096
GCN_Optimised,1,1,128,256,0.0001,0.1,0.5904920767306089
GCN_Optimised,1,1,128,256,0.0001,0.2,0.5910480956352517
GCN_Optimised,1,1,128,256,0.0001,0.3,0.5996663886572143
GCN_Optimised,1,1,128,256,0.0001,0.4,0.6027244926327495
GCN_Optimised,1,1,128,256,0.0001,0.5,0.6041145398943565
GCN_Optimised,1,1,128,256,1e-05,0.1,0.4189602446483181
GCN_Optimised,1,1,128,256,1e-05,0.2,0.4186822351959967
GCN_Optimised,1,1,128,256,1e-05,0.3,0.4189602446483181
GCN_Optimised,1,1,128,256,1e-05,0.4,0.41896024464831805
GCN_Optimised,1,1,128,256,1e-05,0.5,0.41909924937447873
GCN_Optimised,1,2,32,64,0.001,0.1,0.5810530679933665
GCN_Optimised,1,2,32,64,0.001,0.2,0.5796019900497512
GCN_Optimised,1,2,32,64,0.001,0.3,0.5825041459369817
GCN_Optimised,1,2,32,64,0.001,0.4,0.5834024322830293
GCN_Optimised,1,2,32,64,0.001,0.5,0.5805693753454948
GCN_Optimised,1,2,32,64,0.0001,0.1,0.5874792703150912
GCN_Optimised,1,2,32,64,0.0001,0.2,0.5876174682144832
GCN_Optimised,1,2,32,64,0.0001,0.3,0.5860281923714759
GCN_Optimised,1,2,32,64,0.0001,0.4,0.5862354892205637
GCN_Optimised,1,2,32,64,0.0001,0.5,0.5847844112769486
GCN_Optimised,1,2,32,64,1e-05,0.1,0.4426478717523493
GCN_Optimised,1,2,32,64,1e-05,0.2,0.4426478717523494
GCN_Optimised,1,2,32,64,1e-05,0.3,0.4436843559977888
GCN_Optimised,1,2,32,64,1e-05,0.4,0.44347705914870095
GCN_Optimised,1,2,32,64,1e-05,0.5,0.44375345494748475
GCN_Optimised,1,2,32,128,0.001,0.1,0.5784964068546158
GCN_Optimised,1,2,32,128,0.001,0.2,0.5780818131564399
GCN_Optimised,1,2,32,128,0.001,0.3,0.5786346047540077
GCN_Optimised,1,2,32,128,0.001,0.4,0.5754560530679934
GCN_Optimised,1,2,32,128,0.001,0.5,0.5804311774461028
GCN_Optimised,1,2,32,128,0.0001,0.1,0.5740740740740741
GCN_Optimised,1,2,32,128,0.0001,0.2,0.5744886677722498
GCN_Optimised,1,2,32,128,0.0001,0.3,0.5730375898286346
GCN_Optimised,1,2,32,128,0.0001,0.4,0.5724156992813708
GCN_Optimised,1,2,32,128,0.0001,0.5,0.5738667772249862
GCN_Optimised,1,2,32,128,1e-05,0.1,0.527501381978994
GCN_Optimised,1,2,32,128,1e-05,0.2,0.5261194029850745
GCN_Optimised,1,2,32,128,1e-05,0.3,0.525290215588723
GCN_Optimised,1,2,32,128,1e-05,0.4,0.5239082365948037
GCN_Optimised,1,2,32,128,1e-05,0.5,0.5225262576008844
GCN_Optimised,1,2,32,256,0.001,0.1,0.5804311774461027
GCN_Optimised,1,2,32,256,0.001,0.2,0.5821586511885019
GCN_Optimised,1,2,32,256,0.001,0.3,0.5793946932006633
GCN_Optimised,1,2,32,256,0.001,0.4,0.579947484798231
GCN_Optimised,1,2,32,256,0.001,0.5,0.5792564953012715
GCN_Optimised,1,2,32,256,0.0001,0.1,0.5886539524599226
GCN_Optimised,1,2,32,256,0.0001,0.2,0.5887230514096186
GCN_Optimised,1,2,32,256,0.0001,0.3,0.5874792703150913
GCN_Optimised,1,2,32,256,0.0001,0.4,0.5873410724156992
GCN_Optimised,1,2,32,256,0.0001,0.5,0.5904505251520177
GCN_Optimised,1,2,32,256,1e-05,0.1,0.4788557213930349
GCN_Optimised,1,2,32,256,1e-05,0.2,0.4783029297954671
GCN_Optimised,1,2,32,256,1e-05,0.3,0.47754284134881153
GCN_Optimised,1,2,32,256,1e-05,0.4,0.47864842454394696
GCN_Optimised,1,2,32,256,1e-05,0.5,0.478579325594251
GCN_Optimised,1,2,64,64,0.001,0.1,0.5865809839690437
GCN_Optimised,1,2,64,64,0.001,0.2,0.5852681039248204
GCN_Optimised,1,2,64,64,0.001,0.3,0.5866500829187395
GCN_Optimised,1,2,64,64,0.001,0.4,0.5854063018242123
GCN_Optimised,1,2,64,64,0.001,0.5,0.5869955776672194
GCN_Optimised,1,2,64,64,0.0001,0.1,0.5893449419568824
GCN_Optimised,1,2,64,64,0.0001,0.2,0.5894140409065782
GCN_Optimised,1,2,64,64,0.0001,0.3,0.5889994472084025
GCN_Optimised,1,2,64,64,0.0001,0.4,0.5881011608623548
GCN_Optimised,1,2,64,64,0.0001,0.5,0.5892758430071863
GCN_Optimised,1,2,64,64,1e-05,0.1,0.42799889441680483
GCN_Optimised,1,2,64,64,1e-05,0.2,0.4275843007186291
GCN_Optimised,1,2,64,64,1e-05,0.3,0.42827529021558874
GCN_Optimised,1,2,64,64,1e-05,0.4,0.4245439469320067
GCN_Optimised,1,2,64,64,1e-05,0.5,0.42799889441680483
GCN_Optimised,1,2,64,128,0.001,0.1,0.5752487562189055
GCN_Optimised,1,2,64,128,0.001,0.2,0.5766307352128247
GCN_Optimised,1,2,64,128,0.001,0.3,0.5766307352128248
GCN_Optimised,1,2,64,128,0.001,0.4,0.5768380320619126
GCN_Optimised,1,2,64,128,0.001,0.5,0.5735903814262023
GCN_Optimised,1,2,64,128,0.0001,0.1,0.5740740740740741
GCN_Optimised,1,2,64,128,0.0001,0.2,0.5760088446655611
GCN_Optimised,1,2,64,128,0.0001,0.3,0.5756633499170812
GCN_Optimised,1,2,64,128,0.0001,0.4,0.5760088446655611
GCN_Optimised,1,2,64,128,0.0001,0.5,0.5756633499170813
GCN_Optimised,1,2,64,128,1e-05,0.1,0.5004836926478717
GCN_Optimised,1,2,64,128,1e-05,0.2,0.500138197899392
GCN_Optimised,1,2,64,128,1e-05,0.3,0.4998618021006081
GCN_Optimised,1,2,64,128,1e-05,0.4,0.5002763957987839
GCN_Optimised,1,2,64,128,1e-05,0.5,0.5
GCN_Optimised,1,2,64,256,0.001,0.1,0.5790491984521835
GCN_Optimised,1,2,64,256,0.001,0.2,0.5809839690436706
GCN_Optimised,1,2,64,256,0.001,0.3,0.5801547816473189
GCN_Optimised,1,2,64,256,0.001,0.4,0.5808457711442785
GCN_Optimised,1,2,64,256,0.001,0.5,0.5769762299613046
GCN_Optimised,1,2,64,256,0.0001,0.1,0.5847153123272527
GCN_Optimised,1,2,64,256,0.0001,0.2,0.5853372028745163
GCN_Optimised,1,2,64,256,0.0001,0.3,0.5844389165284688
GCN_Optimised,1,2,64,256,0.0001,0.4,0.5836097291321172
GCN_Optimised,1,2,64,256,0.0001,0.5,0.5834715312327252
GCN_Optimised,1,2,64,256,1e-05,0.1,0.4490049751243781
GCN_Optimised,1,2,64,256,1e-05,0.2,0.4492122719734661
GCN_Optimised,1,2,64,256,1e-05,0.3,0.44928137092316195
GCN_Optimised,1,2,64,256,1e-05,0.4,0.4490049751243781
GCN_Optimised,1,2,64,256,1e-05,0.5,0.44928137092316195
GCN_Optimised,1,2,128,64,0.001,0.1,0.5813294637921504
GCN_Optimised,1,2,128,64,0.001,0.2,0.58202045328911
GCN_Optimised,1,2,128,64,0.001,0.3,0.5843698175787728
GCN_Optimised,1,2,128,64,0.001,0.4,0.5825041459369817
GCN_Optimised,1,2,128,64,0.001,0.5,0.5820895522388059
GCN_Optimised,1,2,128,64,0.0001,0.1,0.5919707020453289
GCN_Optimised,1,2,128,64,0.0001,0.2,0.5925234936428965
GCN_Optimised,1,2,128,64,0.0001,0.3,0.5910724156992813
GCN_Optimised,1,2,128,64,0.0001,0.4,0.5907269209508015
GCN_Optimised,1,2,128,64,0.0001,0.5,0.589759535655058
GCN_Optimised,1,2,128,64,1e-05,0.1,0.4209508015478165
GCN_Optimised,1,2,128,64,1e-05,0.2,0.42143449419568824
GCN_Optimised,1,2,128,64,1e-05,0.3,0.4215035931453842
GCN_Optimised,1,2,128,64,1e-05,0.4,0.4235765616362631
GCN_Optimised,1,2,128,64,1e-05,0.5,0.42274737423991154
GCN_Optimised,1,2,128,128,0.001,0.1,0.5769762299613046
GCN_Optimised,1,2,128,128,0.001,0.2,0.5754560530679933
GCN_Optimised,1,2,128,128,0.001,0.3,0.5735212824765064
GCN_Optimised,1,2,128,128,0.001,0.4,0.5720011055831951
GCN_Optimised,1,2,128,128,0.001,0.5,0.5733139856274184
GCN_Optimised,1,2,128,128,0.0001,0.1,0.5726229961304589
GCN_Optimised,1,2,128,128,0.0001,0.2,0.5745577667219458
GCN_Optimised,1,2,128,128,0.0001,0.3,0.5735212824765064
GCN_Optimised,1,2,128,128,0.0001,0.4,0.5737285793255942
GCN_Optimised,1,2,128,128,0.0001,0.5,0.5728302929795467
GCN_Optimised,1,2,128,128,1e-05,0.1,0.49129353233830847
GCN_Optimised,1,2,128,128,1e-05,0.2,0.4910862354892206
GCN_Optimised,1,2,128,128,1e-05,0.3,0.4910171365395246
GCN_Optimised,1,2,128,128,1e-05,0.4,0.4908098396904367
GCN_Optimised,1,2,128,128,1e-05,0.5,0.49011885019347706
GCN_Optimised,1,2,128,256,0.001,0.1,0.587824765063571
GCN_Optimised,1,2,128,256,0.001,0.2,0.5847844112769486
GCN_Optimised,1,2,128,256,0.001,0.3,0.5847153123272526
GCN_Optimised,1,2,128,256,0.001,0.4,0.5881011608623549
GCN_Optimised,1,2,128,256,0.001,0.5,0.5844389165284687
GCN_Optimised,1,2,128,256,0.0001,0.1,0.581951354339414
GCN_Optimised,1,2,128,256,0.0001,0.2,0.5810530679933665
GCN_Optimised,1,2,128,256,0.0001,0.3,0.584024322830293
GCN_Optimised,1,2,128,256,0.0001,0.4,0.5834715312327252
GCN_Optimised,1,2,128,256,0.0001,0.5,0.584024322830293
GCN_Optimised,1,2,128,256,1e-05,0.1,0.44527363184079605
GCN_Optimised,1,2,128,256,1e-05,0.2,0.4400221116639027
GCN_Optimised,1,2,128,256,1e-05,0.3,0.4398839137645108
GCN_Optimised,1,2,128,256,1e-05,0.4,0.4398839137645108
GCN_Optimised,1,2,128,256,1e-05,0.5,0.4407131011608624
GCN_Optimised,1,3,32,64,0.001,0.1,0.6545052515201769
GCN_Optimised,1,3,32,64,0.001,0.2,0.6565782200110558
GCN_Optimised,1,3,32,64,0.001,0.3,0.6539524599226091
GCN_Optimised,1,3,32,64,0.001,0.4,0.6536760641238254
GCN_Optimised,1,3,32,64,0.001,0.5,0.6499447208402432
GCN_Optimised,1,3,32,64,0.0001,0.1,0.6481481481481481
GCN_Optimised,1,3,32,64,0.0001,0.2,0.6495301271420674
GCN_Optimised,1,3,32,64,0.0001,0.3,0.6482863460475401
GCN_Optimised,1,3,32,64,0.0001,0.4,0.6495301271420675
GCN_Optimised,1,3,32,64,0.0001,0.5,0.6478717523493642
GCN_Optimised,1,3,32,64,1e-05,0.1,0.45798783858485353
GCN_Optimised,1,3,32,64,1e-05,0.2,0.4727750138197899
GCN_Optimised,1,3,32,64,1e-05,0.3,0.4742951907131012
GCN_Optimised,1,3,32,64,1e-05,0.4,0.4426478717523493
GCN_Optimised,1,3,32,64,1e-05,0.5,0.4575732448866777
GCN_Optimised,1,3,32,128,0.001,0.1,0.6611387506909894
GCN_Optimised,1,3,32,128,0.001,0.2,0.6498065229408514
GCN_Optimised,1,3,32,128,0.001,0.3,0.6572692095080154
GCN_Optimised,1,3,32,128,0.001,0.4,0.6593421779988945
GCN_Optimised,1,3,32,128,0.001,0.5,0.6538142620232172
GCN_Optimised,1,3,32,128,0.0001,0.1,0.6538142620232172
GCN_Optimised,1,3,32,128,0.0001,0.2,0.6514648977335544
GCN_Optimised,1,3,32,128,0.0001,0.3,0.6514648977335544
GCN_Optimised,1,3,32,128,0.0001,0.4,0.650497512437811
GCN_Optimised,1,3,32,128,0.0001,0.5,0.6487009397457159
GCN_Optimised,1,3,32,128,1e-05,0.1,0.5798783858485351
GCN_Optimised,1,3,32,128,1e-05,0.2,0.5778054173576561
GCN_Optimised,1,3,32,128,1e-05,0.3,0.57808181315644
GCN_Optimised,1,3,32,128,1e-05,0.4,0.576147042564953
GCN_Optimised,1,3,32,128,1e-05,0.5,0.5765616362631287
GCN_Optimised,1,3,32,256,0.001,0.1,0.6411000552791597
GCN_Optimised,1,3,32,256,0.001,0.2,0.6474571586511885
GCN_Optimised,1,3,32,256,0.001,0.3,0.652294085129906
GCN_Optimised,1,3,32,256,0.001,0.4,0.6629353233830846
GCN_Optimised,1,3,32,256,0.001,0.5,0.6614151464897733
GCN_Optimised,1,3,32,256,0.0001,0.1,0.6428966279712548
GCN_Optimised,1,3,32,256,0.0001,0.2,0.6394416804864567
GCN_Optimised,1,3,32,256,0.0001,0.3,0.6387506909894969
GCN_Optimised,1,3,32,256,0.0001,0.4,0.6434494195688225
GCN_Optimised,1,3,32,256,0.0001,0.5,0.6397180762852404
GCN_Optimised,1,3,32,256,1e-05,0.1,0.45453289110005524
GCN_Optimised,1,3,32,256,1e-05,0.2,0.45149253731343286
GCN_Optimised,1,3,32,256,1e-05,0.3,0.45052515201768933
GCN_Optimised,1,3,32,256,1e-05,0.4,0.4521835268103925
GCN_Optimised,1,3,32,256,1e-05,0.5,0.45052515201768933
GCN_Optimised,1,3,64,64,0.001,0.1,0.6481481481481481
GCN_Optimised,1,3,64,64,0.001,0.2,0.6535378662244334
GCN_Optimised,1,3,64,64,0.001,0.3,0.6535378662244334
GCN_Optimised,1,3,64,64,0.001,0.4,0.6528468767274738
GCN_Optimised,1,3,64,64,0.001,0.5,0.6549198452183527
GCN_Optimised,1,3,64,64,0.0001,0.1,0.6310116086235489
GCN_Optimised,1,3,64,64,0.0001,0.2,0.6311498065229408
GCN_Optimised,1,3,64,64,0.0001,0.3,0.6304588170259812
GCN_Optimised,1,3,64,64,0.0001,0.4,0.6276948590381426
GCN_Optimised,1,3,64,64,0.0001,0.5,0.6271420674405748
GCN_Optimised,1,3,64,64,1e-05,0.1,0.44720840243228305
GCN_Optimised,1,3,64,64,1e-05,0.2,0.42868988391376456
GCN_Optimised,1,3,64,64,1e-05,0.3,0.4425096738529575
GCN_Optimised,1,3,64,64,1e-05,0.4,0.43546158098396903
GCN_Optimised,1,3,64,64,1e-05,0.5,0.43394140409065785
GCN_Optimised,1,3,64,128,0.001,0.1,0.6608623548922057
GCN_Optimised,1,3,64,128,0.001,0.2,0.6603095632946379
GCN_Optimised,1,3,64,128,0.001,0.3,0.6615533443891654
GCN_Optimised,1,3,64,128,0.001,0.4,0.6637645107794362
GCN_Optimised,1,3,64,128,0.001,0.5,0.660309563294638
GCN_Optimised,1,3,64,128,0.0001,0.1,0.6408236594803759
GCN_Optimised,1,3,64,128,0.0001,0.2,0.6404090657822001
GCN_Optimised,1,3,64,128,0.0001,0.3,0.6390270867882807
GCN_Optimised,1,3,64,128,0.0001,0.4,0.6379215035931454
GCN_Optimised,1,3,64,128,0.0001,0.5,0.6390270867882808
GCN_Optimised,1,3,64,128,1e-05,0.1,0.5551409618573797
GCN_Optimised,1,3,64,128,1e-05,0.2,0.5540353786622443
GCN_Optimised,1,3,64,128,1e-05,0.3,0.5540353786622444
GCN_Optimised,1,3,64,128,1e-05,0.4,0.5540353786622443
GCN_Optimised,1,3,64,128,1e-05,0.5,0.554726368159204
GCN_Optimised,1,3,64,256,0.001,0.1,0.6574074074074074
GCN_Optimised,1,3,64,256,0.001,0.2,0.6571310116086235
GCN_Optimised,1,3,64,256,0.001,0.3,0.6572692095080154
GCN_Optimised,1,3,64,256,0.001,0.4,0.656440022111664
GCN_Optimised,1,3,64,256,0.001,0.5,0.6560254284134881
GCN_Optimised,1,3,64,256,0.0001,0.1,0.631149806522941
GCN_Optimised,1,3,64,256,0.0001,0.2,0.6299060254284135
GCN_Optimised,1,3,64,256,0.0001,0.3,0.6300442233278054
GCN_Optimised,1,3,64,256,0.0001,0.4,0.6322553897180764
GCN_Optimised,1,3,64,256,0.0001,0.5,0.6325317855168602
GCN_Optimised,1,3,64,256,1e-05,0.1,0.39842454394693205
GCN_Optimised,1,3,64,256,1e-05,0.2,0.39828634604754004
GCN_Optimised,1,3,64,256,1e-05,0.3,0.39870093974571585
GCN_Optimised,1,3,64,256,1e-05,0.4,0.39842454394693194
GCN_Optimised,1,3,64,256,1e-05,0.5,0.3978717523493643
GCN_Optimised,1,3,128,64,0.001,0.1,0.6381978993919293
GCN_Optimised,1,3,128,64,0.001,0.2,0.6395798783858485
GCN_Optimised,1,3,128,64,0.001,0.3,0.640685461580984
GCN_Optimised,1,3,128,64,0.001,0.4,0.6404090657822001
GCN_Optimised,1,3,128,64,0.001,0.5,0.6406854615809839
GCN_Optimised,1,3,128,64,0.0001,0.1,0.5919016030956329
GCN_Optimised,1,3,128,64,0.0001,0.2,0.5901050304035379
GCN_Optimised,1,3,128,64,0.0001,0.3,0.5830569375345495
GCN_Optimised,1,3,128,64,0.0001,0.4,0.5831951354339413
GCN_Optimised,1,3,128,64,0.0001,0.5,0.5856826976229961
GCN_Optimised,1,3,128,64,1e-05,0.1,0.42412935323383083
GCN_Optimised,1,3,128,64,1e-05,0.2,0.4227473742399116
GCN_Optimised,1,3,128,64,1e-05,0.3,0.4205362078496407
GCN_Optimised,1,3,128,64,1e-05,0.4,0.419983416252073
GCN_Optimised,1,3,128,64,1e-05,0.5,0.42316196793808736
GCN_Optimised,1,3,128,128,0.001,0.1,0.6564400221116639
GCN_Optimised,1,3,128,128,0.001,0.2,0.6575456053067994
GCN_Optimised,1,3,128,128,0.001,0.3,0.6568546158098396
GCN_Optimised,1,3,128,128,0.001,0.4,0.6525704809286899
GCN_Optimised,1,3,128,128,0.001,0.5,0.650497512437811
GCN_Optimised,1,3,128,128,0.0001,0.1,0.6209231619679382
GCN_Optimised,1,3,128,128,0.0001,0.2,0.6170536207849641
GCN_Optimised,1,3,128,128,0.0001,0.3,0.6209231619679381
GCN_Optimised,1,3,128,128,0.0001,0.4,0.6205085682697623
GCN_Optimised,1,3,128,128,0.0001,0.5,0.6196793808734108
GCN_Optimised,1,3,128,128,1e-05,0.1,0.543117744610282
GCN_Optimised,1,3,128,128,1e-05,0.2,0.54297954671089
GCN_Optimised,1,3,128,128,1e-05,0.3,0.5432559425096738
GCN_Optimised,1,3,128,128,1e-05,0.4,0.5432559425096738
GCN_Optimised,1,3,128,128,1e-05,0.5,0.543117744610282
GCN_Optimised,1,3,128,256,0.001,0.1,0.6495301271420674
GCN_Optimised,1,3,128,256,0.001,0.2,0.6470425649530127
GCN_Optimised,1,3,128,256,0.001,0.3,0.6491155334438917
GCN_Optimised,1,3,128,256,0.001,0.4,0.6482863460475401
GCN_Optimised,1,3,128,256,0.001,0.5,0.6467661691542287
GCN_Optimised,1,3,128,256,0.0001,0.1,0.5953565505804311
GCN_Optimised,1,3,128,256,0.0001,0.2,0.5823659480375898
GCN_Optimised,1,3,128,256,0.0001,0.3,0.58595909342178
GCN_Optimised,1,3,128,256,0.0001,0.4,0.5921779988944168
GCN_Optimised,1,3,128,256,0.0001,0.5,0.5776672194582642
GCN_Optimised,1,3,128,256,1e-05,0.1,0.38142620232172475
GCN_Optimised,1,3,128,256,1e-05,0.2,0.3814262023217247
GCN_Optimised,1,3,128,256,1e-05,0.3,0.38170259812050855
GCN_Optimised,1,3,128,256,1e-05,0.4,0.3817025981205086
GCN_Optimised,1,3,128,256,1e-05,0.5,0.3814262023217247
GCN_Optimised,1,4,32,64,0.001,0.1,0.6289386401326699
GCN_Optimised,1,4,32,64,0.001,0.2,0.6043394140409065
GCN_Optimised,1,4,32,64,0.001,0.3,0.6257600884466555
GCN_Optimised,1,4,32,64,0.001,0.4,0.6224433388612493
GCN_Optimised,1,4,32,64,0.001,0.5,0.6166390270867883
GCN_Optimised,1,4,32,64,0.0001,0.1,0.5916252072968491
GCN_Optimised,1,4,32,64,0.0001,0.2,0.5912106135986732
GCN_Optimised,1,4,32,64,0.0001,0.3,0.5928689883913765
GCN_Optimised,1,4,32,64,0.0001,0.4,0.5928689883913764
GCN_Optimised,1,4,32,64,0.0001,0.5,0.5934217799889441
GCN_Optimised,1,4,32,64,1e-05,0.1,0.42855168601437255
GCN_Optimised,1,4,32,64,1e-05,0.2,0.4291044776119403
GCN_Optimised,1,4,32,64,1e-05,0.3,0.4292426755113323
GCN_Optimised,1,4,32,64,1e-05,0.4,0.42938087341072406
GCN_Optimised,1,4,32,64,1e-05,0.5,0.42951907131011613
GCN_Optimised,1,4,32,128,0.001,0.1,0.6257600884466556
GCN_Optimised,1,4,32,128,0.001,0.2,0.6207849640685461
GCN_Optimised,1,4,32,128,0.001,0.3,0.6393034825870646
GCN_Optimised,1,4,32,128,0.001,0.4,0.6380597014925373
GCN_Optimised,1,4,32,128,0.001,0.5,0.6310116086235489
GCN_Optimised,1,4,32,128,0.0001,0.1,0.5974295190713101
GCN_Optimised,1,4,32,128,0.0001,0.2,0.5974295190713101
GCN_Optimised,1,4,32,128,0.0001,0.3,0.5977059148700941
GCN_Optimised,1,4,32,128,0.0001,0.4,0.6025428413488115
GCN_Optimised,1,4,32,128,0.0001,0.5,0.5992260917634051
GCN_Optimised,1,4,32,128,1e-05,0.1,0.47885572139303484
GCN_Optimised,1,4,32,128,1e-05,0.2,0.47899391929242674
GCN_Optimised,1,4,32,128,1e-05,0.3,0.478579325594251
GCN_Optimised,1,4,32,128,1e-05,0.4,0.478441127694859
GCN_Optimised,1,4,32,128,1e-05,0.5,0.47802653399668327
GCN_Optimised,1,4,32,256,0.001,0.1,0.6135986733001659
GCN_Optimised,1,4,32,256,0.001,0.2,0.617191818684356
GCN_Optimised,1,4,32,256,0.001,0.3,0.6238253178551685
GCN_Optimised,1,4,32,256,0.001,0.4,0.6252072968490879
GCN_Optimised,1,4,32,256,0.001,0.5,0.6225815367606412
GCN_Optimised,1,4,32,256,0.0001,0.1,0.638750690989497
GCN_Optimised,1,4,32,256,0.0001,0.2,0.6401326699834162
GCN_Optimised,1,4,32,256,0.0001,0.3,0.6419292426755112
GCN_Optimised,1,4,32,256,0.0001,0.4,0.6391652846876728
GCN_Optimised,1,4,32,256,0.0001,0.5,0.6405472636815921
GCN_Optimised,1,4,32,256,1e-05,0.1,0.4427860696517413
GCN_Optimised,1,4,32,256,1e-05,0.2,0.4350469872857933
GCN_Optimised,1,4,32,256,1e-05,0.3,0.4353233830845771
GCN_Optimised,1,4,32,256,1e-05,0.4,0.43394140409065785
GCN_Optimised,1,4,32,256,1e-05,0.5,0.4328358208955224
GCN_Optimised,1,4,64,64,0.001,0.1,0.6340519624101713
GCN_Optimised,1,4,64,64,0.001,0.2,0.6343283582089553
GCN_Optimised,1,4,64,64,0.001,0.3,0.6351575456053068
GCN_Optimised,1,4,64,64,0.001,0.4,0.6227197346600332
GCN_Optimised,1,4,64,64,0.001,0.5,0.6344665561083471
GCN_Optimised,1,4,64,64,0.0001,0.1,0.5796019900497512
GCN_Optimised,1,4,64,64,0.0001,0.2,0.5797401879491432
GCN_Optimised,1,4,64,64,0.0001,0.3,0.5783582089552239
GCN_Optimised,1,4,64,64,0.0001,0.4,0.5796019900497513
GCN_Optimised,1,4,64,64,0.0001,0.5,0.5798783858485351
GCN_Optimised,1,4,64,64,1e-05,0.1,0.4047816473189607
GCN_Optimised,1,4,64,64,1e-05,0.2,0.404228855721393
GCN_Optimised,1,4,64,64,1e-05,0.3,0.40685461580983967
GCN_Optimised,1,4,64,64,1e-05,0.4,0.40505804311774457
GCN_Optimised,1,4,64,64,1e-05,0.5,0.4053344389165285
GCN_Optimised,1,4,64,128,0.001,0.1,0.6254836926478717
GCN_Optimised,1,4,64,128,0.001,0.2,0.6181592039800995
GCN_Optimised,1,4,64,128,0.001,0.3,0.6253454947484799
GCN_Optimised,1,4,64,128,0.001,0.4,0.6245163073521283
GCN_Optimised,1,4,64,128,0.001,0.5,0.627142067440575
GCN_Optimised,1,4,64,128,0.0001,0.1,0.58595909342178
GCN_Optimised,1,4,64,128,0.0001,0.2,0.5849917081260365
GCN_Optimised,1,4,64,128,0.0001,0.3,0.5859590934217801
GCN_Optimised,1,4,64,128,0.0001,0.4,0.5870646766169154
GCN_Optimised,1,4,64,128,0.0001,0.5,0.5870646766169155
GCN_Optimised,1,4,64,128,1e-05,0.1,0.4516307352128248
GCN_Optimised,1,4,64,128,1e-05,0.2,0.4519071310116086
GCN_Optimised,1,4,64,128,1e-05,0.3,0.45176893311221666
GCN_Optimised,1,4,64,128,1e-05,0.4,0.4519071310116086
GCN_Optimised,1,4,64,128,1e-05,0.5,0.45135433941404096
GCN_Optimised,1,4,64,256,0.001,0.1,0.6314262023217246
GCN_Optimised,1,4,64,256,0.001,0.2,0.6362631288004423
GCN_Optimised,1,4,64,256,0.001,0.3,0.6340519624101714
GCN_Optimised,1,4,64,256,0.001,0.4,0.6312880044223328
GCN_Optimised,1,4,64,256,0.001,0.5,0.6326699834162521
GCN_Optimised,1,4,64,256,0.0001,0.1,0.6270038695411829
GCN_Optimised,1,4,64,256,0.0001,0.2,0.6274184632393588
GCN_Optimised,1,4,64,256,0.0001,0.3,0.6270038695411828
GCN_Optimised,1,4,64,256,0.0001,0.4,0.6278330569375346
GCN_Optimised,1,4,64,256,0.0001,0.5,0.6282476506357103
GCN_Optimised,1,4,64,256,1e-05,0.1,0.4118297401879491
GCN_Optimised,1,4,64,256,1e-05,0.2,0.4115533443891653
GCN_Optimised,1,4,64,256,1e-05,0.3,0.41169154228855714
GCN_Optimised,1,4,64,256,1e-05,0.4,0.4112769485903814
GCN_Optimised,1,4,64,256,1e-05,0.5,0.41086235489220563
GCN_Optimised,1,4,128,64,0.001,0.1,0.6286622443338862
GCN_Optimised,1,4,128,64,0.001,0.2,0.6297678275290215
GCN_Optimised,1,4,128,64,0.001,0.3,0.6299060254284135
GCN_Optimised,1,4,128,64,0.001,0.4,0.6305970149253731
GCN_Optimised,1,4,128,64,0.001,0.5,0.6373687119955778
GCN_Optimised,1,4,128,64,0.0001,0.1,0.5838861249309011
GCN_Optimised,1,4,128,64,0.0001,0.2,0.5838861249309011
GCN_Optimised,1,4,128,64,0.0001,0.3,0.5843007186290767
GCN_Optimised,1,4,128,64,0.0001,0.4,0.5849917081260365
GCN_Optimised,1,4,128,64,0.0001,0.5,0.585820895522388
GCN_Optimised,1,4,128,64,1e-05,0.1,0.39787175234936434
GCN_Optimised,1,4,128,64,1e-05,0.2,0.3975953565505804
GCN_Optimised,1,4,128,64,1e-05,0.3,0.3975953565505804
GCN_Optimised,1,4,128,64,1e-05,0.4,0.3978717523493643
GCN_Optimised,1,4,128,64,1e-05,0.5,0.3975953565505804
GCN_Optimised,1,4,128,128,0.001,0.1,0.6160862354892207
GCN_Optimised,1,4,128,128,0.001,0.2,0.6131840796019901
GCN_Optimised,1,4,128,128,0.001,0.3,0.6106965174129354
GCN_Optimised,1,4,128,128,0.001,0.4,0.6147042564953012
GCN_Optimised,1,4,128,128,0.001,0.5,0.6122166943062465
GCN_Optimised,1,4,128,128,0.0001,0.1,0.5591487009397457
GCN_Optimised,1,4,128,128,0.0001,0.2,0.5594250967385296
GCN_Optimised,1,4,128,128,0.0001,0.3,0.5588723051409618
GCN_Optimised,1,4,128,128,0.0001,0.4,0.5570757324488668
GCN_Optimised,1,4,128,128,0.0001,0.5,0.5563847429519071
GCN_Optimised,1,4,128,128,1e-05,0.1,0.4419568822553897
GCN_Optimised,1,4,128,128,1e-05,0.2,0.4419568822553897
GCN_Optimised,1,4,128,128,1e-05,0.3,0.44223327805417356
GCN_Optimised,1,4,128,128,1e-05,0.4,0.44237147595356546
GCN_Optimised,1,4,128,128,1e-05,0.5,0.4427860696517413
GCN_Optimised,1,4,128,256,0.001,0.1,0.6354339414040906
GCN_Optimised,1,4,128,256,0.001,0.2,0.6433112216694306
GCN_Optimised,1,4,128,256,0.001,0.3,0.6411000552791598
GCN_Optimised,1,4,128,256,0.001,0.4,0.6375069098949695
GCN_Optimised,1,4,128,256,0.001,0.5,0.6372305140961858
GCN_Optimised,1,4,128,256,0.0001,0.1,0.6149806522940852
GCN_Optimised,1,4,128,256,0.0001,0.2,0.613460475400774
GCN_Optimised,1,4,128,256,0.0001,0.3,0.6112493090105031
GCN_Optimised,1,4,128,256,0.0001,0.4,0.6102819237147595
GCN_Optimised,1,4,128,256,0.0001,0.5,0.611249309010503
GCN_Optimised,1,4,128,256,1e-05,0.1,0.394555002763958
GCN_Optimised,1,4,128,256,1e-05,0.2,0.39469320066334995
GCN_Optimised,1,4,128,256,1e-05,0.3,0.39427860696517414
GCN_Optimised,1,4,128,256,1e-05,0.4,0.3944168048645661
GCN_Optimised,1,4,128,256,1e-05,0.5,0.39441680486456604
GCN_Optimised,2,0,32,64,0.001,0.1,0.6017514595496247
GCN_Optimised,2,0,32,64,0.001,0.2,0.6006394217403392
GCN_Optimised,2,0,32,64,0.001,0.3,0.6013344453711427
GCN_Optimised,2,0,32,64,0.001,0.4,0.6023074784542675
GCN_Optimised,2,0,32,64,0.001,0.5,0.6014734500973034
GCN_Optimised,2,0,32,64,0.0001,0.1,0.6063386155129274
GCN_Optimised,2,0,32,64,0.0001,0.2,0.607450653322213
GCN_Optimised,2,0,32,64,0.0001,0.3,0.6073116485960522
GCN_Optimised,2,0,32,64,0.0001,0.4,0.6067556296914095
GCN_Optimised,2,0,32,64,0.0001,0.5,0.6067556296914095
GCN_Optimised,2,0,32,64,1e-05,0.1,0.5162635529608007
GCN_Optimised,2,0,32,64,1e-05,0.2,0.5159855435084794
GCN_Optimised,2,0,32,64,1e-05,0.3,0.5140394773422297
GCN_Optimised,2,0,32,64,1e-05,0.4,0.5130664442591047
GCN_Optimised,2,0,32,64,1e-05,0.5,0.5115373922713373
GCN_Optimised,2,0,32,128,0.001,0.1,0.6068946344175703
GCN_Optimised,2,0,32,128,0.001,0.2,0.6109257714762302
GCN_Optimised,2,0,32,128,0.001,0.3,0.6005004170141786
GCN_Optimised,2,0,32,128,0.001,0.4,0.6053655824298027
GCN_Optimised,2,0,32,128,0.001,0.5,0.6020294690019461
GCN_Optimised,2,0,32,128,0.0001,0.1,0.6042535446205172
GCN_Optimised,2,0,32,128,0.0001,0.2,0.6035585209897137
GCN_Optimised,2,0,32,128,0.0001,0.3,0.6035585209897137
GCN_Optimised,2,0,32,128,0.0001,0.4,0.6039755351681957
GCN_Optimised,2,0,32,128,0.0001,0.5,0.6039755351681957
GCN_Optimised,2,0,32,128,1e-05,0.1,0.5682513205448986
GCN_Optimised,2,0,32,128,1e-05,0.2,0.5678343063664164
GCN_Optimised,2,0,32,128,1e-05,0.3,0.5688073394495414
GCN_Optimised,2,0,32,128,1e-05,0.4,0.5695023630803447
GCN_Optimised,2,0,32,128,1e-05,0.5,0.5697803725326661
GCN_Optimised,2,0,32,256,0.001,0.1,0.6020294690019461
GCN_Optimised,2,0,32,256,0.001,0.2,0.6049485682513206
GCN_Optimised,2,0,32,256,0.001,0.3,0.6073116485960522
GCN_Optimised,2,0,32,256,0.001,0.4,0.6032805115373924
GCN_Optimised,2,0,32,256,0.001,0.5,0.601195440644982
GCN_Optimised,2,0,32,256,0.0001,0.1,0.5941061996107868
GCN_Optimised,2,0,32,256,0.0001,0.2,0.595774256324715
GCN_Optimised,2,0,32,256,0.0001,0.3,0.5946622185154296
GCN_Optimised,2,0,32,256,0.0001,0.4,0.595357242146233
GCN_Optimised,2,0,32,256,0.0001,0.5,0.5949402279677509
GCN_Optimised,2,0,32,256,1e-05,0.1,0.48470948012232423
GCN_Optimised,2,0,32,256,1e-05,0.2,0.4845704753961635
GCN_Optimised,2,0,32,256,1e-05,0.3,0.46955796497080904
GCN_Optimised,2,0,32,256,1e-05,0.4,0.4701139838754518
GCN_Optimised,2,0,32,256,1e-05,0.5,0.46955796497080904
GCN_Optimised,2,0,64,64,0.001,0.1,0.6071726438698916
GCN_Optimised,2,0,64,64,0.001,0.2,0.6061996107867668
GCN_Optimised,2,0,64,64,0.001,0.3,0.6061996107867668
GCN_Optimised,2,0,64,64,0.001,0.4,0.6032805115373924
GCN_Optimised,2,0,64,64,0.001,0.5,0.6018904642757854
GCN_Optimised,2,0,64,64,0.0001,0.1,0.6141228801779262
GCN_Optimised,2,0,64,64,0.0001,0.2,0.6141228801779262
GCN_Optimised,2,0,64,64,0.0001,0.3,0.614122880177926
GCN_Optimised,2,0,64,64,0.0001,0.4,0.614122880177926
GCN_Optimised,2,0,64,64,0.0001,0.5,0.6121768140116765
GCN_Optimised,2,0,64,64,1e-05,0.1,0.498192938559911
GCN_Optimised,2,0,64,64,1e-05,0.2,0.4983319432860718
GCN_Optimised,2,0,64,64,1e-05,0.3,0.49638587711982207
GCN_Optimised,2,0,64,64,1e-05,0.4,0.49763691965526835
GCN_Optimised,2,0,64,64,1e-05,0.5,0.49596886294134
GCN_Optimised,2,0,64,128,0.001,0.1,0.6031415068112316
GCN_Optimised,2,0,64,128,0.001,0.2,0.6030025020850709
GCN_Optimised,2,0,64,128,0.001,0.3,0.6053655824298027
GCN_Optimised,2,0,64,128,0.001,0.4,0.6061996107867668
GCN_Optimised,2,0,64,128,0.001,0.5,0.6042535446205172
GCN_Optimised,2,0,64,128,0.0001,0.1,0.6056435918821239
GCN_Optimised,2,0,64,128,0.0001,0.2,0.605643591882124
GCN_Optimised,2,0,64,128,0.0001,0.3,0.6066166249652488
GCN_Optimised,2,0,64,128,0.0001,0.4,0.6070336391437309
GCN_Optimised,2,0,64,128,0.0001,0.5,0.6049485682513206
GCN_Optimised,2,0,64,128,1e-05,0.1,0.5594940227967751
GCN_Optimised,2,0,64,128,1e-05,0.2,0.5596330275229358
GCN_Optimised,2,0,64,128,1e-05,0.3,0.5599110369752572
GCN_Optimised,2,0,64,128,1e-05,0.4,0.5596330275229358
GCN_Optimised,2,0,64,128,1e-05,0.5,0.5599110369752571
GCN_Optimised,2,0,64,256,0.001,0.1,0.6093967194884625
GCN_Optimised,2,0,64,256,0.001,0.2,0.6057825966082848
GCN_Optimised,2,0,64,256,0.001,0.3,0.6085626911314985
GCN_Optimised,2,0,64,256,0.001,0.4,0.6049485682513206
GCN_Optimised,2,0,64,256,0.001,0.5,0.6110647762023909
GCN_Optimised,2,0,64,256,0.0001,0.1,0.5935501807061441
GCN_Optimised,2,0,64,256,0.0001,0.2,0.5938281901584654
GCN_Optimised,2,0,64,256,0.0001,0.3,0.5928551570753405
GCN_Optimised,2,0,64,256,0.0001,0.4,0.5936891854323046
GCN_Optimised,2,0,64,256,0.0001,0.5,0.5934111759799833
GCN_Optimised,2,0,64,256,1e-05,0.1,0.42201834862385323
GCN_Optimised,2,0,64,256,1e-05,0.2,0.4211843202668891
GCN_Optimised,2,0,64,256,1e-05,0.3,0.4196552682791215
GCN_Optimised,2,0,64,256,1e-05,0.4,0.41882123992215736
GCN_Optimised,2,0,64,256,1e-05,0.5,0.41909924937447873
GCN_Optimised,2,0,128,64,0.001,0.1,0.6039755351681958
GCN_Optimised,2,0,128,64,0.001,0.2,0.603836530442035
GCN_Optimised,2,0,128,64,0.001,0.3,0.6049485682513206
GCN_Optimised,2,0,128,64,0.001,0.4,0.6042535446205171
GCN_Optimised,2,0,128,64,0.001,0.5,0.6028634973589102
GCN_Optimised,2,0,128,64,0.0001,0.1,0.6148179038087295
GCN_Optimised,2,0,128,64,0.0001,0.2,0.6150959132610508
GCN_Optimised,2,0,128,64,0.0001,0.3,0.6152349179872116
GCN_Optimised,2,0,128,64,0.0001,0.4,0.6148179038087295
GCN_Optimised,2,0,128,64,0.0001,0.5,0.6175979983319434
GCN_Optimised,2,0,128,64,1e-05,0.1,0.4860995273839311
GCN_Optimised,2,0,128,64,1e-05,0.2,0.4863775368362525
GCN_Optimised,2,0,128,64,1e-05,0.3,0.4854045037531276
GCN_Optimised,2,0,128,64,1e-05,0.4,0.48331943286071727
GCN_Optimised,2,0,128,64,1e-05,0.5,0.4833194328607173
GCN_Optimised,2,0,128,128,0.001,0.1,0.6025854879065888
GCN_Optimised,2,0,128,128,0.001,0.2,0.601195440644982
GCN_Optimised,2,0,128,128,0.001,0.3,0.6003614122880179
GCN_Optimised,2,0,128,128,0.001,0.4,0.6021684737281068
GCN_Optimised,2,0,128,128,0.001,0.5,0.6039755351681957
GCN_Optimised,2,0,128,128,0.0001,0.1,0.6041145398943565
GCN_Optimised,2,0,128,128,0.0001,0.2,0.6046705587989992
GCN_Optimised,2,0,128,128,0.0001,0.3,0.6025854879065888
GCN_Optimised,2,0,128,128,0.0001,0.4,0.6045315540728384
GCN_Optimised,2,0,128,128,0.0001,0.5,0.6039755351681958
GCN_Optimised,2,0,128,128,1e-05,0.1,0.5539338337503475
GCN_Optimised,2,0,128,128,1e-05,0.2,0.5540728384765082
GCN_Optimised,2,0,128,128,1e-05,0.3,0.5543508479288296
GCN_Optimised,2,0,128,128,1e-05,0.4,0.5540728384765082
GCN_Optimised,2,0,128,128,1e-05,0.5,0.5549068668334723
GCN_Optimised,2,0,128,256,0.001,0.1,0.606060606060606
GCN_Optimised,2,0,128,256,0.001,0.2,0.6081456769530164
GCN_Optimised,2,0,128,256,0.001,0.3,0.6091187100361413
GCN_Optimised,2,0,128,256,0.001,0.4,0.6105087572977481
GCN_Optimised,2,0,128,256,0.001,0.5,0.6118988045593551
GCN_Optimised,2,0,128,256,0.0001,0.1,0.5874339727550737
GCN_Optimised,2,0,128,256,0.0001,0.2,0.5870169585765916
GCN_Optimised,2,0,128,256,0.0001,0.3,0.5867389491242703
GCN_Optimised,2,0,128,256,0.0001,0.4,0.5861829302196275
GCN_Optimised,2,0,128,256,0.0001,0.5,0.5831248262440923
GCN_Optimised,2,0,128,256,1e-05,0.1,0.3936613844870725
GCN_Optimised,2,0,128,256,1e-05,0.2,0.39421740339171535
GCN_Optimised,2,0,128,256,1e-05,0.3,0.39352237976091187
GCN_Optimised,2,0,128,256,1e-05,0.4,0.3931053655824298
GCN_Optimised,2,0,128,256,1e-05,0.5,0.3929663608562691
GCN_Optimised,2,1,32,64,0.001,0.1,0.6591604114539895
GCN_Optimised,2,1,32,64,0.001,0.2,0.664303586321935
GCN_Optimised,2,1,32,64,0.001,0.3,0.6595774256324716
GCN_Optimised,2,1,32,64,0.001,0.4,0.6594384209063109
GCN_Optimised,2,1,32,64,0.001,0.5,0.6623575201556853
GCN_Optimised,2,1,32,64,0.0001,0.1,0.6469279955518488
GCN_Optimised,2,1,32,64,0.0001,0.2,0.6444259104809564
GCN_Optimised,2,1,32,64,0.0001,0.3,0.644564915207117
GCN_Optimised,2,1,32,64,0.0001,0.4,0.6453989435640813
GCN_Optimised,2,1,32,64,0.0001,0.5,0.6458159577425632
GCN_Optimised,2,1,32,64,1e-05,0.1,0.4120100083402836
GCN_Optimised,2,1,32,64,1e-05,0.2,0.41173199888796225
GCN_Optimised,2,1,32,64,1e-05,0.3,0.4106199610786767
GCN_Optimised,2,1,32,64,1e-05,0.4,0.41020294690019465
GCN_Optimised,2,1,32,64,1e-05,0.5,0.40825688073394495
GCN_Optimised,2,1,32,128,0.001,0.1,0.6580483736447039
GCN_Optimised,2,1,32,128,0.001,0.2,0.664720600500417
GCN_Optimised,2,1,32,128,0.001,0.3,0.6624965248818461
GCN_Optimised,2,1,32,128,0.001,0.4,0.662913539060328
GCN_Optimised,2,1,32,128,0.001,0.5,0.6640255768696136
GCN_Optimised,2,1,32,128,0.0001,0.1,0.6472060050041702
GCN_Optimised,2,1,32,128,0.0001,0.2,0.6469279955518488
GCN_Optimised,2,1,32,128,0.0001,0.3,0.6460939671948848
GCN_Optimised,2,1,32,128,0.0001,0.4,0.6456769530164026
GCN_Optimised,2,1,32,128,0.0001,0.5,0.6465109813733667
GCN_Optimised,2,1,32,128,1e-05,0.1,0.5654712260216848
GCN_Optimised,2,1,32,128,1e-05,0.2,0.5628301362246317
GCN_Optimised,2,1,32,128,1e-05,0.3,0.562691131498471
GCN_Optimised,2,1,32,128,1e-05,0.4,0.5621351125938282
GCN_Optimised,2,1,32,128,1e-05,0.5,0.5624131220461496
GCN_Optimised,2,1,32,256,0.001,0.1,0.6556852932999722
GCN_Optimised,2,1,32,256,0.001,0.2,0.6428968584931888
GCN_Optimised,2,1,32,256,0.001,0.3,0.6547122602168474
GCN_Optimised,2,1,32,256,0.001,0.4,0.655824298026133
GCN_Optimised,2,1,32,256,0.001,0.5,0.6592994161801501
GCN_Optimised,2,1,32,256,0.0001,0.1,0.6648596052265777
GCN_Optimised,2,1,32,256,0.0001,0.2,0.6672226855713095
GCN_Optimised,2,1,32,256,0.0001,0.3,0.6676396997497916
GCN_Optimised,2,1,32,256,0.0001,0.4,0.6654156241312205
GCN_Optimised,2,1,32,256,0.0001,0.5,0.6641645815957743
GCN_Optimised,2,1,32,256,1e-05,0.1,0.4210453155407285
GCN_Optimised,2,1,32,256,1e-05,0.2,0.4206283013622464
GCN_Optimised,2,1,32,256,1e-05,0.3,0.41687517375590766
GCN_Optimised,2,1,32,256,1e-05,0.4,0.41659716430358634
GCN_Optimised,2,1,32,256,1e-05,0.5,0.41673616902974703
GCN_Optimised,2,1,64,64,0.001,0.1,0.6680567139282736
GCN_Optimised,2,1,64,64,0.001,0.2,0.6668056713928274
GCN_Optimised,2,1,64,64,0.001,0.3,0.6658326383097025
GCN_Optimised,2,1,64,64,0.001,0.4,0.6663886572143454
GCN_Optimised,2,1,64,64,0.001,0.5,0.6645815957742564
GCN_Optimised,2,1,64,64,0.0001,0.1,0.6277453433416736
GCN_Optimised,2,1,64,64,0.0001,0.2,0.6273283291631915
GCN_Optimised,2,1,64,64,0.0001,0.3,0.6267723102585488
GCN_Optimised,2,1,64,64,0.0001,0.4,0.6299694189602447
GCN_Optimised,2,1,64,64,0.0001,0.5,0.629830414234084
GCN_Optimised,2,1,64,64,1e-05,0.1,0.3947734222963581
GCN_Optimised,2,1,64,64,1e-05,0.2,0.39519043647484015
GCN_Optimised,2,1,64,64,1e-05,0.3,0.39519043647484015
GCN_Optimised,2,1,64,64,1e-05,0.4,0.39491242702251883
GCN_Optimised,2,1,64,64,1e-05,0.5,0.39532944120100083
GCN_Optimised,2,1,64,128,0.001,0.1,0.6652766194050599
GCN_Optimised,2,1,64,128,0.001,0.2,0.6666666666666667
GCN_Optimised,2,1,64,128,0.001,0.3,0.6681957186544344
GCN_Optimised,2,1,64,128,0.001,0.4,0.6656936335835418
GCN_Optimised,2,1,64,128,0.001,0.5,0.670141784820684
GCN_Optimised,2,1,64,128,0.0001,0.1,0.6402557686961357
GCN_Optimised,2,1,64,128,0.0001,0.2,0.6410897970530999
GCN_Optimised,2,1,64,128,0.0001,0.3,0.6413678065054212
GCN_Optimised,2,1,64,128,0.0001,0.4,0.6398387545176536
GCN_Optimised,2,1,64,128,0.0001,0.5,0.6387267167083681
GCN_Optimised,2,1,64,128,1e-05,0.1,0.5396163469557965
GCN_Optimised,2,1,64,128,1e-05,0.2,0.5393383375034752
GCN_Optimised,2,1,64,128,1e-05,0.3,0.5397553516819572
GCN_Optimised,2,1,64,128,1e-05,0.4,0.5394773422296357
GCN_Optimised,2,1,64,128,1e-05,0.5,0.5397553516819572
GCN_Optimised,2,1,64,256,0.001,0.1,0.6761189880455937
GCN_Optimised,2,1,64,256,0.001,0.2,0.6730608840700585
GCN_Optimised,2,1,64,256,0.001,0.3,0.6729218793438978
GCN_Optimised,2,1,64,256,0.001,0.4,0.6770920211287185
GCN_Optimised,2,1,64,256,0.001,0.5,0.6762579927717544
GCN_Optimised,2,1,64,256,0.0001,0.1,0.6634695579649709
GCN_Optimised,2,1,64,256,0.0001,0.2,0.6634695579649709
GCN_Optimised,2,1,64,256,0.0001,0.3,0.6597164303586323
GCN_Optimised,2,1,64,256,0.0001,0.4,0.6623575201556854
GCN_Optimised,2,1,64,256,0.0001,0.5,0.6598554350847929
GCN_Optimised,2,1,64,256,1e-05,0.1,0.3552960800667223
GCN_Optimised,2,1,64,256,1e-05,0.2,0.3555740895190437
GCN_Optimised,2,1,64,256,1e-05,0.3,0.355435084792883
GCN_Optimised,2,1,64,256,1e-05,0.4,0.35529608006672225
GCN_Optimised,2,1,64,256,1e-05,0.5,0.355435084792883
GCN_Optimised,2,1,128,64,0.001,0.1,0.6638865721434528
GCN_Optimised,2,1,128,64,0.001,0.2,0.6637475674172921
GCN_Optimised,2,1,128,64,0.001,0.3,0.6636085626911316
GCN_Optimised,2,1,128,64,0.001,0.4,0.6630525437864888
GCN_Optimised,2,1,128,64,0.001,0.5,0.6605504587155964
GCN_Optimised,2,1,128,64,0.0001,0.1,0.6060606060606061
GCN_Optimised,2,1,128,64,0.0001,0.2,0.6038365304420351
GCN_Optimised,2,1,128,64,0.0001,0.3,0.6071726438698917
GCN_Optimised,2,1,128,64,0.0001,0.4,0.6055045871559633
GCN_Optimised,2,1,128,64,0.0001,0.5,0.6018904642757854
GCN_Optimised,2,1,128,64,1e-05,0.1,0.38837920489296635
GCN_Optimised,2,1,128,64,1e-05,0.2,0.38879621907144846
GCN_Optimised,2,1,128,64,1e-05,0.3,0.3885182096191271
GCN_Optimised,2,1,128,64,1e-05,0.4,0.3874061718098416
GCN_Optimised,2,1,128,64,1e-05,0.5,0.38782318598832366
GCN_Optimised,2,1,128,128,0.001,0.1,0.6665276619405062
GCN_Optimised,2,1,128,128,0.001,0.2,0.6676396997497915
GCN_Optimised,2,1,128,128,0.001,0.3,0.6654156241312205
GCN_Optimised,2,1,128,128,0.001,0.4,0.6627745343341673
GCN_Optimised,2,1,128,128,0.001,0.5,0.6673616902974702
GCN_Optimised,2,1,128,128,0.0001,0.1,0.619544064498193
GCN_Optimised,2,1,128,128,0.0001,0.2,0.6187100361412288
GCN_Optimised,2,1,128,128,0.0001,0.3,0.618154017236586
GCN_Optimised,2,1,128,128,0.0001,0.4,0.6180150125104253
GCN_Optimised,2,1,128,128,0.0001,0.5,0.618154017236586
GCN_Optimised,2,1,128,128,1e-05,0.1,0.5272449263274952
GCN_Optimised,2,1,128,128,1e-05,0.2,0.5272449263274952
GCN_Optimised,2,1,128,128,1e-05,0.3,0.5273839310536559
GCN_Optimised,2,1,128,128,1e-05,0.4,0.5271059216013344
GCN_Optimised,2,1,128,128,1e-05,0.5,0.5273839310536559
GCN_Optimised,2,1,128,256,0.001,0.1,0.6832082290797888
GCN_Optimised,2,1,128,256,0.001,0.2,0.6794551014734501
GCN_Optimised,2,1,128,256,0.001,0.3,0.6779260494856826
GCN_Optimised,2,1,128,256,0.001,0.4,0.6794551014734501
GCN_Optimised,2,1,128,256,0.001,0.5,0.678621073116486
GCN_Optimised,2,1,128,256,0.0001,0.1,0.6323324993049765
GCN_Optimised,2,1,128,256,0.0001,0.2,0.6310814567695302
GCN_Optimised,2,1,128,256,0.0001,0.3,0.6263552960800668
GCN_Optimised,2,1,128,256,0.0001,0.4,0.6223241590214068
GCN_Optimised,2,1,128,256,0.0001,0.5,0.6212121212121213
GCN_Optimised,2,1,128,256,1e-05,0.1,0.3466777870447595
GCN_Optimised,2,1,128,256,1e-05,0.2,0.3447317208785099
GCN_Optimised,2,1,128,256,1e-05,0.3,0.3457047539616347
GCN_Optimised,2,1,128,256,1e-05,0.4,0.3473728106755629
GCN_Optimised,2,1,128,256,1e-05,0.5,0.3469557964970809
GCN_Optimised,2,2,32,64,0.001,0.1,0.6636263128800444
GCN_Optimised,2,2,32,64,0.001,0.2,0.6645936981757877
GCN_Optimised,2,2,32,64,0.001,0.3,0.6666666666666666
GCN_Optimised,2,2,32,64,0.001,0.4,0.665837479270315
GCN_Optimised,2,2,32,64,0.001,0.5,0.66763405196241
GCN_Optimised,2,2,32,64,0.0001,0.1,0.6683250414593698
GCN_Optimised,2,2,32,64,0.0001,0.2,0.6680486456605859
GCN_Optimised,2,2,32,64,0.0001,0.3,0.6686014372581537
GCN_Optimised,2,2,32,64,0.0001,0.4,0.6674958540630183
GCN_Optimised,2,2,32,64,0.0001,0.5,0.6687396351575456
GCN_Optimised,2,2,32,64,1e-05,0.1,0.5543117744610282
GCN_Optimised,2,2,32,64,1e-05,0.2,0.5570757324488668
GCN_Optimised,2,2,32,64,1e-05,0.3,0.5509950248756219
GCN_Optimised,2,2,32,64,1e-05,0.4,0.5743504698728579
GCN_Optimised,2,2,32,64,1e-05,0.5,0.5472636815920398
GCN_Optimised,2,2,32,128,0.001,0.1,0.6480099502487563
GCN_Optimised,2,2,32,128,0.001,0.2,0.6623825317855168
GCN_Optimised,2,2,32,128,0.001,0.3,0.6587893864013268
GCN_Optimised,2,2,32,128,0.001,0.4,0.6531232725262577
GCN_Optimised,2,2,32,128,0.001,0.5,0.6676340519624101
GCN_Optimised,2,2,32,128,0.0001,0.1,0.6702598120508568
GCN_Optimised,2,2,32,128,0.0001,0.2,0.67191818684356
GCN_Optimised,2,2,32,128,0.0001,0.3,0.67191818684356
GCN_Optimised,2,2,32,128,0.0001,0.4,0.6677722498618022
GCN_Optimised,2,2,32,128,0.0001,0.5,0.6669430624654507
GCN_Optimised,2,2,32,128,1e-05,0.1,0.6235489220563848
GCN_Optimised,2,2,32,128,1e-05,0.2,0.6217523493642897
GCN_Optimised,2,2,32,128,1e-05,0.3,0.621199557766722
GCN_Optimised,2,2,32,128,1e-05,0.4,0.6242399115533445
GCN_Optimised,2,2,32,128,1e-05,0.5,0.6243781094527363
GCN_Optimised,2,2,32,256,0.001,0.1,0.6679104477611939
GCN_Optimised,2,2,32,256,0.001,0.2,0.6670812603648424
GCN_Optimised,2,2,32,256,0.001,0.3,0.6661138750690989
GCN_Optimised,2,2,32,256,0.001,0.4,0.6630735212824764
GCN_Optimised,2,2,32,256,0.001,0.5,0.6632117191818684
GCN_Optimised,2,2,32,256,0.0001,0.1,0.6348811498065229
GCN_Optimised,2,2,32,256,0.0001,0.2,0.6321171918186843
GCN_Optimised,2,2,32,256,0.0001,0.3,0.6332227750138198
GCN_Optimised,2,2,32,256,0.0001,0.4,0.6315644002211167
GCN_Optimised,2,2,32,256,0.0001,0.5,0.6408236594803758
GCN_Optimised,2,2,32,256,1e-05,0.1,0.4749861802100608
GCN_Optimised,2,2,32,256,1e-05,0.2,0.46379215035931454
GCN_Optimised,2,2,32,256,1e-05,0.3,0.4662797125483693
GCN_Optimised,2,2,32,256,1e-05,0.4,0.46296296296296297
GCN_Optimised,2,2,32,256,1e-05,0.5,0.4632393587617468
GCN_Optimised,2,2,64,64,0.001,0.1,0.6520176893311223
GCN_Optimised,2,2,64,64,0.001,0.2,0.6525704809286899
GCN_Optimised,2,2,64,64,0.001,0.3,0.6529850746268656
GCN_Optimised,2,2,64,64,0.001,0.4,0.6509121061359866
GCN_Optimised,2,2,64,64,0.001,0.5,0.6506357103372028
GCN_Optimised,2,2,64,64,0.0001,0.1,0.667495854063018
GCN_Optimised,2,2,64,64,0.0001,0.2,0.6672194582642343
GCN_Optimised,2,2,64,64,0.0001,0.3,0.6674958540630183
GCN_Optimised,2,2,64,64,0.0001,0.4,0.6672194582642343
GCN_Optimised,2,2,64,64,0.0001,0.5,0.6690160309563294
GCN_Optimised,2,2,64,64,1e-05,0.1,0.5305417357656163
GCN_Optimised,2,2,64,64,1e-05,0.2,0.5270867882808181
GCN_Optimised,2,2,64,64,1e-05,0.3,0.5169983416252073
GCN_Optimised,2,2,64,64,1e-05,0.4,0.5295743504698728
GCN_Optimised,2,2,64,64,1e-05,0.5,0.5269485903814262
GCN_Optimised,2,2,64,128,0.001,0.1,0.65616362631288
GCN_Optimised,2,2,64,128,0.001,0.2,0.6522940851299059
GCN_Optimised,2,2,64,128,0.001,0.3,0.6551962410171366
GCN_Optimised,2,2,64,128,0.001,0.4,0.6498065229408513
GCN_Optimised,2,2,64,128,0.001,0.5,0.6538142620232171
GCN_Optimised,2,2,64,128,0.0001,0.1,0.6662520729684909
GCN_Optimised,2,2,64,128,0.0001,0.2,0.6651464897733556
GCN_Optimised,2,2,64,128,0.0001,0.3,0.6647318960751797
GCN_Optimised,2,2,64,128,0.0001,0.4,0.665975677169707
GCN_Optimised,2,2,64,128,0.0001,0.5,0.6666666666666665
GCN_Optimised,2,2,64,128,1e-05,0.1,0.6102819237147595
GCN_Optimised,2,2,64,128,1e-05,0.2,0.6101437258153677
GCN_Optimised,2,2,64,128,1e-05,0.3,0.6100055279159757
GCN_Optimised,2,2,64,128,1e-05,0.4,0.6098673300165837
GCN_Optimised,2,2,64,128,1e-05,0.5,0.6097291321171918
GCN_Optimised,2,2,64,256,0.001,0.1,0.6401326699834162
GCN_Optimised,2,2,64,256,0.001,0.2,0.6413764510779436
GCN_Optimised,2,2,64,256,0.001,0.3,0.6415146489773356
GCN_Optimised,2,2,64,256,0.001,0.4,0.6412382531785517
GCN_Optimised,2,2,64,256,0.001,0.5,0.6434494195688225
GCN_Optimised,2,2,64,256,0.0001,0.1,0.6522940851299059
GCN_Optimised,2,2,64,256,0.0001,0.2,0.6524322830292979
GCN_Optimised,2,2,64,256,0.0001,0.3,0.652155887230514
GCN_Optimised,2,2,64,256,0.0001,0.4,0.6510503040353787
GCN_Optimised,2,2,64,256,0.0001,0.5,0.6487009397457159
GCN_Optimised,2,2,64,256,1e-05,0.1,0.40409065782200115
GCN_Optimised,2,2,64,256,1e-05,0.2,0.4050580431177446
GCN_Optimised,2,2,64,256,1e-05,0.3,0.40381426202321724
GCN_Optimised,2,2,64,256,1e-05,0.4,0.4039524599226092
GCN_Optimised,2,2,64,256,1e-05,0.5,0.4033996683250415
GCN_Optimised,2,2,128,64,0.001,0.1,0.6538142620232171
GCN_Optimised,2,2,128,64,0.001,0.2,0.6473189607517966
GCN_Optimised,2,2,128,64,0.001,0.3,0.6459369817578773
GCN_Optimised,2,2,128,64,0.001,0.4,0.6536760641238253
GCN_Optimised,2,2,128,64,0.001,0.5,0.6543670536207848
GCN_Optimised,2,2,128,64,0.0001,0.1,0.6597567716970703
GCN_Optimised,2,2,128,64,0.0001,0.2,0.6594803758982863
GCN_Optimised,2,2,128,64,0.0001,0.3,0.658236594803759
GCN_Optimised,2,2,128,64,0.0001,0.4,0.6524322830292979
GCN_Optimised,2,2,128,64,0.0001,0.5,0.6545052515201768
GCN_Optimised,2,2,128,64,1e-05,0.1,0.5179657269209508
GCN_Optimised,2,2,128,64,1e-05,0.2,0.5182421227197347
GCN_Optimised,2,2,128,64,1e-05,0.3,0.5142343836373687
GCN_Optimised,2,2,128,64,1e-05,0.4,0.5167219458264234
GCN_Optimised,2,2,128,64,1e-05,0.5,0.5169983416252073
GCN_Optimised,2,2,128,128,0.001,0.1,0.6616915422885571
GCN_Optimised,2,2,128,128,0.001,0.2,0.6596185737976782
GCN_Optimised,2,2,128,128,0.001,0.3,0.6587893864013267
GCN_Optimised,2,2,128,128,0.001,0.4,0.6615533443891651
GCN_Optimised,2,2,128,128,0.001,0.5,0.658098396904367
GCN_Optimised,2,2,128,128,0.0001,0.1,0.658236594803759
GCN_Optimised,2,2,128,128,0.0001,0.2,0.6585129906025429
GCN_Optimised,2,2,128,128,0.0001,0.3,0.6576838032061912
GCN_Optimised,2,2,128,128,0.0001,0.4,0.6580983969043671
GCN_Optimised,2,2,128,128,0.0001,0.5,0.6583747927031509
GCN_Optimised,2,2,128,128,1e-05,0.1,0.6033720287451632
GCN_Optimised,2,2,128,128,1e-05,0.2,0.6032338308457711
GCN_Optimised,2,2,128,128,1e-05,0.3,0.6032338308457712
GCN_Optimised,2,2,128,128,1e-05,0.4,0.6030956329463792
GCN_Optimised,2,2,128,128,1e-05,0.5,0.6030956329463792
GCN_Optimised,2,2,128,256,0.001,0.1,0.6206467661691542
GCN_Optimised,2,2,128,256,0.001,0.2,0.6205085682697622
GCN_Optimised,2,2,128,256,0.001,0.3,0.6239635157545604
GCN_Optimised,2,2,128,256,0.001,0.4,0.618850193477059
GCN_Optimised,2,2,128,256,0.001,0.5,0.6174682144831398
GCN_Optimised,2,2,128,256,0.0001,0.1,0.6471807628524047
GCN_Optimised,2,2,128,256,0.0001,0.2,0.6473189607517966
GCN_Optimised,2,2,128,256,0.0001,0.3,0.6466279712548368
GCN_Optimised,2,2,128,256,0.0001,0.4,0.6467661691542288
GCN_Optimised,2,2,128,256,0.0001,0.5,0.6415146489773356
GCN_Optimised,2,2,128,256,1e-05,0.1,0.3673300165837479
GCN_Optimised,2,2,128,256,1e-05,0.2,0.367191818684356
GCN_Optimised,2,2,128,256,1e-05,0.3,0.37216694306246545
GCN_Optimised,2,2,128,256,1e-05,0.4,0.36719181868435596
GCN_Optimised,2,2,128,256,1e-05,0.5,0.37244333886124936
GCN_Optimised,2,3,32,64,0.001,0.1,0.5791873963515755
GCN_Optimised,2,3,32,64,0.001,0.2,0.5789110005527915
GCN_Optimised,2,3,32,64,0.001,0.3,0.6006080707573245
GCN_Optimised,2,3,32,64,0.001,0.4,0.5789110005527915
GCN_Optimised,2,3,32,64,0.001,0.5,0.5851299060254284
GCN_Optimised,2,3,32,64,0.0001,0.1,0.6088999447208402
GCN_Optimised,2,3,32,64,0.0001,0.2,0.609314538419016
GCN_Optimised,2,3,32,64,0.0001,0.3,0.611387506909895
GCN_Optimised,2,3,32,64,0.0001,0.4,0.6104201216141514
GCN_Optimised,2,3,32,64,0.0001,0.5,0.6087617468214482
GCN_Optimised,2,3,32,64,1e-05,0.1,0.5247374239911554
GCN_Optimised,2,3,32,64,1e-05,0.2,0.5261194029850746
GCN_Optimised,2,3,32,64,1e-05,0.3,0.5265339966832505
GCN_Optimised,2,3,32,64,1e-05,0.4,0.5263957987838586
GCN_Optimised,2,3,32,64,1e-05,0.5,0.5277777777777778
GCN_Optimised,2,3,32,128,0.001,0.1,0.5869264787175235
GCN_Optimised,2,3,32,128,0.001,0.2,0.5884466556108346
GCN_Optimised,2,3,32,128,0.001,0.3,0.5869264787175235
GCN_Optimised,2,3,32,128,0.001,0.4,0.5718629076838032
GCN_Optimised,2,3,32,128,0.001,0.5,0.5876174682144831
GCN_Optimised,2,3,32,128,0.0001,0.1,0.5837479270315089
GCN_Optimised,2,3,32,128,0.0001,0.2,0.5826423438363737
GCN_Optimised,2,3,32,128,0.0001,0.3,0.5825041459369817
GCN_Optimised,2,3,32,128,0.0001,0.4,0.5836097291321172
GCN_Optimised,2,3,32,128,0.0001,0.5,0.5841625207296848
GCN_Optimised,2,3,32,128,1e-05,0.1,0.6517412935323382
GCN_Optimised,2,3,32,128,1e-05,0.2,0.6529850746268657
GCN_Optimised,2,3,32,128,1e-05,0.3,0.6536760641238253
GCN_Optimised,2,3,32,128,1e-05,0.4,0.6538142620232172
GCN_Optimised,2,3,32,128,1e-05,0.5,0.6533996683250414
GCN_Optimised,2,3,32,256,0.001,0.1,0.6088999447208402
GCN_Optimised,2,3,32,256,0.001,0.2,0.6065505804311775
GCN_Optimised,2,3,32,256,0.001,0.3,0.6051686014372581
GCN_Optimised,2,3,32,256,0.001,0.4,0.6083471531232725
GCN_Optimised,2,3,32,256,0.001,0.5,0.6090381426202323
GCN_Optimised,2,3,32,256,0.0001,0.1,0.5974295190713101
GCN_Optimised,2,3,32,256,0.0001,0.2,0.5931453841901604
GCN_Optimised,2,3,32,256,0.0001,0.3,0.5935599778883363
GCN_Optimised,2,3,32,256,0.0001,0.4,0.5959093421779988
GCN_Optimised,2,3,32,256,0.0001,0.5,0.5971531232725262
GCN_Optimised,2,3,32,256,1e-05,0.1,0.5848535102266446
GCN_Optimised,2,3,32,256,1e-05,0.2,0.5855444997236042
GCN_Optimised,2,3,32,256,1e-05,0.3,0.5841625207296848
GCN_Optimised,2,3,32,256,1e-05,0.4,0.5823659480375898
GCN_Optimised,2,3,32,256,1e-05,0.5,0.5796019900497512
GCN_Optimised,2,3,64,64,0.001,0.1,0.589828634604754
GCN_Optimised,2,3,64,64,0.001,0.2,0.5902432283029297
GCN_Optimised,2,3,64,64,0.001,0.3,0.5887230514096187
GCN_Optimised,2,3,64,64,0.001,0.4,0.5865118850193477
GCN_Optimised,2,3,64,64,0.001,0.5,0.5865118850193477
GCN_Optimised,2,3,64,64,0.0001,0.1,0.6138750690989496
GCN_Optimised,2,3,64,64,0.0001,0.2,0.6141514648977335
GCN_Optimised,2,3,64,64,0.0001,0.3,0.6160862354892205
GCN_Optimised,2,3,64,64,0.0001,0.4,0.6162244333886124
GCN_Optimised,2,3,64,64,0.0001,0.5,0.6167772249861802
GCN_Optimised,2,3,64,64,1e-05,0.1,0.49875621890547267
GCN_Optimised,2,3,64,64,1e-05,0.2,0.4994472084024323
GCN_Optimised,2,3,64,64,1e-05,0.3,0.49986180210060804
GCN_Optimised,2,3,64,64,1e-05,0.4,0.4987562189054726
GCN_Optimised,2,3,64,64,1e-05,0.5,0.4997236042012162
GCN_Optimised,2,3,64,128,0.001,0.1,0.5778054173576561
GCN_Optimised,2,3,64,128,0.001,0.2,0.5807075732448868
GCN_Optimised,2,3,64,128,0.001,0.3,0.5779436152570481
GCN_Optimised,2,3,64,128,0.001,0.4,0.5765616362631287
GCN_Optimised,2,3,64,128,0.001,0.5,0.5776672194582642
GCN_Optimised,2,3,64,128,0.0001,0.1,0.5885848535102266
GCN_Optimised,2,3,64,128,0.0001,0.2,0.5873410724156992
GCN_Optimised,2,3,64,128,0.0001,0.3,0.5874792703150912
GCN_Optimised,2,3,64,128,0.0001,0.4,0.5874792703150912
GCN_Optimised,2,3,64,128,0.0001,0.5,0.5895522388059701
GCN_Optimised,2,3,64,128,1e-05,0.1,0.6492537313432836
GCN_Optimised,2,3,64,128,1e-05,0.2,0.6488391376451079
GCN_Optimised,2,3,64,128,1e-05,0.3,0.648700939745716
GCN_Optimised,2,3,64,128,1e-05,0.4,0.648562741846324
GCN_Optimised,2,3,64,128,1e-05,0.5,0.6491155334438916
GCN_Optimised,2,3,64,256,0.001,0.1,0.5870646766169152
GCN_Optimised,2,3,64,256,0.001,0.2,0.5916252072968491
GCN_Optimised,2,3,64,256,0.001,0.3,0.5876174682144832
GCN_Optimised,2,3,64,256,0.001,0.4,0.5854063018242122
GCN_Optimised,2,3,64,256,0.001,0.5,0.5913488114980653
GCN_Optimised,2,3,64,256,0.0001,0.1,0.6182974018794914
GCN_Optimised,2,3,64,256,0.0001,0.2,0.6198175787728025
GCN_Optimised,2,3,64,256,0.0001,0.3,0.6200939745715864
GCN_Optimised,2,3,64,256,0.0001,0.4,0.6195411829740187
GCN_Optimised,2,3,64,256,0.0001,0.5,0.6195411829740187
GCN_Optimised,2,3,64,256,1e-05,0.1,0.5106412382531786
GCN_Optimised,2,3,64,256,1e-05,0.2,0.5111940298507462
GCN_Optimised,2,3,64,256,1e-05,0.3,0.5107794361525705
GCN_Optimised,2,3,64,256,1e-05,0.4,0.5111940298507462
GCN_Optimised,2,3,64,256,1e-05,0.5,0.5106412382531785
GCN_Optimised,2,3,128,64,0.001,0.1,0.6024046434494196
GCN_Optimised,2,3,128,64,0.001,0.2,0.6011608623548922
GCN_Optimised,2,3,128,64,0.001,0.3,0.5982587064676617
GCN_Optimised,2,3,128,64,0.001,0.4,0.599778883360973
GCN_Optimised,2,3,128,64,0.001,0.5,0.5921779988944168
GCN_Optimised,2,3,128,64,0.0001,0.1,0.6337755666113875
GCN_Optimised,2,3,128,64,0.0001,0.2,0.6337755666113875
GCN_Optimised,2,3,128,64,0.0001,0.3,0.6341901603095632
GCN_Optimised,2,3,128,64,0.0001,0.4,0.6352957435046986
GCN_Optimised,2,3,128,64,0.0001,0.5,0.632669983416252
GCN_Optimised,2,3,128,64,1e-05,0.1,0.48770038695411827
GCN_Optimised,2,3,128,64,1e-05,0.2,0.4878385848535102
GCN_Optimised,2,3,128,64,1e-05,0.3,0.4881149806522941
GCN_Optimised,2,3,128,64,1e-05,0.4,0.4892205638474295
GCN_Optimised,2,3,128,64,1e-05,0.5,0.4896351575456053
GCN_Optimised,2,3,128,128,0.001,0.1,0.5775290215588722
GCN_Optimised,2,3,128,128,0.001,0.2,0.5766998341625208
GCN_Optimised,2,3,128,128,0.001,0.3,0.5798783858485352
GCN_Optimised,2,3,128,128,0.001,0.4,0.5790491984521836
GCN_Optimised,2,3,128,128,0.001,0.5,0.5769762299613046
GCN_Optimised,2,3,128,128,0.0001,0.1,0.5901050304035378
GCN_Optimised,2,3,128,128,0.0001,0.2,0.5901050304035379
GCN_Optimised,2,3,128,128,0.0001,0.3,0.5902432283029297
GCN_Optimised,2,3,128,128,0.0001,0.4,0.5916252072968491
GCN_Optimised,2,3,128,128,0.0001,0.5,0.5912106135986733
GCN_Optimised,2,3,128,128,1e-05,0.1,0.6380597014925373
GCN_Optimised,2,3,128,128,1e-05,0.2,0.6380597014925374
GCN_Optimised,2,3,128,128,1e-05,0.3,0.6380597014925373
GCN_Optimised,2,3,128,128,1e-05,0.4,0.638750690989497
GCN_Optimised,2,3,128,128,1e-05,0.5,0.638750690989497
GCN_Optimised,2,3,128,256,0.001,0.1,0.5852681039248203
GCN_Optimised,2,3,128,256,0.001,0.2,0.5847153123272526
GCN_Optimised,2,3,128,256,0.001,0.3,0.5784964068546158
GCN_Optimised,2,3,128,256,0.001,0.4,0.5856826976229962
GCN_Optimised,2,3,128,256,0.001,0.5,0.5870646766169154
GCN_Optimised,2,3,128,256,0.0001,0.1,0.6467661691542288
GCN_Optimised,2,3,128,256,0.0001,0.2,0.6474571586511884
GCN_Optimised,2,3,128,256,0.0001,0.3,0.6444168048645661
GCN_Optimised,2,3,128,256,0.0001,0.4,0.6449695964621338
GCN_Optimised,2,3,128,256,0.0001,0.5,0.6457987838584853
GCN_Optimised,2,3,128,256,1e-05,0.1,0.4701492537313433
GCN_Optimised,2,3,128,256,1e-05,0.2,0.47014925373134336
GCN_Optimised,2,3,128,256,1e-05,0.3,0.46987285793255945
GCN_Optimised,2,3,128,256,1e-05,0.4,0.47042564953012717
GCN_Optimised,2,3,128,256,1e-05,0.5,0.47014925373134336
GCN_Optimised,2,4,32,64,0.001,0.1,0.5993642896627971
GCN_Optimised,2,4,32,64,0.001,0.2,0.5950801547816473
GCN_Optimised,2,4,32,64,0.001,0.3,0.5959784411276949
GCN_Optimised,2,4,32,64,0.001,0.4,0.5977750138197899
GCN_Optimised,2,4,32,64,0.001,0.5,0.5988114980652294
GCN_Optimised,2,4,32,64,0.0001,0.1,0.5880320619126589
GCN_Optimised,2,4,32,64,0.0001,0.2,0.5894140409065781
GCN_Optimised,2,4,32,64,0.0001,0.3,0.5892758430071863
GCN_Optimised,2,4,32,64,0.0001,0.4,0.5923161967938088
GCN_Optimised,2,4,32,64,0.0001,0.5,0.5904505251520177
GCN_Optimised,2,4,32,64,1e-05,0.1,0.4835544499723604
GCN_Optimised,2,4,32,64,1e-05,0.2,0.47685185185185186
GCN_Optimised,2,4,32,64,1e-05,0.3,0.46987285793255945
GCN_Optimised,2,4,32,64,1e-05,0.4,0.4707020453289111
GCN_Optimised,2,4,32,64,1e-05,0.5,0.4724986180210061
GCN_Optimised,2,4,32,128,0.001,0.1,0.5930071862907683
GCN_Optimised,2,4,32,128,0.001,0.2,0.5867191818684355
GCN_Optimised,2,4,32,128,0.001,0.3,0.5916943062465451
GCN_Optimised,2,4,32,128,0.001,0.4,0.5959784411276948
GCN_Optimised,2,4,32,128,0.001,0.5,0.5967385295743505
GCN_Optimised,2,4,32,128,0.0001,0.1,0.6055831951354339
GCN_Optimised,2,4,32,128,0.0001,0.2,0.6054449972360421
GCN_Optimised,2,4,32,128,0.0001,0.3,0.6079325594250967
GCN_Optimised,2,4,32,128,0.0001,0.4,0.607379767827529
GCN_Optimised,2,4,32,128,0.0001,0.5,0.6144278606965174
GCN_Optimised,2,4,32,128,1e-05,0.1,0.5366224433388612
GCN_Optimised,2,4,32,128,1e-05,0.2,0.5364151464897734
GCN_Optimised,2,4,32,128,1e-05,0.3,0.5362078496406855
GCN_Optimised,2,4,32,128,1e-05,0.4,0.535378662244334
GCN_Optimised,2,4,32,128,1e-05,0.5,0.5351713653952459
GCN_Optimised,2,4,32,256,0.001,0.1,0.595840243228303
GCN_Optimised,2,4,32,256,0.001,0.2,0.5899668325041459
GCN_Optimised,2,4,32,256,0.001,0.3,0.5932144831398563
GCN_Optimised,2,4,32,256,0.001,0.4,0.5958402432283028
GCN_Optimised,2,4,32,256,0.001,0.5,0.5929380873410723
GCN_Optimised,2,4,32,256,0.0001,0.1,0.6032338308457711
GCN_Optimised,2,4,32,256,0.0001,0.2,0.6039248203427308
GCN_Optimised,2,4,32,256,0.0001,0.3,0.6025428413488114
GCN_Optimised,2,4,32,256,0.0001,0.4,0.603510226644555
GCN_Optimised,2,4,32,256,0.0001,0.5,0.6046158098396903
GCN_Optimised,2,4,32,256,1e-05,0.1,0.5051133222775014
GCN_Optimised,2,4,32,256,1e-05,0.2,0.5047678275290215
GCN_Optimised,2,4,32,256,1e-05,0.3,0.5063571033720287
GCN_Optimised,2,4,32,256,1e-05,0.4,0.5042841348811499
GCN_Optimised,2,4,32,256,1e-05,0.5,0.5026257600884466
GCN_Optimised,2,4,64,64,0.001,0.1,0.6026810392482034
GCN_Optimised,2,4,64,64,0.001,0.2,0.6003316749585406
GCN_Optimised,2,4,64,64,0.001,0.3,0.6009535655058043
GCN_Optimised,2,4,64,64,0.001,0.4,0.6019209508015477
GCN_Optimised,2,4,64,64,0.001,0.5,0.6009535655058043
GCN_Optimised,2,4,64,64,0.0001,0.1,0.5739358761746821
GCN_Optimised,2,4,64,64,0.0001,0.2,0.5765616362631287
GCN_Optimised,2,4,64,64,0.0001,0.3,0.5772526257600884
GCN_Optimised,2,4,64,64,0.0001,0.4,0.5773908236594804
GCN_Optimised,2,4,64,64,0.0001,0.5,0.5780818131564399
GCN_Optimised,2,4,64,64,1e-05,0.1,0.45646766169154224
GCN_Optimised,2,4,64,64,1e-05,0.2,0.4566058595909342
GCN_Optimised,2,4,64,64,1e-05,0.3,0.4588170259812051
GCN_Optimised,2,4,64,64,1e-05,0.4,0.4595080154781647
GCN_Optimised,2,4,64,64,1e-05,0.5,0.4575732448866777
GCN_Optimised,2,4,64,128,0.001,0.1,0.6100746268656716
GCN_Optimised,2,4,64,128,0.001,0.2,0.6097291321171918
GCN_Optimised,2,4,64,128,0.001,0.3,0.6069651741293531
GCN_Optimised,2,4,64,128,0.001,0.4,0.6106965174129353
GCN_Optimised,2,4,64,128,0.001,0.5,0.6060668877833056
GCN_Optimised,2,4,64,128,0.0001,0.1,0.6059977888336097
GCN_Optimised,2,4,64,128,0.0001,0.2,0.6059977888336097
GCN_Optimised,2,4,64,128,0.0001,0.3,0.605444997236042
GCN_Optimised,2,4,64,128,0.0001,0.4,0.6061359867330016
GCN_Optimised,2,4,64,128,0.0001,0.5,0.5948728579325594
GCN_Optimised,2,4,64,128,1e-05,0.1,0.5129906025428415
GCN_Optimised,2,4,64,128,1e-05,0.2,0.5127833056937534
GCN_Optimised,2,4,64,128,1e-05,0.3,0.5129906025428415
GCN_Optimised,2,4,64,128,1e-05,0.4,0.5129906025428415
GCN_Optimised,2,4,64,128,1e-05,0.5,0.5133360972913212
GCN_Optimised,2,4,64,256,0.001,0.1,0.5958402432283029
GCN_Optimised,2,4,64,256,0.001,0.2,0.5999170812603648
GCN_Optimised,2,4,64,256,0.001,0.3,0.5981205085682697
GCN_Optimised,2,4,64,256,0.001,0.4,0.5981896075179657
GCN_Optimised,2,4,64,256,0.001,0.5,0.6005389718076285
GCN_Optimised,2,4,64,256,0.0001,0.1,0.601575456053068
GCN_Optimised,2,4,64,256,0.0001,0.2,0.6009535655058044
GCN_Optimised,2,4,64,256,0.0001,0.3,0.6009535655058043
GCN_Optimised,2,4,64,256,0.0001,0.4,0.6010226644555003
GCN_Optimised,2,4,64,256,0.0001,0.5,0.6008153676064124
GCN_Optimised,2,4,64,256,1e-05,0.1,0.45791873963515756
GCN_Optimised,2,4,64,256,1e-05,0.2,0.45743504698728576
GCN_Optimised,2,4,64,256,1e-05,0.3,0.4578496406854616
GCN_Optimised,2,4,64,256,1e-05,0.4,0.4636539524599226
GCN_Optimised,2,4,64,256,1e-05,0.5,0.46379215035931454
GCN_Optimised,2,4,128,64,0.001,0.1,0.6055140961857379
GCN_Optimised,2,4,128,64,0.001,0.2,0.6051686014372581
GCN_Optimised,2,4,128,64,0.001,0.3,0.6046158098396903
GCN_Optimised,2,4,128,64,0.001,0.4,0.6026810392482034
GCN_Optimised,2,4,128,64,0.001,0.5,0.6017136539524599
GCN_Optimised,2,4,128,64,0.0001,0.1,0.5634328358208956
GCN_Optimised,2,4,128,64,0.0001,0.2,0.5611525704809287
GCN_Optimised,2,4,128,64,0.0001,0.3,0.564262023217247
GCN_Optimised,2,4,128,64,0.0001,0.4,0.5678551686014373
GCN_Optimised,2,4,128,64,0.0001,0.5,0.5672332780541736
GCN_Optimised,2,4,128,64,1e-05,0.1,0.4487285793255943
GCN_Optimised,2,4,128,64,1e-05,0.2,0.4539800995024875
GCN_Optimised,2,4,128,64,1e-05,0.3,0.4495577667219458
GCN_Optimised,2,4,128,64,1e-05,0.4,0.4443062465450525
GCN_Optimised,2,4,128,64,1e-05,0.5,0.44347705914870095
GCN_Optimised,2,4,128,128,0.001,0.1,0.6122857932559425
GCN_Optimised,2,4,128,128,0.001,0.2,0.6142205638474295
GCN_Optimised,2,4,128,128,0.001,0.3,0.6142896627971255
GCN_Optimised,2,4,128,128,0.001,0.4,0.6148424543946932
GCN_Optimised,2,4,128,128,0.001,0.5,0.6139441680486457
GCN_Optimised,2,4,128,128,0.0001,0.1,0.5785655058043118
GCN_Optimised,2,4,128,128,0.0001,0.2,0.5787037037037037
GCN_Optimised,2,4,128,128,0.0001,0.3,0.5778054173576561
GCN_Optimised,2,4,128,128,0.0001,0.4,0.5778745163073521
GCN_Optimised,2,4,128,128,0.0001,0.5,0.5755251520176893
GCN_Optimised,2,4,128,128,1e-05,0.1,0.4974433388612493
GCN_Optimised,2,4,128,128,1e-05,0.2,0.4974433388612493
GCN_Optimised,2,4,128,128,1e-05,0.3,0.4976506357103372
GCN_Optimised,2,4,128,128,1e-05,0.4,0.4975124378109453
GCN_Optimised,2,4,128,128,1e-05,0.5,0.49723604201216137
GCN_Optimised,2,4,128,256,0.001,0.1,0.601299060254284
GCN_Optimised,2,4,128,256,0.001,0.2,0.6002625760088447
GCN_Optimised,2,4,128,256,0.001,0.3,0.5999861802100608
GCN_Optimised,2,4,128,256,0.001,0.4,0.6009535655058043
GCN_Optimised,2,4,128,256,0.001,0.5,0.6018518518518519
GCN_Optimised,2,4,128,256,0.0001,0.1,0.5749032614704256
GCN_Optimised,2,4,128,256,0.0001,0.2,0.5740740740740741
GCN_Optimised,2,4,128,256,0.0001,0.3,0.5726229961304589
GCN_Optimised,2,4,128,256,0.0001,0.4,0.572346600331675
GCN_Optimised,2,4,128,256,0.0001,0.5,0.5760779436152571
GCN_Optimised,2,4,128,256,1e-05,0.1,0.42710060807075734
GCN_Optimised,2,4,128,256,1e-05,0.2,0.42896627971254836
GCN_Optimised,2,4,128,256,1e-05,0.3,0.4269624101713654
GCN_Optimised,2,4,128,256,1e-05,0.4,0.4297954671089
GCN_Optimised,2,4,128,256,1e-05,0.5,0.43062465450525156
GCN_Optimised,3,0,32,64,0.001,0.1,0.6512392167602356
GCN_Optimised,3,0,32,64,0.001,0.2,0.6526085170477887
GCN_Optimised,3,0,32,64,0.001,0.3,0.6498699164726824
GCN_Optimised,3,0,32,64,0.001,0.4,0.6464466657537998
GCN_Optimised,3,0,32,64,0.001,0.5,0.6468574558400657
GCN_Optimised,3,0,32,64,0.0001,0.1,0.6404217444885664
GCN_Optimised,3,0,32,64,0.0001,0.2,0.6354922634533754
GCN_Optimised,3,0,32,64,0.0001,0.3,0.6343968232233329
GCN_Optimised,3,0,32,64,0.0001,0.4,0.6345337532520883
GCN_Optimised,3,0,32,64,0.0001,0.5,0.6343968232233329
GCN_Optimised,3,0,32,64,1e-05,0.1,0.4492674243461591
GCN_Optimised,3,0,32,64,1e-05,0.2,0.4498151444611803
GCN_Optimised,3,0,32,64,1e-05,0.3,0.45022593454744625
GCN_Optimised,3,0,32,64,1e-05,0.4,0.4495412844036697
GCN_Optimised,3,0,32,64,1e-05,0.5,0.4522798849787758
GCN_Optimised,3,0,32,128,0.001,0.1,0.6515130768177462
GCN_Optimised,3,0,32,128,0.001,0.2,0.6528823771052992
GCN_Optimised,3,0,32,128,0.001,0.3,0.6509653567027249
GCN_Optimised,3,0,32,128,0.001,0.4,0.6513761467889908
GCN_Optimised,3,0,32,128,0.001,0.5,0.6504176365877037
GCN_Optimised,3,0,32,128,0.0001,0.1,0.646035875667534
GCN_Optimised,3,0,32,128,0.0001,0.2,0.6450773654662467
GCN_Optimised,3,0,32,128,0.0001,0.3,0.6442557852937149
GCN_Optimised,3,0,32,128,0.0001,0.4,0.6446665753799808
GCN_Optimised,3,0,32,128,0.0001,0.5,0.6461728056962893
GCN_Optimised,3,0,32,128,1e-05,0.1,0.596467205258113
GCN_Optimised,3,0,32,128,1e-05,0.2,0.5955086950568261
GCN_Optimised,3,0,32,128,1e-05,0.3,0.5949609749418048
GCN_Optimised,3,0,32,128,1e-05,0.4,0.5942763247980283
GCN_Optimised,3,0,32,128,1e-05,0.5,0.5945501848555389
GCN_Optimised,3,0,32,256,0.001,0.1,0.6469943858688211
GCN_Optimised,3,0,32,256,0.001,0.2,0.6432972750924277
GCN_Optimised,3,0,32,256,0.001,0.3,0.638915514172258
GCN_Optimised,3,0,32,256,0.001,0.4,0.6431603450636725
GCN_Optimised,3,0,32,256,0.001,0.5,0.6463097357250445
GCN_Optimised,3,0,32,256,0.0001,0.1,0.6500068465014378
GCN_Optimised,3,0,32,256,0.0001,0.2,0.6532931671915652
GCN_Optimised,3,0,32,256,0.0001,0.3,0.6508284266739696
GCN_Optimised,3,0,32,256,0.0001,0.4,0.6487744762426401
GCN_Optimised,3,0,32,256,0.0001,0.5,0.6500068465014378
GCN_Optimised,3,0,32,256,1e-05,0.1,0.4567985759277009
GCN_Optimised,3,0,32,256,1e-05,0.2,0.4557031356976585
GCN_Optimised,3,0,32,256,1e-05,0.3,0.4550184855538819
GCN_Optimised,3,0,32,256,1e-05,0.4,0.46337121730795566
GCN_Optimised,3,0,32,256,1e-05,0.5,0.4625496371354238
GCN_Optimised,3,0,64,64,0.001,0.1,0.6545255374503629
GCN_Optimised,3,0,64,64,0.001,0.2,0.6545255374503629
GCN_Optimised,3,0,64,64,0.001,0.3,0.6554840476516501
GCN_Optimised,3,0,64,64,0.001,0.4,0.6560317677666714
GCN_Optimised,3,0,64,64,0.001,0.5,0.6563056278241819
GCN_Optimised,3,0,64,64,0.0001,0.1,0.6150896891688348
GCN_Optimised,3,0,64,64,0.0001,0.2,0.6157743393126113
GCN_Optimised,3,0,64,64,0.0001,0.3,0.6164589894563878
GCN_Optimised,3,0,64,64,0.0001,0.4,0.615637409283856
GCN_Optimised,3,0,64,64,0.0001,0.5,0.6164589894563878
GCN_Optimised,3,0,64,64,1e-05,0.1,0.441599342735862
GCN_Optimised,3,0,64,64,1e-05,0.2,0.43530056141311796
GCN_Optimised,3,0,64,64,1e-05,0.3,0.4353005614131179
GCN_Optimised,3,0,64,64,1e-05,0.4,0.4355744214706285
GCN_Optimised,3,0,64,64,1e-05,0.5,0.435300561413118
GCN_Optimised,3,0,64,128,0.001,0.1,0.6591811584280433
GCN_Optimised,3,0,64,128,0.001,0.2,0.6584965082842669
GCN_Optimised,3,0,64,128,0.001,0.3,0.6591811584280434
GCN_Optimised,3,0,64,128,0.001,0.4,0.6565794878816925
GCN_Optimised,3,0,64,128,0.001,0.5,0.6561686977954265
GCN_Optimised,3,0,64,128,0.0001,0.1,0.6374092838559496
GCN_Optimised,3,0,64,128,0.0001,0.2,0.6369984937696836
GCN_Optimised,3,0,64,128,0.0001,0.3,0.637135423798439
GCN_Optimised,3,0,64,128,0.0001,0.4,0.6374092838559496
GCN_Optimised,3,0,64,128,0.0001,0.5,0.6365877036834179
GCN_Optimised,3,0,64,128,1e-05,0.1,0.5794878816924551
GCN_Optimised,3,0,64,128,1e-05,0.2,0.5788032315486786
GCN_Optimised,3,0,64,128,1e-05,0.3,0.5792140216349445
GCN_Optimised,3,0,64,128,1e-05,0.4,0.5790770916061893
GCN_Optimised,3,0,64,128,1e-05,0.5,0.5796248117212105
GCN_Optimised,3,0,64,256,0.001,0.1,0.6546624674791182
GCN_Optimised,3,0,64,256,0.001,0.2,0.6576749281117349
GCN_Optimised,3,0,64,256,0.001,0.3,0.6542516773928524
GCN_Optimised,3,0,64,256,0.001,0.4,0.6539778173353417
GCN_Optimised,3,0,64,256,0.001,0.5,0.6539778173353417
GCN_Optimised,3,0,64,256,0.0001,0.1,0.6474051759550871
GCN_Optimised,3,0,64,256,0.0001,0.2,0.6465835957825552
GCN_Optimised,3,0,64,256,0.0001,0.3,0.6485006161851294
GCN_Optimised,3,0,64,256,0.0001,0.4,0.6469943858688212
GCN_Optimised,3,0,64,256,0.0001,0.5,0.6454881555525127
GCN_Optimised,3,0,64,256,1e-05,0.1,0.406271395316993
GCN_Optimised,3,0,64,256,1e-05,0.2,0.4065452553745036
GCN_Optimised,3,0,64,256,1e-05,0.3,0.40681911543201427
GCN_Optimised,3,0,64,256,1e-05,0.4,0.40668218540325896
GCN_Optimised,3,0,64,256,1e-05,0.5,0.40681911543201427
GCN_Optimised,3,0,128,64,0.001,0.1,0.6508284266739697
GCN_Optimised,3,0,128,64,0.001,0.2,0.6508284266739697
GCN_Optimised,3,0,128,64,0.001,0.3,0.6511022867314803
GCN_Optimised,3,0,128,64,0.001,0.4,0.6511022867314803
GCN_Optimised,3,0,128,64,0.001,0.5,0.6523346569902779
GCN_Optimised,3,0,128,64,0.0001,0.1,0.5683965493632754
GCN_Optimised,3,0,128,64,0.0001,0.2,0.5689442694782966
GCN_Optimised,3,0,128,64,0.0001,0.3,0.5599068875804465
GCN_Optimised,3,0,128,64,0.0001,0.4,0.5607284677529784
GCN_Optimised,3,0,128,64,0.0001,0.5,0.563740928385595
GCN_Optimised,3,0,128,64,1e-05,0.1,0.4250308092564699
GCN_Optimised,3,0,128,64,1e-05,0.2,0.4251677392852253
GCN_Optimised,3,0,128,64,1e-05,0.3,0.4251677392852253
GCN_Optimised,3,0,128,64,1e-05,0.4,0.4258523894290018
GCN_Optimised,3,0,128,64,1e-05,0.5,0.4228399287963851
GCN_Optimised,3,0,128,128,0.001,0.1,0.6557579077091606
GCN_Optimised,3,0,128,128,0.001,0.2,0.6543886074216076
GCN_Optimised,3,0,128,128,0.001,0.3,0.6556209776804053
GCN_Optimised,3,0,128,128,0.001,0.4,0.6521977269615228
GCN_Optimised,3,0,128,128,0.001,0.5,0.6553471176228947
GCN_Optimised,3,0,128,128,0.0001,0.1,0.6257702314117486
GCN_Optimised,3,0,128,128,0.0001,0.2,0.6279611118718336
GCN_Optimised,3,0,128,128,0.0001,0.3,0.6261810214980146
GCN_Optimised,3,0,128,128,0.0001,0.4,0.6263179515267697
GCN_Optimised,3,0,128,128,0.0001,0.5,0.627276461728057
GCN_Optimised,3,0,128,128,1e-05,0.1,0.5678488292482542
GCN_Optimised,3,0,128,128,1e-05,0.2,0.5685334793920307
GCN_Optimised,3,0,128,128,1e-05,0.3,0.568670409420786
GCN_Optimised,3,0,128,128,1e-05,0.4,0.5682596193345201
GCN_Optimised,3,0,128,128,1e-05,0.5,0.5681226893057648
GCN_Optimised,3,0,128,256,0.001,0.1,0.6509653567027249
GCN_Optimised,3,0,128,256,0.001,0.2,0.6502807065589484
GCN_Optimised,3,0,128,256,0.001,0.3,0.6513761467889908
GCN_Optimised,3,0,128,256,0.001,0.4,0.6513761467889908
GCN_Optimised,3,0,128,256,0.001,0.5,0.6504176365877037
GCN_Optimised,3,0,128,256,0.0001,0.1,0.5767492811173491
GCN_Optimised,3,0,128,256,0.0001,0.2,0.5778447213473915
GCN_Optimised,3,0,128,256,0.0001,0.3,0.5798986717787211
GCN_Optimised,3,0,128,256,0.0001,0.4,0.5723675201971792
GCN_Optimised,3,0,128,256,0.0001,0.5,0.5692181295358073
GCN_Optimised,3,0,128,256,1e-05,0.1,0.387922771463782
GCN_Optimised,3,0,128,256,1e-05,0.2,0.3866904012049842
GCN_Optimised,3,0,128,256,1e-05,0.3,0.38723812132000546
GCN_Optimised,3,0,128,256,1e-05,0.4,0.3868273312337396
GCN_Optimised,3,0,128,256,1e-05,0.5,0.3873750513487608
GCN_Optimised,3,1,32,64,0.001,0.1,0.6567278287461774
GCN_Optimised,3,1,32,64,0.001,0.2,0.6481790380872949
GCN_Optimised,3,1,32,64,0.001,0.3,0.6527661940505978
GCN_Optimised,3,1,32,64,0.001,0.4,0.6494300806227412
GCN_Optimised,3,1,32,64,0.001,0.5,0.6523491798721157
GCN_Optimised,3,1,32,64,0.0001,0.1,0.654851264943008
GCN_Optimised,3,1,32,64,0.0001,0.2,0.6545037531276063
GCN_Optimised,3,1,32,64,0.0001,0.3,0.6534612176814012
GCN_Optimised,3,1,32,64,0.0001,0.4,0.6567973311092578
GCN_Optimised,3,1,32,64,0.0001,0.5,0.6572143452877398
GCN_Optimised,3,1,32,64,1e-05,0.1,0.49193772588268
GCN_Optimised,3,1,32,64,1e-05,0.2,0.4798443147067
GCN_Optimised,3,1,32,64,1e-05,0.3,0.47623019182652215
GCN_Optimised,3,1,32,64,1e-05,0.4,0.48901862663330553
GCN_Optimised,3,1,32,64,1e-05,0.5,0.48748957464553794
GCN_Optimised,3,1,32,128,0.001,0.1,0.646163469557965
GCN_Optimised,3,1,32,128,0.001,0.2,0.6420628301362247
GCN_Optimised,3,1,32,128,0.001,0.3,0.6444954128440368
GCN_Optimised,3,1,32,128,0.001,0.4,0.6465109813733668
GCN_Optimised,3,1,32,128,0.001,0.5,0.6470670002780095
GCN_Optimised,3,1,32,128,0.0001,0.1,0.6598554350847929
GCN_Optimised,3,1,32,128,0.0001,0.2,0.6581873783708645
GCN_Optimised,3,1,32,128,0.0001,0.3,0.6590214067278288
GCN_Optimised,3,1,32,128,0.0001,0.4,0.6574923547400612
GCN_Optimised,3,1,32,128,0.0001,0.5,0.6583263830970253
GCN_Optimised,3,1,32,128,1e-05,0.1,0.5957047539616348
GCN_Optimised,3,1,32,128,1e-05,0.2,0.595357242146233
GCN_Optimised,3,1,32,128,1e-05,0.3,0.5950792326939116
GCN_Optimised,3,1,32,128,1e-05,0.4,0.5942452043369474
GCN_Optimised,3,1,32,128,1e-05,0.5,0.5934111759799834
GCN_Optimised,3,1,32,256,0.001,0.1,0.6481095357242147
GCN_Optimised,3,1,32,256,0.001,0.2,0.6483180428134557
GCN_Optimised,3,1,32,256,0.001,0.3,0.6494995829858216
GCN_Optimised,3,1,32,256,0.001,0.4,0.6507506255212676
GCN_Optimised,3,1,32,256,0.001,0.5,0.6473450097303308
GCN_Optimised,3,1,32,256,0.0001,0.1,0.637684181262163
GCN_Optimised,3,1,32,256,0.0001,0.2,0.6347650820127884
GCN_Optimised,3,1,32,256,0.0001,0.3,0.6358076174589936
GCN_Optimised,3,1,32,256,0.0001,0.4,0.6356686127328329
GCN_Optimised,3,1,32,256,0.0001,0.5,0.635877119822074
GCN_Optimised,3,1,32,256,1e-05,0.1,0.44856825132054495
GCN_Optimised,3,1,32,256,1e-05,0.2,0.4438420906310815
GCN_Optimised,3,1,32,256,1e-05,0.3,0.4448846260772866
GCN_Optimised,3,1,32,256,1e-05,0.4,0.441131498470948
GCN_Optimised,3,1,32,256,1e-05,0.5,0.43988045593550185
GCN_Optimised,3,1,64,64,0.001,0.1,0.6513066444259106
GCN_Optimised,3,1,64,64,0.001,0.2,0.6499165971643037
GCN_Optimised,3,1,64,64,0.001,0.3,0.650403113705866
GCN_Optimised,3,1,64,64,0.001,0.4,0.6537392271337226
GCN_Optimised,3,1,64,64,0.001,0.5,0.6508201278843482
GCN_Optimised,3,1,64,64,0.0001,0.1,0.6624270225187657
GCN_Optimised,3,1,64,64,0.0001,0.2,0.6627745343341673
GCN_Optimised,3,1,64,64,0.0001,0.3,0.6628440366972477
GCN_Optimised,3,1,64,64,0.0001,0.4,0.6666666666666667
GCN_Optimised,3,1,64,64,0.0001,0.5,0.6644425910480957
GCN_Optimised,3,1,64,64,1e-05,0.1,0.46232971921045324
GCN_Optimised,3,1,64,64,1e-05,0.2,0.4567695301640255
GCN_Optimised,3,1,64,64,1e-05,0.3,0.45440644981929385
GCN_Optimised,3,1,64,64,1e-05,0.4,0.455240478176258
GCN_Optimised,3,1,64,64,1e-05,0.5,0.4555184876285793
GCN_Optimised,3,1,64,128,0.001,0.1,0.6541562413122046
GCN_Optimised,3,1,64,128,0.001,0.2,0.6533917153183209
GCN_Optimised,3,1,64,128,0.001,0.3,0.6545037531276063
GCN_Optimised,3,1,64,128,0.001,0.4,0.652627189324437
GCN_Optimised,3,1,64,128,0.001,0.5,0.6528356964136781
GCN_Optimised,3,1,64,128,0.0001,0.1,0.6584653878231861
GCN_Optimised,3,1,64,128,0.0001,0.2,0.6588128996385877
GCN_Optimised,3,1,64,128,0.0001,0.3,0.6577703641923826
GCN_Optimised,3,1,64,128,0.0001,0.4,0.6581178760077844
GCN_Optimised,3,1,64,128,0.0001,0.5,0.6555462885738116
GCN_Optimised,3,1,64,128,1e-05,0.1,0.5746455379482902
GCN_Optimised,3,1,64,128,1e-05,0.2,0.5740895190436475
GCN_Optimised,3,1,64,128,1e-05,0.3,0.572977481234362
GCN_Optimised,3,1,64,128,1e-05,0.4,0.5732554906866834
GCN_Optimised,3,1,64,128,1e-05,0.5,0.5739505143174868
GCN_Optimised,3,1,64,256,0.001,0.1,0.6432443703085904
GCN_Optimised,3,1,64,256,0.001,0.2,0.6448429246594386
GCN_Optimised,3,1,64,256,0.001,0.3,0.6440783986655546
GCN_Optimised,3,1,64,256,0.001,0.4,0.6460939671948848
GCN_Optimised,3,1,64,256,0.001,0.5,0.645954962468724
GCN_Optimised,3,1,64,256,0.0001,0.1,0.6452599388379205
GCN_Optimised,3,1,64,256,0.0001,0.2,0.642340839588546
GCN_Optimised,3,1,64,256,0.0001,0.3,0.641923825410064
GCN_Optimised,3,1,64,256,0.0001,0.4,0.6424798443147067
GCN_Optimised,3,1,64,256,0.0001,0.5,0.6417848206839033
GCN_Optimised,3,1,64,256,1e-05,0.1,0.41590214067278286
GCN_Optimised,3,1,64,256,1e-05,0.2,0.41576313594662223
GCN_Optimised,3,1,64,256,1e-05,0.3,0.41618015012510434
GCN_Optimised,3,1,64,256,1e-05,0.4,0.41659716430358634
GCN_Optimised,3,1,64,256,1e-05,0.5,0.416527661940506
GCN_Optimised,3,1,128,64,0.001,0.1,0.6526966916875174
GCN_Optimised,3,1,128,64,0.001,0.2,0.6527661940505978
GCN_Optimised,3,1,128,64,0.001,0.3,0.6455379482902419
GCN_Optimised,3,1,128,64,0.001,0.4,0.649360578259661
GCN_Optimised,3,1,128,64,0.001,0.5,0.6463024742841258
GCN_Optimised,3,1,128,64,0.0001,0.1,0.6061301084236864
GCN_Optimised,3,1,128,64,0.0001,0.2,0.6097442313038643
GCN_Optimised,3,1,128,64,0.0001,0.3,0.6109257714762302
GCN_Optimised,3,1,128,64,0.0001,0.4,0.6052960800667223
GCN_Optimised,3,1,128,64,0.0001,0.5,0.6111342785654712
GCN_Optimised,3,1,128,64,1e-05,0.1,0.4405059772032249
GCN_Optimised,3,1,128,64,1e-05,0.2,0.43953294412010013
GCN_Optimised,3,1,128,64,1e-05,0.3,0.4393244370308591
GCN_Optimised,3,1,128,64,1e-05,0.4,0.43960244648318053
GCN_Optimised,3,1,128,64,1e-05,0.5,0.4391159299416181
GCN_Optimised,3,1,128,128,0.001,0.1,0.6599249374478733
GCN_Optimised,3,1,128,128,0.001,0.2,0.6592299138170699
GCN_Optimised,3,1,128,128,0.001,0.3,0.6581873783708646
GCN_Optimised,3,1,128,128,0.001,0.4,0.6576313594662219
GCN_Optimised,3,1,128,128,0.001,0.5,0.6593689185432307
GCN_Optimised,3,1,128,128,0.0001,0.1,0.6488045593550181
GCN_Optimised,3,1,128,128,0.0001,0.2,0.648596052265777
GCN_Optimised,3,1,128,128,0.0001,0.3,0.6492910758965804
GCN_Optimised,3,1,128,128,0.0001,0.4,0.6484570475396164
GCN_Optimised,3,1,128,128,0.0001,0.5,0.6492215735335001
GCN_Optimised,3,1,128,128,1e-05,0.1,0.5632471504031137
GCN_Optimised,3,1,128,128,1e-05,0.2,0.563108145676953
GCN_Optimised,3,1,128,128,1e-05,0.3,0.5634556574923548
GCN_Optimised,3,1,128,128,1e-05,0.4,0.5634556574923548
GCN_Optimised,3,1,128,128,1e-05,0.5,0.5631081456769531
GCN_Optimised,3,1,128,256,0.001,0.1,0.6410897970530998
GCN_Optimised,3,1,128,256,0.001,0.2,0.644147901028635
GCN_Optimised,3,1,128,256,0.001,0.3,0.6424103419516264
GCN_Optimised,3,1,128,256,0.001,0.4,0.6433833750347511
GCN_Optimised,3,1,128,256,0.001,0.5,0.6399777592438143
GCN_Optimised,3,1,128,256,0.0001,0.1,0.5991103697525716
GCN_Optimised,3,1,128,256,0.0001,0.2,0.6017514595496247
GCN_Optimised,3,1,128,256,0.0001,0.3,0.592577147623019
GCN_Optimised,3,1,128,256,0.0001,0.4,0.604045037531276
GCN_Optimised,3,1,128,256,0.0001,0.5,0.5954962468723937
GCN_Optimised,3,1,128,256,1e-05,0.1,0.3918543230469836
GCN_Optimised,3,1,128,256,1e-05,0.2,0.3914373088685016
GCN_Optimised,3,1,128,256,1e-05,0.3,0.39199332777314433
GCN_Optimised,3,1,128,256,1e-05,0.4,0.3919933277731443
GCN_Optimised,3,1,128,256,1e-05,0.5,0.39171531832082296
GCN_Optimised,3,2,32,64,0.001,0.1,0.5551848762857938
GCN_Optimised,3,2,32,64,0.001,0.2,0.556852932999722
GCN_Optimised,3,2,32,64,0.001,0.3,0.5611620795107035
GCN_Optimised,3,2,32,64,0.001,0.4,0.5561579093689186
GCN_Optimised,3,2,32,64,0.001,0.5,0.5165415624131221
GCN_Optimised,3,2,32,64,0.0001,0.1,0.5401723658604393
GCN_Optimised,3,2,32,64,0.0001,0.2,0.5404503753127606
GCN_Optimised,3,2,32,64,0.0001,0.3,0.5401723658604393
GCN_Optimised,3,2,32,64,0.0001,0.4,0.5382262996941897
GCN_Optimised,3,2,32,64,0.0001,0.5,0.5371142618849041
GCN_Optimised,3,2,32,64,1e-05,0.1,0.469140950792327
GCN_Optimised,3,2,32,64,1e-05,0.2,0.46941896024464835
GCN_Optimised,3,2,32,64,1e-05,0.3,0.46969696969696967
GCN_Optimised,3,2,32,64,1e-05,0.4,0.469140950792327
GCN_Optimised,3,2,32,64,1e-05,0.5,0.46844592716152345
GCN_Optimised,3,2,32,128,0.001,0.1,0.5624131220461496
GCN_Optimised,3,2,32,128,0.001,0.2,0.5664442591048097
GCN_Optimised,3,2,32,128,0.001,0.3,0.56852932999722
GCN_Optimised,3,2,32,128,0.001,0.4,0.5579649708090075
GCN_Optimised,3,2,32,128,0.001,0.5,0.5656102307478454
GCN_Optimised,3,2,32,128,0.0001,0.1,0.5246038365304421
GCN_Optimised,3,2,32,128,0.0001,0.2,0.524603836530442
GCN_Optimised,3,2,32,128,0.0001,0.3,0.5240478176257993
GCN_Optimised,3,2,32,128,0.0001,0.4,0.5247428412566028
GCN_Optimised,3,2,32,128,0.0001,0.5,0.5258548790658881
GCN_Optimised,3,2,32,128,1e-05,0.1,0.47094801223241595
GCN_Optimised,3,2,32,128,1e-05,0.2,0.4712260216847373
GCN_Optimised,3,2,32,128,1e-05,0.3,0.47108701695857663
GCN_Optimised,3,2,32,128,1e-05,0.4,0.4709480122324159
GCN_Optimised,3,2,32,128,1e-05,0.5,0.4712260216847373
GCN_Optimised,3,2,32,256,0.001,0.1,0.5494856825132055
GCN_Optimised,3,2,32,256,0.001,0.2,0.5394773422296358
GCN_Optimised,3,2,32,256,0.001,0.3,0.5439254934667779
GCN_Optimised,3,2,32,256,0.001,0.4,0.540728384765082
GCN_Optimised,3,2,32,256,0.001,0.5,0.5419794273005283
GCN_Optimised,3,2,32,256,0.0001,0.1,0.5522657770364193
GCN_Optimised,3,2,32,256,0.0001,0.2,0.5517097581317765
GCN_Optimised,3,2,32,256,0.0001,0.3,0.5517097581317765
GCN_Optimised,3,2,32,256,0.0001,0.4,0.5522657770364192
GCN_Optimised,3,2,32,256,0.0001,0.5,0.5514317486794551
GCN_Optimised,3,2,32,256,1e-05,0.1,0.4678899082568807
GCN_Optimised,3,2,32,256,1e-05,0.2,0.46788990825688076
GCN_Optimised,3,2,32,256,1e-05,0.3,0.46733388935223796
GCN_Optimised,3,2,32,256,1e-05,0.4,0.46761189880455933
GCN_Optimised,3,2,32,256,1e-05,0.5,0.46733388935223796
GCN_Optimised,3,2,64,64,0.001,0.1,0.564915207117042
GCN_Optimised,3,2,64,64,0.001,0.2,0.5657492354740061
GCN_Optimised,3,2,64,64,0.001,0.3,0.567139282735613
GCN_Optimised,3,2,64,64,0.001,0.4,0.5621351125938282
GCN_Optimised,3,2,64,64,0.001,0.5,0.5587989991659716
GCN_Optimised,3,2,64,64,0.0001,0.1,0.5364192382541006
GCN_Optimised,3,2,64,64,0.0001,0.2,0.5329441201000834
GCN_Optimised,3,2,64,64,0.0001,0.3,0.5329441201000834
GCN_Optimised,3,2,64,64,0.0001,0.4,0.5321100917431193
GCN_Optimised,3,2,64,64,0.0001,0.5,0.5315540728384766
GCN_Optimised,3,2,64,64,1e-05,0.1,0.45120934111759803
GCN_Optimised,3,2,64,64,1e-05,0.2,0.4509313316652767
GCN_Optimised,3,2,64,64,1e-05,0.3,0.45176536002224077
GCN_Optimised,3,2,64,64,1e-05,0.4,0.45204336947456214
GCN_Optimised,3,2,64,64,1e-05,0.5,0.4514873505699194
GCN_Optimised,3,2,64,128,0.001,0.1,0.5537948290241869
GCN_Optimised,3,2,64,128,0.001,0.2,0.5507367250486517
GCN_Optimised,3,2,64,128,0.001,0.3,0.551014734500973
GCN_Optimised,3,2,64,128,0.001,0.4,0.5544898526549903
GCN_Optimised,3,2,64,128,0.001,0.5,0.5468445927161524
GCN_Optimised,3,2,64,128,0.0001,0.1,0.519738671114818
GCN_Optimised,3,2,64,128,0.0001,0.2,0.5200166805671393
GCN_Optimised,3,2,64,128,0.0001,0.3,0.5191826522101751
GCN_Optimised,3,2,64,128,0.0001,0.4,0.5194606616624965
GCN_Optimised,3,2,64,128,0.0001,0.5,0.5200166805671392
GCN_Optimised,3,2,64,128,1e-05,0.1,0.4584375868779539
GCN_Optimised,3,2,64,128,1e-05,0.2,0.4587155963302752
GCN_Optimised,3,2,64,128,1e-05,0.3,0.45829858215179314
GCN_Optimised,3,2,64,128,1e-05,0.4,0.4584375868779539
GCN_Optimised,3,2,64,128,1e-05,0.5,0.4581595774256325
GCN_Optimised,3,2,64,256,0.001,0.1,0.5621351125938282
GCN_Optimised,3,2,64,256,0.001,0.2,0.5587989991659716
GCN_Optimised,3,2,64,256,0.001,0.3,0.5572699471782041
GCN_Optimised,3,2,64,256,0.001,0.4,0.5562969140950793
GCN_Optimised,3,2,64,256,0.001,0.5,0.558659994439811
GCN_Optimised,3,2,64,256,0.0001,0.1,0.5417014178482068
GCN_Optimised,3,2,64,256,0.0001,0.2,0.5412844036697249
GCN_Optimised,3,2,64,256,0.0001,0.3,0.5422574367528497
GCN_Optimised,3,2,64,256,0.0001,0.4,0.542535446205171
GCN_Optimised,3,2,64,256,0.0001,0.5,0.5398943564081179
GCN_Optimised,3,2,64,256,1e-05,0.1,0.4507923269391159
GCN_Optimised,3,2,64,256,1e-05,0.2,0.4503753127606339
GCN_Optimised,3,2,64,256,1e-05,0.3,0.45023630803447323
GCN_Optimised,3,2,64,256,1e-05,0.4,0.44940227967750906
GCN_Optimised,3,2,64,256,1e-05,0.5,0.44968028912983043
GCN_Optimised,3,2,128,64,0.001,0.1,0.5561579093689186
GCN_Optimised,3,2,128,64,0.001,0.2,0.5585209897136503
GCN_Optimised,3,2,128,64,0.001,0.3,0.5593550180706145
GCN_Optimised,3,2,128,64,0.001,0.4,0.5594940227967751
GCN_Optimised,3,2,128,64,0.001,0.5,0.5579649708090075
GCN_Optimised,3,2,128,64,0.0001,0.1,0.5507367250486517
GCN_Optimised,3,2,128,64,0.0001,0.2,0.5496246872393662
GCN_Optimised,3,2,128,64,0.0001,0.3,0.5504587155963303
GCN_Optimised,3,2,128,64,0.0001,0.4,0.5518487628579372
GCN_Optimised,3,2,128,64,0.0001,0.5,0.5525437864887406
GCN_Optimised,3,2,128,64,1e-05,0.1,0.4455101473450097
GCN_Optimised,3,2,128,64,1e-05,0.2,0.44523213789268834
GCN_Optimised,3,2,128,64,1e-05,0.3,0.4453711426188491
GCN_Optimised,3,2,128,64,1e-05,0.4,0.4452321378926884
GCN_Optimised,3,2,128,64,1e-05,0.5,0.4452321378926884
GCN_Optimised,3,2,128,128,0.001,0.1,0.5412844036697249
GCN_Optimised,3,2,128,128,0.001,0.2,0.5458715596330276
GCN_Optimised,3,2,128,128,0.001,0.3,0.5391993327773144
GCN_Optimised,3,2,128,128,0.001,0.4,0.5369752571587434
GCN_Optimised,3,2,128,128,0.001,0.5,0.5373922713372254
GCN_Optimised,3,2,128,128,0.0001,0.1,0.5095913261050875
GCN_Optimised,3,2,128,128,0.0001,0.2,0.510286349735891
GCN_Optimised,3,2,128,128,0.0001,0.3,0.510286349735891
GCN_Optimised,3,2,128,128,0.0001,0.4,0.50806227411732
GCN_Optimised,3,2,128,128,0.0001,0.5,0.5070892410341952
GCN_Optimised,3,2,128,128,1e-05,0.1,0.4500973033083125
GCN_Optimised,3,2,128,128,1e-05,0.2,0.44995829858215186
GCN_Optimised,3,2,128,128,1e-05,0.3,0.45023630803447323
GCN_Optimised,3,2,128,128,1e-05,0.4,0.45009730330831255
GCN_Optimised,3,2,128,128,1e-05,0.5,0.45009730330831255
GCN_Optimised,3,2,128,256,0.001,0.1,0.5665832638309702
GCN_Optimised,3,2,128,256,0.001,0.2,0.5668612732832916
GCN_Optimised,3,2,128,256,0.001,0.3,0.5664442591048096
GCN_Optimised,3,2,128,256,0.001,0.4,0.5690853489018627
GCN_Optimised,3,2,128,256,0.001,0.5,0.5674172921879345
GCN_Optimised,3,2,128,256,0.0001,0.1,0.5091743119266054
GCN_Optimised,3,2,128,256,0.0001,0.2,0.5061162079510704
GCN_Optimised,3,2,128,256,0.0001,0.3,0.5052821795941063
GCN_Optimised,3,2,128,256,0.0001,0.4,0.5127884348067835
GCN_Optimised,3,2,128,256,0.0001,0.5,0.5158465387823187
GCN_Optimised,3,2,128,256,1e-05,0.1,0.44370308590492086
GCN_Optimised,3,2,128,256,1e-05,0.2,0.44328607172643875
GCN_Optimised,3,2,128,256,1e-05,0.3,0.4435640811787601
GCN_Optimised,3,2,128,256,1e-05,0.4,0.4435640811787601
GCN_Optimised,3,2,128,256,1e-05,0.5,0.4437030859049208
GCN_Optimised,3,3,32,64,0.001,0.1,0.6604477611940299
GCN_Optimised,3,3,32,64,0.001,0.2,0.6601713653952459
GCN_Optimised,3,3,32,64,0.001,0.3,0.6633499170812603
GCN_Optimised,3,3,32,64,0.001,0.4,0.6622443338861249
GCN_Optimised,3,3,32,64,0.001,0.5,0.6592039800995024
GCN_Optimised,3,3,32,64,0.0001,0.1,0.6616915422885572
GCN_Optimised,3,3,32,64,0.0001,0.2,0.6608623548922055
GCN_Optimised,3,3,32,64,0.0001,0.3,0.6618297401879492
GCN_Optimised,3,3,32,64,0.0001,0.4,0.6615533443891652
GCN_Optimised,3,3,32,64,0.0001,0.5,0.6598949695964621
GCN_Optimised,3,3,32,64,1e-05,0.1,0.511608623548922
GCN_Optimised,3,3,32,64,1e-05,0.2,0.5121614151464897
GCN_Optimised,3,3,32,64,1e-05,0.3,0.5105030403537867
GCN_Optimised,3,3,32,64,1e-05,0.4,0.5098120508568269
GCN_Optimised,3,3,32,64,1e-05,0.5,0.5113322277501382
GCN_Optimised,3,3,32,128,0.001,0.1,0.6513266998341625
GCN_Optimised,3,3,32,128,0.001,0.2,0.6536760641238253
GCN_Optimised,3,3,32,128,0.001,0.3,0.6340519624101714
GCN_Optimised,3,3,32,128,0.001,0.4,0.6575456053067994
GCN_Optimised,3,3,32,128,0.001,0.5,0.6616915422885571
GCN_Optimised,3,3,32,128,0.0001,0.1,0.6592039800995025
GCN_Optimised,3,3,32,128,0.0001,0.2,0.6587893864013266
GCN_Optimised,3,3,32,128,0.0001,0.3,0.6601713653952459
GCN_Optimised,3,3,32,128,0.0001,0.4,0.6603095632946379
GCN_Optimised,3,3,32,128,0.0001,0.5,0.6600331674958541
GCN_Optimised,3,3,32,128,1e-05,0.1,0.5768380320619126
GCN_Optimised,3,3,32,128,1e-05,0.2,0.5760088446655611
GCN_Optimised,3,3,32,128,1e-05,0.3,0.5750414593698175
GCN_Optimised,3,3,32,128,1e-05,0.4,0.576147042564953
GCN_Optimised,3,3,32,128,1e-05,0.5,0.5747650635710336
GCN_Optimised,3,3,32,256,0.001,0.1,0.662106135986733
GCN_Optimised,3,3,32,256,0.001,0.2,0.66404090657822
GCN_Optimised,3,3,32,256,0.001,0.3,0.6639027086788281
GCN_Optimised,3,3,32,256,0.001,0.4,0.6629353233830846
GCN_Optimised,3,3,32,256,0.001,0.5,0.6633499170812603
GCN_Optimised,3,3,32,256,0.0001,0.1,0.6480099502487562
GCN_Optimised,3,3,32,256,0.0001,0.2,0.6474571586511885
GCN_Optimised,3,3,32,256,0.0001,0.3,0.6484245439469319
GCN_Optimised,3,3,32,256,0.0001,0.4,0.6503593145384189
GCN_Optimised,3,3,32,256,0.0001,0.5,0.6493919292426755
GCN_Optimised,3,3,32,256,1e-05,0.1,0.4807904919845218
GCN_Optimised,3,3,32,256,1e-05,0.2,0.48051409618573804
GCN_Optimised,3,3,32,256,1e-05,0.3,0.4799613045881702
GCN_Optimised,3,3,32,256,1e-05,0.4,0.48009950248756217
GCN_Optimised,3,3,32,256,1e-05,0.5,0.4800995024875622
GCN_Optimised,3,3,64,64,0.001,0.1,0.6576838032061914
GCN_Optimised,3,3,64,64,0.001,0.2,0.6597567716970701
GCN_Optimised,3,3,64,64,0.001,0.3,0.6608623548922056
GCN_Optimised,3,3,64,64,0.001,0.4,0.6589275843007184
GCN_Optimised,3,3,64,64,0.001,0.5,0.6639027086788281
GCN_Optimised,3,3,64,64,0.0001,0.1,0.6546434494195688
GCN_Optimised,3,3,64,64,0.0001,0.2,0.6542288557213931
GCN_Optimised,3,3,64,64,0.0001,0.3,0.6513266998341625
GCN_Optimised,3,3,64,64,0.0001,0.4,0.6549198452183527
GCN_Optimised,3,3,64,64,0.0001,0.5,0.656440022111664
GCN_Optimised,3,3,64,64,1e-05,0.1,0.4939192924267551
GCN_Optimised,3,3,64,64,1e-05,0.2,0.49405749032614704
GCN_Optimised,3,3,64,64,1e-05,0.3,0.49433388612493095
GCN_Optimised,3,3,64,64,1e-05,0.4,0.49405749032614704
GCN_Optimised,3,3,64,64,1e-05,0.5,0.4933665008291874
GCN_Optimised,3,3,64,128,0.001,0.1,0.6527086788280818
GCN_Optimised,3,3,64,128,0.001,0.2,0.6518794914317303
GCN_Optimised,3,3,64,128,0.001,0.3,0.6489773355444997
GCN_Optimised,3,3,64,128,0.001,0.4,0.6528468767274737
GCN_Optimised,3,3,64,128,0.001,0.5,0.6533996683250414
GCN_Optimised,3,3,64,128,0.0001,0.1,0.6565782200110558
GCN_Optimised,3,3,64,128,0.0001,0.2,0.6576838032061912
GCN_Optimised,3,3,64,128,0.0001,0.3,0.658236594803759
GCN_Optimised,3,3,64,128,0.0001,0.4,0.657960199004975
GCN_Optimised,3,3,64,128,0.0001,0.5,0.6583747927031508
GCN_Optimised,3,3,64,128,1e-05,0.1,0.5563847429519071
GCN_Optimised,3,3,64,128,1e-05,0.2,0.5561083471531233
GCN_Optimised,3,3,64,128,1e-05,0.3,0.5561083471531232
GCN_Optimised,3,3,64,128,1e-05,0.4,0.5561083471531233
GCN_Optimised,3,3,64,128,1e-05,0.5,0.5561083471531232
GCN_Optimised,3,3,64,256,0.001,0.1,0.6511885019347706
GCN_Optimised,3,3,64,256,0.001,0.2,0.6484245439469319
GCN_Optimised,3,3,64,256,0.001,0.3,0.6524322830292979
GCN_Optimised,3,3,64,256,0.001,0.4,0.6535378662244334
GCN_Optimised,3,3,64,256,0.001,0.5,0.6576838032061912
GCN_Optimised,3,3,64,256,0.0001,0.1,0.654367053620785
GCN_Optimised,3,3,64,256,0.0001,0.2,0.6565782200110558
GCN_Optimised,3,3,64,256,0.0001,0.3,0.6553344389165283
GCN_Optimised,3,3,64,256,0.0001,0.4,0.6563018242122719
GCN_Optimised,3,3,64,256,0.0001,0.5,0.6553344389165284
GCN_Optimised,3,3,64,256,1e-05,0.1,0.42772249861802103
GCN_Optimised,3,3,64,256,1e-05,0.2,0.42813709231619684
GCN_Optimised,3,3,64,256,1e-05,0.3,0.427860696517413
GCN_Optimised,3,3,64,256,1e-05,0.4,0.4271697070204532
GCN_Optimised,3,3,64,256,1e-05,0.5,0.427722498618021
GCN_Optimised,3,3,128,64,0.001,0.1,0.6618297401879492
GCN_Optimised,3,3,128,64,0.001,0.2,0.6623825317855168
GCN_Optimised,3,3,128,64,0.001,0.3,0.6600331674958541
GCN_Optimised,3,3,128,64,0.001,0.4,0.6594803758982863
GCN_Optimised,3,3,128,64,0.001,0.5,0.6576838032061914
GCN_Optimised,3,3,128,64,0.0001,0.1,0.6272802653399668
GCN_Optimised,3,3,128,64,0.0001,0.2,0.6285240464344941
GCN_Optimised,3,3,128,64,0.0001,0.3,0.6299060254284135
GCN_Optimised,3,3,128,64,0.0001,0.4,0.6275566611387506
GCN_Optimised,3,3,128,64,0.0001,0.5,0.6249309010503039
GCN_Optimised,3,3,128,64,1e-05,0.1,0.48604201216141507
GCN_Optimised,3,3,128,64,1e-05,0.2,0.486318407960199
GCN_Optimised,3,3,128,64,1e-05,0.3,0.48659480375898284
GCN_Optimised,3,3,128,64,1e-05,0.4,0.48700939745715865
GCN_Optimised,3,3,128,64,1e-05,0.5,0.48728579325594257
GCN_Optimised,3,3,128,128,0.001,0.1,0.6585129906025429
GCN_Optimised,3,3,128,128,0.001,0.2,0.6585129906025428
GCN_Optimised,3,3,128,128,0.001,0.3,0.6590657822001106
GCN_Optimised,3,3,128,128,0.001,0.4,0.6592039800995025
GCN_Optimised,3,3,128,128,0.001,0.5,0.6610005527915975
GCN_Optimised,3,3,128,128,0.0001,0.1,0.6391652846876728
GCN_Optimised,3,3,128,128,0.0001,0.2,0.6381978993919293
GCN_Optimised,3,3,128,128,0.0001,0.3,0.6373687119955778
GCN_Optimised,3,3,128,128,0.0001,0.4,0.6368159203980099
GCN_Optimised,3,3,128,128,0.0001,0.5,0.6355721393034826
GCN_Optimised,3,3,128,128,1e-05,0.1,0.5505804311774462
GCN_Optimised,3,3,128,128,1e-05,0.2,0.5504422332780542
GCN_Optimised,3,3,128,128,1e-05,0.3,0.5504422332780542
GCN_Optimised,3,3,128,128,1e-05,0.4,0.5505804311774462
GCN_Optimised,3,3,128,128,1e-05,0.5,0.5501658374792703
GCN_Optimised,3,3,128,256,0.001,0.1,0.6495301271420674
GCN_Optimised,3,3,128,256,0.001,0.2,0.6471807628524047
GCN_Optimised,3,3,128,256,0.001,0.3,0.6477335544499724
GCN_Optimised,3,3,128,256,0.001,0.4,0.6498065229408513
GCN_Optimised,3,3,128,256,0.001,0.5,0.6491155334438916
GCN_Optimised,3,3,128,256,0.0001,0.1,0.6214759535655058
GCN_Optimised,3,3,128,256,0.0001,0.2,0.6202321724709784
GCN_Optimised,3,3,128,256,0.0001,0.3,0.61318407960199
GCN_Optimised,3,3,128,256,0.0001,0.4,0.6155334438916529
GCN_Optimised,3,3,128,256,0.0001,0.5,0.6106965174129352
GCN_Optimised,3,3,128,256,1e-05,0.1,0.38529574350469875
GCN_Optimised,3,3,128,256,1e-05,0.2,0.3851575456053068
GCN_Optimised,3,3,128,256,1e-05,0.3,0.38557213930348255
GCN_Optimised,3,3,128,256,1e-05,0.4,0.38557213930348255
GCN_Optimised,3,3,128,256,1e-05,0.5,0.3846047540077391
GCN_Optimised,3,4,32,64,0.001,0.1,0.6377833056937535
GCN_Optimised,3,4,32,64,0.001,0.2,0.6397180762852405
GCN_Optimised,3,4,32,64,0.001,0.3,0.6406854615809839
GCN_Optimised,3,4,32,64,0.001,0.4,0.6405472636815921
GCN_Optimised,3,4,32,64,0.001,0.5,0.6372305140961858
GCN_Optimised,3,4,32,64,0.0001,0.1,0.6507739082365948
GCN_Optimised,3,4,32,64,0.0001,0.2,0.6481481481481481
GCN_Optimised,3,4,32,64,0.0001,0.3,0.6478717523493642
GCN_Optimised,3,4,32,64,0.0001,0.4,0.6474571586511884
GCN_Optimised,3,4,32,64,0.0001,0.5,0.6475953565505804
GCN_Optimised,3,4,32,64,1e-05,0.1,0.5045605306799337
GCN_Optimised,3,4,32,64,1e-05,0.2,0.5053897180762853
GCN_Optimised,3,4,32,64,1e-05,0.3,0.5048369264787175
GCN_Optimised,3,4,32,64,1e-05,0.4,0.5034549474847981
GCN_Optimised,3,4,32,64,1e-05,0.5,0.5033167495854063
GCN_Optimised,3,4,32,128,0.001,0.1,0.6202321724709785
GCN_Optimised,3,4,32,128,0.001,0.2,0.6252072968490878
GCN_Optimised,3,4,32,128,0.001,0.3,0.6253454947484798
GCN_Optimised,3,4,32,128,0.001,0.4,0.6254836926478717
GCN_Optimised,3,4,32,128,0.001,0.5,0.6242399115533442
GCN_Optimised,3,4,32,128,0.0001,0.1,0.6355721393034826
GCN_Optimised,3,4,32,128,0.0001,0.2,0.6368159203980098
GCN_Optimised,3,4,32,128,0.0001,0.3,0.6351575456053068
GCN_Optimised,3,4,32,128,0.0001,0.4,0.6361249309010503
GCN_Optimised,3,4,32,128,0.0001,0.5,0.6372305140961858
GCN_Optimised,3,4,32,128,1e-05,0.1,0.5909342177998895
GCN_Optimised,3,4,32,128,1e-05,0.2,0.5902432283029297
GCN_Optimised,3,4,32,128,1e-05,0.3,0.5901050304035378
GCN_Optimised,3,4,32,128,1e-05,0.4,0.5892758430071863
GCN_Optimised,3,4,32,128,1e-05,0.5,0.5884466556108348
GCN_Optimised,3,4,32,256,0.001,0.1,0.6315644002211167
GCN_Optimised,3,4,32,256,0.001,0.2,0.6333609729132117
GCN_Optimised,3,4,32,256,0.001,0.3,0.6334991708126035
GCN_Optimised,3,4,32,256,0.001,0.4,0.6276948590381426
GCN_Optimised,3,4,32,256,0.001,0.5,0.632808181315644
GCN_Optimised,3,4,32,256,0.0001,0.1,0.6293532338308457
GCN_Optimised,3,4,32,256,0.0001,0.2,0.6294914317302377
GCN_Optimised,3,4,32,256,0.0001,0.3,0.6303206191265893
GCN_Optimised,3,4,32,256,0.0001,0.4,0.6299060254284135
GCN_Optimised,3,4,32,256,0.0001,0.5,0.6286622443338861
GCN_Optimised,3,4,32,256,1e-05,0.1,0.5024875621890548
GCN_Optimised,3,4,32,256,1e-05,0.2,0.5011055831951353
GCN_Optimised,3,4,32,256,1e-05,0.3,0.5004145936981758
GCN_Optimised,3,4,32,256,1e-05,0.4,0.49972360420121614
GCN_Optimised,3,4,32,256,1e-05,0.5,0.5120232172470978
GCN_Optimised,3,4,64,64,0.001,0.1,0.6224433388612493
GCN_Optimised,3,4,64,64,0.001,0.2,0.6198175787728025
GCN_Optimised,3,4,64,64,0.001,0.3,0.619126589275843
GCN_Optimised,3,4,64,64,0.001,0.4,0.6362631288004422
GCN_Optimised,3,4,64,64,0.001,0.5,0.6362631288004422
GCN_Optimised,3,4,64,64,0.0001,0.1,0.6451077943615258
GCN_Optimised,3,4,64,64,0.0001,0.2,0.6444168048645661
GCN_Optimised,3,4,64,64,0.0001,0.3,0.6449695964621337
GCN_Optimised,3,4,64,64,0.0001,0.4,0.6455223880597015
GCN_Optimised,3,4,64,64,0.0001,0.5,0.6451077943615258
GCN_Optimised,3,4,64,64,1e-05,0.1,0.48645660585959094
GCN_Optimised,3,4,64,64,1e-05,0.2,0.486318407960199
GCN_Optimised,3,4,64,64,1e-05,0.3,0.48673300165837474
GCN_Optimised,3,4,64,64,1e-05,0.4,0.4860420121614152
GCN_Optimised,3,4,64,64,1e-05,0.5,0.4865948037589829
GCN_Optimised,3,4,64,128,0.001,0.1,0.6232725262576009
GCN_Optimised,3,4,64,128,0.001,0.2,0.6246545052515202
GCN_Optimised,3,4,64,128,0.001,0.3,0.6253454947484798
GCN_Optimised,3,4,64,128,0.001,0.4,0.6239635157545605
GCN_Optimised,3,4,64,128,0.001,0.5,0.6246545052515201
GCN_Optimised,3,4,64,128,0.0001,0.1,0.6343283582089552
GCN_Optimised,3,4,64,128,0.0001,0.2,0.6329463792150358
GCN_Optimised,3,4,64,128,0.0001,0.3,0.6328081813156439
GCN_Optimised,3,4,64,128,0.0001,0.4,0.6332227750138197
GCN_Optimised,3,4,64,128,0.0001,0.5,0.6319789939192924
GCN_Optimised,3,4,64,128,1e-05,0.1,0.5769762299613046
GCN_Optimised,3,4,64,128,1e-05,0.2,0.5765616362631288
GCN_Optimised,3,4,64,128,1e-05,0.3,0.5763543394140409
GCN_Optimised,3,4,64,128,1e-05,0.4,0.576008844665561
GCN_Optimised,3,4,64,128,1e-05,0.5,0.5755942509673853
GCN_Optimised,3,4,64,256,0.001,0.1,0.6227197346600332
GCN_Optimised,3,4,64,256,0.001,0.2,0.6195411829740187
GCN_Optimised,3,4,64,256,0.001,0.3,0.6200939745715865
GCN_Optimised,3,4,64,256,0.001,0.4,0.6182974018794914
GCN_Optimised,3,4,64,256,0.001,0.5,0.6169154228855721
GCN_Optimised,3,4,64,256,0.0001,0.1,0.6401326699834162
GCN_Optimised,3,4,64,256,0.0001,0.2,0.6404090657822001
GCN_Optimised,3,4,64,256,0.0001,0.3,0.6412382531785517
GCN_Optimised,3,4,64,256,0.0001,0.4,0.638750690989497
GCN_Optimised,3,4,64,256,0.0001,0.5,0.6390270867882808
GCN_Optimised,3,4,64,256,1e-05,0.1,0.4611663902708679
GCN_Optimised,3,4,64,256,1e-05,0.2,0.44485903814262023
GCN_Optimised,3,4,64,256,1e-05,0.3,0.4607517965726921
GCN_Optimised,3,4,64,256,1e-05,0.4,0.4597844112769486
GCN_Optimised,3,4,64,256,1e-05,0.5,0.4606135986733002
GCN_Optimised,3,4,128,64,0.001,0.1,0.6373687119955777
GCN_Optimised,3,4,128,64,0.001,0.2,0.634604754007739
GCN_Optimised,3,4,128,64,0.001,0.3,0.6343283582089552
GCN_Optimised,3,4,128,64,0.001,0.4,0.6339137645107795
GCN_Optimised,3,4,128,64,0.001,0.5,0.6305970149253731
GCN_Optimised,3,4,128,64,0.0001,0.1,0.6485627418463238
GCN_Optimised,3,4,128,64,0.0001,0.2,0.6480099502487562
GCN_Optimised,3,4,128,64,0.0001,0.3,0.6469043670536209
GCN_Optimised,3,4,128,64,0.0001,0.4,0.6462133775566611
GCN_Optimised,3,4,128,64,0.0001,0.5,0.6451077943615257
GCN_Optimised,3,4,128,64,1e-05,0.1,0.47761194029850745
GCN_Optimised,3,4,128,64,1e-05,0.2,0.4778883360972913
GCN_Optimised,3,4,128,64,1e-05,0.3,0.47747374239911555
GCN_Optimised,3,4,128,64,1e-05,0.4,0.47775013819789935
GCN_Optimised,3,4,128,64,1e-05,0.5,0.4778883360972913
GCN_Optimised,3,4,128,128,0.001,0.1,0.6256218905472637
GCN_Optimised,3,4,128,128,0.001,0.2,0.6245163073521283
GCN_Optimised,3,4,128,128,0.001,0.3,0.6256218905472637
GCN_Optimised,3,4,128,128,0.001,0.4,0.6261746821448314
GCN_Optimised,3,4,128,128,0.001,0.5,0.6243781094527363
GCN_Optimised,3,4,128,128,0.0001,0.1,0.6170536207849642
GCN_Optimised,3,4,128,128,0.0001,0.2,0.618850193477059
GCN_Optimised,3,4,128,128,0.0001,0.3,0.6173300165837479
GCN_Optimised,3,4,128,128,0.0001,0.4,0.6177446102819236
GCN_Optimised,3,4,128,128,0.0001,0.5,0.6177446102819237
GCN_Optimised,3,4,128,128,1e-05,0.1,0.5700663349917081
GCN_Optimised,3,4,128,128,1e-05,0.2,0.570342730790492
GCN_Optimised,3,4,128,128,1e-05,0.3,0.570135433941404
GCN_Optimised,3,4,128,128,1e-05,0.4,0.5702045328911
GCN_Optimised,3,4,128,128,1e-05,0.5,0.5700663349917081
GCN_Optimised,3,4,128,256,0.001,0.1,0.6165008291873963
GCN_Optimised,3,4,128,256,0.001,0.2,0.6160862354892206
GCN_Optimised,3,4,128,256,0.001,0.3,0.6167772249861803
GCN_Optimised,3,4,128,256,0.001,0.4,0.6115257048092868
GCN_Optimised,3,4,128,256,0.001,0.5,0.6156716417910448
GCN_Optimised,3,4,128,256,0.0001,0.1,0.6330845771144279
GCN_Optimised,3,4,128,256,0.0001,0.2,0.6359867330016583
GCN_Optimised,3,4,128,256,0.0001,0.3,0.6351575456053068
GCN_Optimised,3,4,128,256,0.0001,0.4,0.6372305140961857
GCN_Optimised,3,4,128,256,0.0001,0.5,0.6390270867882808
GCN_Optimised,3,4,128,256,1e-05,0.1,0.40035931453841905
GCN_Optimised,3,4,128,256,1e-05,0.2,0.40008291873963514
GCN_Optimised,3,4,128,256,1e-05,0.3,0.4000829187396352
GCN_Optimised,3,4,128,256,1e-05,0.4,0.400359314538419
GCN_Optimised,3,4,128,256,1e-05,0.5,0.3998065229408513
GAT_Optimised,0,0,32,64,0.001,0.1,0.6252432582707812
GAT_Optimised,0,0,32,64,0.001,0.2,0.6220461495690852
GAT_Optimised,0,0,32,64,0.001,0.3,0.6245482346399778
GAT_Optimised,0,0,32,64,0.001,0.4,0.6209341117597997
GAT_Optimised,0,0,32,64,0.001,0.5,0.6228801779260495
GAT_Optimised,0,0,32,64,0.0001,0.1,0.6180150125104253
GAT_Optimised,0,0,32,64,0.0001,0.2,0.6171809841534612
GAT_Optimised,0,0,32,64,0.0001,0.3,0.6139838754517654
GAT_Optimised,0,0,32,64,0.0001,0.4,0.607033639143731
GAT_Optimised,0,0,32,64,0.0001,0.5,0.5998053933833751
GAT_Optimised,0,0,32,64,1e-05,0.1,0.3971365026410898
GAT_Optimised,0,0,32,64,1e-05,0.2,0.3971365026410898
GAT_Optimised,0,0,32,64,1e-05,0.3,0.3968584931887684
GAT_Optimised,0,0,32,64,1e-05,0.4,0.3981095357242146
GAT_Optimised,0,0,32,64,1e-05,0.5,0.39769252154573265
GAT_Optimised,0,0,32,128,0.001,0.1,0.6352515985543509
GAT_Optimised,0,0,32,128,0.001,0.2,0.6314984709480123
GAT_Optimised,0,0,32,128,0.001,0.3,0.630664442591048
GAT_Optimised,0,0,32,128,0.001,0.4,0.6366416458159578
GAT_Optimised,0,0,32,128,0.001,0.5,0.6353906032805116
GAT_Optimised,0,0,32,128,0.0001,0.1,0.5870169585765916
GAT_Optimised,0,0,32,128,0.0001,0.2,0.5870169585765916
GAT_Optimised,0,0,32,128,0.0001,0.3,0.5865999443981096
GAT_Optimised,0,0,32,128,0.0001,0.4,0.5872949680289131
GAT_Optimised,0,0,32,128,0.0001,0.5,0.5875729774812344
GAT_Optimised,0,0,32,128,1e-05,0.1,0.5247428412566028
GAT_Optimised,0,0,32,128,1e-05,0.2,0.5244648318042814
GAT_Optimised,0,0,32,128,1e-05,0.3,0.5239088128996385
GAT_Optimised,0,0,32,128,1e-05,0.4,0.5244648318042813
GAT_Optimised,0,0,32,128,1e-05,0.5,0.5243258270781207
GAT_Optimised,0,0,32,256,0.001,0.1,0.6263552960800668
GAT_Optimised,0,0,32,256,0.001,0.2,0.6259382819015846
GAT_Optimised,0,0,32,256,0.001,0.3,0.5782596608284681
GAT_Optimised,0,0,32,256,0.001,0.4,0.6191270503197109
GAT_Optimised,0,0,32,256,0.001,0.5,0.6207951070336392
GAT_Optimised,0,0,32,256,0.0001,0.1,0.613288851820962
GAT_Optimised,0,0,32,256,0.0001,0.2,0.6198220739505143
GAT_Optimised,0,0,32,256,0.0001,0.3,0.6185710314150682
GAT_Optimised,0,0,32,256,0.0001,0.4,0.615095913261051
GAT_Optimised,0,0,32,256,0.0001,0.5,0.6175979983319433
GAT_Optimised,0,0,32,256,1e-05,0.1,0.6130108423686406
GAT_Optimised,0,0,32,256,1e-05,0.2,0.614122880177926
GAT_Optimised,0,0,32,256,1e-05,0.3,0.6131498470948012
GAT_Optimised,0,0,32,256,1e-05,0.4,0.6137058659994439
GAT_Optimised,0,0,32,256,1e-05,0.5,0.6138448707256048
GAT_Optimised,0,0,64,64,0.001,0.1,0.6202390881289964
GAT_Optimised,0,0,64,64,0.001,0.2,0.6234361968306923
GAT_Optimised,0,0,64,64,0.001,0.3,0.6227411731998889
GAT_Optimised,0,0,64,64,0.001,0.4,0.6221851542952461
GAT_Optimised,0,0,64,64,0.001,0.5,0.632054489852655
GAT_Optimised,0,0,64,64,0.0001,0.1,0.5775646371976647
GAT_Optimised,0,0,64,64,0.0001,0.2,0.5831248262440925
GAT_Optimised,0,0,64,64,0.0001,0.3,0.5779816513761468
GAT_Optimised,0,0,64,64,0.0001,0.4,0.5765916041145398
GAT_Optimised,0,0,64,64,0.0001,0.5,0.5678343063664166
GAT_Optimised,0,0,64,64,1e-05,0.1,0.3879621907144843
GAT_Optimised,0,0,64,64,1e-05,0.2,0.38796219071448435
GAT_Optimised,0,0,64,64,1e-05,0.3,0.3876841812621629
GAT_Optimised,0,0,64,64,1e-05,0.4,0.3882402001668056
GAT_Optimised,0,0,64,64,1e-05,0.5,0.3876841812621629
GAT_Optimised,0,0,64,128,0.001,0.1,0.6091187100361413
GAT_Optimised,0,0,64,128,0.001,0.2,0.607033639143731
GAT_Optimised,0,0,64,128,0.001,0.3,0.6061996107867668
GAT_Optimised,0,0,64,128,0.001,0.4,0.6110647762023909
GAT_Optimised,0,0,64,128,0.001,0.5,0.6082846816791772
GAT_Optimised,0,0,64,128,0.0001,0.1,0.5849318876841813
GAT_Optimised,0,0,64,128,0.0001,0.2,0.5847928829580206
GAT_Optimised,0,0,64,128,0.0001,0.3,0.5850708924103419
GAT_Optimised,0,0,64,128,0.0001,0.4,0.5877119822073951
GAT_Optimised,0,0,64,128,0.0001,0.5,0.5878509869335558
GAT_Optimised,0,0,64,128,1e-05,0.1,0.5058381984987489
GAT_Optimised,0,0,64,128,1e-05,0.2,0.5065332221295524
GAT_Optimised,0,0,64,128,1e-05,0.3,0.5066722268557131
GAT_Optimised,0,0,64,128,1e-05,0.4,0.5068112315818738
GAT_Optimised,0,0,64,128,1e-05,0.5,0.5066722268557131
GAT_Optimised,0,0,64,256,0.001,0.1,0.6217681401167641
GAT_Optimised,0,0,64,256,0.001,0.2,0.6241312204614957
GAT_Optimised,0,0,64,256,0.001,0.3,0.6202390881289964
GAT_Optimised,0,0,64,256,0.001,0.4,0.6246872393661385
GAT_Optimised,0,0,64,256,0.001,0.5,0.6241312204614957
GAT_Optimised,0,0,64,256,0.0001,0.1,0.6192660550458716
GAT_Optimised,0,0,64,256,0.0001,0.2,0.6202390881289964
GAT_Optimised,0,0,64,256,0.0001,0.3,0.617737003058104
GAT_Optimised,0,0,64,256,0.0001,0.4,0.6195440644981929
GAT_Optimised,0,0,64,256,0.0001,0.5,0.6210731164859606
GAT_Optimised,0,0,64,256,1e-05,0.1,0.6098137336669447
GAT_Optimised,0,0,64,256,1e-05,0.2,0.6106477620239088
GAT_Optimised,0,0,64,256,1e-05,0.3,0.6107867667500696
GAT_Optimised,0,0,64,256,1e-05,0.4,0.6099527383931055
GAT_Optimised,0,0,64,256,1e-05,0.5,0.6098137336669447
GAT_Optimised,0,0,128,64,0.001,0.1,0.628023352793995
GAT_Optimised,0,0,128,64,0.001,0.2,0.6189185432304698
GAT_Optimised,0,0,128,64,0.001,0.3,0.6252432582707812
GAT_Optimised,0,0,128,64,0.001,0.4,0.6289963858771199
GAT_Optimised,0,0,128,64,0.001,0.5,0.6145398943564082
GAT_Optimised,0,0,128,64,0.0001,0.1,0.5048651654156241
GAT_Optimised,0,0,128,64,0.0001,0.2,0.5059772032249097
GAT_Optimised,0,0,128,64,0.0001,0.3,0.48929663608562696
GAT_Optimised,0,0,128,64,0.0001,0.4,0.47122602168473726
GAT_Optimised,0,0,128,64,0.0001,0.5,0.4938837920489297
GAT_Optimised,0,0,128,64,1e-05,0.1,0.3854601056435919
GAT_Optimised,0,0,128,64,1e-05,0.2,0.3857381150959133
GAT_Optimised,0,0,128,64,1e-05,0.3,0.3857381150959133
GAT_Optimised,0,0,128,64,1e-05,0.4,0.3855991103697526
GAT_Optimised,0,0,128,64,1e-05,0.5,0.3855991103697526
GAT_Optimised,0,0,128,128,0.001,0.1,0.5995273839310538
GAT_Optimised,0,0,128,128,0.001,0.2,0.5977203224909646
GAT_Optimised,0,0,128,128,0.001,0.3,0.6027244926327495
GAT_Optimised,0,0,128,128,0.001,0.4,0.5977203224909647
GAT_Optimised,0,0,128,128,0.001,0.5,0.599388379204893
GAT_Optimised,0,0,128,128,0.0001,0.1,0.5718654434250765
GAT_Optimised,0,0,128,128,0.0001,0.2,0.5718654434250765
GAT_Optimised,0,0,128,128,0.0001,0.3,0.5721434528773979
GAT_Optimised,0,0,128,128,0.0001,0.4,0.5696413678065055
GAT_Optimised,0,0,128,128,0.0001,0.5,0.5726994717820407
GAT_Optimised,0,0,128,128,1e-05,0.1,0.4938837920489297
GAT_Optimised,0,0,128,128,1e-05,0.2,0.493744787322769
GAT_Optimised,0,0,128,128,1e-05,0.3,0.49374478732276894
GAT_Optimised,0,0,128,128,1e-05,0.4,0.49346677787044757
GAT_Optimised,0,0,128,128,1e-05,0.5,0.4930497636919655
GAT_Optimised,0,0,128,256,0.001,0.1,0.6227411731998889
GAT_Optimised,0,0,128,256,0.001,0.2,0.6141923825410065
GAT_Optimised,0,0,128,256,0.001,0.3,0.6149569085348902
GAT_Optimised,0,0,128,256,0.001,0.4,0.6160689463441756
GAT_Optimised,0,0,128,256,0.001,0.5,0.6192660550458716
GAT_Optimised,0,0,128,256,0.0001,0.1,0.6148179038087296
GAT_Optimised,0,0,128,256,0.0001,0.2,0.6145398943564082
GAT_Optimised,0,0,128,256,0.0001,0.3,0.6164859605226578
GAT_Optimised,0,0,128,256,0.0001,0.4,0.6167639699749791
GAT_Optimised,0,0,128,256,0.0001,0.5,0.6175979983319433
GAT_Optimised,0,0,128,256,1e-05,0.1,0.6087016958576592
GAT_Optimised,0,0,128,256,1e-05,0.2,0.6071726438698916
GAT_Optimised,0,0,128,256,1e-05,0.3,0.6057825966082848
GAT_Optimised,0,0,128,256,1e-05,0.4,0.6057825966082847
GAT_Optimised,0,0,128,256,1e-05,0.5,0.607033639143731
GAT_Optimised,0,1,32,64,0.001,0.1,0.5903530720044482
GAT_Optimised,0,1,32,64,0.001,0.2,0.5929941618015013
GAT_Optimised,0,1,32,64,0.001,0.3,0.5925771476230192
GAT_Optimised,0,1,32,64,0.001,0.4,0.5896580483736448
GAT_Optimised,0,1,32,64,0.001,0.5,0.58868501529052
GAT_Optimised,0,1,32,64,0.0001,0.1,0.5628301362246317
GAT_Optimised,0,1,32,64,0.0001,0.2,0.5668612732832916
GAT_Optimised,0,1,32,64,0.0001,0.3,0.5597720322490964
GAT_Optimised,0,1,32,64,0.0001,0.4,0.5638031693077565
GAT_Optimised,0,1,32,64,0.0001,0.5,0.5654712260216848
GAT_Optimised,0,1,32,64,1e-05,0.1,0.3748957464553795
GAT_Optimised,0,1,32,64,1e-05,0.2,0.37433972755073674
GAT_Optimised,0,1,32,64,1e-05,0.3,0.3747567417292188
GAT_Optimised,0,1,32,64,1e-05,0.4,0.3748957464553795
GAT_Optimised,0,1,32,64,1e-05,0.5,0.376007784264665
GAT_Optimised,0,1,32,128,0.001,0.1,0.5977203224909647
GAT_Optimised,0,1,32,128,0.001,0.2,0.5942452043369475
GAT_Optimised,0,1,32,128,0.001,0.3,0.6014734500973034
GAT_Optimised,0,1,32,128,0.001,0.4,0.586877953850431
GAT_Optimised,0,1,32,128,0.001,0.5,0.5870169585765916
GAT_Optimised,0,1,32,128,0.0001,0.1,0.5767306088407006
GAT_Optimised,0,1,32,128,0.0001,0.2,0.5767306088407006
GAT_Optimised,0,1,32,128,0.0001,0.3,0.5770086182930221
GAT_Optimised,0,1,32,128,0.0001,0.4,0.577008618293022
GAT_Optimised,0,1,32,128,0.0001,0.5,0.5767306088407006
GAT_Optimised,0,1,32,128,1e-05,0.1,0.5144564915207117
GAT_Optimised,0,1,32,128,1e-05,0.2,0.514317486794551
GAT_Optimised,0,1,32,128,1e-05,0.3,0.5144564915207117
GAT_Optimised,0,1,32,128,1e-05,0.4,0.5137614678899083
GAT_Optimised,0,1,32,128,1e-05,0.5,0.5134834584375869
GAT_Optimised,0,1,32,256,0.001,0.1,0.5746455379482902
GAT_Optimised,0,1,32,256,0.001,0.2,0.581456769530164
GAT_Optimised,0,1,32,256,0.001,0.3,0.5768696135668614
GAT_Optimised,0,1,32,256,0.001,0.4,0.5778426466499861
GAT_Optimised,0,1,32,256,0.001,0.5,0.5729774812343621
GAT_Optimised,0,1,32,256,0.0001,0.1,0.5929941618015013
GAT_Optimised,0,1,32,256,0.0001,0.2,0.5861829302196275
GAT_Optimised,0,1,32,256,0.0001,0.3,0.5916041145398945
GAT_Optimised,0,1,32,256,0.0001,0.4,0.5938281901584654
GAT_Optimised,0,1,32,256,0.0001,0.5,0.5932721712538227
GAT_Optimised,0,1,32,256,1e-05,0.1,0.5907700861829303
GAT_Optimised,0,1,32,256,1e-05,0.2,0.5914651098137337
GAT_Optimised,0,1,32,256,1e-05,0.3,0.5900750625521268
GAT_Optimised,0,1,32,256,1e-05,0.4,0.5906310814567696
GAT_Optimised,0,1,32,256,1e-05,0.5,0.5904920767306088
GAT_Optimised,0,1,64,64,0.001,0.1,0.5867389491242703
GAT_Optimised,0,1,64,64,0.001,0.2,0.5881289963858771
GAT_Optimised,0,1,64,64,0.001,0.3,0.5771476230191827
GAT_Optimised,0,1,64,64,0.001,0.4,0.5863219349457882
GAT_Optimised,0,1,64,64,0.001,0.5,0.5777036419238255
GAT_Optimised,0,1,64,64,0.0001,0.1,0.5265499026966917
GAT_Optimised,0,1,64,64,0.0001,0.2,0.5266889074228525
GAT_Optimised,0,1,64,64,0.0001,0.3,0.517931609674729
GAT_Optimised,0,1,64,64,0.0001,0.4,0.5152905198776758
GAT_Optimised,0,1,64,64,0.0001,0.5,0.5076452599388379
GAT_Optimised,0,1,64,64,1e-05,0.1,0.36780650542118437
GAT_Optimised,0,1,64,64,1e-05,0.2,0.36780650542118437
GAT_Optimised,0,1,64,64,1e-05,0.3,0.367945510147345
GAT_Optimised,0,1,64,64,1e-05,0.4,0.367945510147345
GAT_Optimised,0,1,64,64,1e-05,0.5,0.36891854323046985
GAT_Optimised,0,1,64,128,0.001,0.1,0.5838198498748958
GAT_Optimised,0,1,64,128,0.001,0.2,0.5821517931609674
GAT_Optimised,0,1,64,128,0.001,0.3,0.5840978593272171
GAT_Optimised,0,1,64,128,0.001,0.4,0.5835418404225744
GAT_Optimised,0,1,64,128,0.001,0.5,0.5790936891854324
GAT_Optimised,0,1,64,128,0.0001,0.1,0.5739505143174869
GAT_Optimised,0,1,64,128,0.0001,0.2,0.573394495412844
GAT_Optimised,0,1,64,128,0.0001,0.3,0.573394495412844
GAT_Optimised,0,1,64,128,0.0001,0.4,0.5732554906866834
GAT_Optimised,0,1,64,128,0.0001,0.5,0.5718654434250765
GAT_Optimised,0,1,64,128,1e-05,0.1,0.48554350847928834
GAT_Optimised,0,1,64,128,1e-05,0.2,0.4854045037531276
GAT_Optimised,0,1,64,128,1e-05,0.3,0.4842924659438422
GAT_Optimised,0,1,64,128,1e-05,0.4,0.48443147067000286
GAT_Optimised,0,1,64,128,1e-05,0.5,0.4834584375868779
GAT_Optimised,0,1,64,256,0.001,0.1,0.5896580483736447
GAT_Optimised,0,1,64,256,0.001,0.2,0.5840978593272173
GAT_Optimised,0,1,64,256,0.001,0.3,0.5829858215179317
GAT_Optimised,0,1,64,256,0.001,0.4,0.5950792326939116
GAT_Optimised,0,1,64,256,0.001,0.5,0.5877119822073951
GAT_Optimised,0,1,64,256,0.0001,0.1,0.5904920767306089
GAT_Optimised,0,1,64,256,0.0001,0.2,0.5907700861829303
GAT_Optimised,0,1,64,256,0.0001,0.3,0.5931331665276619
GAT_Optimised,0,1,64,256,0.0001,0.4,0.5896580483736448
GAT_Optimised,0,1,64,256,0.0001,0.5,0.5917431192660552
GAT_Optimised,0,1,64,256,1e-05,0.1,0.589936057825966
GAT_Optimised,0,1,64,256,1e-05,0.2,0.589519043647484
GAT_Optimised,0,1,64,256,1e-05,0.3,0.5896580483736447
GAT_Optimised,0,1,64,256,1e-05,0.4,0.5893800389213233
GAT_Optimised,0,1,64,256,1e-05,0.5,0.5893800389213234
GAT_Optimised,0,1,128,64,0.001,0.1,0.5783986655546289
GAT_Optimised,0,1,128,64,0.001,0.2,0.581039755351682
GAT_Optimised,0,1,128,64,0.001,0.3,0.5797887128162359
GAT_Optimised,0,1,128,64,0.001,0.4,0.5738115095913261
GAT_Optimised,0,1,128,64,0.001,0.5,0.5818737837086461
GAT_Optimised,0,1,128,64,0.0001,0.1,0.43661384487072563
GAT_Optimised,0,1,128,64,0.0001,0.2,0.43619683069224363
GAT_Optimised,0,1,128,64,0.0001,0.3,0.4299416180150125
GAT_Optimised,0,1,128,64,0.0001,0.4,0.4296636085626912
GAT_Optimised,0,1,128,64,0.0001,0.5,0.42785654712260224
GAT_Optimised,0,1,128,64,1e-05,0.1,0.3644703919933278
GAT_Optimised,0,1,128,64,1e-05,0.2,0.3637753683625244
GAT_Optimised,0,1,128,64,1e-05,0.3,0.36321934945788154
GAT_Optimised,0,1,128,64,1e-05,0.4,0.3633583541840423
GAT_Optimised,0,1,128,64,1e-05,0.5,0.36321934945788154
GAT_Optimised,0,1,128,128,0.001,0.1,0.579232693911593
GAT_Optimised,0,1,128,128,0.001,0.2,0.5799277175423965
GAT_Optimised,0,1,128,128,0.001,0.3,0.581039755351682
GAT_Optimised,0,1,128,128,0.001,0.4,0.5820127884348069
GAT_Optimised,0,1,128,128,0.001,0.5,0.5856269113149847
GAT_Optimised,0,1,128,128,0.0001,0.1,0.5679733110925771
GAT_Optimised,0,1,128,128,0.0001,0.2,0.5674172921879344
GAT_Optimised,0,1,128,128,0.0001,0.3,0.5663052543786489
GAT_Optimised,0,1,128,128,0.0001,0.4,0.5633861551292745
GAT_Optimised,0,1,128,128,0.0001,0.5,0.5629691409507924
GAT_Optimised,0,1,128,128,1e-05,0.1,0.4670558798999166
GAT_Optimised,0,1,128,128,1e-05,0.2,0.46719488462607733
GAT_Optimised,0,1,128,128,1e-05,0.3,0.46705587989991665
GAT_Optimised,0,1,128,128,1e-05,0.4,0.467333889352238
GAT_Optimised,0,1,128,128,1e-05,0.5,0.46733388935223796
GAT_Optimised,0,1,128,256,0.001,0.1,0.5929941618015013
GAT_Optimised,0,1,128,256,0.001,0.2,0.5874339727550737
GAT_Optimised,0,1,128,256,0.001,0.3,0.5797887128162358
GAT_Optimised,0,1,128,256,0.001,0.4,0.5820127884348067
GAT_Optimised,0,1,128,256,0.001,0.5,0.5839588546010563
GAT_Optimised,0,1,128,256,0.0001,0.1,0.5881289963858771
GAT_Optimised,0,1,128,256,0.0001,0.2,0.5897970530998053
GAT_Optimised,0,1,128,256,0.0001,0.3,0.5889630247428413
GAT_Optimised,0,1,128,256,0.0001,0.4,0.5888240200166807
GAT_Optimised,0,1,128,256,0.0001,0.5,0.5893800389213234
GAT_Optimised,0,1,128,256,1e-05,0.1,0.5865999443981096
GAT_Optimised,0,1,128,256,1e-05,0.2,0.5870169585765916
GAT_Optimised,0,1,128,256,1e-05,0.3,0.5864609396719489
GAT_Optimised,0,1,128,256,1e-05,0.4,0.5863219349457881
GAT_Optimised,0,1,128,256,1e-05,0.5,0.5865999443981096
GAT_Optimised,0,2,32,64,0.001,0.1,0.5906578220011056
GAT_Optimised,0,2,32,64,0.001,0.2,0.589690436705362
GAT_Optimised,0,2,32,64,0.001,0.3,0.5914870093974571
GAT_Optimised,0,2,32,64,0.001,0.4,0.591901603095633
GAT_Optimised,0,2,32,64,0.001,0.5,0.5809839690436704
GAT_Optimised,0,2,32,64,0.0001,0.1,0.5818131564400222
GAT_Optimised,0,2,32,64,0.0001,0.2,0.581951354339414
GAT_Optimised,0,2,32,64,0.0001,0.3,0.5827805417357655
GAT_Optimised,0,2,32,64,0.0001,0.4,0.5826423438363737
GAT_Optimised,0,2,32,64,0.0001,0.5,0.5836097291321172
GAT_Optimised,0,2,32,64,1e-05,0.1,0.4369817578772803
GAT_Optimised,0,2,32,64,1e-05,0.2,0.4372581536760641
GAT_Optimised,0,2,32,64,1e-05,0.3,0.4369817578772803
GAT_Optimised,0,2,32,64,1e-05,0.4,0.4376727473742399
GAT_Optimised,0,2,32,64,1e-05,0.5,0.43794914317302375
GAT_Optimised,0,2,32,128,0.001,0.1,0.5877556661138751
GAT_Optimised,0,2,32,128,0.001,0.2,0.5905196241017137
GAT_Optimised,0,2,32,128,0.001,0.3,0.5914870093974571
GAT_Optimised,0,2,32,128,0.001,0.4,0.5866500829187397
GAT_Optimised,0,2,32,128,0.001,0.5,0.5881702598120508
GAT_Optimised,0,2,32,128,0.0001,0.1,0.5725538971807629
GAT_Optimised,0,2,32,128,0.0001,0.2,0.5735212824765064
GAT_Optimised,0,2,32,128,0.0001,0.3,0.5732448866777224
GAT_Optimised,0,2,32,128,0.0001,0.4,0.5749032614704257
GAT_Optimised,0,2,32,128,0.0001,0.5,0.574212271973466
GAT_Optimised,0,2,32,128,1e-05,0.1,0.5331674958540631
GAT_Optimised,0,2,32,128,1e-05,0.2,0.5330292979546711
GAT_Optimised,0,2,32,128,1e-05,0.3,0.5335820895522388
GAT_Optimised,0,2,32,128,1e-05,0.4,0.5335820895522388
GAT_Optimised,0,2,32,128,1e-05,0.5,0.5333056937534549
GAT_Optimised,0,2,32,256,0.001,0.1,0.5731066887783306
GAT_Optimised,0,2,32,256,0.001,0.2,0.5735212824765064
GAT_Optimised,0,2,32,256,0.001,0.3,0.5735212824765064
GAT_Optimised,0,2,32,256,0.001,0.4,0.574212271973466
GAT_Optimised,0,2,32,256,0.001,0.5,0.5621890547263682
GAT_Optimised,0,2,32,256,0.0001,0.1,0.591901603095633
GAT_Optimised,0,2,32,256,0.0001,0.2,0.5942509673852957
GAT_Optimised,0,2,32,256,0.0001,0.3,0.5930071862907683
GAT_Optimised,0,2,32,256,0.0001,0.4,0.5942509673852958
GAT_Optimised,0,2,32,256,0.0001,0.5,0.5945273631840796
GAT_Optimised,0,2,32,256,1e-05,0.1,0.5887230514096186
GAT_Optimised,0,2,32,256,1e-05,0.2,0.5907960199004973
GAT_Optimised,0,2,32,256,1e-05,0.3,0.5901050304035378
GAT_Optimised,0,2,32,256,1e-05,0.4,0.5898286346047539
GAT_Optimised,0,2,32,256,1e-05,0.5,0.5899668325041459
GAT_Optimised,0,2,64,64,0.001,0.1,0.5807075732448868
GAT_Optimised,0,2,64,64,0.001,0.2,0.5837479270315091
GAT_Optimised,0,2,64,64,0.001,0.3,0.5805693753454948
GAT_Optimised,0,2,64,64,0.001,0.4,0.583747927031509
GAT_Optimised,0,2,64,64,0.001,0.5,0.5844389165284688
GAT_Optimised,0,2,64,64,0.0001,0.1,0.5599778883360973
GAT_Optimised,0,2,64,64,0.0001,0.2,0.5616362631288004
GAT_Optimised,0,2,64,64,0.0001,0.3,0.5599778883360973
GAT_Optimised,0,2,64,64,0.0001,0.4,0.5619126589275842
GAT_Optimised,0,2,64,64,0.0001,0.5,0.5601160862354893
GAT_Optimised,0,2,64,64,1e-05,0.1,0.42260917634051964
GAT_Optimised,0,2,64,64,1e-05,0.2,0.4224709784411277
GAT_Optimised,0,2,64,64,1e-05,0.3,0.42426755113322273
GAT_Optimised,0,2,64,64,1e-05,0.4,0.42509673852957436
GAT_Optimised,0,2,64,64,1e-05,0.5,0.42274737423991154
GAT_Optimised,0,2,64,128,0.001,0.1,0.5865118850193478
GAT_Optimised,0,2,64,128,0.001,0.2,0.5860972913211719
GAT_Optimised,0,2,64,128,0.001,0.3,0.5895522388059702
GAT_Optimised,0,2,64,128,0.001,0.4,0.5854063018242124
GAT_Optimised,0,2,64,128,0.001,0.5,0.5894140409065782
GAT_Optimised,0,2,64,128,0.0001,0.1,0.5717247097844111
GAT_Optimised,0,2,64,128,0.0001,0.2,0.5717247097844113
GAT_Optimised,0,2,64,128,0.0001,0.3,0.5702045328911001
GAT_Optimised,0,2,64,128,0.0001,0.4,0.5702045328911001
GAT_Optimised,0,2,64,128,0.0001,0.5,0.5697899391929242
GAT_Optimised,0,2,64,128,1e-05,0.1,0.5161691542288557
GAT_Optimised,0,2,64,128,1e-05,0.2,0.5157545605306799
GAT_Optimised,0,2,64,128,1e-05,0.3,0.5157545605306799
GAT_Optimised,0,2,64,128,1e-05,0.4,0.5160309563294637
GAT_Optimised,0,2,64,128,1e-05,0.5,0.5158927584300718
GAT_Optimised,0,2,64,256,0.001,0.1,0.5863736871199557
GAT_Optimised,0,2,64,256,0.001,0.2,0.5848535102266444
GAT_Optimised,0,2,64,256,0.001,0.3,0.5858208955223879
GAT_Optimised,0,2,64,256,0.001,0.4,0.5805693753454947
GAT_Optimised,0,2,64,256,0.001,0.5,0.5805693753454947
GAT_Optimised,0,2,64,256,0.0001,0.1,0.595771144278607
GAT_Optimised,0,2,64,256,0.0001,0.2,0.5943891652846877
GAT_Optimised,0,2,64,256,0.0001,0.3,0.5946655610834715
GAT_Optimised,0,2,64,256,0.0001,0.4,0.5966003316749586
GAT_Optimised,0,2,64,256,0.0001,0.5,0.5939745715865119
GAT_Optimised,0,2,64,256,1e-05,0.1,0.5885848535102266
GAT_Optimised,0,2,64,256,1e-05,0.2,0.5887230514096186
GAT_Optimised,0,2,64,256,1e-05,0.3,0.5889994472084024
GAT_Optimised,0,2,64,256,1e-05,0.4,0.5891376451077944
GAT_Optimised,0,2,64,256,1e-05,0.5,0.5892758430071862
GAT_Optimised,0,2,128,64,0.001,0.1,0.5787728026533997
GAT_Optimised,0,2,128,64,0.001,0.2,0.5769762299613046
GAT_Optimised,0,2,128,64,0.001,0.3,0.5873410724156993
GAT_Optimised,0,2,128,64,0.001,0.4,0.5815367606412383
GAT_Optimised,0,2,128,64,0.001,0.5,0.5855444997236043
GAT_Optimised,0,2,128,64,0.0001,0.1,0.5138197899391929
GAT_Optimised,0,2,128,64,0.0001,0.2,0.5161691542288558
GAT_Optimised,0,2,128,64,0.0001,0.3,0.5165837479270314
GAT_Optimised,0,2,128,64,0.0001,0.4,0.5185185185185185
GAT_Optimised,0,2,128,64,0.0001,0.5,0.5181039248203427
GAT_Optimised,0,2,128,64,1e-05,0.1,0.42053620784964063
GAT_Optimised,0,2,128,64,1e-05,0.2,0.42053620784964063
GAT_Optimised,0,2,128,64,1e-05,0.3,0.4203980099502488
GAT_Optimised,0,2,128,64,1e-05,0.4,0.4205362078496407
GAT_Optimised,0,2,128,64,1e-05,0.5,0.42067440574903264
GAT_Optimised,0,2,128,128,0.001,0.1,0.5815367606412382
GAT_Optimised,0,2,128,128,0.001,0.2,0.5804311774461028
GAT_Optimised,0,2,128,128,0.001,0.3,0.5825041459369817
GAT_Optimised,0,2,128,128,0.001,0.4,0.5823659480375898
GAT_Optimised,0,2,128,128,0.001,0.5,0.5818131564400221
GAT_Optimised,0,2,128,128,0.0001,0.1,0.5718629076838031
GAT_Optimised,0,2,128,128,0.0001,0.2,0.5706191265892758
GAT_Optimised,0,2,128,128,0.0001,0.3,0.5704809286898839
GAT_Optimised,0,2,128,128,0.0001,0.4,0.5700663349917081
GAT_Optimised,0,2,128,128,0.0001,0.5,0.570480928689884
GAT_Optimised,0,2,128,128,1e-05,0.1,0.5020729684908789
GAT_Optimised,0,2,128,128,1e-05,0.2,0.5020729684908789
GAT_Optimised,0,2,128,128,1e-05,0.3,0.5019347705914871
GAT_Optimised,0,2,128,128,1e-05,0.4,0.5019347705914871
GAT_Optimised,0,2,128,128,1e-05,0.5,0.5017965726920951
GAT_Optimised,0,2,128,256,0.001,0.1,0.5902432283029297
GAT_Optimised,0,2,128,256,0.001,0.2,0.5907960199004975
GAT_Optimised,0,2,128,256,0.001,0.3,0.5891376451077944
GAT_Optimised,0,2,128,256,0.001,0.4,0.5889994472084024
GAT_Optimised,0,2,128,256,0.001,0.5,0.5914870093974571
GAT_Optimised,0,2,128,256,0.0001,0.1,0.593698175787728
GAT_Optimised,0,2,128,256,0.0001,0.2,0.5927307904919845
GAT_Optimised,0,2,128,256,0.0001,0.3,0.5932835820895523
GAT_Optimised,0,2,128,256,0.0001,0.4,0.5921779988944168
GAT_Optimised,0,2,128,256,0.0001,0.5,0.5932835820895523
GAT_Optimised,0,2,128,256,1e-05,0.1,0.5873410724156993
GAT_Optimised,0,2,128,256,1e-05,0.2,0.5867882808181315
GAT_Optimised,0,2,128,256,1e-05,0.3,0.5876174682144831
GAT_Optimised,0,2,128,256,1e-05,0.4,0.5867882808181315
GAT_Optimised,0,2,128,256,1e-05,0.5,0.5870646766169154
GAT_Optimised,0,3,32,64,0.001,0.1,0.6489773355444998
GAT_Optimised,0,3,32,64,0.001,0.2,0.6492537313432836
GAT_Optimised,0,3,32,64,0.001,0.3,0.6477335544499723
GAT_Optimised,0,3,32,64,0.001,0.4,0.6474571586511885
GAT_Optimised,0,3,32,64,0.001,0.5,0.6469043670536208
GAT_Optimised,0,3,32,64,0.0001,0.1,0.6469043670536209
GAT_Optimised,0,3,32,64,0.0001,0.2,0.6506357103372029
GAT_Optimised,0,3,32,64,0.0001,0.3,0.6462133775566612
GAT_Optimised,0,3,32,64,0.0001,0.4,0.6437258153676064
GAT_Optimised,0,3,32,64,0.0001,0.5,0.6415146489773356
GAT_Optimised,0,3,32,64,1e-05,0.1,0.40768380320619124
GAT_Optimised,0,3,32,64,1e-05,0.2,0.4071310116086235
GAT_Optimised,0,3,32,64,1e-05,0.3,0.40602542841348804
GAT_Optimised,0,3,32,64,1e-05,0.4,0.40685461580983967
GAT_Optimised,0,3,32,64,1e-05,0.5,0.41348811498065235
GAT_Optimised,0,3,32,128,0.001,0.1,0.6556108347153122
GAT_Optimised,0,3,32,128,0.001,0.2,0.6381978993919293
GAT_Optimised,0,3,32,128,0.001,0.3,0.6358485351022664
GAT_Optimised,0,3,32,128,0.001,0.4,0.6384742951907131
GAT_Optimised,0,3,32,128,0.001,0.5,0.6676340519624101
GAT_Optimised,0,3,32,128,0.0001,0.1,0.6925096738529575
GAT_Optimised,0,3,32,128,0.0001,0.2,0.6927860696517413
GAT_Optimised,0,3,32,128,0.0001,0.3,0.6929242675511332
GAT_Optimised,0,3,32,128,0.0001,0.4,0.6938916528468767
GAT_Optimised,0,3,32,128,0.0001,0.5,0.6922332780541736
GAT_Optimised,0,3,32,128,1e-05,0.1,0.6423438363736871
GAT_Optimised,0,3,32,128,1e-05,0.2,0.6420674405749032
GAT_Optimised,0,3,32,128,1e-05,0.3,0.6419292426755112
GAT_Optimised,0,3,32,128,1e-05,0.4,0.6393034825870646
GAT_Optimised,0,3,32,128,1e-05,0.5,0.6391652846876728
GAT_Optimised,0,3,32,256,0.001,0.1,0.6301824212271974
GAT_Optimised,0,3,32,256,0.001,0.2,0.6332227750138197
GAT_Optimised,0,3,32,256,0.001,0.3,0.6346047540077391
GAT_Optimised,0,3,32,256,0.001,0.4,0.6401326699834162
GAT_Optimised,0,3,32,256,0.001,0.5,0.6417910447761195
GAT_Optimised,0,3,32,256,0.0001,0.1,0.6506357103372028
GAT_Optimised,0,3,32,256,0.0001,0.2,0.6516030956329463
GAT_Optimised,0,3,32,256,0.0001,0.3,0.6521558872305142
GAT_Optimised,0,3,32,256,0.0001,0.4,0.6536760641238253
GAT_Optimised,0,3,32,256,0.0001,0.5,0.6529850746268657
GAT_Optimised,0,3,32,256,1e-05,0.1,0.6574074074074073
GAT_Optimised,0,3,32,256,1e-05,0.2,0.6569928137092317
GAT_Optimised,0,3,32,256,1e-05,0.3,0.6568546158098397
GAT_Optimised,0,3,32,256,1e-05,0.4,0.6576838032061912
GAT_Optimised,0,3,32,256,1e-05,0.5,0.6569928137092317
GAT_Optimised,0,3,64,64,0.001,0.1,0.6492537313432836
GAT_Optimised,0,3,64,64,0.001,0.2,0.6493919292426755
GAT_Optimised,0,3,64,64,0.001,0.3,0.6518794914317303
GAT_Optimised,0,3,64,64,0.001,0.4,0.6572692095080155
GAT_Optimised,0,3,64,64,0.001,0.5,0.6532614704256494
GAT_Optimised,0,3,64,64,0.0001,0.1,0.638888888888889
GAT_Optimised,0,3,64,64,0.0001,0.2,0.640685461580984
GAT_Optimised,0,3,64,64,0.0001,0.3,0.6431730237700387
GAT_Optimised,0,3,64,64,0.0001,0.4,0.6445550027639579
GAT_Optimised,0,3,64,64,0.0001,0.5,0.6384742951907131
GAT_Optimised,0,3,64,64,1e-05,0.1,0.39483139856274185
GAT_Optimised,0,3,64,64,1e-05,0.2,0.3938640132669983
GAT_Optimised,0,3,64,64,1e-05,0.3,0.39372581536760637
GAT_Optimised,0,3,64,64,1e-05,0.4,0.39372581536760637
GAT_Optimised,0,3,64,64,1e-05,0.5,0.3957987838584853
GAT_Optimised,0,3,64,128,0.001,0.1,0.6668048645660586
GAT_Optimised,0,3,64,128,0.001,0.2,0.6622443338861249
GAT_Optimised,0,3,64,128,0.001,0.3,0.6585129906025429
GAT_Optimised,0,3,64,128,0.001,0.4,0.6509121061359867
GAT_Optimised,0,3,64,128,0.001,0.5,0.648148148148148
GAT_Optimised,0,3,64,128,0.0001,0.1,0.6929242675511332
GAT_Optimised,0,3,64,128,0.0001,0.2,0.6933388612493092
GAT_Optimised,0,3,64,128,0.0001,0.3,0.6944444444444444
GAT_Optimised,0,3,64,128,0.0001,0.4,0.6927860696517413
GAT_Optimised,0,3,64,128,0.0001,0.5,0.6926478717523493
GAT_Optimised,0,3,64,128,1e-05,0.1,0.6174682144831399
GAT_Optimised,0,3,64,128,1e-05,0.2,0.6176064123825318
GAT_Optimised,0,3,64,128,1e-05,0.3,0.6167772249861802
GAT_Optimised,0,3,64,128,1e-05,0.4,0.6182974018794914
GAT_Optimised,0,3,64,128,1e-05,0.5,0.617330016583748
GAT_Optimised,0,3,64,256,0.001,0.1,0.6440022111663901
GAT_Optimised,0,3,64,256,0.001,0.2,0.642620232172471
GAT_Optimised,0,3,64,256,0.001,0.3,0.6467661691542287
GAT_Optimised,0,3,64,256,0.001,0.4,0.6351575456053068
GAT_Optimised,0,3,64,256,0.001,0.5,0.6423438363736872
GAT_Optimised,0,3,64,256,0.0001,0.1,0.6520176893311221
GAT_Optimised,0,3,64,256,0.0001,0.2,0.6513266998341625
GAT_Optimised,0,3,64,256,0.0001,0.3,0.652017689331122
GAT_Optimised,0,3,64,256,0.0001,0.4,0.6532614704256494
GAT_Optimised,0,3,64,256,0.0001,0.5,0.6531232725262575
GAT_Optimised,0,3,64,256,1e-05,0.1,0.6502211166390272
GAT_Optimised,0,3,64,256,1e-05,0.2,0.6503593145384191
GAT_Optimised,0,3,64,256,1e-05,0.3,0.650497512437811
GAT_Optimised,0,3,64,256,1e-05,0.4,0.6506357103372029
GAT_Optimised,0,3,64,256,1e-05,0.5,0.6503593145384191
GAT_Optimised,0,3,128,64,0.001,0.1,0.6521558872305141
GAT_Optimised,0,3,128,64,0.001,0.2,0.6542288557213931
GAT_Optimised,0,3,128,64,0.001,0.3,0.650359314538419
GAT_Optimised,0,3,128,64,0.001,0.4,0.6525704809286899
GAT_Optimised,0,3,128,64,0.001,0.5,0.6516030956329464
GAT_Optimised,0,3,128,64,0.0001,0.1,0.5404919845218353
GAT_Optimised,0,3,128,64,0.0001,0.2,0.5345494748479822
GAT_Optimised,0,3,128,64,0.0001,0.3,0.5315782200110559
GAT_Optimised,0,3,128,64,0.0001,0.4,0.542841348811498
GAT_Optimised,0,3,128,64,0.0001,0.5,0.527501381978994
GAT_Optimised,0,3,128,64,1e-05,0.1,0.3881978993919292
GAT_Optimised,0,3,128,64,1e-05,0.2,0.38778330569375347
GAT_Optimised,0,3,128,64,1e-05,0.3,0.38681592039800994
GAT_Optimised,0,3,128,64,1e-05,0.4,0.3869541182974019
GAT_Optimised,0,3,128,64,1e-05,0.5,0.3869541182974019
GAT_Optimised,0,3,128,128,0.001,0.1,0.6669430624654504
GAT_Optimised,0,3,128,128,0.001,0.2,0.6719181868435599
GAT_Optimised,0,3,128,128,0.001,0.3,0.6672194582642345
GAT_Optimised,0,3,128,128,0.001,0.4,0.6654228855721392
GAT_Optimised,0,3,128,128,0.001,0.5,0.6672194582642343
GAT_Optimised,0,3,128,128,0.0001,0.1,0.691542288557214
GAT_Optimised,0,3,128,128,0.0001,0.2,0.6911276948590381
GAT_Optimised,0,3,128,128,0.0001,0.3,0.6897457158651188
GAT_Optimised,0,3,128,128,0.0001,0.4,0.6902985074626866
GAT_Optimised,0,3,128,128,0.0001,0.5,0.6904367053620786
GAT_Optimised,0,3,128,128,1e-05,0.1,0.5983969043670536
GAT_Optimised,0,3,128,128,1e-05,0.2,0.5983969043670536
GAT_Optimised,0,3,128,128,1e-05,0.3,0.5982587064676617
GAT_Optimised,0,3,128,128,1e-05,0.4,0.5982587064676617
GAT_Optimised,0,3,128,128,1e-05,0.5,0.5977059148700941
GAT_Optimised,0,3,128,256,0.001,0.1,0.6511885019347705
GAT_Optimised,0,3,128,256,0.001,0.2,0.6080707573244887
GAT_Optimised,0,3,128,256,0.001,0.3,0.601575456053068
GAT_Optimised,0,3,128,256,0.001,0.4,0.5983969043670536
GAT_Optimised,0,3,128,256,0.001,0.5,0.6495301271420674
GAT_Optimised,0,3,128,256,0.0001,0.1,0.658236594803759
GAT_Optimised,0,3,128,256,0.0001,0.2,0.657960199004975
GAT_Optimised,0,3,128,256,0.0001,0.3,0.6578220011055833
GAT_Optimised,0,3,128,256,0.0001,0.4,0.6586511885019348
GAT_Optimised,0,3,128,256,0.0001,0.5,0.660033167495854
GAT_Optimised,0,3,128,256,1e-05,0.1,0.6493919292426755
GAT_Optimised,0,3,128,256,1e-05,0.2,0.6492537313432836
GAT_Optimised,0,3,128,256,1e-05,0.3,0.6492537313432836
GAT_Optimised,0,3,128,256,1e-05,0.4,0.6493919292426754
GAT_Optimised,0,3,128,256,1e-05,0.5,0.6489773355444997
GAT_Optimised,0,4,32,64,0.001,0.1,0.6749585406301823
GAT_Optimised,0,4,32,64,0.001,0.2,0.6713653952459923
GAT_Optimised,0,4,32,64,0.001,0.3,0.6727473742399115
GAT_Optimised,0,4,32,64,0.001,0.4,0.6701216141514649
GAT_Optimised,0,4,32,64,0.001,0.5,0.6759259259259259
GAT_Optimised,0,4,32,64,0.0001,0.1,0.6650082918739635
GAT_Optimised,0,4,32,64,0.0001,0.2,0.6688778330569376
GAT_Optimised,0,4,32,64,0.0001,0.3,0.668048645660586
GAT_Optimised,0,4,32,64,0.0001,0.4,0.6698452183526811
GAT_Optimised,0,4,32,64,0.0001,0.5,0.6690160309563294
GAT_Optimised,0,4,32,64,1e-05,0.1,0.37783305693753455
GAT_Optimised,0,4,32,64,1e-05,0.2,0.3753454947484798
GAT_Optimised,0,4,32,64,1e-05,0.3,0.37465450525152016
GAT_Optimised,0,4,32,64,1e-05,0.4,0.37465450525152016
GAT_Optimised,0,4,32,64,1e-05,0.5,0.3747927031509121
GAT_Optimised,0,4,32,128,0.001,0.1,0.660171365395246
GAT_Optimised,0,4,32,128,0.001,0.2,0.6654228855721394
GAT_Optimised,0,4,32,128,0.001,0.3,0.6724709784411277
GAT_Optimised,0,4,32,128,0.001,0.4,0.6716417910447761
GAT_Optimised,0,4,32,128,0.001,0.5,0.6694306246545052
GAT_Optimised,0,4,32,128,0.0001,0.1,0.6864289662797126
GAT_Optimised,0,4,32,128,0.0001,0.2,0.6872581536760641
GAT_Optimised,0,4,32,128,0.0001,0.3,0.6869817578772803
GAT_Optimised,0,4,32,128,0.0001,0.4,0.6865671641791045
GAT_Optimised,0,4,32,128,0.0001,0.5,0.6862907683803207
GAT_Optimised,0,4,32,128,1e-05,0.1,0.6556108347153123
GAT_Optimised,0,4,32,128,1e-05,0.2,0.6550580431177445
GAT_Optimised,0,4,32,128,1e-05,0.3,0.6549198452183528
GAT_Optimised,0,4,32,128,1e-05,0.4,0.6538142620232171
GAT_Optimised,0,4,32,128,1e-05,0.5,0.6532614704256495
GAT_Optimised,0,4,32,256,0.001,0.1,0.6710889994472083
GAT_Optimised,0,4,32,256,0.001,0.2,0.66404090657822
GAT_Optimised,0,4,32,256,0.001,0.3,0.6600331674958541
GAT_Optimised,0,4,32,256,0.001,0.4,0.6731619679380874
GAT_Optimised,0,4,32,256,0.001,0.5,0.6745439469320066
GAT_Optimised,0,4,32,256,0.0001,0.1,0.6681868435599778
GAT_Optimised,0,4,32,256,0.0001,0.2,0.671779988944168
GAT_Optimised,0,4,32,256,0.0001,0.3,0.6723327805417358
GAT_Optimised,0,4,32,256,0.0001,0.4,0.6655610834715312
GAT_Optimised,0,4,32,256,0.0001,0.5,0.6703980099502488
GAT_Optimised,0,4,32,256,1e-05,0.1,0.6858761746821448
GAT_Optimised,0,4,32,256,1e-05,0.2,0.6860143725815367
GAT_Optimised,0,4,32,256,1e-05,0.3,0.6878109452736318
GAT_Optimised,0,4,32,256,1e-05,0.4,0.6885019347705915
GAT_Optimised,0,4,32,256,1e-05,0.5,0.6886401326699833
GAT_Optimised,0,4,64,64,0.001,0.1,0.6677722498618022
GAT_Optimised,0,4,64,64,0.001,0.2,0.6637645107794361
GAT_Optimised,0,4,64,64,0.001,0.3,0.6690160309563296
GAT_Optimised,0,4,64,64,0.001,0.4,0.6630735212824765
GAT_Optimised,0,4,64,64,0.001,0.5,0.6665284687672747
GAT_Optimised,0,4,64,64,0.0001,0.1,0.6344665561083471
GAT_Optimised,0,4,64,64,0.0001,0.2,0.6372305140961857
GAT_Optimised,0,4,64,64,0.0001,0.3,0.638612493090105
GAT_Optimised,0,4,64,64,0.0001,0.4,0.6301824212271974
GAT_Optimised,0,4,64,64,0.0001,0.5,0.6174682144831398
GAT_Optimised,0,4,64,64,1e-05,0.1,0.36442786069651745
GAT_Optimised,0,4,64,64,1e-05,0.2,0.3623548922056385
GAT_Optimised,0,4,64,64,1e-05,0.3,0.36207849640685463
GAT_Optimised,0,4,64,64,1e-05,0.4,0.36442786069651745
GAT_Optimised,0,4,64,64,1e-05,0.5,0.3619402985074627
GAT_Optimised,0,4,64,128,0.001,0.1,0.6694306246545051
GAT_Optimised,0,4,64,128,0.001,0.2,0.6749585406301825
GAT_Optimised,0,4,64,128,0.001,0.3,0.6735765616362631
GAT_Optimised,0,4,64,128,0.001,0.4,0.6706744057490326
GAT_Optimised,0,4,64,128,0.001,0.5,0.6723327805417357
GAT_Optimised,0,4,64,128,0.0001,0.1,0.6880873410724156
GAT_Optimised,0,4,64,128,0.0001,0.2,0.6889165284687673
GAT_Optimised,0,4,64,128,0.0001,0.3,0.6883637368711996
GAT_Optimised,0,4,64,128,0.0001,0.4,0.6889165284687673
GAT_Optimised,0,4,64,128,0.0001,0.5,0.6887783305693754
GAT_Optimised,0,4,64,128,1e-05,0.1,0.6323935876174682
GAT_Optimised,0,4,64,128,1e-05,0.2,0.6318407960199005
GAT_Optimised,0,4,64,128,1e-05,0.3,0.631011608623549
GAT_Optimised,0,4,64,128,1e-05,0.4,0.6317025981205087
GAT_Optimised,0,4,64,128,1e-05,0.5,0.6308734107241569
GAT_Optimised,0,4,64,256,0.001,0.1,0.6683250414593698
GAT_Optimised,0,4,64,256,0.001,0.2,0.6621061359867331
GAT_Optimised,0,4,64,256,0.001,0.3,0.6275566611387506
GAT_Optimised,0,4,64,256,0.001,0.4,0.656025428413488
GAT_Optimised,0,4,64,256,0.001,0.5,0.6469043670536208
GAT_Optimised,0,4,64,256,0.0001,0.1,0.6748203427307906
GAT_Optimised,0,4,64,256,0.0001,0.2,0.6737147595356551
GAT_Optimised,0,4,64,256,0.0001,0.3,0.673852957435047
GAT_Optimised,0,4,64,256,0.0001,0.4,0.6745439469320066
GAT_Optimised,0,4,64,256,0.0001,0.5,0.6768933112216694
GAT_Optimised,0,4,64,256,1e-05,0.1,0.691404090657822
GAT_Optimised,0,4,64,256,1e-05,0.2,0.6915422885572139
GAT_Optimised,0,4,64,256,1e-05,0.3,0.6918186843559977
GAT_Optimised,0,4,64,256,1e-05,0.4,0.691404090657822
GAT_Optimised,0,4,64,256,1e-05,0.5,0.6914040906578219
GAT_Optimised,0,4,128,64,0.001,0.1,0.6749585406301825
GAT_Optimised,0,4,128,64,0.001,0.2,0.6757877280265341
GAT_Optimised,0,4,128,64,0.001,0.3,0.6742675511332228
GAT_Optimised,0,4,128,64,0.001,0.4,0.6759259259259259
GAT_Optimised,0,4,128,64,0.001,0.5,0.6752349364289663
GAT_Optimised,0,4,128,64,0.0001,0.1,0.5264648977335544
GAT_Optimised,0,4,128,64,0.0001,0.2,0.5326147042564953
GAT_Optimised,0,4,128,64,0.0001,0.3,0.5201768933112216
GAT_Optimised,0,4,128,64,0.0001,0.4,0.5175511332227751
GAT_Optimised,0,4,128,64,0.0001,0.5,0.5114704256495302
GAT_Optimised,0,4,128,64,1e-05,0.1,0.35572139303482586
GAT_Optimised,0,4,128,64,1e-05,0.2,0.3559977888336097
GAT_Optimised,0,4,128,64,1e-05,0.3,0.3558595909342178
GAT_Optimised,0,4,128,64,1e-05,0.4,0.355444997236042
GAT_Optimised,0,4,128,64,1e-05,0.5,0.35503040353786625
GAT_Optimised,0,4,128,128,0.001,0.1,0.6703980099502486
GAT_Optimised,0,4,128,128,0.001,0.2,0.669845218352681
GAT_Optimised,0,4,128,128,0.001,0.3,0.6737147595356551
GAT_Optimised,0,4,128,128,0.001,0.4,0.6721945826423438
GAT_Optimised,0,4,128,128,0.001,0.5,0.6726091763405194
GAT_Optimised,0,4,128,128,0.0001,0.1,0.683665008291874
GAT_Optimised,0,4,128,128,0.0001,0.2,0.6831122166943062
GAT_Optimised,0,4,128,128,0.0001,0.3,0.681453841901603
GAT_Optimised,0,4,128,128,0.0001,0.4,0.6813156440022112
GAT_Optimised,0,4,128,128,0.0001,0.5,0.6822830292979547
GAT_Optimised,0,4,128,128,1e-05,0.1,0.6083471531232725
GAT_Optimised,0,4,128,128,1e-05,0.2,0.6082089552238806
GAT_Optimised,0,4,128,128,1e-05,0.3,0.6083471531232725
GAT_Optimised,0,4,128,128,1e-05,0.4,0.6082089552238805
GAT_Optimised,0,4,128,128,1e-05,0.5,0.6080707573244886
GAT_Optimised,0,4,128,256,0.001,0.1,0.6763405196241018
GAT_Optimised,0,4,128,256,0.001,0.2,0.6563018242122719
GAT_Optimised,0,4,128,256,0.001,0.3,0.6621061359867331
GAT_Optimised,0,4,128,256,0.001,0.4,0.635019347705915
GAT_Optimised,0,4,128,256,0.001,0.5,0.632808181315644
GAT_Optimised,0,4,128,256,0.0001,0.1,0.6825594250967385
GAT_Optimised,0,4,128,256,0.0001,0.2,0.6829740187949145
GAT_Optimised,0,4,128,256,0.0001,0.3,0.6746821448313985
GAT_Optimised,0,4,128,256,0.0001,0.4,0.6822830292979546
GAT_Optimised,0,4,128,256,0.0001,0.5,0.6771697070204533
GAT_Optimised,0,4,128,256,1e-05,0.1,0.6959646213377556
GAT_Optimised,0,4,128,256,1e-05,0.2,0.6958264234383637
GAT_Optimised,0,4,128,256,1e-05,0.3,0.6958264234383637
GAT_Optimised,0,4,128,256,1e-05,0.4,0.695411829740188
GAT_Optimised,0,4,128,256,1e-05,0.5,0.6952736318407958
GAT_Optimised,1,0,32,64,0.001,0.1,0.6572143452877398
GAT_Optimised,1,0,32,64,0.001,0.2,0.6794551014734502
GAT_Optimised,1,0,32,64,0.001,0.3,0.6640255768696137
GAT_Optimised,1,0,32,64,0.001,0.4,0.6775090353072005
GAT_Optimised,1,0,32,64,0.001,0.5,0.6577703641923826
GAT_Optimised,1,0,32,64,0.0001,0.1,0.6427578537670281
GAT_Optimised,1,0,32,64,0.0001,0.2,0.6396997497914929
GAT_Optimised,1,0,32,64,0.0001,0.3,0.6396997497914929
GAT_Optimised,1,0,32,64,0.0001,0.4,0.6362246316374757
GAT_Optimised,1,0,32,64,0.0001,0.5,0.6308034473172088
GAT_Optimised,1,0,32,64,1e-05,0.1,0.3615512927439533
GAT_Optimised,1,0,32,64,1e-05,0.2,0.3623853211009174
GAT_Optimised,1,0,32,64,1e-05,0.3,0.35988323603002503
GAT_Optimised,1,0,32,64,1e-05,0.4,0.3604392549346677
GAT_Optimised,1,0,32,64,1e-05,0.5,0.35682513205448985
GAT_Optimised,1,0,32,128,0.001,0.1,0.6815401723658605
GAT_Optimised,1,0,32,128,0.001,0.2,0.6857103141506812
GAT_Optimised,1,0,32,128,0.001,0.3,0.6787600778426468
GAT_Optimised,1,0,32,128,0.001,0.4,0.6787600778426467
GAT_Optimised,1,0,32,128,0.001,0.5,0.6857103141506812
GAT_Optimised,1,0,32,128,0.0001,0.1,0.6795941061996108
GAT_Optimised,1,0,32,128,0.0001,0.2,0.6790380872949681
GAT_Optimised,1,0,32,128,0.0001,0.3,0.6814011676396997
GAT_Optimised,1,0,32,128,0.0001,0.4,0.6825132054489853
GAT_Optimised,1,0,32,128,0.0001,0.5,0.681262162913539
GAT_Optimised,1,0,32,128,1e-05,0.1,0.6185710314150681
GAT_Optimised,1,0,32,128,1e-05,0.2,0.6185710314150681
GAT_Optimised,1,0,32,128,1e-05,0.3,0.6192660550458717
GAT_Optimised,1,0,32,128,1e-05,0.4,0.6192660550458715
GAT_Optimised,1,0,32,128,1e-05,0.5,0.6185710314150681
GAT_Optimised,1,0,32,256,0.001,0.1,0.6613844870725605
GAT_Optimised,1,0,32,256,0.001,0.2,0.6762579927717544
GAT_Optimised,1,0,32,256,0.001,0.3,0.6651376146788992
GAT_Optimised,1,0,32,256,0.001,0.4,0.6652766194050598
GAT_Optimised,1,0,32,256,0.001,0.5,0.6697247706422019
GAT_Optimised,1,0,32,256,0.0001,0.1,0.6762579927717542
GAT_Optimised,1,0,32,256,0.0001,0.2,0.6733388935223797
GAT_Optimised,1,0,32,256,0.0001,0.3,0.6780650542118432
GAT_Optimised,1,0,32,256,0.0001,0.4,0.6784820683903252
GAT_Optimised,1,0,32,256,0.0001,0.5,0.6716708368084514
GAT_Optimised,1,0,32,256,1e-05,0.1,0.6734778982485405
GAT_Optimised,1,0,32,256,1e-05,0.2,0.674172921879344
GAT_Optimised,1,0,32,256,1e-05,0.3,0.6737559077008619
GAT_Optimised,1,0,32,256,1e-05,0.4,0.6747289407839867
GAT_Optimised,1,0,32,256,1e-05,0.5,0.6730608840700585
GAT_Optimised,1,0,64,64,0.001,0.1,0.6754239644147901
GAT_Optimised,1,0,64,64,0.001,0.2,0.6795941061996109
GAT_Optimised,1,0,64,64,0.001,0.3,0.6730608840700584
GAT_Optimised,1,0,64,64,0.001,0.4,0.677231025854879
GAT_Optimised,1,0,64,64,0.001,0.5,0.660272449263275
GAT_Optimised,1,0,64,64,0.0001,0.1,0.6075896580483737
GAT_Optimised,1,0,64,64,0.0001,0.2,0.6053655824298025
GAT_Optimised,1,0,64,64,0.0001,0.3,0.6036975257158744
GAT_Optimised,1,0,64,64,0.0001,0.4,0.595774256324715
GAT_Optimised,1,0,64,64,0.0001,0.5,0.5945232137892689
GAT_Optimised,1,0,64,64,1e-05,0.1,0.3402835696413678
GAT_Optimised,1,0,64,64,1e-05,0.2,0.34111759799833197
GAT_Optimised,1,0,64,64,1e-05,0.3,0.3348623853211009
GAT_Optimised,1,0,64,64,1e-05,0.4,0.33986655546288574
GAT_Optimised,1,0,64,64,1e-05,0.5,0.33486238532110096
GAT_Optimised,1,0,64,128,0.001,0.1,0.6706978037253267
GAT_Optimised,1,0,64,128,0.001,0.2,0.6829302196274674
GAT_Optimised,1,0,64,128,0.001,0.3,0.6688907422852377
GAT_Optimised,1,0,64,128,0.001,0.4,0.6637475674172921
GAT_Optimised,1,0,64,128,0.001,0.5,0.6604114539894358
GAT_Optimised,1,0,64,128,0.0001,0.1,0.6761189880455936
GAT_Optimised,1,0,64,128,0.0001,0.2,0.6752849596886294
GAT_Optimised,1,0,64,128,0.0001,0.3,0.6744509313316653
GAT_Optimised,1,0,64,128,0.0001,0.4,0.6747289407839867
GAT_Optimised,1,0,64,128,0.0001,0.5,0.6752849596886294
GAT_Optimised,1,0,64,128,1e-05,0.1,0.5967472894078398
GAT_Optimised,1,0,64,128,1e-05,0.2,0.5968862941340005
GAT_Optimised,1,0,64,128,1e-05,0.3,0.5968862941340005
GAT_Optimised,1,0,64,128,1e-05,0.4,0.5968862941340005
GAT_Optimised,1,0,64,128,1e-05,0.5,0.5970252988601612
GAT_Optimised,1,0,64,256,0.001,0.1,0.660272449263275
GAT_Optimised,1,0,64,256,0.001,0.2,0.6529051987767585
GAT_Optimised,1,0,64,256,0.001,0.3,0.6579093689185432
GAT_Optimised,1,0,64,256,0.001,0.4,0.6569363358354184
GAT_Optimised,1,0,64,256,0.001,0.5,0.6526271893244371
GAT_Optimised,1,0,64,256,0.0001,0.1,0.678621073116486
GAT_Optimised,1,0,64,256,0.0001,0.2,0.6784820683903253
GAT_Optimised,1,0,64,256,0.0001,0.3,0.6793160967472894
GAT_Optimised,1,0,64,256,0.0001,0.4,0.674172921879344
GAT_Optimised,1,0,64,256,0.0001,0.5,0.6743119266055047
GAT_Optimised,1,0,64,256,1e-05,0.1,0.6722268557130943
GAT_Optimised,1,0,64,256,1e-05,0.2,0.6730608840700584
GAT_Optimised,1,0,64,256,1e-05,0.3,0.680428134556575
GAT_Optimised,1,0,64,256,1e-05,0.4,0.6729218793438977
GAT_Optimised,1,0,64,256,1e-05,0.5,0.6730608840700584
GAT_Optimised,1,0,128,64,0.001,0.1,0.6700027800945232
GAT_Optimised,1,0,128,64,0.001,0.2,0.6827912149013068
GAT_Optimised,1,0,128,64,0.001,0.3,0.6848762857937171
GAT_Optimised,1,0,128,64,0.001,0.4,0.6868223519599668
GAT_Optimised,1,0,128,64,0.001,0.5,0.6871003614122881
GAT_Optimised,1,0,128,64,0.0001,0.1,0.5105643591882124
GAT_Optimised,1,0,128,64,0.0001,0.2,0.5190436474840145
GAT_Optimised,1,0,128,64,0.0001,0.3,0.5126494300806227
GAT_Optimised,1,0,128,64,0.0001,0.4,0.5140394773422297
GAT_Optimised,1,0,128,64,0.0001,0.5,0.5104253544620517
GAT_Optimised,1,0,128,64,1e-05,0.1,0.3217959410619961
GAT_Optimised,1,0,128,64,1e-05,0.2,0.3217959410619961
GAT_Optimised,1,0,128,64,1e-05,0.3,0.32429802613288855
GAT_Optimised,1,0,128,64,1e-05,0.4,0.3245760355852099
GAT_Optimised,1,0,128,64,1e-05,0.5,0.3233249930497637
GAT_Optimised,1,0,128,128,0.001,0.1,0.6762579927717542
GAT_Optimised,1,0,128,128,0.001,0.2,0.6770920211287184
GAT_Optimised,1,0,128,128,0.001,0.3,0.6788990825688074
GAT_Optimised,1,0,128,128,0.001,0.4,0.6779260494856826
GAT_Optimised,1,0,128,128,0.001,0.5,0.6780650542118432
GAT_Optimised,1,0,128,128,0.0001,0.1,0.668334723380595
GAT_Optimised,1,0,128,128,0.0001,0.2,0.668334723380595
GAT_Optimised,1,0,128,128,0.0001,0.3,0.6690297470113984
GAT_Optimised,1,0,128,128,0.0001,0.4,0.6666666666666666
GAT_Optimised,1,0,128,128,0.0001,0.5,0.6658326383097026
GAT_Optimised,1,0,128,128,1e-05,0.1,0.5824298026132888
GAT_Optimised,1,0,128,128,1e-05,0.2,0.5822907978871282
GAT_Optimised,1,0,128,128,1e-05,0.3,0.5811787600778426
GAT_Optimised,1,0,128,128,1e-05,0.4,0.5820127884348067
GAT_Optimised,1,0,128,128,1e-05,0.5,0.581039755351682
GAT_Optimised,1,0,128,256,0.001,0.1,0.6651376146788991
GAT_Optimised,1,0,128,256,0.001,0.2,0.6605504587155964
GAT_Optimised,1,0,128,256,0.001,0.3,0.6558242980261328
GAT_Optimised,1,0,128,256,0.001,0.4,0.660689463441757
GAT_Optimised,1,0,128,256,0.001,0.5,0.6605504587155964
GAT_Optimised,1,0,128,256,0.0001,0.1,0.6700027800945232
GAT_Optimised,1,0,128,256,0.0001,0.2,0.6690297470113984
GAT_Optimised,1,0,128,256,0.0001,0.3,0.6712538226299695
GAT_Optimised,1,0,128,256,0.0001,0.4,0.6723658604392551
GAT_Optimised,1,0,128,256,0.0001,0.5,0.6722268557130945
GAT_Optimised,1,0,128,256,1e-05,0.1,0.6829302196274672
GAT_Optimised,1,0,128,256,1e-05,0.2,0.6833472338059494
GAT_Optimised,1,0,128,256,1e-05,0.3,0.6833472338059494
GAT_Optimised,1,0,128,256,1e-05,0.4,0.6825132054489853
GAT_Optimised,1,0,128,256,1e-05,0.5,0.6823742007228246
GAT_Optimised,1,1,32,64,0.001,0.1,0.5783986655546289
GAT_Optimised,1,1,32,64,0.001,0.2,0.5799277175423965
GAT_Optimised,1,1,32,64,0.001,0.3,0.5739505143174868
GAT_Optimised,1,1,32,64,0.001,0.4,0.5726994717820406
GAT_Optimised,1,1,32,64,0.001,0.5,0.5683903252710593
GAT_Optimised,1,1,32,64,0.0001,0.1,0.5831248262440923
GAT_Optimised,1,1,32,64,0.0001,0.2,0.581039755351682
GAT_Optimised,1,1,32,64,0.0001,0.3,0.5786766750069503
GAT_Optimised,1,1,32,64,0.0001,0.4,0.5772866277453435
GAT_Optimised,1,1,32,64,0.0001,0.5,0.579232693911593
GAT_Optimised,1,1,32,64,1e-05,0.1,0.448985265499027
GAT_Optimised,1,1,32,64,1e-05,0.2,0.4407839866555463
GAT_Optimised,1,1,32,64,1e-05,0.3,0.44064498192938567
GAT_Optimised,1,1,32,64,1e-05,0.4,0.440505977203225
GAT_Optimised,1,1,32,64,1e-05,0.5,0.440505977203225
GAT_Optimised,1,1,32,128,0.001,0.1,0.5700583819849876
GAT_Optimised,1,1,32,128,0.001,0.2,0.5927161523491798
GAT_Optimised,1,1,32,128,0.001,0.3,0.5632471504031138
GAT_Optimised,1,1,32,128,0.001,0.4,0.5690853489018627
GAT_Optimised,1,1,32,128,0.001,0.5,0.5877119822073951
GAT_Optimised,1,1,32,128,0.0001,0.1,0.5948012232415902
GAT_Optimised,1,1,32,128,0.0001,0.2,0.5956352515985545
GAT_Optimised,1,1,32,128,0.0001,0.3,0.597581317764804
GAT_Optimised,1,1,32,128,0.0001,0.4,0.5936891854323046
GAT_Optimised,1,1,32,128,0.0001,0.5,0.5977203224909646
GAT_Optimised,1,1,32,128,1e-05,0.1,0.5973033083124827
GAT_Optimised,1,1,32,128,1e-05,0.2,0.5968862941340005
GAT_Optimised,1,1,32,128,1e-05,0.3,0.597164303586322
GAT_Optimised,1,1,32,128,1e-05,0.4,0.597164303586322
GAT_Optimised,1,1,32,128,1e-05,0.5,0.5967472894078399
GAT_Optimised,1,1,32,256,0.001,0.1,0.5838198498748957
GAT_Optimised,1,1,32,256,0.001,0.2,0.5903530720044482
GAT_Optimised,1,1,32,256,0.001,0.3,0.5825688073394496
GAT_Optimised,1,1,32,256,0.001,0.4,0.5916041145398945
GAT_Optimised,1,1,32,256,0.001,0.5,0.5897970530998055
GAT_Optimised,1,1,32,256,0.0001,0.1,0.5710314150681124
GAT_Optimised,1,1,32,256,0.0001,0.2,0.5679733110925772
GAT_Optimised,1,1,32,256,0.0001,0.3,0.5717264386989158
GAT_Optimised,1,1,32,256,0.0001,0.4,0.5674172921879345
GAT_Optimised,1,1,32,256,0.0001,0.5,0.5667222685571309
GAT_Optimised,1,1,32,256,1e-05,0.1,0.5871559633027523
GAT_Optimised,1,1,32,256,1e-05,0.2,0.5881289963858771
GAT_Optimised,1,1,32,256,1e-05,0.3,0.5885460105643593
GAT_Optimised,1,1,32,256,1e-05,0.4,0.5884070058381985
GAT_Optimised,1,1,32,256,1e-05,0.5,0.5867389491242703
GAT_Optimised,1,1,64,64,0.001,0.1,0.5735335001390047
GAT_Optimised,1,1,64,64,0.001,0.2,0.5850708924103419
GAT_Optimised,1,1,64,64,0.001,0.3,0.5779816513761469
GAT_Optimised,1,1,64,64,0.001,0.4,0.5706144008896302
GAT_Optimised,1,1,64,64,0.001,0.5,0.5718654434250765
GAT_Optimised,1,1,64,64,0.0001,0.1,0.5799277175423965
GAT_Optimised,1,1,64,64,0.0001,0.2,0.5813177648040033
GAT_Optimised,1,1,64,64,0.0001,0.3,0.5758965804837365
GAT_Optimised,1,1,64,64,0.0001,0.4,0.5772866277453433
GAT_Optimised,1,1,64,64,0.0001,0.5,0.5695023630803447
GAT_Optimised,1,1,64,64,1e-05,0.1,0.4327217125382262
GAT_Optimised,1,1,64,64,1e-05,0.2,0.4332777314428691
GAT_Optimised,1,1,64,64,1e-05,0.3,0.4332777314428691
GAT_Optimised,1,1,64,64,1e-05,0.4,0.43272171253822633
GAT_Optimised,1,1,64,64,1e-05,0.5,0.4324437030859049
GAT_Optimised,1,1,64,128,0.001,0.1,0.550597720322491
GAT_Optimised,1,1,64,128,0.001,0.2,0.5519877675840978
GAT_Optimised,1,1,64,128,0.001,0.3,0.5460105643591882
GAT_Optimised,1,1,64,128,0.001,0.4,0.5482346399777593
GAT_Optimised,1,1,64,128,0.001,0.5,0.5654712260216848
GAT_Optimised,1,1,64,128,0.0001,0.1,0.6059216013344454
GAT_Optimised,1,1,64,128,0.0001,0.2,0.6055045871559633
GAT_Optimised,1,1,64,128,0.0001,0.3,0.605643591882124
GAT_Optimised,1,1,64,128,0.0001,0.4,0.6067556296914094
GAT_Optimised,1,1,64,128,0.0001,0.5,0.6067556296914095
GAT_Optimised,1,1,64,128,1e-05,0.1,0.5870169585765916
GAT_Optimised,1,1,64,128,1e-05,0.2,0.5870169585765916
GAT_Optimised,1,1,64,128,1e-05,0.3,0.5865999443981096
GAT_Optimised,1,1,64,128,1e-05,0.4,0.5865999443981096
GAT_Optimised,1,1,64,128,1e-05,0.5,0.5865999443981096
GAT_Optimised,1,1,64,256,0.001,0.1,0.5785376702807896
GAT_Optimised,1,1,64,256,0.001,0.2,0.5750625521267724
GAT_Optimised,1,1,64,256,0.001,0.3,0.5735335001390048
GAT_Optimised,1,1,64,256,0.001,0.4,0.5746455379482902
GAT_Optimised,1,1,64,256,0.001,0.5,0.5765916041145399
GAT_Optimised,1,1,64,256,0.0001,0.1,0.5750625521267723
GAT_Optimised,1,1,64,256,0.0001,0.2,0.573394495412844
GAT_Optimised,1,1,64,256,0.0001,0.3,0.5731164859605227
GAT_Optimised,1,1,64,256,0.0001,0.4,0.5725604670558799
GAT_Optimised,1,1,64,256,0.0001,0.5,0.5724214623297192
GAT_Optimised,1,1,64,256,1e-05,0.1,0.5888240200166805
GAT_Optimised,1,1,64,256,1e-05,0.2,0.5886850152905199
GAT_Optimised,1,1,64,256,1e-05,0.3,0.5886850152905199
GAT_Optimised,1,1,64,256,1e-05,0.4,0.58868501529052
GAT_Optimised,1,1,64,256,1e-05,0.5,0.5882680011120379
GAT_Optimised,1,1,128,64,0.001,0.1,0.5670002780094523
GAT_Optimised,1,1,128,64,0.001,0.2,0.5661662496524882
GAT_Optimised,1,1,128,64,0.001,0.3,0.5783986655546289
GAT_Optimised,1,1,128,64,0.001,0.4,0.5806227411731999
GAT_Optimised,1,1,128,64,0.001,0.5,0.5797887128162358
GAT_Optimised,1,1,128,64,0.0001,0.1,0.545176536002224
GAT_Optimised,1,1,128,64,0.0001,0.2,0.5433694745621351
GAT_Optimised,1,1,128,64,0.0001,0.3,0.5442035029190992
GAT_Optimised,1,1,128,64,0.0001,0.4,0.5529608006672228
GAT_Optimised,1,1,128,64,0.0001,0.5,0.552821795941062
GAT_Optimised,1,1,128,64,1e-05,0.1,0.42938559911036983
GAT_Optimised,1,1,128,64,1e-05,0.2,0.42966360856269115
GAT_Optimised,1,1,128,64,1e-05,0.3,0.43008062274117326
GAT_Optimised,1,1,128,64,1e-05,0.4,0.4299416180150125
GAT_Optimised,1,1,128,64,1e-05,0.5,0.4296636085626911
GAT_Optimised,1,1,128,128,0.001,0.1,0.5497636919655269
GAT_Optimised,1,1,128,128,0.001,0.2,0.550597720322491
GAT_Optimised,1,1,128,128,0.001,0.3,0.5480956352515985
GAT_Optimised,1,1,128,128,0.001,0.4,0.5483736447039199
GAT_Optimised,1,1,128,128,0.001,0.5,0.5501807061440089
GAT_Optimised,1,1,128,128,0.0001,0.1,0.6018904642757855
GAT_Optimised,1,1,128,128,0.0001,0.2,0.6027244926327496
GAT_Optimised,1,1,128,128,0.0001,0.3,0.6021684737281069
GAT_Optimised,1,1,128,128,0.0001,0.4,0.6014734500973034
GAT_Optimised,1,1,128,128,0.0001,0.5,0.6030025020850709
GAT_Optimised,1,1,128,128,1e-05,0.1,0.5710314150681124
GAT_Optimised,1,1,128,128,1e-05,0.2,0.5710314150681124
GAT_Optimised,1,1,128,128,1e-05,0.3,0.5715874339727551
GAT_Optimised,1,1,128,128,1e-05,0.4,0.571170419794273
GAT_Optimised,1,1,128,128,1e-05,0.5,0.5710314150681123
GAT_Optimised,1,1,128,256,0.001,0.1,0.5763135946622185
GAT_Optimised,1,1,128,256,0.001,0.2,0.5772866277453433
GAT_Optimised,1,1,128,256,0.001,0.3,0.5775646371976647
GAT_Optimised,1,1,128,256,0.001,0.4,0.5777036419238255
GAT_Optimised,1,1,128,256,0.001,0.5,0.5701973867111482
GAT_Optimised,1,1,128,256,0.0001,0.1,0.5829858215179317
GAT_Optimised,1,1,128,256,0.0001,0.2,0.5822907978871281
GAT_Optimised,1,1,128,256,0.0001,0.3,0.5831248262440923
GAT_Optimised,1,1,128,256,0.0001,0.4,0.5753405615790937
GAT_Optimised,1,1,128,256,0.0001,0.5,0.5835418404225743
GAT_Optimised,1,1,128,256,1e-05,0.1,0.5847928829580206
GAT_Optimised,1,1,128,256,1e-05,0.2,0.5840978593272171
GAT_Optimised,1,1,128,256,1e-05,0.3,0.5842368640533778
GAT_Optimised,1,1,128,256,1e-05,0.4,0.5845148735056992
GAT_Optimised,1,1,128,256,1e-05,0.5,0.5852098971365026
GAT_Optimised,1,2,32,64,0.001,0.1,0.5995715865118849
GAT_Optimised,1,2,32,64,0.001,0.2,0.5909342177998895
GAT_Optimised,1,2,32,64,0.001,0.3,0.5939745715865118
GAT_Optimised,1,2,32,64,0.001,0.4,0.5833333333333333
GAT_Optimised,1,2,32,64,0.001,0.5,0.5880320619126589
GAT_Optimised,1,2,32,64,0.0001,0.1,0.5827114427860696
GAT_Optimised,1,2,32,64,0.0001,0.2,0.5818131564400222
GAT_Optimised,1,2,32,64,0.0001,0.3,0.5797401879491432
GAT_Optimised,1,2,32,64,0.0001,0.4,0.5829187396351575
GAT_Optimised,1,2,32,64,0.0001,0.5,0.5836097291321172
GAT_Optimised,1,2,32,64,1e-05,0.1,0.435530679933665
GAT_Optimised,1,2,32,64,1e-05,0.2,0.4349087893864013
GAT_Optimised,1,2,32,64,1e-05,0.3,0.43421779988944165
GAT_Optimised,1,2,32,64,1e-05,0.4,0.43463239358761746
GAT_Optimised,1,2,32,64,1e-05,0.5,0.4332504145936982
GAT_Optimised,1,2,32,128,0.001,0.1,0.5744886677722498
GAT_Optimised,1,2,32,128,0.001,0.2,0.5613598673300165
GAT_Optimised,1,2,32,128,0.001,0.3,0.5762852404643449
GAT_Optimised,1,2,32,128,0.001,0.4,0.5864427860696518
GAT_Optimised,1,2,32,128,0.001,0.5,0.5877556661138752
GAT_Optimised,1,2,32,128,0.0001,0.1,0.5778745163073522
GAT_Optimised,1,2,32,128,0.0001,0.2,0.5785655058043118
GAT_Optimised,1,2,32,128,0.0001,0.3,0.5772526257600885
GAT_Optimised,1,2,32,128,0.0001,0.4,0.5772526257600884
GAT_Optimised,1,2,32,128,0.0001,0.5,0.5779436152570481
GAT_Optimised,1,2,32,128,1e-05,0.1,0.560530679933665
GAT_Optimised,1,2,32,128,1e-05,0.2,0.5601160862354891
GAT_Optimised,1,2,32,128,1e-05,0.3,0.5601160862354893
GAT_Optimised,1,2,32,128,1e-05,0.4,0.5581813156440022
GAT_Optimised,1,2,32,128,1e-05,0.5,0.5573521282476506
GAT_Optimised,1,2,32,256,0.001,0.1,0.5807766721945826
GAT_Optimised,1,2,32,256,0.001,0.2,0.5861663902708678
GAT_Optimised,1,2,32,256,0.001,0.3,0.583955223880597
GAT_Optimised,1,2,32,256,0.001,0.4,0.5785655058043118
GAT_Optimised,1,2,32,256,0.001,0.5,0.5876174682144831
GAT_Optimised,1,2,32,256,0.0001,0.1,0.5934908789386402
GAT_Optimised,1,2,32,256,0.0001,0.2,0.5961857379767828
GAT_Optimised,1,2,32,256,0.0001,0.3,0.5934217799889441
GAT_Optimised,1,2,32,256,0.0001,0.4,0.5901741293532339
GAT_Optimised,1,2,32,256,0.0001,0.5,0.5928689883913765
GAT_Optimised,1,2,32,256,1e-05,0.1,0.5843698175787728
GAT_Optimised,1,2,32,256,1e-05,0.2,0.5834715312327253
GAT_Optimised,1,2,32,256,1e-05,0.3,0.5848535102266446
GAT_Optimised,1,2,32,256,1e-05,0.4,0.5845080154781648
GAT_Optimised,1,2,32,256,1e-05,0.5,0.5848535102266446
GAT_Optimised,1,2,64,64,0.001,0.1,0.5867882808181315
GAT_Optimised,1,2,64,64,0.001,0.2,0.5878938640132669
GAT_Optimised,1,2,64,64,0.001,0.3,0.5878247650635711
GAT_Optimised,1,2,64,64,0.001,0.4,0.5876865671641791
GAT_Optimised,1,2,64,64,0.001,0.5,0.5884466556108348
GAT_Optimised,1,2,64,64,0.0001,0.1,0.5792564953012714
GAT_Optimised,1,2,64,64,0.0001,0.2,0.5787728026533996
GAT_Optimised,1,2,64,64,0.0001,0.3,0.5778745163073522
GAT_Optimised,1,2,64,64,0.0001,0.4,0.5773217247097845
GAT_Optimised,1,2,64,64,0.0001,0.5,0.5715174129353233
GAT_Optimised,1,2,64,64,1e-05,0.1,0.4206744057490326
GAT_Optimised,1,2,64,64,1e-05,0.2,0.41915422885572134
GAT_Optimised,1,2,64,64,1e-05,0.3,0.42205638474295193
GAT_Optimised,1,2,64,64,1e-05,0.4,0.42143449419568824
GAT_Optimised,1,2,64,64,1e-05,0.5,0.4221254836926479
GAT_Optimised,1,2,64,128,0.001,0.1,0.5671641791044777
GAT_Optimised,1,2,64,128,0.001,0.2,0.5708955223880596
GAT_Optimised,1,2,64,128,0.001,0.3,0.5739358761746822
GAT_Optimised,1,2,64,128,0.001,0.4,0.5765616362631287
GAT_Optimised,1,2,64,128,0.001,0.5,0.5777363184079601
GAT_Optimised,1,2,64,128,0.0001,0.1,0.5815367606412383
GAT_Optimised,1,2,64,128,0.0001,0.2,0.5816749585406302
GAT_Optimised,1,2,64,128,0.0001,0.3,0.5818131564400221
GAT_Optimised,1,2,64,128,0.0001,0.4,0.5805693753454947
GAT_Optimised,1,2,64,128,0.0001,0.5,0.5806384742951908
GAT_Optimised,1,2,64,128,1e-05,0.1,0.5183112216694306
GAT_Optimised,1,2,64,128,1e-05,0.2,0.5187258153676064
GAT_Optimised,1,2,64,128,1e-05,0.3,0.51934770591487
GAT_Optimised,1,2,64,128,1e-05,0.4,0.5182421227197347
GAT_Optimised,1,2,64,128,1e-05,0.5,0.5185185185185185
GAT_Optimised,1,2,64,256,0.001,0.1,0.5980514096185737
GAT_Optimised,1,2,64,256,0.001,0.2,0.5959093421779988
GAT_Optimised,1,2,64,256,0.001,0.3,0.59383637368712
GAT_Optimised,1,2,64,256,0.001,0.4,0.5890685461580984
GAT_Optimised,1,2,64,256,0.001,0.5,0.5877556661138751
GAT_Optimised,1,2,64,256,0.0001,0.1,0.5906578220011055
GAT_Optimised,1,2,64,256,0.0001,0.2,0.591694306246545
GAT_Optimised,1,2,64,256,0.0001,0.3,0.5914870093974571
GAT_Optimised,1,2,64,256,0.0001,0.4,0.5902432283029299
GAT_Optimised,1,2,64,256,0.0001,0.5,0.591487009397457
GAT_Optimised,1,2,64,256,1e-05,0.1,0.584300718629077
GAT_Optimised,1,2,64,256,1e-05,0.2,0.5844389165284688
GAT_Optimised,1,2,64,256,1e-05,0.3,0.5842316196793809
GAT_Optimised,1,2,64,256,1e-05,0.4,0.5845771144278608
GAT_Optimised,1,2,64,256,1e-05,0.5,0.5839552238805971
GAT_Optimised,1,2,128,64,0.001,0.1,0.5855444997236041
GAT_Optimised,1,2,128,64,0.001,0.2,0.586028192371476
GAT_Optimised,1,2,128,64,0.001,0.3,0.5804311774461028
GAT_Optimised,1,2,128,64,0.001,0.4,0.5791873963515755
GAT_Optimised,1,2,128,64,0.001,0.5,0.5844389165284688
GAT_Optimised,1,2,128,64,0.0001,0.1,0.5298507462686566
GAT_Optimised,1,2,128,64,0.0001,0.2,0.5237700386954118
GAT_Optimised,1,2,128,64,0.0001,0.3,0.5212824765063572
GAT_Optimised,1,2,128,64,0.0001,0.4,0.5205914870093975
GAT_Optimised,1,2,128,64,0.0001,0.5,0.4866639027086789
GAT_Optimised,1,2,128,64,1e-05,0.1,0.41383360972913213
GAT_Optimised,1,2,128,64,1e-05,0.2,0.41376451077943616
GAT_Optimised,1,2,128,64,1e-05,0.3,0.4138336097291321
GAT_Optimised,1,2,128,64,1e-05,0.4,0.41404090657821996
GAT_Optimised,1,2,128,64,1e-05,0.5,0.41397180762852404
GAT_Optimised,1,2,128,128,0.001,0.1,0.5751796572692096
GAT_Optimised,1,2,128,128,0.001,0.2,0.5754560530679933
GAT_Optimised,1,2,128,128,0.001,0.3,0.5784273079049198
GAT_Optimised,1,2,128,128,0.001,0.4,0.5772526257600884
GAT_Optimised,1,2,128,128,0.001,0.5,0.5778054173576561
GAT_Optimised,1,2,128,128,0.0001,0.1,0.5822968490878938
GAT_Optimised,1,2,128,128,0.0001,0.2,0.5813985627418463
GAT_Optimised,1,2,128,128,0.0001,0.3,0.5819513543394139
GAT_Optimised,1,2,128,128,0.0001,0.4,0.5811221669430624
GAT_Optimised,1,2,128,128,0.0001,0.5,0.5797401879491432
GAT_Optimised,1,2,128,128,1e-05,0.1,0.4852128247650636
GAT_Optimised,1,2,128,128,1e-05,0.2,0.48493642896627975
GAT_Optimised,1,2,128,128,1e-05,0.3,0.48576561636263127
GAT_Optimised,1,2,128,128,1e-05,0.4,0.4854892205638474
GAT_Optimised,1,2,128,128,1e-05,0.5,0.4850055279159757
GAT_Optimised,1,2,128,256,0.001,0.1,0.5994333886124932
GAT_Optimised,1,2,128,256,0.001,0.2,0.5998479823106688
GAT_Optimised,1,2,128,256,0.001,0.3,0.599640685461581
GAT_Optimised,1,2,128,256,0.001,0.4,0.5974295190713101
GAT_Optimised,1,2,128,256,0.001,0.5,0.5957711442786069
GAT_Optimised,1,2,128,256,0.0001,0.1,0.5874101713653952
GAT_Optimised,1,2,128,256,0.0001,0.2,0.5863736871199557
GAT_Optimised,1,2,128,256,0.0001,0.3,0.5864427860696517
GAT_Optimised,1,2,128,256,0.0001,0.4,0.5863736871199559
GAT_Optimised,1,2,128,256,0.0001,0.5,0.5857517965726922
GAT_Optimised,1,2,128,256,1e-05,0.1,0.5816749585406302
GAT_Optimised,1,2,128,256,1e-05,0.2,0.581813156440022
GAT_Optimised,1,2,128,256,1e-05,0.3,0.5815367606412384
GAT_Optimised,1,2,128,256,1e-05,0.4,0.5805002763957988
GAT_Optimised,1,2,128,256,1e-05,0.5,0.5787728026533996
GAT_Optimised,1,3,32,64,0.001,0.1,0.6593421779988943
GAT_Optimised,1,3,32,64,0.001,0.2,0.6604477611940298
GAT_Optimised,1,3,32,64,0.001,0.3,0.6603095632946379
GAT_Optimised,1,3,32,64,0.001,0.4,0.6592039800995024
GAT_Optimised,1,3,32,64,0.001,0.5,0.6610005527915975
GAT_Optimised,1,3,32,64,0.0001,0.1,0.6474571586511885
GAT_Optimised,1,3,32,64,0.0001,0.2,0.6471807628524047
GAT_Optimised,1,3,32,64,0.0001,0.3,0.6462133775566612
GAT_Optimised,1,3,32,64,0.0001,0.4,0.640547263681592
GAT_Optimised,1,3,32,64,0.0001,0.5,0.6377833056937534
GAT_Optimised,1,3,32,64,1e-05,0.1,0.410171365395246
GAT_Optimised,1,3,32,64,1e-05,0.2,0.41058595909342177
GAT_Optimised,1,3,32,64,1e-05,0.3,0.41044776119402987
GAT_Optimised,1,3,32,64,1e-05,0.4,0.4105859590934218
GAT_Optimised,1,3,32,64,1e-05,0.5,0.4110005527915976
GAT_Optimised,1,3,32,128,0.001,0.1,0.6042012161415147
GAT_Optimised,1,3,32,128,0.001,0.2,0.6105583195135433
GAT_Optimised,1,3,32,128,0.001,0.3,0.6019900497512438
GAT_Optimised,1,3,32,128,0.001,0.4,0.6068269762299613
GAT_Optimised,1,3,32,128,0.001,0.5,0.5903814262023217
GAT_Optimised,1,3,32,128,0.0001,0.1,0.6300442233278053
GAT_Optimised,1,3,32,128,0.0001,0.2,0.6301824212271974
GAT_Optimised,1,3,32,128,0.0001,0.3,0.6322553897180763
GAT_Optimised,1,3,32,128,0.0001,0.4,0.6315644002211166
GAT_Optimised,1,3,32,128,0.0001,0.5,0.6307352128247651
GAT_Optimised,1,3,32,128,1e-05,0.1,0.5751796572692094
GAT_Optimised,1,3,32,128,1e-05,0.2,0.5744886677722498
GAT_Optimised,1,3,32,128,1e-05,0.3,0.5737976782752903
GAT_Optimised,1,3,32,128,1e-05,0.4,0.5740740740740741
GAT_Optimised,1,3,32,128,1e-05,0.5,0.5747650635710337
GAT_Optimised,1,3,32,256,0.001,0.1,0.6381978993919293
GAT_Optimised,1,3,32,256,0.001,0.2,0.6560254284134881
GAT_Optimised,1,3,32,256,0.001,0.3,0.6391652846876729
GAT_Optimised,1,3,32,256,0.001,0.4,0.5978441127694859
GAT_Optimised,1,3,32,256,0.001,0.5,0.6542288557213931
GAT_Optimised,1,3,32,256,0.0001,0.1,0.6593421779988944
GAT_Optimised,1,3,32,256,0.0001,0.2,0.6592039800995024
GAT_Optimised,1,3,32,256,0.0001,0.3,0.6572692095080155
GAT_Optimised,1,3,32,256,0.0001,0.4,0.657960199004975
GAT_Optimised,1,3,32,256,0.0001,0.5,0.6597567716970701
GAT_Optimised,1,3,32,256,1e-05,0.1,0.6546434494195689
GAT_Optimised,1,3,32,256,1e-05,0.2,0.6545052515201769
GAT_Optimised,1,3,32,256,1e-05,0.3,0.6539524599226091
GAT_Optimised,1,3,32,256,1e-05,0.4,0.6542288557213931
GAT_Optimised,1,3,32,256,1e-05,0.5,0.6540906578220012
GAT_Optimised,1,3,64,64,0.001,0.1,0.6605859590934219
GAT_Optimised,1,3,64,64,0.001,0.2,0.6665284687672749
GAT_Optimised,1,3,64,64,0.001,0.3,0.6643173023770038
GAT_Optimised,1,3,64,64,0.001,0.4,0.6645936981757876
GAT_Optimised,1,3,64,64,0.001,0.5,0.6648700939745715
GAT_Optimised,1,3,64,64,0.0001,0.1,0.6174682144831399
GAT_Optimised,1,3,64,64,0.0001,0.2,0.6166390270867883
GAT_Optimised,1,3,64,64,0.0001,0.3,0.6155334438916529
GAT_Optimised,1,3,64,64,0.0001,0.4,0.6160862354892205
GAT_Optimised,1,3,64,64,0.0001,0.5,0.622719734660033
GAT_Optimised,1,3,64,64,1e-05,0.1,0.39441680486456604
GAT_Optimised,1,3,64,64,1e-05,0.2,0.39427860696517414
GAT_Optimised,1,3,64,64,1e-05,0.3,0.39455500276395794
GAT_Optimised,1,3,64,64,1e-05,0.4,0.3946932006633499
GAT_Optimised,1,3,64,64,1e-05,0.5,0.3959369817578773
GAT_Optimised,1,3,64,128,0.001,0.1,0.6270038695411829
GAT_Optimised,1,3,64,128,0.001,0.2,0.626589275843007
GAT_Optimised,1,3,64,128,0.001,0.3,0.6220287451630734
GAT_Optimised,1,3,64,128,0.001,0.4,0.6227197346600332
GAT_Optimised,1,3,64,128,0.001,0.5,0.6257600884466556
GAT_Optimised,1,3,64,128,0.0001,0.1,0.6235489220563847
GAT_Optimised,1,3,64,128,0.0001,0.2,0.6245163073521283
GAT_Optimised,1,3,64,128,0.0001,0.3,0.6252072968490879
GAT_Optimised,1,3,64,128,0.0001,0.4,0.6296296296296295
GAT_Optimised,1,3,64,128,0.0001,0.5,0.6299060254284135
GAT_Optimised,1,3,64,128,1e-05,0.1,0.5425649530127142
GAT_Optimised,1,3,64,128,1e-05,0.2,0.5428413488114981
GAT_Optimised,1,3,64,128,1e-05,0.3,0.5424267551133222
GAT_Optimised,1,3,64,128,1e-05,0.4,0.5425649530127141
GAT_Optimised,1,3,64,128,1e-05,0.5,0.543117744610282
GAT_Optimised,1,3,64,256,0.001,0.1,0.6496683250414594
GAT_Optimised,1,3,64,256,0.001,0.2,0.6357103372028745
GAT_Optimised,1,3,64,256,0.001,0.3,0.6496683250414594
GAT_Optimised,1,3,64,256,0.001,0.4,0.6485627418463239
GAT_Optimised,1,3,64,256,0.001,0.5,0.6571310116086235
GAT_Optimised,1,3,64,256,0.0001,0.1,0.6580983969043671
GAT_Optimised,1,3,64,256,0.0001,0.2,0.6585129906025429
GAT_Optimised,1,3,64,256,0.0001,0.3,0.6597567716970703
GAT_Optimised,1,3,64,256,0.0001,0.4,0.6590657822001106
GAT_Optimised,1,3,64,256,0.0001,0.5,0.6594803758982863
GAT_Optimised,1,3,64,256,1e-05,0.1,0.6474571586511886
GAT_Optimised,1,3,64,256,1e-05,0.2,0.6477335544499724
GAT_Optimised,1,3,64,256,1e-05,0.3,0.6473189607517966
GAT_Optimised,1,3,64,256,1e-05,0.4,0.6460751796572692
GAT_Optimised,1,3,64,256,1e-05,0.5,0.6459369817578774
GAT_Optimised,1,3,128,64,0.001,0.1,0.6650082918739635
GAT_Optimised,1,3,128,64,0.001,0.2,0.662244333886125
GAT_Optimised,1,3,128,64,0.001,0.3,0.6636263128800443
GAT_Optimised,1,3,128,64,0.001,0.4,0.6623825317855169
GAT_Optimised,1,3,128,64,0.001,0.5,0.6614151464897733
GAT_Optimised,1,3,128,64,0.0001,0.1,0.5257048092868988
GAT_Optimised,1,3,128,64,0.0001,0.2,0.5255666113875068
GAT_Optimised,1,3,128,64,0.0001,0.3,0.5243228302929794
GAT_Optimised,1,3,128,64,0.0001,0.4,0.5211442786069651
GAT_Optimised,1,3,128,64,0.0001,0.5,0.5164455500276396
GAT_Optimised,1,3,128,64,1e-05,0.1,0.38114980652294084
GAT_Optimised,1,3,128,64,1e-05,0.2,0.3810116086235489
GAT_Optimised,1,3,128,64,1e-05,0.3,0.3810116086235489
GAT_Optimised,1,3,128,64,1e-05,0.4,0.38087341072415704
GAT_Optimised,1,3,128,64,1e-05,0.5,0.38114980652294084
GAT_Optimised,1,3,128,128,0.001,0.1,0.6390270867882809
GAT_Optimised,1,3,128,128,0.001,0.2,0.6433112216694307
GAT_Optimised,1,3,128,128,0.001,0.3,0.6422056384742952
GAT_Optimised,1,3,128,128,0.001,0.4,0.6386124930901051
GAT_Optimised,1,3,128,128,0.001,0.5,0.6415146489773355
GAT_Optimised,1,3,128,128,0.0001,0.1,0.62106135986733
GAT_Optimised,1,3,128,128,0.0001,0.2,0.6206467661691543
GAT_Optimised,1,3,128,128,0.0001,0.3,0.6207849640685462
GAT_Optimised,1,3,128,128,0.0001,0.4,0.6187119955776673
GAT_Optimised,1,3,128,128,0.0001,0.5,0.615257048092869
GAT_Optimised,1,3,128,128,1e-05,0.1,0.5233554449972361
GAT_Optimised,1,3,128,128,1e-05,0.2,0.5229408512990603
GAT_Optimised,1,3,128,128,1e-05,0.3,0.5232172470978441
GAT_Optimised,1,3,128,128,1e-05,0.4,0.5229408512990603
GAT_Optimised,1,3,128,128,1e-05,0.5,0.5223880597014925
GAT_Optimised,1,3,128,256,0.001,0.1,0.658098396904367
GAT_Optimised,1,3,128,256,0.001,0.2,0.6569928137092317
GAT_Optimised,1,3,128,256,0.001,0.3,0.6568546158098396
GAT_Optimised,1,3,128,256,0.001,0.4,0.6528468767274738
GAT_Optimised,1,3,128,256,0.001,0.5,0.6554726368159203
GAT_Optimised,1,3,128,256,0.0001,0.1,0.6574074074074073
GAT_Optimised,1,3,128,256,0.0001,0.2,0.6575456053067993
GAT_Optimised,1,3,128,256,0.0001,0.3,0.6586511885019349
GAT_Optimised,1,3,128,256,0.0001,0.4,0.6585129906025429
GAT_Optimised,1,3,128,256,0.0001,0.5,0.656440022111664
GAT_Optimised,1,3,128,256,1e-05,0.1,0.6390270867882808
GAT_Optimised,1,3,128,256,1e-05,0.2,0.638888888888889
GAT_Optimised,1,3,128,256,1e-05,0.3,0.6398562741846324
GAT_Optimised,1,3,128,256,1e-05,0.4,0.6397180762852405
GAT_Optimised,1,3,128,256,1e-05,0.5,0.6397180762852405
GAT_Optimised,1,4,32,64,0.001,0.1,0.6420674405749032
GAT_Optimised,1,4,32,64,0.001,0.2,0.638612493090105
GAT_Optimised,1,4,32,64,0.001,0.3,0.6402708678828082
GAT_Optimised,1,4,32,64,0.001,0.4,0.6393034825870647
GAT_Optimised,1,4,32,64,0.001,0.5,0.6386124930901051
GAT_Optimised,1,4,32,64,0.0001,0.1,0.6127694859038142
GAT_Optimised,1,4,32,64,0.0001,0.2,0.6130458817025982
GAT_Optimised,1,4,32,64,0.0001,0.3,0.6131840796019901
GAT_Optimised,1,4,32,64,0.0001,0.4,0.61318407960199
GAT_Optimised,1,4,32,64,0.0001,0.5,0.607517965726921
GAT_Optimised,1,4,32,64,1e-05,0.1,0.4058181315644003
GAT_Optimised,1,4,32,64,1e-05,0.2,0.40436705362078496
GAT_Optimised,1,4,32,64,1e-05,0.3,0.4047816473189607
GAT_Optimised,1,4,32,64,1e-05,0.4,0.40395245992260914
GAT_Optimised,1,4,32,64,1e-05,0.5,0.40478164731896077
GAT_Optimised,1,4,32,128,0.001,0.1,0.6095909342177999
GAT_Optimised,1,4,32,128,0.001,0.2,0.6008844665561084
GAT_Optimised,1,4,32,128,0.001,0.3,0.6209231619679381
GAT_Optimised,1,4,32,128,0.001,0.4,0.6097291321171916
GAT_Optimised,1,4,32,128,0.001,0.5,0.6062741846323936
GAT_Optimised,1,4,32,128,0.0001,0.1,0.5833333333333334
GAT_Optimised,1,4,32,128,0.0001,0.2,0.5840243228302929
GAT_Optimised,1,4,32,128,0.0001,0.3,0.5840243228302929
GAT_Optimised,1,4,32,128,0.0001,0.4,0.5840243228302929
GAT_Optimised,1,4,32,128,0.0001,0.5,0.5815367606412382
GAT_Optimised,1,4,32,128,1e-05,0.1,0.4908789386401327
GAT_Optimised,1,4,32,128,1e-05,0.2,0.49074074074074076
GAT_Optimised,1,4,32,128,1e-05,0.3,0.49087893864013266
GAT_Optimised,1,4,32,128,1e-05,0.4,0.4896351575456053
GAT_Optimised,1,4,32,128,1e-05,0.5,0.49004975124378114
GAT_Optimised,1,4,32,256,0.001,0.1,0.6158098396904367
GAT_Optimised,1,4,32,256,0.001,0.2,0.6587893864013267
GAT_Optimised,1,4,32,256,0.001,0.3,0.648424543946932
GAT_Optimised,1,4,32,256,0.001,0.4,0.6528468767274738
GAT_Optimised,1,4,32,256,0.001,0.5,0.6488391376451077
GAT_Optimised,1,4,32,256,0.0001,0.1,0.634742951907131
GAT_Optimised,1,4,32,256,0.0001,0.2,0.6354339414040907
GAT_Optimised,1,4,32,256,0.0001,0.3,0.6332227750138198
GAT_Optimised,1,4,32,256,0.0001,0.4,0.6332227750138197
GAT_Optimised,1,4,32,256,0.0001,0.5,0.6333609729132117
GAT_Optimised,1,4,32,256,1e-05,0.1,0.6314262023217247
GAT_Optimised,1,4,32,256,1e-05,0.2,0.6318407960199005
GAT_Optimised,1,4,32,256,1e-05,0.3,0.632669983416252
GAT_Optimised,1,4,32,256,1e-05,0.4,0.6323935876174681
GAT_Optimised,1,4,32,256,1e-05,0.5,0.6326699834162521
GAT_Optimised,1,4,64,64,0.001,0.1,0.6364013266998341
GAT_Optimised,1,4,64,64,0.001,0.2,0.6409618573797677
GAT_Optimised,1,4,64,64,0.001,0.3,0.6409618573797677
GAT_Optimised,1,4,64,64,0.001,0.4,0.6375069098949695
GAT_Optimised,1,4,64,64,0.001,0.5,0.6379215035931454
GAT_Optimised,1,4,64,64,0.0001,0.1,0.5934217799889442
GAT_Optimised,1,4,64,64,0.0001,0.2,0.5927307904919845
GAT_Optimised,1,4,64,64,0.0001,0.3,0.5878938640132669
GAT_Optimised,1,4,64,64,0.0001,0.4,0.5909342177998894
GAT_Optimised,1,4,64,64,0.0001,0.5,0.5876174682144832
GAT_Optimised,1,4,64,64,1e-05,0.1,0.38985627418463237
GAT_Optimised,1,4,64,64,1e-05,0.2,0.38957987838584845
GAT_Optimised,1,4,64,64,1e-05,0.3,0.3902708678828082
GAT_Optimised,1,4,64,64,1e-05,0.4,0.3899944720840243
GAT_Optimised,1,4,64,64,1e-05,0.5,0.3899944720840244
GAT_Optimised,1,4,64,128,0.001,0.1,0.6030956329463791
GAT_Optimised,1,4,64,128,0.001,0.2,0.599778883360973
GAT_Optimised,1,4,64,128,0.001,0.3,0.6001934770591486
GAT_Optimised,1,4,64,128,0.001,0.4,0.5974295190713101
GAT_Optimised,1,4,64,128,0.001,0.5,0.6006080707573245
GAT_Optimised,1,4,64,128,0.0001,0.1,0.5776672194582643
GAT_Optimised,1,4,64,128,0.0001,0.2,0.5790491984521835
GAT_Optimised,1,4,64,128,0.0001,0.3,0.5791873963515755
GAT_Optimised,1,4,64,128,0.0001,0.4,0.5779436152570481
GAT_Optimised,1,4,64,128,0.0001,0.5,0.578220011055832
GAT_Optimised,1,4,64,128,1e-05,0.1,0.4720840243228303
GAT_Optimised,1,4,64,128,1e-05,0.2,0.4715312327252626
GAT_Optimised,1,4,64,128,1e-05,0.3,0.4709784411276949
GAT_Optimised,1,4,64,128,1e-05,0.4,0.4708402432283029
GAT_Optimised,1,4,64,128,1e-05,0.5,0.4698728579325594
GAT_Optimised,1,4,64,256,0.001,0.1,0.6375069098949695
GAT_Optimised,1,4,64,256,0.001,0.2,0.6462133775566611
GAT_Optimised,1,4,64,256,0.001,0.3,0.6470425649530127
GAT_Optimised,1,4,64,256,0.001,0.4,0.6408236594803758
GAT_Optimised,1,4,64,256,0.001,0.5,0.6437258153676064
GAT_Optimised,1,4,64,256,0.0001,0.1,0.6325317855168602
GAT_Optimised,1,4,64,256,0.0001,0.2,0.634881149806523
GAT_Optimised,1,4,64,256,0.0001,0.3,0.6344665561083472
GAT_Optimised,1,4,64,256,0.0001,0.4,0.6318407960199004
GAT_Optimised,1,4,64,256,0.0001,0.5,0.630458817025981
GAT_Optimised,1,4,64,256,1e-05,0.1,0.630735212824765
GAT_Optimised,1,4,64,256,1e-05,0.2,0.6304588170259812
GAT_Optimised,1,4,64,256,1e-05,0.3,0.6304588170259812
GAT_Optimised,1,4,64,256,1e-05,0.4,0.6304588170259812
GAT_Optimised,1,4,64,256,1e-05,0.5,0.6311498065229408
GAT_Optimised,1,4,128,64,0.001,0.1,0.6236871199557767
GAT_Optimised,1,4,128,64,0.001,0.2,0.6235489220563848
GAT_Optimised,1,4,128,64,0.001,0.3,0.6265892758430072
GAT_Optimised,1,4,128,64,0.001,0.4,0.6263128800442235
GAT_Optimised,1,4,128,64,0.001,0.5,0.6304588170259813
GAT_Optimised,1,4,128,64,0.0001,0.1,0.5185185185185186
GAT_Optimised,1,4,128,64,0.0001,0.2,0.5174129353233831
GAT_Optimised,1,4,128,64,0.0001,0.3,0.5149253731343284
GAT_Optimised,1,4,128,64,0.0001,0.4,0.5111940298507464
GAT_Optimised,1,4,128,64,0.0001,0.5,0.5048369264787176
GAT_Optimised,1,4,128,64,1e-05,0.1,0.38004422332780546
GAT_Optimised,1,4,128,64,1e-05,0.2,0.38004422332780546
GAT_Optimised,1,4,128,64,1e-05,0.3,0.37990602542841345
GAT_Optimised,1,4,128,64,1e-05,0.4,0.37990602542841345
GAT_Optimised,1,4,128,64,1e-05,0.5,0.3800442233278054
GAT_Optimised,1,4,128,128,0.001,0.1,0.5977059148700941
GAT_Optimised,1,4,128,128,0.001,0.2,0.5972913211719182
GAT_Optimised,1,4,128,128,0.001,0.3,0.599502487562189
GAT_Optimised,1,4,128,128,0.001,0.4,0.6003316749585407
GAT_Optimised,1,4,128,128,0.001,0.5,0.6008844665561083
GAT_Optimised,1,4,128,128,0.0001,0.1,0.5602542841348811
GAT_Optimised,1,4,128,128,0.0001,0.2,0.560530679933665
GAT_Optimised,1,4,128,128,0.0001,0.3,0.5588723051409619
GAT_Optimised,1,4,128,128,0.0001,0.4,0.5580431177446102
GAT_Optimised,1,4,128,128,0.0001,0.5,0.5583195135433942
GAT_Optimised,1,4,128,128,1e-05,0.1,0.4601990049751244
GAT_Optimised,1,4,128,128,1e-05,0.2,0.46006080707573244
GAT_Optimised,1,4,128,128,1e-05,0.3,0.4599226091763405
GAT_Optimised,1,4,128,128,1e-05,0.4,0.46006080707573244
GAT_Optimised,1,4,128,128,1e-05,0.5,0.46006080707573244
GAT_Optimised,1,4,128,256,0.001,0.1,0.6409618573797679
GAT_Optimised,1,4,128,256,0.001,0.2,0.6442786069651741
GAT_Optimised,1,4,128,256,0.001,0.3,0.644278606965174
GAT_Optimised,1,4,128,256,0.001,0.4,0.6390270867882807
GAT_Optimised,1,4,128,256,0.001,0.5,0.6419292426755113
GAT_Optimised,1,4,128,256,0.0001,0.1,0.6281094527363184
GAT_Optimised,1,4,128,256,0.0001,0.2,0.62893864013267
GAT_Optimised,1,4,128,256,0.0001,0.3,0.6253454947484798
GAT_Optimised,1,4,128,256,0.0001,0.4,0.6274184632393587
GAT_Optimised,1,4,128,256,0.0001,0.5,0.6279712548369265
GAT_Optimised,1,4,128,256,1e-05,0.1,0.6245163073521283
GAT_Optimised,1,4,128,256,1e-05,0.2,0.6245163073521283
GAT_Optimised,1,4,128,256,1e-05,0.3,0.6243781094527364
GAT_Optimised,1,4,128,256,1e-05,0.4,0.6257600884466556
GAT_Optimised,1,4,128,256,1e-05,0.5,0.6254836926478718
GAT_Optimised,2,0,32,64,0.001,0.1,0.6192660550458716
GAT_Optimised,2,0,32,64,0.001,0.2,0.6167639699749792
GAT_Optimised,2,0,32,64,0.001,0.3,0.6123158187378371
GAT_Optimised,2,0,32,64,0.001,0.4,0.6198220739505143
GAT_Optimised,2,0,32,64,0.001,0.5,0.615512927439533
GAT_Optimised,2,0,32,64,0.0001,0.1,0.597581317764804
GAT_Optimised,2,0,32,64,0.0001,0.2,0.5978593272171254
GAT_Optimised,2,0,32,64,0.0001,0.3,0.5996663886572143
GAT_Optimised,2,0,32,64,0.0001,0.4,0.5978593272171254
GAT_Optimised,2,0,32,64,0.0001,0.5,0.6003614122880179
GAT_Optimised,2,0,32,64,1e-05,0.1,0.4238254100639422
GAT_Optimised,2,0,32,64,1e-05,0.2,0.41826522101751457
GAT_Optimised,2,0,32,64,1e-05,0.3,0.4245204336947456
GAT_Optimised,2,0,32,64,1e-05,0.4,0.42340839588546014
GAT_Optimised,2,0,32,64,1e-05,0.5,0.4278565471226021
GAT_Optimised,2,0,32,128,0.001,0.1,0.6148179038087296
GAT_Optimised,2,0,32,128,0.001,0.2,0.6117597998331944
GAT_Optimised,2,0,32,128,0.001,0.3,0.6128718376424799
GAT_Optimised,2,0,32,128,0.001,0.4,0.6164859605226578
GAT_Optimised,2,0,32,128,0.001,0.5,0.6100917431192662
GAT_Optimised,2,0,32,128,0.0001,0.1,0.6050875729774813
GAT_Optimised,2,0,32,128,0.0001,0.2,0.6028634973589103
GAT_Optimised,2,0,32,128,0.0001,0.3,0.6042535446205171
GAT_Optimised,2,0,32,128,0.0001,0.4,0.6034195162635531
GAT_Optimised,2,0,32,128,0.0001,0.5,0.602585487906589
GAT_Optimised,2,0,32,128,1e-05,0.1,0.5610230747845426
GAT_Optimised,2,0,32,128,1e-05,0.2,0.5621351125938283
GAT_Optimised,2,0,32,128,1e-05,0.3,0.5607450653322213
GAT_Optimised,2,0,32,128,1e-05,0.4,0.5606060606060607
GAT_Optimised,2,0,32,128,1e-05,0.5,0.5613010842368642
GAT_Optimised,2,0,32,256,0.001,0.1,0.6120378092855158
GAT_Optimised,2,0,32,256,0.001,0.2,0.5945232137892689
GAT_Optimised,2,0,32,256,0.001,0.3,0.6027244926327495
GAT_Optimised,2,0,32,256,0.001,0.4,0.6110647762023909
GAT_Optimised,2,0,32,256,0.001,0.5,0.6018904642757854
GAT_Optimised,2,0,32,256,0.0001,0.1,0.6184320266889074
GAT_Optimised,2,0,32,256,0.0001,0.2,0.6206561023074784
GAT_Optimised,2,0,32,256,0.0001,0.3,0.6206561023074785
GAT_Optimised,2,0,32,256,0.0001,0.4,0.619544064498193
GAT_Optimised,2,0,32,256,0.0001,0.5,0.6198220739505143
GAT_Optimised,2,0,32,256,1e-05,0.1,0.6257992771754239
GAT_Optimised,2,0,32,256,1e-05,0.2,0.6256602724492633
GAT_Optimised,2,0,32,256,1e-05,0.3,0.6260772866277454
GAT_Optimised,2,0,32,256,1e-05,0.4,0.6257992771754239
GAT_Optimised,2,0,32,256,1e-05,0.5,0.6264943008062275
GAT_Optimised,2,0,64,64,0.001,0.1,0.6145398943564082
GAT_Optimised,2,0,64,64,0.001,0.2,0.6242702251876565
GAT_Optimised,2,0,64,64,0.001,0.3,0.6245482346399778
GAT_Optimised,2,0,64,64,0.001,0.4,0.6255212677231027
GAT_Optimised,2,0,64,64,0.001,0.5,0.6132888518209618
GAT_Optimised,2,0,64,64,0.0001,0.1,0.5910480956352516
GAT_Optimised,2,0,64,64,0.0001,0.2,0.5900750625521267
GAT_Optimised,2,0,64,64,0.0001,0.3,0.5902140672782874
GAT_Optimised,2,0,64,64,0.0001,0.4,0.5891020294690019
GAT_Optimised,2,0,64,64,0.0001,0.5,0.5811787600778426
GAT_Optimised,2,0,64,64,1e-05,0.1,0.4036697247706422
GAT_Optimised,2,0,64,64,1e-05,0.2,0.40325271059216017
GAT_Optimised,2,0,64,64,1e-05,0.3,0.4036697247706422
GAT_Optimised,2,0,64,64,1e-05,0.4,0.40353072004448154
GAT_Optimised,2,0,64,64,1e-05,0.5,0.40325271059216017
GAT_Optimised,2,0,64,128,0.001,0.1,0.6087016958576592
GAT_Optimised,2,0,64,128,0.001,0.2,0.6130108423686406
GAT_Optimised,2,0,64,128,0.001,0.3,0.6100917431192661
GAT_Optimised,2,0,64,128,0.001,0.4,0.6103697525715874
GAT_Optimised,2,0,64,128,0.001,0.5,0.6148179038087296
GAT_Optimised,2,0,64,128,0.0001,0.1,0.6043925493466779
GAT_Optimised,2,0,64,128,0.0001,0.2,0.6042535446205172
GAT_Optimised,2,0,64,128,0.0001,0.3,0.603836530442035
GAT_Optimised,2,0,64,128,0.0001,0.4,0.6042535446205171
GAT_Optimised,2,0,64,128,0.0001,0.5,0.6045315540728385
GAT_Optimised,2,0,64,128,1e-05,0.1,0.5451765360022242
GAT_Optimised,2,0,64,128,1e-05,0.2,0.545176536002224
GAT_Optimised,2,0,64,128,1e-05,0.3,0.5453155407283847
GAT_Optimised,2,0,64,128,1e-05,0.4,0.5455935501807062
GAT_Optimised,2,0,64,128,1e-05,0.5,0.5454545454545454
GAT_Optimised,2,0,64,256,0.001,0.1,0.6027244926327495
GAT_Optimised,2,0,64,256,0.001,0.2,0.5952182374200723
GAT_Optimised,2,0,64,256,0.001,0.3,0.5991103697525716
GAT_Optimised,2,0,64,256,0.001,0.4,0.5974423130386433
GAT_Optimised,2,0,64,256,0.001,0.5,0.6087016958576592
GAT_Optimised,2,0,64,256,0.0001,0.1,0.6220461495690853
GAT_Optimised,2,0,64,256,0.0001,0.2,0.6237142062830137
GAT_Optimised,2,0,64,256,0.0001,0.3,0.6241312204614958
GAT_Optimised,2,0,64,256,0.0001,0.4,0.6224631637475675
GAT_Optimised,2,0,64,256,0.0001,0.5,0.6219071448429246
GAT_Optimised,2,0,64,256,1e-05,0.1,0.6291353906032806
GAT_Optimised,2,0,64,256,1e-05,0.2,0.6298304142340841
GAT_Optimised,2,0,64,256,1e-05,0.3,0.6295524047817626
GAT_Optimised,2,0,64,256,1e-05,0.4,0.6302474284125661
GAT_Optimised,2,0,64,256,1e-05,0.5,0.6302474284125661
GAT_Optimised,2,0,128,64,0.001,0.1,0.6067556296914095
GAT_Optimised,2,0,128,64,0.001,0.2,0.6130108423686406
GAT_Optimised,2,0,128,64,0.001,0.3,0.6075896580483737
GAT_Optimised,2,0,128,64,0.001,0.4,0.6071726438698916
GAT_Optimised,2,0,128,64,0.001,0.5,0.6103697525715874
GAT_Optimised,2,0,128,64,0.0001,0.1,0.552821795941062
GAT_Optimised,2,0,128,64,0.0001,0.2,0.5503197108701696
GAT_Optimised,2,0,128,64,0.0001,0.3,0.5499026966916876
GAT_Optimised,2,0,128,64,0.0001,0.4,0.5487906588824021
GAT_Optimised,2,0,128,64,0.0001,0.5,0.542535446205171
GAT_Optimised,2,0,128,64,1e-05,0.1,0.39532944120100083
GAT_Optimised,2,0,128,64,1e-05,0.2,0.3953294412010009
GAT_Optimised,2,0,128,64,1e-05,0.3,0.39532944120100083
GAT_Optimised,2,0,128,64,1e-05,0.4,0.39532944120100083
GAT_Optimised,2,0,128,64,1e-05,0.5,0.39463441757019735
GAT_Optimised,2,0,128,128,0.001,0.1,0.6078676675006951
GAT_Optimised,2,0,128,128,0.001,0.2,0.607867667500695
GAT_Optimised,2,0,128,128,0.001,0.3,0.6132888518209619
GAT_Optimised,2,0,128,128,0.001,0.4,0.6138448707256047
GAT_Optimised,2,0,128,128,0.001,0.5,0.6085626911314985
GAT_Optimised,2,0,128,128,0.0001,0.1,0.599388379204893
GAT_Optimised,2,0,128,128,0.0001,0.2,0.5989713650264109
GAT_Optimised,2,0,128,128,0.0001,0.3,0.5988323603002502
GAT_Optimised,2,0,128,128,0.0001,0.4,0.5988323603002502
GAT_Optimised,2,0,128,128,0.0001,0.5,0.5979983319432861
GAT_Optimised,2,0,128,128,1e-05,0.1,0.536697247706422
GAT_Optimised,2,0,128,128,1e-05,0.2,0.5373922713372254
GAT_Optimised,2,0,128,128,1e-05,0.3,0.5375312760633861
GAT_Optimised,2,0,128,128,1e-05,0.4,0.5368362524325826
GAT_Optimised,2,0,128,128,1e-05,0.5,0.5369752571587434
GAT_Optimised,2,0,128,256,0.001,0.1,0.5999443981095357
GAT_Optimised,2,0,128,256,0.001,0.2,0.6050875729774813
GAT_Optimised,2,0,128,256,0.001,0.3,0.6031415068112316
GAT_Optimised,2,0,128,256,0.001,0.4,0.6091187100361412
GAT_Optimised,2,0,128,256,0.001,0.5,0.6093967194884626
GAT_Optimised,2,0,128,256,0.0001,0.1,0.6205170975813177
GAT_Optimised,2,0,128,256,0.0001,0.2,0.6212121212121212
GAT_Optimised,2,0,128,256,0.0001,0.3,0.6203780928551571
GAT_Optimised,2,0,128,256,0.0001,0.4,0.6230191826522101
GAT_Optimised,2,0,128,256,0.0001,0.5,0.621768140116764
GAT_Optimised,2,0,128,256,1e-05,0.1,0.6328885182096192
GAT_Optimised,2,0,128,256,1e-05,0.2,0.6334445371142619
GAT_Optimised,2,0,128,256,1e-05,0.3,0.6333055323881012
GAT_Optimised,2,0,128,256,1e-05,0.4,0.633861551292744
GAT_Optimised,2,0,128,256,1e-05,0.5,0.6337225465665833
GAT_Optimised,2,1,32,64,0.001,0.1,0.6683347233805951
GAT_Optimised,2,1,32,64,0.001,0.2,0.662496524881846
GAT_Optimised,2,1,32,64,0.001,0.3,0.6687517375590771
GAT_Optimised,2,1,32,64,0.001,0.4,0.5886850152905199
GAT_Optimised,2,1,32,64,0.001,0.5,0.6255212677231026
GAT_Optimised,2,1,32,64,0.0001,0.1,0.6369196552682792
GAT_Optimised,2,1,32,64,0.0001,0.2,0.6405337781484571
GAT_Optimised,2,1,32,64,0.0001,0.3,0.6398387545176537
GAT_Optimised,2,1,32,64,0.0001,0.4,0.6395607450653322
GAT_Optimised,2,1,32,64,0.0001,0.5,0.6453989435640812
GAT_Optimised,2,1,32,64,1e-05,0.1,0.3127606338615513
GAT_Optimised,2,1,32,64,1e-05,0.2,0.3127606338615513
GAT_Optimised,2,1,32,64,1e-05,0.3,0.3127606338615513
GAT_Optimised,2,1,32,64,1e-05,0.4,0.3134556574923547
GAT_Optimised,2,1,32,64,1e-05,0.5,0.31289963858771197
GAT_Optimised,2,1,32,128,0.001,0.1,0.5945232137892689
GAT_Optimised,2,1,32,128,0.001,0.2,0.5995273839310536
GAT_Optimised,2,1,32,128,0.001,0.3,0.5981373366694468
GAT_Optimised,2,1,32,128,0.001,0.4,0.597164303586322
GAT_Optimised,2,1,32,128,0.001,0.5,0.5878509869335558
GAT_Optimised,2,1,32,128,0.0001,0.1,0.6153739227133723
GAT_Optimised,2,1,32,128,0.0001,0.2,0.6164859605226578
GAT_Optimised,2,1,32,128,0.0001,0.3,0.6159299416180151
GAT_Optimised,2,1,32,128,0.0001,0.4,0.6149569085348903
GAT_Optimised,2,1,32,128,0.0001,0.5,0.6152349179872114
GAT_Optimised,2,1,32,128,1e-05,0.1,0.5569919377258826
GAT_Optimised,2,1,32,128,1e-05,0.2,0.5565749235474007
GAT_Optimised,2,1,32,128,1e-05,0.3,0.5572699471782041
GAT_Optimised,2,1,32,128,1e-05,0.4,0.5574089519043648
GAT_Optimised,2,1,32,128,1e-05,0.5,0.5583819849874896
GAT_Optimised,2,1,32,256,0.001,0.1,0.6559633027522938
GAT_Optimised,2,1,32,256,0.001,0.2,0.5964692799555185
GAT_Optimised,2,1,32,256,0.001,0.3,0.6145398943564082
GAT_Optimised,2,1,32,256,0.001,0.4,0.6174589936057826
GAT_Optimised,2,1,32,256,0.001,0.5,0.6592994161801502
GAT_Optimised,2,1,32,256,0.0001,0.1,0.6060606060606061
GAT_Optimised,2,1,32,256,0.0001,0.2,0.6084236864053378
GAT_Optimised,2,1,32,256,0.0001,0.3,0.6068946344175703
GAT_Optimised,2,1,32,256,0.0001,0.4,0.6028634973589102
GAT_Optimised,2,1,32,256,0.0001,0.5,0.6038365304420351
GAT_Optimised,2,1,32,256,1e-05,0.1,0.6526271893244371
GAT_Optimised,2,1,32,256,1e-05,0.2,0.651793160967473
GAT_Optimised,2,1,32,256,1e-05,0.3,0.6517931609674729
GAT_Optimised,2,1,32,256,1e-05,0.4,0.652210175145955
GAT_Optimised,2,1,32,256,1e-05,0.5,0.6538782318598833
GAT_Optimised,2,1,64,64,0.001,0.1,0.6217681401167641
GAT_Optimised,2,1,64,64,0.001,0.2,0.6219071448429246
GAT_Optimised,2,1,64,64,0.001,0.3,0.6091187100361413
GAT_Optimised,2,1,64,64,0.001,0.4,0.6210731164859605
GAT_Optimised,2,1,64,64,0.001,0.5,0.6697247706422018
GAT_Optimised,2,1,64,64,0.0001,0.1,0.6196830692243536
GAT_Optimised,2,1,64,64,0.0001,0.2,0.6227411731998888
GAT_Optimised,2,1,64,64,0.0001,0.3,0.6202390881289964
GAT_Optimised,2,1,64,64,0.0001,0.4,0.6162079510703364
GAT_Optimised,2,1,64,64,0.0001,0.5,0.6226021684737281
GAT_Optimised,2,1,64,64,1e-05,0.1,0.30372532666110647
GAT_Optimised,2,1,64,64,1e-05,0.2,0.30372532666110647
GAT_Optimised,2,1,64,64,1e-05,0.3,0.3035863219349458
GAT_Optimised,2,1,64,64,1e-05,0.4,0.30386433138726715
GAT_Optimised,2,1,64,64,1e-05,0.5,0.3035863219349458
GAT_Optimised,2,1,64,128,0.001,0.1,0.6024464831804281
GAT_Optimised,2,1,64,128,0.001,0.2,0.6080066722268558
GAT_Optimised,2,1,64,128,0.001,0.3,0.6118988045593551
GAT_Optimised,2,1,64,128,0.001,0.4,0.6082846816791772
GAT_Optimised,2,1,64,128,0.001,0.5,0.615512927439533
GAT_Optimised,2,1,64,128,0.0001,0.1,0.6114817903808729
GAT_Optimised,2,1,64,128,0.0001,0.2,0.6113427856547122
GAT_Optimised,2,1,64,128,0.0001,0.3,0.6110647762023909
GAT_Optimised,2,1,64,128,0.0001,0.4,0.6106477620239088
GAT_Optimised,2,1,64,128,0.0001,0.5,0.6107867667500695
GAT_Optimised,2,1,64,128,1e-05,0.1,0.5248818459827634
GAT_Optimised,2,1,64,128,1e-05,0.2,0.5243258270781207
GAT_Optimised,2,1,64,128,1e-05,0.3,0.52418682235196
GAT_Optimised,2,1,64,128,1e-05,0.4,0.5248818459827634
GAT_Optimised,2,1,64,128,1e-05,0.5,0.5243258270781207
GAT_Optimised,2,1,64,256,0.001,0.1,0.5971643035863219
GAT_Optimised,2,1,64,256,0.001,0.2,0.5963302752293579
GAT_Optimised,2,1,64,256,0.001,0.3,0.6057825966082848
GAT_Optimised,2,1,64,256,0.001,0.4,0.6003614122880179
GAT_Optimised,2,1,64,256,0.001,0.5,0.597998331943286
GAT_Optimised,2,1,64,256,0.0001,0.1,0.6502641089797054
GAT_Optimised,2,1,64,256,0.0001,0.2,0.6501251042535445
GAT_Optimised,2,1,64,256,0.0001,0.3,0.6501251042535446
GAT_Optimised,2,1,64,256,0.0001,0.4,0.6460939671948848
GAT_Optimised,2,1,64,256,0.0001,0.5,0.6542952460383654
GAT_Optimised,2,1,64,256,1e-05,0.1,0.6492910758965805
GAT_Optimised,2,1,64,256,1e-05,0.2,0.6494300806227412
GAT_Optimised,2,1,64,256,1e-05,0.3,0.64915207117042
GAT_Optimised,2,1,64,256,1e-05,0.4,0.6485960522657771
GAT_Optimised,2,1,64,256,1e-05,0.5,0.6488740617180985
GAT_Optimised,2,1,128,64,0.001,0.1,0.6520711704197943
GAT_Optimised,2,1,128,64,0.001,0.2,0.6569363358354184
GAT_Optimised,2,1,128,64,0.001,0.3,0.6465109813733667
GAT_Optimised,2,1,128,64,0.001,0.4,0.6520711704197943
GAT_Optimised,2,1,128,64,0.001,0.5,0.6520711704197942
GAT_Optimised,2,1,128,64,0.0001,0.1,0.4442591048095635
GAT_Optimised,2,1,128,64,0.0001,0.2,0.44592716152349177
GAT_Optimised,2,1,128,64,0.0001,0.3,0.44314706700027806
GAT_Optimised,2,1,128,64,0.0001,0.4,0.44342507645259943
GAT_Optimised,2,1,128,64,0.0001,0.5,0.4389769252154574
GAT_Optimised,2,1,128,64,1e-05,0.1,0.302196274673339
GAT_Optimised,2,1,128,64,1e-05,0.2,0.302196274673339
GAT_Optimised,2,1,128,64,1e-05,0.3,0.3017792604948568
GAT_Optimised,2,1,128,64,1e-05,0.4,0.30219627467333887
GAT_Optimised,2,1,128,64,1e-05,0.5,0.3020572699471782
GAT_Optimised,2,1,128,128,0.001,0.1,0.6180150125104255
GAT_Optimised,2,1,128,128,0.001,0.2,0.5984153461217682
GAT_Optimised,2,1,128,128,0.001,0.3,0.5989713650264109
GAT_Optimised,2,1,128,128,0.001,0.4,0.6063386155129276
GAT_Optimised,2,1,128,128,0.001,0.5,0.6180150125104253
GAT_Optimised,2,1,128,128,0.0001,0.1,0.6002224075618572
GAT_Optimised,2,1,128,128,0.0001,0.2,0.6002224075618571
GAT_Optimised,2,1,128,128,0.0001,0.3,0.6007784264664999
GAT_Optimised,2,1,128,128,0.0001,0.4,0.6010564359188212
GAT_Optimised,2,1,128,128,0.0001,0.5,0.601195440644982
GAT_Optimised,2,1,128,128,1e-05,0.1,0.4922157353350014
GAT_Optimised,2,1,128,128,1e-05,0.2,0.49485682513205453
GAT_Optimised,2,1,128,128,1e-05,0.3,0.4922157353350014
GAT_Optimised,2,1,128,128,1e-05,0.4,0.49471782040589385
GAT_Optimised,2,1,128,128,1e-05,0.5,0.49485682513205453
GAT_Optimised,2,1,128,256,0.001,0.1,0.615095913261051
GAT_Optimised,2,1,128,256,0.001,0.2,0.5952182374200724
GAT_Optimised,2,1,128,256,0.001,0.3,0.5952182374200724
GAT_Optimised,2,1,128,256,0.001,0.4,0.5934111759799834
GAT_Optimised,2,1,128,256,0.001,0.5,0.5967472894078399
GAT_Optimised,2,1,128,256,0.0001,0.1,0.6469279955518488
GAT_Optimised,2,1,128,256,0.0001,0.2,0.6490130664442592
GAT_Optimised,2,1,128,256,0.0001,0.3,0.649986099527384
GAT_Optimised,2,1,128,256,0.0001,0.4,0.645954962468724
GAT_Optimised,2,1,128,256,0.0001,0.5,0.6490130664442592
GAT_Optimised,2,1,128,256,1e-05,0.1,0.640533778148457
GAT_Optimised,2,1,128,256,1e-05,0.2,0.6398387545176536
GAT_Optimised,2,1,128,256,1e-05,0.3,0.639699749791493
GAT_Optimised,2,1,128,256,1e-05,0.4,0.6396997497914929
GAT_Optimised,2,1,128,256,1e-05,0.5,0.6395607450653323
GAT_Optimised,2,2,32,64,0.001,0.1,0.6323935876174681
GAT_Optimised,2,2,32,64,0.001,0.2,0.6402708678828083
GAT_Optimised,2,2,32,64,0.001,0.3,0.6409618573797679
GAT_Optimised,2,2,32,64,0.001,0.4,0.6428966279712549
GAT_Optimised,2,2,32,64,0.001,0.5,0.6218905472636814
GAT_Optimised,2,2,32,64,0.0001,0.1,0.6398562741846324
GAT_Optimised,2,2,32,64,0.0001,0.2,0.6412382531785517
GAT_Optimised,2,2,32,64,0.0001,0.3,0.6399944720840244
GAT_Optimised,2,2,32,64,0.0001,0.4,0.6420674405749033
GAT_Optimised,2,2,32,64,0.0001,0.5,0.6535378662244332
GAT_Optimised,2,2,32,64,1e-05,0.1,0.4586788280818131
GAT_Optimised,2,2,32,64,1e-05,0.2,0.45784964068546147
GAT_Optimised,2,2,32,64,1e-05,0.3,0.45757324488667767
GAT_Optimised,2,2,32,64,1e-05,0.4,0.45646766169154224
GAT_Optimised,2,2,32,64,1e-05,0.5,0.45702045328910995
GAT_Optimised,2,2,32,128,0.001,0.1,0.6491155334438916
GAT_Optimised,2,2,32,128,0.001,0.2,0.6527086788280817
GAT_Optimised,2,2,32,128,0.001,0.3,0.6520176893311221
GAT_Optimised,2,2,32,128,0.001,0.4,0.6493919292426754
GAT_Optimised,2,2,32,128,0.001,0.5,0.6445550027639579
GAT_Optimised,2,2,32,128,0.0001,0.1,0.6596185737976783
GAT_Optimised,2,2,32,128,0.0001,0.2,0.6597567716970701
GAT_Optimised,2,2,32,128,0.0001,0.3,0.6593421779988944
GAT_Optimised,2,2,32,128,0.0001,0.4,0.6598949695964622
GAT_Optimised,2,2,32,128,0.0001,0.5,0.6593421779988944
GAT_Optimised,2,2,32,128,1e-05,0.1,0.6260364842454393
GAT_Optimised,2,2,32,128,1e-05,0.2,0.6258982863460475
GAT_Optimised,2,2,32,128,1e-05,0.3,0.6261746821448314
GAT_Optimised,2,2,32,128,1e-05,0.4,0.6258982863460475
GAT_Optimised,2,2,32,128,1e-05,0.5,0.6256218905472638
GAT_Optimised,2,2,32,256,0.001,0.1,0.6616915422885572
GAT_Optimised,2,2,32,256,0.001,0.2,0.6451077943615257
GAT_Optimised,2,2,32,256,0.001,0.3,0.6525704809286899
GAT_Optimised,2,2,32,256,0.001,0.4,0.6336373687119956
GAT_Optimised,2,2,32,256,0.001,0.5,0.6470425649530127
GAT_Optimised,2,2,32,256,0.0001,0.1,0.6321171918186843
GAT_Optimised,2,2,32,256,0.0001,0.2,0.5905196241017137
GAT_Optimised,2,2,32,256,0.0001,0.3,0.6376451077943615
GAT_Optimised,2,2,32,256,0.0001,0.4,0.6361249309010504
GAT_Optimised,2,2,32,256,0.0001,0.5,0.6388888888888888
GAT_Optimised,2,2,32,256,1e-05,0.1,0.6440022111663901
GAT_Optimised,2,2,32,256,1e-05,0.2,0.6445550027639579
GAT_Optimised,2,2,32,256,1e-05,0.3,0.6442786069651741
GAT_Optimised,2,2,32,256,1e-05,0.4,0.644555002763958
GAT_Optimised,2,2,32,256,1e-05,0.5,0.6435876174682145
GAT_Optimised,2,2,64,64,0.001,0.1,0.6524322830292979
GAT_Optimised,2,2,64,64,0.001,0.2,0.6493919292426755
GAT_Optimised,2,2,64,64,0.001,0.3,0.6516030956329465
GAT_Optimised,2,2,64,64,0.001,0.4,0.6470425649530127
GAT_Optimised,2,2,64,64,0.001,0.5,0.6451077943615257
GAT_Optimised,2,2,64,64,0.0001,0.1,0.6419292426755113
GAT_Optimised,2,2,64,64,0.0001,0.2,0.6398562741846323
GAT_Optimised,2,2,64,64,0.0001,0.3,0.6379215035931454
GAT_Optimised,2,2,64,64,0.0001,0.4,0.6373687119955778
GAT_Optimised,2,2,64,64,0.0001,0.5,0.6399944720840243
GAT_Optimised,2,2,64,64,1e-05,0.1,0.43159203980099503
GAT_Optimised,2,2,64,64,1e-05,0.2,0.4311774461028193
GAT_Optimised,2,2,64,64,1e-05,0.3,0.43103924820342726
GAT_Optimised,2,2,64,64,1e-05,0.4,0.4324212271973466
GAT_Optimised,2,2,64,64,1e-05,0.5,0.4324903261470426
GAT_Optimised,2,2,64,128,0.001,0.1,0.6585129906025429
GAT_Optimised,2,2,64,128,0.001,0.2,0.6499447208402431
GAT_Optimised,2,2,64,128,0.001,0.3,0.6477335544499724
GAT_Optimised,2,2,64,128,0.001,0.4,0.6610005527915975
GAT_Optimised,2,2,64,128,0.001,0.5,0.6601713653952461
GAT_Optimised,2,2,64,128,0.0001,0.1,0.660171365395246
GAT_Optimised,2,2,64,128,0.0001,0.2,0.6589275843007186
GAT_Optimised,2,2,64,128,0.0001,0.3,0.660171365395246
GAT_Optimised,2,2,64,128,0.0001,0.4,0.660171365395246
GAT_Optimised,2,2,64,128,0.0001,0.5,0.6618297401879492
GAT_Optimised,2,2,64,128,1e-05,0.1,0.6160862354892206
GAT_Optimised,2,2,64,128,1e-05,0.2,0.6160862354892206
GAT_Optimised,2,2,64,128,1e-05,0.3,0.6148424543946932
GAT_Optimised,2,2,64,128,1e-05,0.4,0.6145660585959093
GAT_Optimised,2,2,64,128,1e-05,0.5,0.6142896627971256
GAT_Optimised,2,2,64,256,0.001,0.1,0.6084853510226645
GAT_Optimised,2,2,64,256,0.001,0.2,0.6207849640685462
GAT_Optimised,2,2,64,256,0.001,0.3,0.625069098949696
GAT_Optimised,2,2,64,256,0.001,0.4,0.6223051409618573
GAT_Optimised,2,2,64,256,0.001,0.5,0.6210613598673301
GAT_Optimised,2,2,64,256,0.0001,0.1,0.6388888888888887
GAT_Optimised,2,2,64,256,0.0001,0.2,0.6381978993919292
GAT_Optimised,2,2,64,256,0.0001,0.3,0.6123548922056385
GAT_Optimised,2,2,64,256,0.0001,0.4,0.6216141514648976
GAT_Optimised,2,2,64,256,0.0001,0.5,0.6131840796019901
GAT_Optimised,2,2,64,256,1e-05,0.1,0.6409618573797677
GAT_Optimised,2,2,64,256,1e-05,0.2,0.640547263681592
GAT_Optimised,2,2,64,256,1e-05,0.3,0.6398562741846323
GAT_Optimised,2,2,64,256,1e-05,0.4,0.6391652846876726
GAT_Optimised,2,2,64,256,1e-05,0.5,0.6394416804864567
GAT_Optimised,2,2,128,64,0.001,0.1,0.6471807628524047
GAT_Optimised,2,2,128,64,0.001,0.2,0.6469043670536208
GAT_Optimised,2,2,128,64,0.001,0.3,0.6430348258706468
GAT_Optimised,2,2,128,64,0.001,0.4,0.6428966279712548
GAT_Optimised,2,2,128,64,0.001,0.5,0.6452459922609177
GAT_Optimised,2,2,128,64,0.0001,0.1,0.6178828081813156
GAT_Optimised,2,2,128,64,0.0001,0.2,0.6163626312880044
GAT_Optimised,2,2,128,64,0.0001,0.3,0.6126312880044222
GAT_Optimised,2,2,128,64,0.0001,0.4,0.6004698728579325
GAT_Optimised,2,2,128,64,0.0001,0.5,0.5961857379767828
GAT_Optimised,2,2,128,64,1e-05,0.1,0.4134881149806523
GAT_Optimised,2,2,128,64,1e-05,0.2,0.4134881149806523
GAT_Optimised,2,2,128,64,1e-05,0.3,0.4134881149806523
GAT_Optimised,2,2,128,64,1e-05,0.4,0.41348811498065224
GAT_Optimised,2,2,128,64,1e-05,0.5,0.41390270867882806
GAT_Optimised,2,2,128,128,0.001,0.1,0.6521558872305141
GAT_Optimised,2,2,128,128,0.001,0.2,0.6485627418463238
GAT_Optimised,2,2,128,128,0.001,0.3,0.6529850746268655
GAT_Optimised,2,2,128,128,0.001,0.4,0.652017689331122
GAT_Optimised,2,2,128,128,0.001,0.5,0.6546434494195688
GAT_Optimised,2,2,128,128,0.0001,0.1,0.654090657822001
GAT_Optimised,2,2,128,128,0.0001,0.2,0.6539524599226092
GAT_Optimised,2,2,128,128,0.0001,0.3,0.6536760641238253
GAT_Optimised,2,2,128,128,0.0001,0.4,0.6524322830292979
GAT_Optimised,2,2,128,128,0.0001,0.5,0.6529850746268656
GAT_Optimised,2,2,128,128,1e-05,0.1,0.6040630182421227
GAT_Optimised,2,2,128,128,1e-05,0.2,0.6037866224433388
GAT_Optimised,2,2,128,128,1e-05,0.3,0.6040630182421227
GAT_Optimised,2,2,128,128,1e-05,0.4,0.6040630182421227
GAT_Optimised,2,2,128,128,1e-05,0.5,0.6039248203427308
GAT_Optimised,2,2,128,256,0.001,0.1,0.6158098396904367
GAT_Optimised,2,2,128,256,0.001,0.2,0.6163626312880044
GAT_Optimised,2,2,128,256,0.001,0.3,0.6195411829740188
GAT_Optimised,2,2,128,256,0.001,0.4,0.6158098396904367
GAT_Optimised,2,2,128,256,0.001,0.5,0.6236871199557766
GAT_Optimised,2,2,128,256,0.0001,0.1,0.642343836373687
GAT_Optimised,2,2,128,256,0.0001,0.2,0.642620232172471
GAT_Optimised,2,2,128,256,0.0001,0.3,0.6441404090657823
GAT_Optimised,2,2,128,256,0.0001,0.4,0.6457987838584853
GAT_Optimised,2,2,128,256,0.0001,0.5,0.6463515754560532
GAT_Optimised,2,2,128,256,1e-05,0.1,0.6386124930901049
GAT_Optimised,2,2,128,256,1e-05,0.2,0.6379215035931453
GAT_Optimised,2,2,128,256,1e-05,0.3,0.6384742951907131
GAT_Optimised,2,2,128,256,1e-05,0.4,0.638612493090105
GAT_Optimised,2,2,128,256,1e-05,0.5,0.6391652846876728
GAT_Optimised,2,3,32,64,0.001,0.1,0.5856826976229961
GAT_Optimised,2,3,32,64,0.001,0.2,0.5874792703150911
GAT_Optimised,2,3,32,64,0.001,0.3,0.5862354892205639
GAT_Optimised,2,3,32,64,0.001,0.4,0.5854063018242123
GAT_Optimised,2,3,32,64,0.001,0.5,0.599640685461581
GAT_Optimised,2,3,32,64,0.0001,0.1,0.615257048092869
GAT_Optimised,2,3,32,64,0.0001,0.2,0.614980652294085
GAT_Optimised,2,3,32,64,0.0001,0.3,0.6156716417910446
GAT_Optimised,2,3,32,64,0.0001,0.4,0.6169154228855722
GAT_Optimised,2,3,32,64,0.0001,0.5,0.6142896627971253
GAT_Optimised,2,3,32,64,1e-05,0.1,0.46254836926478715
GAT_Optimised,2,3,32,64,1e-05,0.2,0.46227197346600335
GAT_Optimised,2,3,32,64,1e-05,0.3,0.46199557766721944
GAT_Optimised,2,3,32,64,1e-05,0.4,0.45439469320066345
GAT_Optimised,2,3,32,64,1e-05,0.5,0.4596462133775567
GAT_Optimised,2,3,32,128,0.001,0.1,0.5910724156992814
GAT_Optimised,2,3,32,128,0.001,0.2,0.589690436705362
GAT_Optimised,2,3,32,128,0.001,0.3,0.5685461580983968
GAT_Optimised,2,3,32,128,0.001,0.4,0.5950801547816473
GAT_Optimised,2,3,32,128,0.001,0.5,0.568269762299613
GAT_Optimised,2,3,32,128,0.0001,0.1,0.6024046434494196
GAT_Optimised,2,3,32,128,0.0001,0.2,0.611387506909895
GAT_Optimised,2,3,32,128,0.0001,0.3,0.6018518518518519
GAT_Optimised,2,3,32,128,0.0001,0.4,0.6148424543946932
GAT_Optimised,2,3,32,128,0.0001,0.5,0.6151188501934771
GAT_Optimised,2,3,32,128,1e-05,0.1,0.6352957435046988
GAT_Optimised,2,3,32,128,1e-05,0.2,0.6354339414040906
GAT_Optimised,2,3,32,128,1e-05,0.3,0.6346047540077391
GAT_Optimised,2,3,32,128,1e-05,0.4,0.6352957435046988
GAT_Optimised,2,3,32,128,1e-05,0.5,0.634881149806523
GAT_Optimised,2,3,32,256,0.001,0.1,0.5594250967385295
GAT_Optimised,2,3,32,256,0.001,0.2,0.576008844665561
GAT_Optimised,2,3,32,256,0.001,0.3,0.5913488114980653
GAT_Optimised,2,3,32,256,0.001,0.4,0.5529297954671089
GAT_Optimised,2,3,32,256,0.001,0.5,0.5885848535102266
GAT_Optimised,2,3,32,256,0.0001,0.1,0.5925925925925927
GAT_Optimised,2,3,32,256,0.0001,0.2,0.5930071862907684
GAT_Optimised,2,3,32,256,0.0001,0.3,0.5932835820895523
GAT_Optimised,2,3,32,256,0.0001,0.4,0.5930071862907683
GAT_Optimised,2,3,32,256,0.0001,0.5,0.5913488114980652
GAT_Optimised,2,3,32,256,1e-05,0.1,0.6159480375898286
GAT_Optimised,2,3,32,256,1e-05,0.2,0.615257048092869
GAT_Optimised,2,3,32,256,1e-05,0.3,0.6144278606965173
GAT_Optimised,2,3,32,256,1e-05,0.4,0.6155334438916529
GAT_Optimised,2,3,32,256,1e-05,0.5,0.6158098396904367
GAT_Optimised,2,3,64,64,0.001,0.1,0.6084853510226644
GAT_Optimised,2,3,64,64,0.001,0.2,0.6109729132117192
GAT_Optimised,2,3,64,64,0.001,0.3,0.5964621337755667
GAT_Optimised,2,3,64,64,0.001,0.4,0.6018518518518519
GAT_Optimised,2,3,64,64,0.001,0.5,0.6118021006080708
GAT_Optimised,2,3,64,64,0.0001,0.1,0.6155334438916529
GAT_Optimised,2,3,64,64,0.0001,0.2,0.6137368711995577
GAT_Optimised,2,3,64,64,0.0001,0.3,0.6159480375898286
GAT_Optimised,2,3,64,64,0.0001,0.4,0.6163626312880045
GAT_Optimised,2,3,64,64,0.0001,0.5,0.6104201216141514
GAT_Optimised,2,3,64,64,1e-05,0.1,0.4498341625207297
GAT_Optimised,2,3,64,64,1e-05,0.2,0.44347705914870095
GAT_Optimised,2,3,64,64,1e-05,0.3,0.4436152570480929
GAT_Optimised,2,3,64,64,1e-05,0.4,0.4494195688225539
GAT_Optimised,2,3,64,64,1e-05,0.5,0.4502487562189054
GAT_Optimised,2,3,64,128,0.001,0.1,0.5872028745163071
GAT_Optimised,2,3,64,128,0.001,0.2,0.5891376451077943
GAT_Optimised,2,3,64,128,0.001,0.3,0.5905196241017137
GAT_Optimised,2,3,64,128,0.001,0.4,0.5899668325041459
GAT_Optimised,2,3,64,128,0.001,0.5,0.5862354892205638
GAT_Optimised,2,3,64,128,0.0001,0.1,0.6152570480928691
GAT_Optimised,2,3,64,128,0.0001,0.2,0.6144278606965174
GAT_Optimised,2,3,64,128,0.0001,0.3,0.6148424543946932
GAT_Optimised,2,3,64,128,0.0001,0.4,0.6137368711995578
GAT_Optimised,2,3,64,128,0.0001,0.5,0.614980652294085
GAT_Optimised,2,3,64,128,1e-05,0.1,0.6304588170259812
GAT_Optimised,2,3,64,128,1e-05,0.2,0.6300442233278054
GAT_Optimised,2,3,64,128,1e-05,0.3,0.6300442233278054
GAT_Optimised,2,3,64,128,1e-05,0.4,0.6301824212271974
GAT_Optimised,2,3,64,128,1e-05,0.5,0.6301824212271974
GAT_Optimised,2,3,64,256,0.001,0.1,0.5844389165284688
GAT_Optimised,2,3,64,256,0.001,0.2,0.5968767274737424
GAT_Optimised,2,3,64,256,0.001,0.3,0.5923161967938086
GAT_Optimised,2,3,64,256,0.001,0.4,0.5580431177446102
GAT_Optimised,2,3,64,256,0.001,0.5,0.5894140409065781
GAT_Optimised,2,3,64,256,0.0001,0.1,0.595771144278607
GAT_Optimised,2,3,64,256,0.0001,0.2,0.5943891652846877
GAT_Optimised,2,3,64,256,0.0001,0.3,0.5938363736871201
GAT_Optimised,2,3,64,256,0.0001,0.4,0.5953565505804312
GAT_Optimised,2,3,64,256,0.0001,0.5,0.5942509673852957
GAT_Optimised,2,3,64,256,1e-05,0.1,0.6127694859038142
GAT_Optimised,2,3,64,256,1e-05,0.2,0.6126312880044223
GAT_Optimised,2,3,64,256,1e-05,0.3,0.6140132669983416
GAT_Optimised,2,3,64,256,1e-05,0.4,0.6141514648977335
GAT_Optimised,2,3,64,256,1e-05,0.5,0.6144278606965174
GAT_Optimised,2,3,128,64,0.001,0.1,0.6047540077390824
GAT_Optimised,2,3,128,64,0.001,0.2,0.6156716417910448
GAT_Optimised,2,3,128,64,0.001,0.3,0.6071033720287452
GAT_Optimised,2,3,128,64,0.001,0.4,0.6077943615257049
GAT_Optimised,2,3,128,64,0.001,0.5,0.6042012161415147
GAT_Optimised,2,3,128,64,0.0001,0.1,0.556799336650083
GAT_Optimised,2,3,128,64,0.0001,0.2,0.5594250967385295
GAT_Optimised,2,3,128,64,0.0001,0.3,0.5548645660585958
GAT_Optimised,2,3,128,64,0.0001,0.4,0.548783858485351
GAT_Optimised,2,3,128,64,0.0001,0.5,0.5523770038695412
GAT_Optimised,2,3,128,64,1e-05,0.1,0.43435599778883355
GAT_Optimised,2,3,128,64,1e-05,0.2,0.43421779988944165
GAT_Optimised,2,3,128,64,1e-05,0.3,0.4339414040906578
GAT_Optimised,2,3,128,64,1e-05,0.4,0.43421779988944165
GAT_Optimised,2,3,128,64,1e-05,0.5,0.4333886124930901
GAT_Optimised,2,3,128,128,0.001,0.1,0.595909342177999
GAT_Optimised,2,3,128,128,0.001,0.2,0.5901050304035378
GAT_Optimised,2,3,128,128,0.001,0.3,0.592039800995025
GAT_Optimised,2,3,128,128,0.001,0.4,0.5888612493090104
GAT_Optimised,2,3,128,128,0.001,0.5,0.5924543946932007
GAT_Optimised,2,3,128,128,0.0001,0.1,0.6319789939192922
GAT_Optimised,2,3,128,128,0.0001,0.2,0.632669983416252
GAT_Optimised,2,3,128,128,0.0001,0.3,0.6343283582089551
GAT_Optimised,2,3,128,128,0.0001,0.4,0.6347429519071309
GAT_Optimised,2,3,128,128,0.0001,0.5,0.6321171918186843
GAT_Optimised,2,3,128,128,1e-05,0.1,0.6252072968490878
GAT_Optimised,2,3,128,128,1e-05,0.2,0.6254836926478717
GAT_Optimised,2,3,128,128,1e-05,0.3,0.6253454947484798
GAT_Optimised,2,3,128,128,1e-05,0.4,0.6254836926478717
GAT_Optimised,2,3,128,128,1e-05,0.5,0.6252072968490878
GAT_Optimised,2,3,128,256,0.001,0.1,0.5975677169707021
GAT_Optimised,2,3,128,256,0.001,0.2,0.5932835820895522
GAT_Optimised,2,3,128,256,0.001,0.3,0.5941127694859037
GAT_Optimised,2,3,128,256,0.001,0.4,0.5942509673852957
GAT_Optimised,2,3,128,256,0.001,0.5,0.5927307904919845
GAT_Optimised,2,3,128,256,0.0001,0.1,0.614980652294085
GAT_Optimised,2,3,128,256,0.0001,0.2,0.6134604754007739
GAT_Optimised,2,3,128,256,0.0001,0.3,0.6156716417910447
GAT_Optimised,2,3,128,256,0.0001,0.4,0.61318407960199
GAT_Optimised,2,3,128,256,0.0001,0.5,0.6116639027086788
GAT_Optimised,2,3,128,256,1e-05,0.1,0.6064123825317855
GAT_Optimised,2,3,128,256,1e-05,0.2,0.607379767827529
GAT_Optimised,2,3,128,256,1e-05,0.3,0.6068269762299612
GAT_Optimised,2,3,128,256,1e-05,0.4,0.6069651741293531
GAT_Optimised,2,3,128,256,1e-05,0.5,0.6069651741293532
GAT_Optimised,2,4,32,64,0.001,0.1,0.6011608623548922
GAT_Optimised,2,4,32,64,0.001,0.2,0.5990187949143173
GAT_Optimised,2,4,32,64,0.001,0.3,0.6001243781094527
GAT_Optimised,2,4,32,64,0.001,0.4,0.6003316749585406
GAT_Optimised,2,4,32,64,0.001,0.5,0.6008844665561083
GAT_Optimised,2,4,32,64,0.0001,0.1,0.5453980099502488
GAT_Optimised,2,4,32,64,0.0001,0.2,0.5460199004975125
GAT_Optimised,2,4,32,64,0.0001,0.3,0.5505804311774462
GAT_Optimised,2,4,32,64,0.0001,0.4,0.5519624101713654
GAT_Optimised,2,4,32,64,0.0001,0.5,0.5436014372581537
GAT_Optimised,2,4,32,64,1e-05,0.1,0.3420398009950249
GAT_Optimised,2,4,32,64,1e-05,0.2,0.3422470978441128
GAT_Optimised,2,4,32,64,1e-05,0.3,0.3409342177998894
GAT_Optimised,2,4,32,64,1e-05,0.4,0.3394831398562742
GAT_Optimised,2,4,32,64,1e-05,0.5,0.3427307904919845
GAT_Optimised,2,4,32,128,0.001,0.1,0.5884466556108348
GAT_Optimised,2,4,32,128,0.001,0.2,0.5876865671641791
GAT_Optimised,2,4,32,128,0.001,0.3,0.5869955776672194
GAT_Optimised,2,4,32,128,0.001,0.4,0.572208402432283
GAT_Optimised,2,4,32,128,0.001,0.5,0.5838170259812051
GAT_Optimised,2,4,32,128,0.0001,0.1,0.5758706467661691
GAT_Optimised,2,4,32,128,0.0001,0.2,0.5769762299613046
GAT_Optimised,2,4,32,128,0.0001,0.3,0.578012714206744
GAT_Optimised,2,4,32,128,0.0001,0.4,0.5787037037037036
GAT_Optimised,2,4,32,128,0.0001,0.5,0.5773908236594804
GAT_Optimised,2,4,32,128,1e-05,0.1,0.4943338861249309
GAT_Optimised,2,4,32,128,1e-05,0.2,0.49378109452736324
GAT_Optimised,2,4,32,128,1e-05,0.3,0.49474847982310666
GAT_Optimised,2,4,32,128,1e-05,0.4,0.49474847982310677
GAT_Optimised,2,4,32,128,1e-05,0.5,0.4943338861249309
GAT_Optimised,2,4,32,256,0.001,0.1,0.5608761746821448
GAT_Optimised,2,4,32,256,0.001,0.2,0.5781509121061359
GAT_Optimised,2,4,32,256,0.001,0.3,0.5869955776672194
GAT_Optimised,2,4,32,256,0.001,0.4,0.5740049751243781
GAT_Optimised,2,4,32,256,0.001,0.5,0.5688916528468767
GAT_Optimised,2,4,32,256,0.0001,0.1,0.6058595909342178
GAT_Optimised,2,4,32,256,0.0001,0.2,0.6032338308457711
GAT_Optimised,2,4,32,256,0.0001,0.3,0.6028883360972913
GAT_Optimised,2,4,32,256,0.0001,0.4,0.6063432835820896
GAT_Optimised,2,4,32,256,0.0001,0.5,0.6044776119402986
GAT_Optimised,2,4,32,256,1e-05,0.1,0.6052377003869541
GAT_Optimised,2,4,32,256,1e-05,0.2,0.6024737423991156
GAT_Optimised,2,4,32,256,1e-05,0.3,0.6037175234936429
GAT_Optimised,2,4,32,256,1e-05,0.4,0.6040630182421227
GAT_Optimised,2,4,32,256,1e-05,0.5,0.6023355444997236
GAT_Optimised,2,4,64,64,0.001,0.1,0.5892758430071863
GAT_Optimised,2,4,64,64,0.001,0.2,0.5852681039248204
GAT_Optimised,2,4,64,64,0.001,0.3,0.5906578220011056
GAT_Optimised,2,4,64,64,0.001,0.4,0.6031647318960751
GAT_Optimised,2,4,64,64,0.001,0.5,0.5902432283029297
GAT_Optimised,2,4,64,64,0.0001,0.1,0.5266721945826424
GAT_Optimised,2,4,64,64,0.0001,0.2,0.531094527363184
GAT_Optimised,2,4,64,64,0.0001,0.3,0.5241846323935876
GAT_Optimised,2,4,64,64,0.0001,0.4,0.5234936428966279
GAT_Optimised,2,4,64,64,0.0001,0.5,0.525428413488115
GAT_Optimised,2,4,64,64,1e-05,0.1,0.3399668325041459
GAT_Optimised,2,4,64,64,1e-05,0.2,0.33879215035931454
GAT_Optimised,2,4,64,64,1e-05,0.3,0.339828634604754
GAT_Optimised,2,4,64,64,1e-05,0.4,0.33969043670536203
GAT_Optimised,2,4,64,64,1e-05,0.5,0.3400359314538419
GAT_Optimised,2,4,64,128,0.001,0.1,0.5986733001658374
GAT_Optimised,2,4,64,128,0.001,0.2,0.5961857379767828
GAT_Optimised,2,4,64,128,0.001,0.3,0.5941127694859037
GAT_Optimised,2,4,64,128,0.001,0.4,0.599502487562189
GAT_Optimised,2,4,64,128,0.001,0.5,0.5982587064676617
GAT_Optimised,2,4,64,128,0.0001,0.1,0.5742122719734659
GAT_Optimised,2,4,64,128,0.0001,0.2,0.5751105583195135
GAT_Optimised,2,4,64,128,0.0001,0.3,0.5746268656716418
GAT_Optimised,2,4,64,128,0.0001,0.4,0.5760088446655611
GAT_Optimised,2,4,64,128,0.0001,0.5,0.5744195688225538
GAT_Optimised,2,4,64,128,1e-05,0.1,0.4747788833609729
GAT_Optimised,2,4,64,128,1e-05,0.2,0.4748479823106689
GAT_Optimised,2,4,64,128,1e-05,0.3,0.4736042012161415
GAT_Optimised,2,4,64,128,1e-05,0.4,0.4747097844112769
GAT_Optimised,2,4,64,128,1e-05,0.5,0.47325870646766166
GAT_Optimised,2,4,64,256,0.001,0.1,0.5968076285240465
GAT_Optimised,2,4,64,256,0.001,0.2,0.5770453289110005
GAT_Optimised,2,4,64,256,0.001,0.3,0.5826423438363737
GAT_Optimised,2,4,64,256,0.001,0.4,0.5866500829187397
GAT_Optimised,2,4,64,256,0.001,0.5,0.5862354892205638
GAT_Optimised,2,4,64,256,0.0001,0.1,0.6026810392482034
GAT_Optimised,2,4,64,256,0.0001,0.2,0.6018518518518519
GAT_Optimised,2,4,64,256,0.0001,0.3,0.6012990602542841
GAT_Optimised,2,4,64,256,0.0001,0.4,0.6022664455500276
GAT_Optimised,2,4,64,256,0.0001,0.5,0.6017827529021559
GAT_Optimised,2,4,64,256,1e-05,0.1,0.6038557213930349
GAT_Optimised,2,4,64,256,1e-05,0.2,0.6046849087893864
GAT_Optimised,2,4,64,256,1e-05,0.3,0.603579325594251
GAT_Optimised,2,4,64,256,1e-05,0.4,0.6048922056384743
GAT_Optimised,2,4,64,256,1e-05,0.5,0.6047540077390824
GAT_Optimised,2,4,128,64,0.001,0.1,0.5990878938640132
GAT_Optimised,2,4,128,64,0.001,0.2,0.5974295190713101
GAT_Optimised,2,4,128,64,0.001,0.3,0.5991569928137093
GAT_Optimised,2,4,128,64,0.001,0.4,0.6046849087893864
GAT_Optimised,2,4,128,64,0.001,0.5,0.5962548369264786
GAT_Optimised,2,4,128,64,0.0001,0.1,0.4740878938640133
GAT_Optimised,2,4,128,64,0.0001,0.2,0.47111663902708684
GAT_Optimised,2,4,128,64,0.0001,0.3,0.4664179104477612
GAT_Optimised,2,4,128,64,0.0001,0.4,0.4651050304035379
GAT_Optimised,2,4,128,64,0.0001,0.5,0.4445826423438364
GAT_Optimised,2,4,128,64,1e-05,0.1,0.3351299060254284
GAT_Optimised,2,4,128,64,1e-05,0.2,0.3337479270315092
GAT_Optimised,2,4,128,64,1e-05,0.3,0.33395522388059706
GAT_Optimised,2,4,128,64,1e-05,0.4,0.3343698175787728
GAT_Optimised,2,4,128,64,1e-05,0.5,0.3338170259812051
GAT_Optimised,2,4,128,128,0.001,0.1,0.5975677169707021
GAT_Optimised,2,4,128,128,0.001,0.2,0.5977059148700941
GAT_Optimised,2,4,128,128,0.001,0.3,0.5966694306246545
GAT_Optimised,2,4,128,128,0.001,0.4,0.5986733001658375
GAT_Optimised,2,4,128,128,0.001,0.5,0.6040630182421227
GAT_Optimised,2,4,128,128,0.0001,0.1,0.558595909342178
GAT_Optimised,2,4,128,128,0.0001,0.2,0.5588723051409618
GAT_Optimised,2,4,128,128,0.0001,0.3,0.5590105030403537
GAT_Optimised,2,4,128,128,0.0001,0.4,0.558526810392482
GAT_Optimised,2,4,128,128,0.0001,0.5,0.560392482034273
GAT_Optimised,2,4,128,128,1e-05,0.1,0.4484521835268104
GAT_Optimised,2,4,128,128,1e-05,0.2,0.4489358761746821
GAT_Optimised,2,4,128,128,1e-05,0.3,0.4490049751243781
GAT_Optimised,2,4,128,128,1e-05,0.4,0.4490049751243781
GAT_Optimised,2,4,128,128,1e-05,0.5,0.4488667772249862
GAT_Optimised,2,4,128,256,0.001,0.1,0.591901603095633
GAT_Optimised,2,4,128,256,0.001,0.2,0.6046158098396905
GAT_Optimised,2,4,128,256,0.001,0.3,0.6042703150912107
GAT_Optimised,2,4,128,256,0.001,0.4,0.5969458264234383
GAT_Optimised,2,4,128,256,0.001,0.5,0.5914179104477612
GAT_Optimised,2,4,128,256,0.0001,0.1,0.6012990602542841
GAT_Optimised,2,4,128,256,0.0001,0.2,0.6021282476506357
GAT_Optimised,2,4,128,256,0.0001,0.3,0.6028883360972913
GAT_Optimised,2,4,128,256,0.0001,0.4,0.6025428413488114
GAT_Optimised,2,4,128,256,0.0001,0.5,0.5966694306246545
GAT_Optimised,2,4,128,256,1e-05,0.1,0.5999861802100608
GAT_Optimised,2,4,128,256,1e-05,0.2,0.6069651741293532
GAT_Optimised,2,4,128,256,1e-05,0.3,0.6013681592039801
GAT_Optimised,2,4,128,256,1e-05,0.4,0.6027501381978995
GAT_Optimised,2,4,128,256,1e-05,0.5,0.6013681592039801
GAT_Optimised,3,0,32,64,0.001,0.1,0.6479528960701082
GAT_Optimised,3,0,32,64,0.001,0.2,0.6463097357250446
GAT_Optimised,3,0,32,64,0.001,0.3,0.6465835957825552
GAT_Optimised,3,0,32,64,0.001,0.4,0.6464466657537997
GAT_Optimised,3,0,32,64,0.001,0.5,0.6467205258113106
GAT_Optimised,3,0,32,64,0.0001,0.1,0.645214295495002
GAT_Optimised,3,0,32,64,0.0001,0.2,0.6448035054087361
GAT_Optimised,3,0,32,64,0.0001,0.3,0.6397370943447898
GAT_Optimised,3,0,32,64,0.0001,0.4,0.6368615637409283
GAT_Optimised,3,0,32,64,0.0001,0.5,0.6346706832808435
GAT_Optimised,3,0,32,64,1e-05,0.1,0.37710529919211283
GAT_Optimised,3,0,32,64,1e-05,0.2,0.3757359989045598
GAT_Optimised,3,0,32,64,1e-05,0.3,0.376283719019581
GAT_Optimised,3,0,32,64,1e-05,0.4,0.3758729289333151
GAT_Optimised,3,0,32,64,1e-05,0.5,0.3771052991921129
GAT_Optimised,3,0,32,128,0.001,0.1,0.6271395316993016
GAT_Optimised,3,0,32,128,0.001,0.2,0.6178282897439409
GAT_Optimised,3,0,32,128,0.001,0.3,0.6528823771052993
GAT_Optimised,3,0,32,128,0.001,0.4,0.6538408873065864
GAT_Optimised,3,0,32,128,0.001,0.5,0.653703957277831
GAT_Optimised,3,0,32,128,0.0001,0.1,0.6285088319868547
GAT_Optimised,3,0,32,128,0.0001,0.2,0.6291934821306313
GAT_Optimised,3,0,32,128,0.0001,0.3,0.629056552101876
GAT_Optimised,3,0,32,128,0.0001,0.4,0.629056552101876
GAT_Optimised,3,0,32,128,0.0001,0.5,0.6287826920443653
GAT_Optimised,3,0,32,128,1e-05,0.1,0.5967410653156237
GAT_Optimised,3,0,32,128,1e-05,0.2,0.5966041352868685
GAT_Optimised,3,0,32,128,1e-05,0.3,0.596877995344379
GAT_Optimised,3,0,32,128,1e-05,0.4,0.5961933452006025
GAT_Optimised,3,0,32,128,1e-05,0.5,0.5966041352868684
GAT_Optimised,3,0,32,256,0.001,0.1,0.6415171847186087
GAT_Optimised,3,0,32,256,0.001,0.2,0.6428864850061619
GAT_Optimised,3,0,32,256,0.001,0.3,0.6282349719293441
GAT_Optimised,3,0,32,256,0.001,0.4,0.6508284266739696
GAT_Optimised,3,0,32,256,0.001,0.5,0.6490483363001507
GAT_Optimised,3,0,32,256,0.0001,0.1,0.6471313158975763
GAT_Optimised,3,0,32,256,0.0001,0.2,0.6472682459263317
GAT_Optimised,3,0,32,256,0.0001,0.3,0.6450773654662467
GAT_Optimised,3,0,32,256,0.0001,0.4,0.6485006161851296
GAT_Optimised,3,0,32,256,0.0001,0.5,0.6486375462138848
GAT_Optimised,3,0,32,256,1e-05,0.1,0.6380939339997261
GAT_Optimised,3,0,32,256,1e-05,0.2,0.6378200739422156
GAT_Optimised,3,0,32,256,1e-05,0.3,0.6382308640284815
GAT_Optimised,3,0,32,256,1e-05,0.4,0.6383677940572369
GAT_Optimised,3,0,32,256,1e-05,0.5,0.639326304258524
GAT_Optimised,3,0,64,64,0.001,0.1,0.6535670272490757
GAT_Optimised,3,0,64,64,0.001,0.2,0.6493221963576613
GAT_Optimised,3,0,64,64,0.001,0.3,0.6479528960701082
GAT_Optimised,3,0,64,64,0.001,0.4,0.6534300972203205
GAT_Optimised,3,0,64,64,0.001,0.5,0.6513761467889908
GAT_Optimised,3,0,64,64,0.0001,0.1,0.6012597562645488
GAT_Optimised,3,0,64,64,0.0001,0.2,0.5955086950568259
GAT_Optimised,3,0,64,64,0.0001,0.3,0.5971518554018896
GAT_Optimised,3,0,64,64,0.0001,0.4,0.5829111324113379
GAT_Optimised,3,0,64,64,0.0001,0.5,0.5815418321237849
GAT_Optimised,3,0,64,64,1e-05,0.1,0.36368615637409285
GAT_Optimised,3,0,64,64,1e-05,0.2,0.362864576201561
GAT_Optimised,3,0,64,64,1e-05,0.3,0.36300150623031635
GAT_Optimised,3,0,64,64,1e-05,0.4,0.3631384362590716
GAT_Optimised,3,0,64,64,1e-05,0.5,0.363275366287827
GAT_Optimised,3,0,64,128,0.001,0.1,0.6338491031083118
GAT_Optimised,3,0,64,128,0.001,0.2,0.6352184033958649
GAT_Optimised,3,0,64,128,0.001,0.3,0.6341229631658223
GAT_Optimised,3,0,64,128,0.001,0.4,0.6323428727920033
GAT_Optimised,3,0,64,128,0.001,0.5,0.6389155141722581
GAT_Optimised,3,0,64,128,0.0001,0.1,0.6267287416130358
GAT_Optimised,3,0,64,128,0.0001,0.2,0.6270026016705463
GAT_Optimised,3,0,64,128,0.0001,0.3,0.6252225112967273
GAT_Optimised,3,0,64,128,0.0001,0.4,0.6260440914692592
GAT_Optimised,3,0,64,128,0.0001,0.5,0.6257702314117487
GAT_Optimised,3,0,64,128,1e-05,0.1,0.5733260303984664
GAT_Optimised,3,0,64,128,1e-05,0.2,0.5733260303984664
GAT_Optimised,3,0,64,128,1e-05,0.3,0.5730521703409558
GAT_Optimised,3,0,64,128,1e-05,0.4,0.573599890455977
GAT_Optimised,3,0,64,128,1e-05,0.5,0.5733260303984664
GAT_Optimised,3,0,64,256,0.001,0.1,0.6385047240859922
GAT_Optimised,3,0,64,256,0.001,0.2,0.6409694646035875
GAT_Optimised,3,0,64,256,0.001,0.3,0.6409694646035876
GAT_Optimised,3,0,64,256,0.001,0.4,0.653703957277831
GAT_Optimised,3,0,64,256,0.001,0.5,0.6526085170477887
GAT_Optimised,3,0,64,256,0.0001,0.1,0.646035875667534
GAT_Optimised,3,0,64,256,0.0001,0.2,0.6489114062713954
GAT_Optimised,3,0,64,256,0.0001,0.3,0.6491852663289059
GAT_Optimised,3,0,64,256,0.0001,0.4,0.6479528960701082
GAT_Optimised,3,0,64,256,0.0001,0.5,0.6479528960701082
GAT_Optimised,3,0,64,256,1e-05,0.1,0.6369984937696839
GAT_Optimised,3,0,64,256,1e-05,0.2,0.6367246337121732
GAT_Optimised,3,0,64,256,1e-05,0.3,0.6368615637409285
GAT_Optimised,3,0,64,256,1e-05,0.4,0.6367246337121732
GAT_Optimised,3,0,64,256,1e-05,0.5,0.636176913597152
GAT_Optimised,3,0,128,64,0.001,0.1,0.6515130768177462
GAT_Optimised,3,0,128,64,0.001,0.2,0.6517869368752568
GAT_Optimised,3,0,128,64,0.001,0.3,0.6532931671915652
GAT_Optimised,3,0,128,64,0.001,0.4,0.654114747364097
GAT_Optimised,3,0,128,64,0.001,0.5,0.6501437765301932
GAT_Optimised,3,0,128,64,0.0001,0.1,0.4815829111324113
GAT_Optimised,3,0,128,64,0.0001,0.2,0.48322607147747504
GAT_Optimised,3,0,128,64,0.0001,0.3,0.486375462138847
GAT_Optimised,3,0,128,64,0.0001,0.4,0.4807613309598795
GAT_Optimised,3,0,128,64,0.0001,0.5,0.46405586745173216
GAT_Optimised,3,0,128,64,1e-05,0.1,0.35848281528139125
GAT_Optimised,3,0,128,64,1e-05,0.2,0.35861974531014656
GAT_Optimised,3,0,128,64,1e-05,0.3,0.35834588525263594
GAT_Optimised,3,0,128,64,1e-05,0.4,0.35820895522388063
GAT_Optimised,3,0,128,64,1e-05,0.5,0.35855128029576894
GAT_Optimised,3,0,128,128,0.001,0.1,0.6360399835683965
GAT_Optimised,3,0,128,128,0.001,0.2,0.6376831439134603
GAT_Optimised,3,0,128,128,0.001,0.3,0.6334383130220458
GAT_Optimised,3,0,128,128,0.001,0.4,0.6319320827057374
GAT_Optimised,3,0,128,128,0.001,0.5,0.6306997124469397
GAT_Optimised,3,0,128,128,0.0001,0.1,0.6235793509516637
GAT_Optimised,3,0,128,128,0.0001,0.2,0.6242640010954403
GAT_Optimised,3,0,128,128,0.0001,0.3,0.6237162809804191
GAT_Optimised,3,0,128,128,0.0001,0.4,0.6239901410379296
GAT_Optimised,3,0,128,128,0.0001,0.5,0.6226208407503766
GAT_Optimised,3,0,128,128,1e-05,0.1,0.5527865260851705
GAT_Optimised,3,0,128,128,1e-05,0.2,0.5530603861426812
GAT_Optimised,3,0,128,128,1e-05,0.3,0.5529234561139258
GAT_Optimised,3,0,128,128,1e-05,0.4,0.553060386142681
GAT_Optimised,3,0,128,128,1e-05,0.5,0.5525126660276599
GAT_Optimised,3,0,128,256,0.001,0.1,0.641106394632343
GAT_Optimised,3,0,128,256,0.001,0.2,0.6427495549774065
GAT_Optimised,3,0,128,256,0.001,0.3,0.6431603450636725
GAT_Optimised,3,0,128,256,0.001,0.4,0.6379570039709708
GAT_Optimised,3,0,128,256,0.001,0.5,0.6430234150349172
GAT_Optimised,3,0,128,256,0.0001,0.1,0.6452142954950021
GAT_Optimised,3,0,128,256,0.0001,0.2,0.6446665753799808
GAT_Optimised,3,0,128,256,0.0001,0.3,0.6445296453512256
GAT_Optimised,3,0,128,256,0.0001,0.4,0.6441188552649596
GAT_Optimised,3,0,128,256,0.0001,0.5,0.6453512255237573
GAT_Optimised,3,0,128,256,1e-05,0.1,0.6334383130220458
GAT_Optimised,3,0,128,256,1e-05,0.2,0.6323428727920032
GAT_Optimised,3,0,128,256,1e-05,0.3,0.6324798028207587
GAT_Optimised,3,0,128,256,1e-05,0.4,0.6323428727920033
GAT_Optimised,3,0,128,256,1e-05,0.5,0.6322059427632479
GAT_Optimised,3,1,32,64,0.001,0.1,0.6230191826522102
GAT_Optimised,3,1,32,64,0.001,0.2,0.6264247984431471
GAT_Optimised,3,1,32,64,0.001,0.3,0.6184320266889075
GAT_Optimised,3,1,32,64,0.001,0.4,0.621351125938282
GAT_Optimised,3,1,32,64,0.001,0.5,0.6208646093967195
GAT_Optimised,3,1,32,64,0.0001,0.1,0.6084931887684182
GAT_Optimised,3,1,32,64,0.0001,0.2,0.6093272171253823
GAT_Optimised,3,1,32,64,0.0001,0.3,0.6063386155129274
GAT_Optimised,3,1,32,64,0.0001,0.4,0.6050875729774813
GAT_Optimised,3,1,32,64,0.0001,0.5,0.6125938281901585
GAT_Optimised,3,1,32,64,1e-05,0.1,0.3597442313038643
GAT_Optimised,3,1,32,64,1e-05,0.2,0.35960522657770366
GAT_Optimised,3,1,32,64,1e-05,0.3,0.3603002502085071
GAT_Optimised,3,1,32,64,1e-05,0.4,0.3553655824298026
GAT_Optimised,3,1,32,64,1e-05,0.5,0.3572421462329719
GAT_Optimised,3,1,32,128,0.001,0.1,0.6367806505421185
GAT_Optimised,3,1,32,128,0.001,0.2,0.6115512927439534
GAT_Optimised,3,1,32,128,0.001,0.3,0.6075201556852934
GAT_Optimised,3,1,32,128,0.001,0.4,0.6155824298026134
GAT_Optimised,3,1,32,128,0.001,0.5,0.5979288295802057
GAT_Optimised,3,1,32,128,0.0001,0.1,0.6531832082290798
GAT_Optimised,3,1,32,128,0.0001,0.2,0.6524881845982764
GAT_Optimised,3,1,32,128,0.0001,0.3,0.6526271893244371
GAT_Optimised,3,1,32,128,0.0001,0.4,0.6531137058659995
GAT_Optimised,3,1,32,128,0.0001,0.5,0.6542952460383653
GAT_Optimised,3,1,32,128,1e-05,0.1,0.5994578815679733
GAT_Optimised,3,1,32,128,1e-05,0.2,0.5996663886572144
GAT_Optimised,3,1,32,128,1e-05,0.3,0.6003614122880178
GAT_Optimised,3,1,32,128,1e-05,0.4,0.5999443981095357
GAT_Optimised,3,1,32,128,1e-05,0.5,0.5996663886572144
GAT_Optimised,3,1,32,256,0.001,0.1,0.6148179038087294
GAT_Optimised,3,1,32,256,0.001,0.2,0.629204892966361
GAT_Optimised,3,1,32,256,0.001,0.3,0.6148874061718099
GAT_Optimised,3,1,32,256,0.001,0.4,0.6176675006950236
GAT_Optimised,3,1,32,256,0.001,0.5,0.619544064498193
GAT_Optimised,3,1,32,256,0.0001,0.1,0.6340005560189046
GAT_Optimised,3,1,32,256,0.0001,0.2,0.6330275229357799
GAT_Optimised,3,1,32,256,0.0001,0.3,0.6353211009174312
GAT_Optimised,3,1,32,256,0.0001,0.4,0.6334445371142619
GAT_Optimised,3,1,32,256,0.0001,0.5,0.6341395607450654
GAT_Optimised,3,1,32,256,1e-05,0.1,0.6369196552682791
GAT_Optimised,3,1,32,256,1e-05,0.2,0.6362246316374758
GAT_Optimised,3,1,32,256,1e-05,0.3,0.6373366694467613
GAT_Optimised,3,1,32,256,1e-05,0.4,0.6368501529051989
GAT_Optimised,3,1,32,256,1e-05,0.5,0.6365026410897971
GAT_Optimised,3,1,64,64,0.001,0.1,0.6396302474284126
GAT_Optimised,3,1,64,64,0.001,0.2,0.6355296080066722
GAT_Optimised,3,1,64,64,0.001,0.3,0.6249652488184598
GAT_Optimised,3,1,64,64,0.001,0.4,0.6264943008062275
GAT_Optimised,3,1,64,64,0.001,0.5,0.6401167639699751
GAT_Optimised,3,1,64,64,0.0001,0.1,0.5424659438420907
GAT_Optimised,3,1,64,64,0.0001,0.2,0.5457325549068669
GAT_Optimised,3,1,64,64,0.0001,0.3,0.5439254934667779
GAT_Optimised,3,1,64,64,0.0001,0.4,0.5422574367528497
GAT_Optimised,3,1,64,64,0.0001,0.5,0.5347511815401723
GAT_Optimised,3,1,64,64,1e-05,0.1,0.35168195718654427
GAT_Optimised,3,1,64,64,1e-05,0.2,0.3514734500973033
GAT_Optimised,3,1,64,64,1e-05,0.3,0.351403947734223
GAT_Optimised,3,1,64,64,1e-05,0.4,0.35098693355574084
GAT_Optimised,3,1,64,64,1e-05,0.5,0.351820961912705
GAT_Optimised,3,1,64,128,0.001,0.1,0.6434528773978316
GAT_Optimised,3,1,64,128,0.001,0.2,0.6206561023074785
GAT_Optimised,3,1,64,128,0.001,0.3,0.6134973589102031
GAT_Optimised,3,1,64,128,0.001,0.4,0.6380316930775648
GAT_Optimised,3,1,64,128,0.001,0.5,0.643313872671671
GAT_Optimised,3,1,64,128,0.0001,0.1,0.6512371420628302
GAT_Optimised,3,1,64,128,0.0001,0.2,0.6515151515151516
GAT_Optimised,3,1,64,128,0.0001,0.3,0.6505421184320267
GAT_Optimised,3,1,64,128,0.0001,0.4,0.652210175145955
GAT_Optimised,3,1,64,128,0.0001,0.5,0.651793160967473
GAT_Optimised,3,1,64,128,1e-05,0.1,0.5763135946622185
GAT_Optimised,3,1,64,128,1e-05,0.2,0.5762440922991382
GAT_Optimised,3,1,64,128,1e-05,0.3,0.5757575757575757
GAT_Optimised,3,1,64,128,1e-05,0.4,0.5753405615790937
GAT_Optimised,3,1,64,128,1e-05,0.5,0.5757575757575758
GAT_Optimised,3,1,64,256,0.001,0.1,0.6268418126216292
GAT_Optimised,3,1,64,256,0.001,0.2,0.6256602724492633
GAT_Optimised,3,1,64,256,0.001,0.3,0.6244092299138171
GAT_Optimised,3,1,64,256,0.001,0.4,0.623783708646094
GAT_Optimised,3,1,64,256,0.001,0.5,0.6303864331387268
GAT_Optimised,3,1,64,256,0.0001,0.1,0.637475674172922
GAT_Optimised,3,1,64,256,0.0001,0.2,0.6371976647206006
GAT_Optimised,3,1,64,256,0.0001,0.3,0.637892688351404
GAT_Optimised,3,1,64,256,0.0001,0.4,0.6331665276619406
GAT_Optimised,3,1,64,256,0.0001,0.5,0.6370586599944399
GAT_Optimised,3,1,64,256,1e-05,0.1,0.6376841812621629
GAT_Optimised,3,1,64,256,1e-05,0.2,0.6382402001668056
GAT_Optimised,3,1,64,256,1e-05,0.3,0.638101195440645
GAT_Optimised,3,1,64,256,1e-05,0.4,0.6388657214345288
GAT_Optimised,3,1,64,256,1e-05,0.5,0.6394217403391715
GAT_Optimised,3,1,128,64,0.001,0.1,0.6300389213233251
GAT_Optimised,3,1,128,64,0.001,0.2,0.6474840144564915
GAT_Optimised,3,1,128,64,0.001,0.3,0.6382402001668058
GAT_Optimised,3,1,128,64,0.001,0.4,0.643730886850153
GAT_Optimised,3,1,128,64,0.001,0.5,0.6464414790102864
GAT_Optimised,3,1,128,64,0.0001,0.1,0.4456491520711704
GAT_Optimised,3,1,128,64,0.0001,0.2,0.4441896024464832
GAT_Optimised,3,1,128,64,0.0001,0.3,0.4448846260772866
GAT_Optimised,3,1,128,64,0.0001,0.4,0.4459271615234918
GAT_Optimised,3,1,128,64,0.0001,0.5,0.4470391993327773
GAT_Optimised,3,1,128,64,1e-05,0.1,0.3493188768418126
GAT_Optimised,3,1,128,64,1e-05,0.2,0.3494578815679733
GAT_Optimised,3,1,128,64,1e-05,0.3,0.3492493744787323
GAT_Optimised,3,1,128,64,1e-05,0.4,0.34938837920489296
GAT_Optimised,3,1,128,64,1e-05,0.5,0.3494578815679733
GAT_Optimised,3,1,128,128,0.001,0.1,0.6541562413122046
GAT_Optimised,3,1,128,128,0.001,0.2,0.6545732554906867
GAT_Optimised,3,1,128,128,0.001,0.3,0.6577703641923826
GAT_Optimised,3,1,128,128,0.001,0.4,0.6525576869613567
GAT_Optimised,3,1,128,128,0.001,0.5,0.6543647484014458
GAT_Optimised,3,1,128,128,0.0001,0.1,0.6385877119822074
GAT_Optimised,3,1,128,128,0.0001,0.2,0.6381706978037253
GAT_Optimised,3,1,128,128,0.0001,0.3,0.6391437308868503
GAT_Optimised,3,1,128,128,0.0001,0.4,0.637892688351404
GAT_Optimised,3,1,128,128,0.0001,0.5,0.6389352237976091
GAT_Optimised,3,1,128,128,1e-05,0.1,0.5594940227967751
GAT_Optimised,3,1,128,128,1e-05,0.2,0.5593550180706145
GAT_Optimised,3,1,128,128,1e-05,0.3,0.5603280511537393
GAT_Optimised,3,1,128,128,1e-05,0.4,0.5601195440644982
GAT_Optimised,3,1,128,128,1e-05,0.5,0.5597720322490966
GAT_Optimised,3,1,128,256,0.001,0.1,0.6257297748123436
GAT_Optimised,3,1,128,256,0.001,0.2,0.623575201556853
GAT_Optimised,3,1,128,256,0.001,0.3,0.6269113149847094
GAT_Optimised,3,1,128,256,0.001,0.4,0.623992215735335
GAT_Optimised,3,1,128,256,0.001,0.5,0.626216291353906
GAT_Optimised,3,1,128,256,0.0001,0.1,0.6362941340005561
GAT_Optimised,3,1,128,256,0.0001,0.2,0.6355296080066721
GAT_Optimised,3,1,128,256,0.0001,0.3,0.6362941340005561
GAT_Optimised,3,1,128,256,0.0001,0.4,0.6367806505421185
GAT_Optimised,3,1,128,256,0.0001,0.5,0.6366416458159578
GAT_Optimised,3,1,128,256,1e-05,0.1,0.6351820961912704
GAT_Optimised,3,1,128,256,1e-05,0.2,0.6346955796497081
GAT_Optimised,3,1,128,256,1e-05,0.3,0.6348345843758688
GAT_Optimised,3,1,128,256,1e-05,0.4,0.6344175701973866
GAT_Optimised,3,1,128,256,1e-05,0.5,0.6349735891020295
GAT_Optimised,3,2,32,64,0.001,0.1,0.5289129830414234
GAT_Optimised,3,2,32,64,0.001,0.2,0.5276619405059773
GAT_Optimised,3,2,32,64,0.001,0.3,0.5795107033639144
GAT_Optimised,3,2,32,64,0.001,0.4,0.5850708924103419
GAT_Optimised,3,2,32,64,0.001,0.5,0.5768696135668613
GAT_Optimised,3,2,32,64,0.0001,0.1,0.5430914651098138
GAT_Optimised,3,2,32,64,0.0001,0.2,0.542118432026689
GAT_Optimised,3,2,32,64,0.0001,0.3,0.5418404225743676
GAT_Optimised,3,2,32,64,0.0001,0.4,0.5354462051709759
GAT_Optimised,3,2,32,64,0.0001,0.5,0.5357242146232972
GAT_Optimised,3,2,32,64,1e-05,0.1,0.455240478176258
GAT_Optimised,3,2,32,64,1e-05,0.2,0.45593550180706144
GAT_Optimised,3,2,32,64,1e-05,0.3,0.45593550180706144
GAT_Optimised,3,2,32,64,1e-05,0.4,0.4536419238254101
GAT_Optimised,3,2,32,64,1e-05,0.5,0.45454545454545453
GAT_Optimised,3,2,32,128,0.001,0.1,0.534056157909369
GAT_Optimised,3,2,32,128,0.001,0.2,0.5348901862663331
GAT_Optimised,3,2,32,128,0.001,0.3,0.542952460383653
GAT_Optimised,3,2,32,128,0.001,0.4,0.5432304698359744
GAT_Optimised,3,2,32,128,0.001,0.5,0.5369752571587434
GAT_Optimised,3,2,32,128,0.0001,0.1,0.526827912149013
GAT_Optimised,3,2,32,128,0.0001,0.2,0.5273839310536558
GAT_Optimised,3,2,32,128,0.0001,0.3,0.5278009452321378
GAT_Optimised,3,2,32,128,0.0001,0.4,0.5283569641367807
GAT_Optimised,3,2,32,128,0.0001,0.5,0.5273839310536559
GAT_Optimised,3,2,32,128,1e-05,0.1,0.4809563525159855
GAT_Optimised,3,2,32,128,1e-05,0.2,0.4806783430636642
GAT_Optimised,3,2,32,128,1e-05,0.3,0.4806783430636642
GAT_Optimised,3,2,32,128,1e-05,0.4,0.4797053099805394
GAT_Optimised,3,2,32,128,1e-05,0.5,0.47998331943286077
GAT_Optimised,3,2,32,256,0.001,0.1,0.5109813733666945
GAT_Optimised,3,2,32,256,0.001,0.2,0.5222407561857103
GAT_Optimised,3,2,32,256,0.001,0.3,0.5653322212955241
GAT_Optimised,3,2,32,256,0.001,0.4,0.558659994439811
GAT_Optimised,3,2,32,256,0.001,0.5,0.5259938837920489
GAT_Optimised,3,2,32,256,0.0001,0.1,0.5517097581317765
GAT_Optimised,3,2,32,256,0.0001,0.2,0.5517097581317765
GAT_Optimised,3,2,32,256,0.0001,0.3,0.5511537392271337
GAT_Optimised,3,2,32,256,0.0001,0.4,0.5489296636085625
GAT_Optimised,3,2,32,256,0.0001,0.5,0.5530998053933833
GAT_Optimised,3,2,32,256,1e-05,0.1,0.5654712260216848
GAT_Optimised,3,2,32,256,1e-05,0.2,0.5672782874617738
GAT_Optimised,3,2,32,256,1e-05,0.3,0.5678343063664164
GAT_Optimised,3,2,32,256,1e-05,0.4,0.5674172921879344
GAT_Optimised,3,2,32,256,1e-05,0.5,0.5696413678065055
GAT_Optimised,3,2,64,64,0.001,0.1,0.5674172921879345
GAT_Optimised,3,2,64,64,0.001,0.2,0.546149569085349
GAT_Optimised,3,2,64,64,0.001,0.3,0.5603280511537392
GAT_Optimised,3,2,64,64,0.001,0.4,0.5383653044203502
GAT_Optimised,3,2,64,64,0.001,0.5,0.5583819849874896
GAT_Optimised,3,2,64,64,0.0001,0.1,0.5157075340561579
GAT_Optimised,3,2,64,64,0.0001,0.2,0.5157075340561579
GAT_Optimised,3,2,64,64,0.0001,0.3,0.5134834584375869
GAT_Optimised,3,2,64,64,0.0001,0.4,0.5159855435084792
GAT_Optimised,3,2,64,64,0.0001,0.5,0.5083402835696413
GAT_Optimised,3,2,64,64,1e-05,0.1,0.440922991381707
GAT_Optimised,3,2,64,64,1e-05,0.2,0.44106199610786767
GAT_Optimised,3,2,64,64,1e-05,0.3,0.4410619961078677
GAT_Optimised,3,2,64,64,1e-05,0.4,0.44189602446483184
GAT_Optimised,3,2,64,64,1e-05,0.5,0.44273005282179595
GAT_Optimised,3,2,64,128,0.001,0.1,0.5412844036697247
GAT_Optimised,3,2,64,128,0.001,0.2,0.5419794273005282
GAT_Optimised,3,2,64,128,0.001,0.3,0.5415624131220461
GAT_Optimised,3,2,64,128,0.001,0.4,0.5415624131220461
GAT_Optimised,3,2,64,128,0.001,0.5,0.5403113705866
GAT_Optimised,3,2,64,128,0.0001,0.1,0.522796775090353
GAT_Optimised,3,2,64,128,0.0001,0.2,0.5236308034473173
GAT_Optimised,3,2,64,128,0.0001,0.3,0.5243258270781207
GAT_Optimised,3,2,64,128,0.0001,0.4,0.5248818459827634
GAT_Optimised,3,2,64,128,0.0001,0.5,0.5240478176257992
GAT_Optimised,3,2,64,128,1e-05,0.1,0.45107033639143734
GAT_Optimised,3,2,64,128,1e-05,0.2,0.45107033639143734
GAT_Optimised,3,2,64,128,1e-05,0.3,0.45023630803447323
GAT_Optimised,3,2,64,128,1e-05,0.4,0.4514873505699194
GAT_Optimised,3,2,64,128,1e-05,0.5,0.44968028912983043
GAT_Optimised,3,2,64,256,0.001,0.1,0.5514317486794551
GAT_Optimised,3,2,64,256,0.001,0.2,0.5476786210731165
GAT_Optimised,3,2,64,256,0.001,0.3,0.5497636919655269
GAT_Optimised,3,2,64,256,0.001,0.4,0.5653322212955241
GAT_Optimised,3,2,64,256,0.001,0.5,0.5350291909924938
GAT_Optimised,3,2,64,256,0.0001,0.1,0.5511537392271337
GAT_Optimised,3,2,64,256,0.0001,0.2,0.5496246872393662
GAT_Optimised,3,2,64,256,0.0001,0.3,0.5507367250486517
GAT_Optimised,3,2,64,256,0.0001,0.4,0.5501807061440089
GAT_Optimised,3,2,64,256,0.0001,0.5,0.5524047817625799
GAT_Optimised,3,2,64,256,1e-05,0.1,0.5681123158187379
GAT_Optimised,3,2,64,256,1e-05,0.2,0.567139282735613
GAT_Optimised,3,2,64,256,1e-05,0.3,0.5671392827356131
GAT_Optimised,3,2,64,256,1e-05,0.4,0.567556296914095
GAT_Optimised,3,2,64,256,1e-05,0.5,0.5672782874617737
GAT_Optimised,3,2,128,64,0.001,0.1,0.5519877675840978
GAT_Optimised,3,2,128,64,0.001,0.2,0.5517097581317765
GAT_Optimised,3,2,128,64,0.001,0.3,0.5487906588824021
GAT_Optimised,3,2,128,64,0.001,0.4,0.5490686683347235
GAT_Optimised,3,2,128,64,0.001,0.5,0.554628857381151
GAT_Optimised,3,2,128,64,0.0001,0.1,0.505421184320267
GAT_Optimised,3,2,128,64,0.0001,0.2,0.5073672504865165
GAT_Optimised,3,2,128,64,0.0001,0.3,0.4962468723936614
GAT_Optimised,3,2,128,64,0.0001,0.4,0.4980539338337504
GAT_Optimised,3,2,128,64,0.0001,0.5,0.49763691965526835
GAT_Optimised,3,2,128,64,1e-05,0.1,0.43814289685849317
GAT_Optimised,3,2,128,64,1e-05,0.2,0.43772588268001117
GAT_Optimised,3,2,128,64,1e-05,0.3,0.43814289685849317
GAT_Optimised,3,2,128,64,1e-05,0.4,0.4364748401445649
GAT_Optimised,3,2,128,64,1e-05,0.5,0.43855991103697534
GAT_Optimised,3,2,128,128,0.001,0.1,0.5364192382541008
GAT_Optimised,3,2,128,128,0.001,0.2,0.538921323324993
GAT_Optimised,3,2,128,128,0.001,0.3,0.5412844036697247
GAT_Optimised,3,2,128,128,0.001,0.4,0.5475396163469558
GAT_Optimised,3,2,128,128,0.001,0.5,0.5418404225743675
GAT_Optimised,3,2,128,128,0.0001,0.1,0.5187656380316931
GAT_Optimised,3,2,128,128,0.0001,0.2,0.5191826522101752
GAT_Optimised,3,2,128,128,0.0001,0.3,0.5176536002224076
GAT_Optimised,3,2,128,128,0.0001,0.4,0.5187656380316931
GAT_Optimised,3,2,128,128,0.0001,0.5,0.5180706144008896
GAT_Optimised,3,2,128,128,1e-05,0.1,0.4238254100639422
GAT_Optimised,3,2,128,128,1e-05,0.2,0.4238254100639422
GAT_Optimised,3,2,128,128,1e-05,0.3,0.42326939115929946
GAT_Optimised,3,2,128,128,1e-05,0.4,0.4236864053377815
GAT_Optimised,3,2,128,128,1e-05,0.5,0.4235474006116208
GAT_Optimised,3,2,128,256,0.001,0.1,0.5404503753127606
GAT_Optimised,3,2,128,256,0.001,0.2,0.540728384765082
GAT_Optimised,3,2,128,256,0.001,0.3,0.5464275785376703
GAT_Optimised,3,2,128,256,0.001,0.4,0.5376702807895468
GAT_Optimised,3,2,128,256,0.001,0.5,0.5387823185988324
GAT_Optimised,3,2,128,256,0.0001,0.1,0.545176536002224
GAT_Optimised,3,2,128,256,0.0001,0.2,0.546983597442313
GAT_Optimised,3,2,128,256,0.0001,0.3,0.5454545454545455
GAT_Optimised,3,2,128,256,0.0001,0.4,0.546566583263831
GAT_Optimised,3,2,128,256,0.0001,0.5,0.5765916041145399
GAT_Optimised,3,2,128,256,1e-05,0.1,0.5802057269947178
GAT_Optimised,3,2,128,256,1e-05,0.2,0.5802057269947178
GAT_Optimised,3,2,128,256,1e-05,0.3,0.5797887128162357
GAT_Optimised,3,2,128,256,1e-05,0.4,0.581039755351682
GAT_Optimised,3,2,128,256,1e-05,0.5,0.5822907978871282
GAT_Optimised,3,3,32,64,0.001,0.1,0.6257600884466556
GAT_Optimised,3,3,32,64,0.001,0.2,0.6185737976782751
GAT_Optimised,3,3,32,64,0.001,0.3,0.6213377556661138
GAT_Optimised,3,3,32,64,0.001,0.4,0.5992260917634052
GAT_Optimised,3,3,32,64,0.001,0.5,0.6111111111111112
GAT_Optimised,3,3,32,64,0.0001,0.1,0.5876174682144831
GAT_Optimised,3,3,32,64,0.0001,0.2,0.6004698728579325
GAT_Optimised,3,3,32,64,0.0001,0.3,0.5975677169707021
GAT_Optimised,3,3,32,64,0.0001,0.4,0.5888612493090105
GAT_Optimised,3,3,32,64,0.0001,0.5,0.6026810392482034
GAT_Optimised,3,3,32,64,1e-05,0.1,0.38695411829740184
GAT_Optimised,3,3,32,64,1e-05,0.2,0.38695411829740184
GAT_Optimised,3,3,32,64,1e-05,0.3,0.3862631288004422
GAT_Optimised,3,3,32,64,1e-05,0.4,0.38543394140409065
GAT_Optimised,3,3,32,64,1e-05,0.5,0.3869541182974019
GAT_Optimised,3,3,32,128,0.001,0.1,0.6514648977335544
GAT_Optimised,3,3,32,128,0.001,0.2,0.650497512437811
GAT_Optimised,3,3,32,128,0.001,0.3,0.6492537313432836
GAT_Optimised,3,3,32,128,0.001,0.4,0.6504975124378108
GAT_Optimised,3,3,32,128,0.001,0.5,0.652155887230514
GAT_Optimised,3,3,32,128,0.0001,0.1,0.6437258153676063
GAT_Optimised,3,3,32,128,0.0001,0.2,0.6441404090657823
GAT_Optimised,3,3,32,128,0.0001,0.3,0.6440022111663902
GAT_Optimised,3,3,32,128,0.0001,0.4,0.6420674405749033
GAT_Optimised,3,3,32,128,0.0001,0.5,0.6438640132669982
GAT_Optimised,3,3,32,128,1e-05,0.1,0.5750414593698175
GAT_Optimised,3,3,32,128,1e-05,0.2,0.5754560530679934
GAT_Optimised,3,3,32,128,1e-05,0.3,0.5747650635710336
GAT_Optimised,3,3,32,128,1e-05,0.4,0.5754560530679934
GAT_Optimised,3,3,32,128,1e-05,0.5,0.5744886677722498
GAT_Optimised,3,3,32,256,0.001,0.1,0.6153952459922609
GAT_Optimised,3,3,32,256,0.001,0.2,0.6348811498065229
GAT_Optimised,3,3,32,256,0.001,0.3,0.6220287451630734
GAT_Optimised,3,3,32,256,0.001,0.4,0.6341901603095632
GAT_Optimised,3,3,32,256,0.001,0.5,0.607241569928137
GAT_Optimised,3,3,32,256,0.0001,0.1,0.6317025981205086
GAT_Optimised,3,3,32,256,0.0001,0.2,0.6312880044223327
GAT_Optimised,3,3,32,256,0.0001,0.3,0.6330845771144278
GAT_Optimised,3,3,32,256,0.0001,0.4,0.6339137645107794
GAT_Optimised,3,3,32,256,0.0001,0.5,0.6289386401326699
GAT_Optimised,3,3,32,256,1e-05,0.1,0.6340519624101714
GAT_Optimised,3,3,32,256,1e-05,0.2,0.6329463792150358
GAT_Optimised,3,3,32,256,1e-05,0.3,0.6329463792150358
GAT_Optimised,3,3,32,256,1e-05,0.4,0.6323935876174681
GAT_Optimised,3,3,32,256,1e-05,0.5,0.6332227750138196
GAT_Optimised,3,3,64,64,0.001,0.1,0.6325317855168602
GAT_Optimised,3,3,64,64,0.001,0.2,0.6232725262576008
GAT_Optimised,3,3,64,64,0.001,0.3,0.6174682144831398
GAT_Optimised,3,3,64,64,0.001,0.4,0.6188501934770592
GAT_Optimised,3,3,64,64,0.001,0.5,0.6200939745715864
GAT_Optimised,3,3,64,64,0.0001,0.1,0.564400221116639
GAT_Optimised,3,3,64,64,0.0001,0.2,0.5632946379215036
GAT_Optimised,3,3,64,64,0.0001,0.3,0.560392482034273
GAT_Optimised,3,3,64,64,0.0001,0.4,0.5556937534549475
GAT_Optimised,3,3,64,64,0.0001,0.5,0.5530679933665008
GAT_Optimised,3,3,64,64,1e-05,0.1,0.378800442233278
GAT_Optimised,3,3,64,64,1e-05,0.2,0.37907683803206194
GAT_Optimised,3,3,64,64,1e-05,0.3,0.37893864013267
GAT_Optimised,3,3,64,64,1e-05,0.4,0.37893864013267
GAT_Optimised,3,3,64,64,1e-05,0.5,0.37893864013267
GAT_Optimised,3,3,64,128,0.001,0.1,0.6399944720840244
GAT_Optimised,3,3,64,128,0.001,0.2,0.6368159203980099
GAT_Optimised,3,3,64,128,0.001,0.3,0.6404090657822001
GAT_Optimised,3,3,64,128,0.001,0.4,0.6381978993919293
GAT_Optimised,3,3,64,128,0.001,0.5,0.6417910447761194
GAT_Optimised,3,3,64,128,0.0001,0.1,0.6393034825870646
GAT_Optimised,3,3,64,128,0.0001,0.2,0.642620232172471
GAT_Optimised,3,3,64,128,0.0001,0.3,0.642758430071863
GAT_Optimised,3,3,64,128,0.0001,0.4,0.6430348258706468
GAT_Optimised,3,3,64,128,0.0001,0.5,0.6433112216694306
GAT_Optimised,3,3,64,128,1e-05,0.1,0.5514096185737977
GAT_Optimised,3,3,64,128,1e-05,0.2,0.5504422332780543
GAT_Optimised,3,3,64,128,1e-05,0.3,0.5504422332780542
GAT_Optimised,3,3,64,128,1e-05,0.4,0.5505804311774462
GAT_Optimised,3,3,64,128,1e-05,0.5,0.5496130458817026
GAT_Optimised,3,3,64,256,0.001,0.1,0.6126312880044225
GAT_Optimised,3,3,64,256,0.001,0.2,0.611249309010503
GAT_Optimised,3,3,64,256,0.001,0.3,0.628800442233278
GAT_Optimised,3,3,64,256,0.001,0.4,0.6149806522940852
GAT_Optimised,3,3,64,256,0.001,0.5,0.6127694859038143
GAT_Optimised,3,3,64,256,0.0001,0.1,0.6322553897180763
GAT_Optimised,3,3,64,256,0.0001,0.2,0.6315644002211166
GAT_Optimised,3,3,64,256,0.0001,0.3,0.6275566611387506
GAT_Optimised,3,3,64,256,0.0001,0.4,0.6296296296296295
GAT_Optimised,3,3,64,256,0.0001,0.5,0.6330845771144279
GAT_Optimised,3,3,64,256,1e-05,0.1,0.6290768380320619
GAT_Optimised,3,3,64,256,1e-05,0.2,0.6303206191265893
GAT_Optimised,3,3,64,256,1e-05,0.3,0.6300442233278054
GAT_Optimised,3,3,64,256,1e-05,0.4,0.6299060254284136
GAT_Optimised,3,3,64,256,1e-05,0.5,0.6312880044223327
GAT_Optimised,3,3,128,64,0.001,0.1,0.6304588170259812
GAT_Optimised,3,3,128,64,0.001,0.2,0.6402708678828082
GAT_Optimised,3,3,128,64,0.001,0.3,0.6372305140961858
GAT_Optimised,3,3,128,64,0.001,0.4,0.6393034825870645
GAT_Optimised,3,3,128,64,0.001,0.5,0.6397180762852406
GAT_Optimised,3,3,128,64,0.0001,0.1,0.46365395245992264
GAT_Optimised,3,3,128,64,0.0001,0.2,0.4650359314538419
GAT_Optimised,3,3,128,64,0.0001,0.3,0.4643449419568823
GAT_Optimised,3,3,128,64,0.0001,0.4,0.4646213377556661
GAT_Optimised,3,3,128,64,0.0001,0.5,0.4631011608623549
GAT_Optimised,3,3,128,64,1e-05,0.1,0.36788280818131563
GAT_Optimised,3,3,128,64,1e-05,0.2,0.36788280818131563
GAT_Optimised,3,3,128,64,1e-05,0.3,0.3674682144831398
GAT_Optimised,3,3,128,64,1e-05,0.4,0.36788280818131563
GAT_Optimised,3,3,128,64,1e-05,0.5,0.3673300165837479
GAT_Optimised,3,3,128,128,0.001,0.1,0.6457987838584852
GAT_Optimised,3,3,128,128,0.001,0.2,0.6420674405749032
GAT_Optimised,3,3,128,128,0.001,0.3,0.6453841901603096
GAT_Optimised,3,3,128,128,0.001,0.4,0.6417910447761195
GAT_Optimised,3,3,128,128,0.001,0.5,0.6437258153676064
GAT_Optimised,3,3,128,128,0.0001,0.1,0.6258982863460476
GAT_Optimised,3,3,128,128,0.0001,0.2,0.6257600884466554
GAT_Optimised,3,3,128,128,0.0001,0.3,0.6260364842454395
GAT_Optimised,3,3,128,128,0.0001,0.4,0.626589275843007
GAT_Optimised,3,3,128,128,0.0001,0.5,0.6264510779436152
GAT_Optimised,3,3,128,128,1e-05,0.1,0.5377280265339967
GAT_Optimised,3,3,128,128,1e-05,0.2,0.5377280265339967
GAT_Optimised,3,3,128,128,1e-05,0.3,0.5378662244333886
GAT_Optimised,3,3,128,128,1e-05,0.4,0.5378662244333886
GAT_Optimised,3,3,128,128,1e-05,0.5,0.5375898286346047
GAT_Optimised,3,3,128,256,0.001,0.1,0.6155334438916529
GAT_Optimised,3,3,128,256,0.001,0.2,0.6148424543946932
GAT_Optimised,3,3,128,256,0.001,0.3,0.6135986733001658
GAT_Optimised,3,3,128,256,0.001,0.4,0.613045881702598
GAT_Optimised,3,3,128,256,0.001,0.5,0.6116639027086788
GAT_Optimised,3,3,128,256,0.0001,0.1,0.6361249309010503
GAT_Optimised,3,3,128,256,0.0001,0.2,0.6350193477059148
GAT_Optimised,3,3,128,256,0.0001,0.3,0.6344665561083471
GAT_Optimised,3,3,128,256,0.0001,0.4,0.6369541182974019
GAT_Optimised,3,3,128,256,0.0001,0.5,0.6387506909894971
GAT_Optimised,3,3,128,256,1e-05,0.1,0.6165008291873962
GAT_Optimised,3,3,128,256,1e-05,0.2,0.6163626312880043
GAT_Optimised,3,3,128,256,1e-05,0.3,0.6170536207849638
GAT_Optimised,3,3,128,256,1e-05,0.4,0.6167772249861802
GAT_Optimised,3,3,128,256,1e-05,0.5,0.6163626312880044
GAT_Optimised,3,4,32,64,0.001,0.1,0.617330016583748
GAT_Optimised,3,4,32,64,0.001,0.2,0.6068269762299613
GAT_Optimised,3,4,32,64,0.001,0.3,0.6068269762299612
GAT_Optimised,3,4,32,64,0.001,0.4,0.6083471531232725
GAT_Optimised,3,4,32,64,0.001,0.5,0.6090381426202323
GAT_Optimised,3,4,32,64,0.0001,0.1,0.6322553897180763
GAT_Optimised,3,4,32,64,0.0001,0.2,0.6322553897180763
GAT_Optimised,3,4,32,64,0.0001,0.3,0.6299060254284135
GAT_Optimised,3,4,32,64,0.0001,0.4,0.632808181315644
GAT_Optimised,3,4,32,64,0.0001,0.5,0.6413764510779435
GAT_Optimised,3,4,32,64,1e-05,0.1,0.46862907683803207
GAT_Optimised,3,4,32,64,1e-05,0.2,0.4672470978441127
GAT_Optimised,3,4,32,64,1e-05,0.3,0.4677998894416805
GAT_Optimised,3,4,32,64,1e-05,0.4,0.466970702045329
GAT_Optimised,3,4,32,64,1e-05,0.5,0.46752349364289664
GAT_Optimised,3,4,32,128,0.001,0.1,0.628800442233278
GAT_Optimised,3,4,32,128,0.001,0.2,0.6253454947484797
GAT_Optimised,3,4,32,128,0.001,0.3,0.6238253178551686
GAT_Optimised,3,4,32,128,0.001,0.4,0.6257600884466556
GAT_Optimised,3,4,32,128,0.001,0.5,0.6256218905472636
GAT_Optimised,3,4,32,128,0.0001,0.1,0.640961857379768
GAT_Optimised,3,4,32,128,0.0001,0.2,0.6411000552791597
GAT_Optimised,3,4,32,128,0.0001,0.3,0.6405472636815921
GAT_Optimised,3,4,32,128,0.0001,0.4,0.6411000552791597
GAT_Optimised,3,4,32,128,0.0001,0.5,0.6413764510779436
GAT_Optimised,3,4,32,128,1e-05,0.1,0.6283858485351023
GAT_Optimised,3,4,32,128,1e-05,0.2,0.628800442233278
GAT_Optimised,3,4,32,128,1e-05,0.3,0.6290768380320618
GAT_Optimised,3,4,32,128,1e-05,0.4,0.6283858485351023
GAT_Optimised,3,4,32,128,1e-05,0.5,0.626727473742399
GAT_Optimised,3,4,32,256,0.001,0.1,0.622996130458817
GAT_Optimised,3,4,32,256,0.001,0.2,0.6314262023217246
GAT_Optimised,3,4,32,256,0.001,0.3,0.6317025981205087
GAT_Optimised,3,4,32,256,0.001,0.4,0.6238253178551686
GAT_Optimised,3,4,32,256,0.001,0.5,0.632669983416252
GAT_Optimised,3,4,32,256,0.0001,0.1,0.6163626312880044
GAT_Optimised,3,4,32,256,0.0001,0.2,0.6124930901050304
GAT_Optimised,3,4,32,256,0.0001,0.3,0.6147042564953014
GAT_Optimised,3,4,32,256,0.0001,0.4,0.6145660585959093
GAT_Optimised,3,4,32,256,0.0001,0.5,0.6160862354892206
GAT_Optimised,3,4,32,256,1e-05,0.1,0.6058595909342177
GAT_Optimised,3,4,32,256,1e-05,0.2,0.6064123825317855
GAT_Optimised,3,4,32,256,1e-05,0.3,0.6048922056384742
GAT_Optimised,3,4,32,256,1e-05,0.4,0.605444997236042
GAT_Optimised,3,4,32,256,1e-05,0.5,0.60530679933665
GAT_Optimised,3,4,64,64,0.001,0.1,0.615257048092869
GAT_Optimised,3,4,64,64,0.001,0.2,0.6102819237147595
GAT_Optimised,3,4,64,64,0.001,0.3,0.6077943615257049
GAT_Optimised,3,4,64,64,0.001,0.4,0.6090381426202321
GAT_Optimised,3,4,64,64,0.001,0.5,0.6069651741293532
GAT_Optimised,3,4,64,64,0.0001,0.1,0.6428966279712549
GAT_Optimised,3,4,64,64,0.0001,0.2,0.642620232172471
GAT_Optimised,3,4,64,64,0.0001,0.3,0.6381978993919293
GAT_Optimised,3,4,64,64,0.0001,0.4,0.6422056384742952
GAT_Optimised,3,4,64,64,0.0001,0.5,0.6412382531785517
GAT_Optimised,3,4,64,64,1e-05,0.1,0.44555002763957985
GAT_Optimised,3,4,64,64,1e-05,0.2,0.44541182974018795
GAT_Optimised,3,4,64,64,1e-05,0.3,0.4480375898286347
GAT_Optimised,3,4,64,64,1e-05,0.4,0.44803758982863456
GAT_Optimised,3,4,64,64,1e-05,0.5,0.4484521835268104
GAT_Optimised,3,4,64,128,0.001,0.1,0.6467661691542288
GAT_Optimised,3,4,64,128,0.001,0.2,0.6109729132117192
GAT_Optimised,3,4,64,128,0.001,0.3,0.609176340519624
GAT_Optimised,3,4,64,128,0.001,0.4,0.6120784964068546
GAT_Optimised,3,4,64,128,0.001,0.5,0.6283858485351023
GAT_Optimised,3,4,64,128,0.0001,0.1,0.6380597014925373
GAT_Optimised,3,4,64,128,0.0001,0.2,0.6379215035931454
GAT_Optimised,3,4,64,128,0.0001,0.3,0.6377833056937534
GAT_Optimised,3,4,64,128,0.0001,0.4,0.6370923161967939
GAT_Optimised,3,4,64,128,0.0001,0.5,0.6355721393034826
GAT_Optimised,3,4,64,128,1e-05,0.1,0.6137368711995577
GAT_Optimised,3,4,64,128,1e-05,0.2,0.6130458817025981
GAT_Optimised,3,4,64,128,1e-05,0.3,0.6123548922056385
GAT_Optimised,3,4,64,128,1e-05,0.4,0.6115257048092868
GAT_Optimised,3,4,64,128,1e-05,0.5,0.6120784964068546
GAT_Optimised,3,4,64,256,0.001,0.1,0.6046158098396905
GAT_Optimised,3,4,64,256,0.001,0.2,0.6058595909342177
GAT_Optimised,3,4,64,256,0.001,0.3,0.6028192371475953
GAT_Optimised,3,4,64,256,0.001,0.4,0.6058595909342178
GAT_Optimised,3,4,64,256,0.001,0.5,0.6006080707573245
GAT_Optimised,3,4,64,256,0.0001,0.1,0.6106965174129353
GAT_Optimised,3,4,64,256,0.0001,0.2,0.6101437258153676
GAT_Optimised,3,4,64,256,0.0001,0.3,0.6108347153123272
GAT_Optimised,3,4,64,256,0.0001,0.4,0.6106965174129353
GAT_Optimised,3,4,64,256,0.0001,0.5,0.6102819237147595
GAT_Optimised,3,4,64,256,1e-05,0.1,0.6057213930348259
GAT_Optimised,3,4,64,256,1e-05,0.2,0.6057213930348259
GAT_Optimised,3,4,64,256,1e-05,0.3,0.6046158098396905
GAT_Optimised,3,4,64,256,1e-05,0.4,0.6050304035378662
GAT_Optimised,3,4,64,256,1e-05,0.5,0.6053067993366501
GAT_Optimised,3,4,128,64,0.001,0.1,0.6147042564953014
GAT_Optimised,3,4,128,64,0.001,0.2,0.6135986733001659
GAT_Optimised,3,4,128,64,0.001,0.3,0.6144278606965174
GAT_Optimised,3,4,128,64,0.001,0.4,0.6147042564953014
GAT_Optimised,3,4,128,64,0.001,0.5,0.6140132669983417
GAT_Optimised,3,4,128,64,0.0001,0.1,0.6015754560530681
GAT_Optimised,3,4,128,64,0.0001,0.2,0.6057213930348259
GAT_Optimised,3,4,128,64,0.0001,0.3,0.6055831951354339
GAT_Optimised,3,4,128,64,0.0001,0.4,0.6134604754007739
GAT_Optimised,3,4,128,64,0.0001,0.5,0.6135986733001659
GAT_Optimised,3,4,128,64,1e-05,0.1,0.4333886124930901
GAT_Optimised,3,4,128,64,1e-05,0.2,0.433665008291874
GAT_Optimised,3,4,128,64,1e-05,0.3,0.43352681039248203
GAT_Optimised,3,4,128,64,1e-05,0.4,0.4333886124930901
GAT_Optimised,3,4,128,64,1e-05,0.5,0.4333886124930901
GAT_Optimised,3,4,128,128,0.001,0.1,0.6379215035931453
GAT_Optimised,3,4,128,128,0.001,0.2,0.6220287451630735
GAT_Optimised,3,4,128,128,0.001,0.3,0.6194029850746269
GAT_Optimised,3,4,128,128,0.001,0.4,0.62893864013267
GAT_Optimised,3,4,128,128,0.001,0.5,0.6292150359314539
GAT_Optimised,3,4,128,128,0.0001,0.1,0.6325317855168602
GAT_Optimised,3,4,128,128,0.0001,0.2,0.632946379215036
GAT_Optimised,3,4,128,128,0.0001,0.3,0.6326699834162519
GAT_Optimised,3,4,128,128,0.0001,0.4,0.6330845771144278
GAT_Optimised,3,4,128,128,0.0001,0.5,0.632393587617468
GAT_Optimised,3,4,128,128,1e-05,0.1,0.5902432283029297
GAT_Optimised,3,4,128,128,1e-05,0.2,0.589690436705362
GAT_Optimised,3,4,128,128,1e-05,0.3,0.5891376451077943
GAT_Optimised,3,4,128,128,1e-05,0.4,0.5889994472084025
GAT_Optimised,3,4,128,128,1e-05,0.5,0.5891376451077943
GAT_Optimised,3,4,128,256,0.001,0.1,0.595632946379215
GAT_Optimised,3,4,128,256,0.001,0.2,0.6059977888336097
GAT_Optimised,3,4,128,256,0.001,0.3,0.6087617468214482
GAT_Optimised,3,4,128,256,0.001,0.4,0.611387506909895
GAT_Optimised,3,4,128,256,0.001,0.5,0.6087617468214483
GAT_Optimised,3,4,128,256,0.0001,0.1,0.6124930901050303
GAT_Optimised,3,4,128,256,0.0001,0.2,0.6122166943062465
GAT_Optimised,3,4,128,256,0.0001,0.3,0.6122166943062465
GAT_Optimised,3,4,128,256,0.0001,0.4,0.6124930901050303
GAT_Optimised,3,4,128,256,0.0001,0.5,0.6118021006080707
GAT_Optimised,3,4,128,256,1e-05,0.1,0.6022664455500275
GAT_Optimised,3,4,128,256,1e-05,0.2,0.6025428413488115
GAT_Optimised,3,4,128,256,1e-05,0.3,0.6025428413488114
GAT_Optimised,3,4,128,256,1e-05,0.4,0.6029574350469873
GAT_Optimised,3,4,128,256,1e-05,0.5,0.6019900497512437
GraphSAGE_Optimised,0,0,32,64,0.001,0.1,0.589936057825966
GraphSAGE_Optimised,0,0,32,64,0.001,0.2,0.5895190436474841
GraphSAGE_Optimised,0,0,32,64,0.001,0.3,0.5914651098137337
GraphSAGE_Optimised,0,0,32,64,0.001,0.4,0.6144008896302475
GraphSAGE_Optimised,0,0,32,64,0.001,0.5,0.6057825966082847
GraphSAGE_Optimised,0,0,32,64,0.0001,0.1,0.5922991381706979
GraphSAGE_Optimised,0,0,32,64,0.0001,0.2,0.5914651098137337
GraphSAGE_Optimised,0,0,32,64,0.0001,0.3,0.5966082846816791
GraphSAGE_Optimised,0,0,32,64,0.0001,0.4,0.5935501807061441
GraphSAGE_Optimised,0,0,32,64,0.0001,0.5,0.591743119266055
GraphSAGE_Optimised,0,0,32,64,1e-05,0.1,0.5674172921879344
GraphSAGE_Optimised,0,0,32,64,1e-05,0.2,0.5681123158187379
GraphSAGE_Optimised,0,0,32,64,1e-05,0.3,0.5682513205448985
GraphSAGE_Optimised,0,0,32,64,1e-05,0.4,0.5678343063664166
GraphSAGE_Optimised,0,0,32,64,1e-05,0.5,0.5679733110925773
GraphSAGE_Optimised,0,0,32,128,0.001,0.1,0.6157909368918544
GraphSAGE_Optimised,0,0,32,128,0.001,0.2,0.6216291353906033
GraphSAGE_Optimised,0,0,32,128,0.001,0.3,0.6077286627745344
GraphSAGE_Optimised,0,0,32,128,0.001,0.4,0.6162079510703364
GraphSAGE_Optimised,0,0,32,128,0.001,0.5,0.6141228801779262
GraphSAGE_Optimised,0,0,32,128,0.0001,0.1,0.6113427856547122
GraphSAGE_Optimised,0,0,32,128,0.0001,0.2,0.6148179038087295
GraphSAGE_Optimised,0,0,32,128,0.0001,0.3,0.6138448707256048
GraphSAGE_Optimised,0,0,32,128,0.0001,0.4,0.6180150125104253
GraphSAGE_Optimised,0,0,32,128,0.0001,0.5,0.6162079510703364
GraphSAGE_Optimised,0,0,32,128,1e-05,0.1,0.573394495412844
GraphSAGE_Optimised,0,0,32,128,1e-05,0.2,0.5701973867111483
GraphSAGE_Optimised,0,0,32,128,1e-05,0.3,0.5706144008896303
GraphSAGE_Optimised,0,0,32,128,1e-05,0.4,0.5695023630803446
GraphSAGE_Optimised,0,0,32,128,1e-05,0.5,0.5710314150681124
GraphSAGE_Optimised,0,0,32,256,0.001,0.1,0.5870169585765916
GraphSAGE_Optimised,0,0,32,256,0.001,0.2,0.6180150125104255
GraphSAGE_Optimised,0,0,32,256,0.001,0.3,0.6209341117598
GraphSAGE_Optimised,0,0,32,256,0.001,0.4,0.6251042535446206
GraphSAGE_Optimised,0,0,32,256,0.001,0.5,0.6160689463441757
GraphSAGE_Optimised,0,0,32,256,0.0001,0.1,0.5946622185154296
GraphSAGE_Optimised,0,0,32,256,0.0001,0.2,0.5974423130386434
GraphSAGE_Optimised,0,0,32,256,0.0001,0.3,0.5974423130386434
GraphSAGE_Optimised,0,0,32,256,0.0001,0.4,0.5978593272171254
GraphSAGE_Optimised,0,0,32,256,0.0001,0.5,0.5964692799555185
GraphSAGE_Optimised,0,0,32,256,1e-05,0.1,0.6207951070336392
GraphSAGE_Optimised,0,0,32,256,1e-05,0.2,0.6202390881289964
GraphSAGE_Optimised,0,0,32,256,1e-05,0.3,0.620378092855157
GraphSAGE_Optimised,0,0,32,256,1e-05,0.4,0.6201000834028358
GraphSAGE_Optimised,0,0,32,256,1e-05,0.5,0.6198220739505144
GraphSAGE_Optimised,0,0,64,64,0.001,0.1,0.6070336391437309
GraphSAGE_Optimised,0,0,64,64,0.001,0.2,0.6082846816791772
GraphSAGE_Optimised,0,0,64,64,0.001,0.3,0.6106477620239088
GraphSAGE_Optimised,0,0,64,64,0.001,0.4,0.6114817903808729
GraphSAGE_Optimised,0,0,64,64,0.001,0.5,0.6141228801779262
GraphSAGE_Optimised,0,0,64,64,0.0001,0.1,0.5811787600778426
GraphSAGE_Optimised,0,0,64,64,0.0001,0.2,0.5807617458993606
GraphSAGE_Optimised,0,0,64,64,0.0001,0.3,0.581039755351682
GraphSAGE_Optimised,0,0,64,64,0.0001,0.4,0.5818737837086462
GraphSAGE_Optimised,0,0,64,64,0.0001,0.5,0.5825688073394497
GraphSAGE_Optimised,0,0,64,64,1e-05,0.1,0.5571309424520434
GraphSAGE_Optimised,0,0,64,64,1e-05,0.2,0.5576869613566862
GraphSAGE_Optimised,0,0,64,64,1e-05,0.3,0.5576869613566862
GraphSAGE_Optimised,0,0,64,64,1e-05,0.4,0.5575479566305254
GraphSAGE_Optimised,0,0,64,64,1e-05,0.5,0.5576869613566862
GraphSAGE_Optimised,0,0,64,128,0.001,0.1,0.6171809841534612
GraphSAGE_Optimised,0,0,64,128,0.001,0.2,0.6100917431192661
GraphSAGE_Optimised,0,0,64,128,0.001,0.3,0.5984153461217682
GraphSAGE_Optimised,0,0,64,128,0.001,0.4,0.5881289963858771
GraphSAGE_Optimised,0,0,64,128,0.001,0.5,0.5943842090631082
GraphSAGE_Optimised,0,0,64,128,0.0001,0.1,0.6251042535446205
GraphSAGE_Optimised,0,0,64,128,0.0001,0.2,0.6285793716986378
GraphSAGE_Optimised,0,0,64,128,0.0001,0.3,0.6281623575201557
GraphSAGE_Optimised,0,0,64,128,0.0001,0.4,0.6245482346399778
GraphSAGE_Optimised,0,0,64,128,0.0001,0.5,0.6248262440922991
GraphSAGE_Optimised,0,0,64,128,1e-05,0.1,0.5232137892688351
GraphSAGE_Optimised,0,0,64,128,1e-05,0.2,0.5226577703641924
GraphSAGE_Optimised,0,0,64,128,1e-05,0.3,0.5233527939949959
GraphSAGE_Optimised,0,0,64,128,1e-05,0.4,0.5208507089241035
GraphSAGE_Optimised,0,0,64,128,1e-05,0.5,0.5202946900194607
GraphSAGE_Optimised,0,0,64,256,0.001,0.1,0.6035585209897136
GraphSAGE_Optimised,0,0,64,256,0.001,0.2,0.597998331943286
GraphSAGE_Optimised,0,0,64,256,0.001,0.3,0.5985543508479289
GraphSAGE_Optimised,0,0,64,256,0.001,0.4,0.605643591882124
GraphSAGE_Optimised,0,0,64,256,0.001,0.5,0.599388379204893
GraphSAGE_Optimised,0,0,64,256,0.0001,0.1,0.5925771476230193
GraphSAGE_Optimised,0,0,64,256,0.0001,0.2,0.5932721712538227
GraphSAGE_Optimised,0,0,64,256,0.0001,0.3,0.5950792326939116
GraphSAGE_Optimised,0,0,64,256,0.0001,0.4,0.5946622185154296
GraphSAGE_Optimised,0,0,64,256,0.0001,0.5,0.5966082846816791
GraphSAGE_Optimised,0,0,64,256,1e-05,0.1,0.5964692799555186
GraphSAGE_Optimised,0,0,64,256,1e-05,0.2,0.5948012232415903
GraphSAGE_Optimised,0,0,64,256,1e-05,0.3,0.5948012232415902
GraphSAGE_Optimised,0,0,64,256,1e-05,0.4,0.5954962468723938
GraphSAGE_Optimised,0,0,64,256,1e-05,0.5,0.5943842090631081
GraphSAGE_Optimised,0,0,128,64,0.001,0.1,0.5996663886572144
GraphSAGE_Optimised,0,0,128,64,0.001,0.2,0.5996663886572143
GraphSAGE_Optimised,0,0,128,64,0.001,0.3,0.5985543508479289
GraphSAGE_Optimised,0,0,128,64,0.001,0.4,0.5988323603002503
GraphSAGE_Optimised,0,0,128,64,0.001,0.5,0.5988323603002502
GraphSAGE_Optimised,0,0,128,64,0.0001,0.1,0.5782596608284682
GraphSAGE_Optimised,0,0,128,64,0.0001,0.2,0.5797887128162358
GraphSAGE_Optimised,0,0,128,64,0.0001,0.3,0.5799277175423965
GraphSAGE_Optimised,0,0,128,64,0.0001,0.4,0.578815679733111
GraphSAGE_Optimised,0,0,128,64,0.0001,0.5,0.5836808451487351
GraphSAGE_Optimised,0,0,128,64,1e-05,0.1,0.5330831248262442
GraphSAGE_Optimised,0,0,128,64,1e-05,0.2,0.5328051153739227
GraphSAGE_Optimised,0,0,128,64,1e-05,0.3,0.5329441201000835
GraphSAGE_Optimised,0,0,128,64,1e-05,0.4,0.5328051153739228
GraphSAGE_Optimised,0,0,128,64,1e-05,0.5,0.5329441201000835
GraphSAGE_Optimised,0,0,128,128,0.001,0.1,0.6142618849040868
GraphSAGE_Optimised,0,0,128,128,0.001,0.2,0.6098137336669447
GraphSAGE_Optimised,0,0,128,128,0.001,0.3,0.6118988045593551
GraphSAGE_Optimised,0,0,128,128,0.001,0.4,0.611064776202391
GraphSAGE_Optimised,0,0,128,128,0.001,0.5,0.6036975257158743
GraphSAGE_Optimised,0,0,128,128,0.0001,0.1,0.6284403669724772
GraphSAGE_Optimised,0,0,128,128,0.0001,0.2,0.6283013622463164
GraphSAGE_Optimised,0,0,128,128,0.0001,0.3,0.637475674172922
GraphSAGE_Optimised,0,0,128,128,0.0001,0.4,0.6410897970530998
GraphSAGE_Optimised,0,0,128,128,0.0001,0.5,0.6406727828746177
GraphSAGE_Optimised,0,0,128,128,1e-05,0.1,0.49457881567973305
GraphSAGE_Optimised,0,0,128,128,1e-05,0.2,0.49430080622741174
GraphSAGE_Optimised,0,0,128,128,1e-05,0.3,0.49457881567973305
GraphSAGE_Optimised,0,0,128,128,1e-05,0.4,0.48971365026410896
GraphSAGE_Optimised,0,0,128,128,1e-05,0.5,0.4962468723936614
GraphSAGE_Optimised,0,0,128,256,0.001,0.1,0.607867667500695
GraphSAGE_Optimised,0,0,128,256,0.001,0.2,0.6071726438698916
GraphSAGE_Optimised,0,0,128,256,0.001,0.3,0.6114817903808729
GraphSAGE_Optimised,0,0,128,256,0.001,0.4,0.6056435918821241
GraphSAGE_Optimised,0,0,128,256,0.001,0.5,0.6068946344175703
GraphSAGE_Optimised,0,0,128,256,0.0001,0.1,0.599388379204893
GraphSAGE_Optimised,0,0,128,256,0.0001,0.2,0.5996663886572143
GraphSAGE_Optimised,0,0,128,256,0.0001,0.3,0.6023074784542675
GraphSAGE_Optimised,0,0,128,256,0.0001,0.4,0.6032805115373923
GraphSAGE_Optimised,0,0,128,256,0.0001,0.5,0.6039755351681957
GraphSAGE_Optimised,0,0,128,256,1e-05,0.1,0.5724214623297192
GraphSAGE_Optimised,0,0,128,256,1e-05,0.2,0.5703363914373089
GraphSAGE_Optimised,0,0,128,256,1e-05,0.3,0.5697803725326661
GraphSAGE_Optimised,0,0,128,256,1e-05,0.4,0.5690853489018627
GraphSAGE_Optimised,0,0,128,256,1e-05,0.5,0.5674172921879345
GraphSAGE_Optimised,0,1,32,64,0.001,0.1,0.5829858215179317
GraphSAGE_Optimised,0,1,32,64,0.001,0.2,0.5885460105643592
GraphSAGE_Optimised,0,1,32,64,0.001,0.3,0.5847928829580207
GraphSAGE_Optimised,0,1,32,64,0.001,0.4,0.5849318876841813
GraphSAGE_Optimised,0,1,32,64,0.001,0.5,0.5954962468723937
GraphSAGE_Optimised,0,1,32,64,0.0001,0.1,0.5877119822073951
GraphSAGE_Optimised,0,1,32,64,0.0001,0.2,0.5878509869335558
GraphSAGE_Optimised,0,1,32,64,0.0001,0.3,0.5879899916597164
GraphSAGE_Optimised,0,1,32,64,0.0001,0.4,0.5902140672782874
GraphSAGE_Optimised,0,1,32,64,0.0001,0.5,0.5945232137892689
GraphSAGE_Optimised,0,1,32,64,1e-05,0.1,0.6088407005838199
GraphSAGE_Optimised,0,1,32,64,1e-05,0.2,0.609257714762302
GraphSAGE_Optimised,0,1,32,64,1e-05,0.3,0.6095357242146233
GraphSAGE_Optimised,0,1,32,64,1e-05,0.4,0.6095357242146233
GraphSAGE_Optimised,0,1,32,64,1e-05,0.5,0.6099527383931054
GraphSAGE_Optimised,0,1,32,128,0.001,0.1,0.5777036419238255
GraphSAGE_Optimised,0,1,32,128,0.001,0.2,0.5547678621073118
GraphSAGE_Optimised,0,1,32,128,0.001,0.3,0.5683903252710593
GraphSAGE_Optimised,0,1,32,128,0.001,0.4,0.5713094245204338
GraphSAGE_Optimised,0,1,32,128,0.001,0.5,0.5653322212955241
GraphSAGE_Optimised,0,1,32,128,0.0001,0.1,0.5771476230191828
GraphSAGE_Optimised,0,1,32,128,0.0001,0.2,0.5763135946622185
GraphSAGE_Optimised,0,1,32,128,0.0001,0.3,0.5764525993883792
GraphSAGE_Optimised,0,1,32,128,0.0001,0.4,0.574784542674451
GraphSAGE_Optimised,0,1,32,128,0.0001,0.5,0.5782596608284682
GraphSAGE_Optimised,0,1,32,128,1e-05,0.1,0.4684459271615235
GraphSAGE_Optimised,0,1,32,128,1e-05,0.2,0.47108701695857663
GraphSAGE_Optimised,0,1,32,128,1e-05,0.3,0.46955796497080904
GraphSAGE_Optimised,0,1,32,128,1e-05,0.4,0.4667778704475952
GraphSAGE_Optimised,0,1,32,128,1e-05,0.5,0.46608284681679174
GraphSAGE_Optimised,0,1,32,256,0.001,0.1,0.5664442591048096
GraphSAGE_Optimised,0,1,32,256,0.001,0.2,0.5557408951904365
GraphSAGE_Optimised,0,1,32,256,0.001,0.3,0.5647762023908813
GraphSAGE_Optimised,0,1,32,256,0.001,0.4,0.5504587155963303
GraphSAGE_Optimised,0,1,32,256,0.001,0.5,0.5629691409507923
GraphSAGE_Optimised,0,1,32,256,0.0001,0.1,0.5811787600778426
GraphSAGE_Optimised,0,1,32,256,0.0001,0.2,0.5831248262440923
GraphSAGE_Optimised,0,1,32,256,0.0001,0.3,0.5818737837086461
GraphSAGE_Optimised,0,1,32,256,0.0001,0.4,0.5831248262440922
GraphSAGE_Optimised,0,1,32,256,0.0001,0.5,0.5785376702807896
GraphSAGE_Optimised,0,1,32,256,1e-05,0.1,0.5679733110925772
GraphSAGE_Optimised,0,1,32,256,1e-05,0.2,0.5664442591048096
GraphSAGE_Optimised,0,1,32,256,1e-05,0.3,0.5657492354740061
GraphSAGE_Optimised,0,1,32,256,1e-05,0.4,0.5658882402001669
GraphSAGE_Optimised,0,1,32,256,1e-05,0.5,0.5665832638309702
GraphSAGE_Optimised,0,1,64,64,0.001,0.1,0.5948012232415902
GraphSAGE_Optimised,0,1,64,64,0.001,0.2,0.5981373366694468
GraphSAGE_Optimised,0,1,64,64,0.001,0.3,0.5938281901584654
GraphSAGE_Optimised,0,1,64,64,0.001,0.4,0.5995273839310536
GraphSAGE_Optimised,0,1,64,64,0.001,0.5,0.5989713650264109
GraphSAGE_Optimised,0,1,64,64,0.0001,0.1,0.6007784264664999
GraphSAGE_Optimised,0,1,64,64,0.0001,0.2,0.6021684737281068
GraphSAGE_Optimised,0,1,64,64,0.0001,0.3,0.601195440644982
GraphSAGE_Optimised,0,1,64,64,0.0001,0.4,0.6014734500973034
GraphSAGE_Optimised,0,1,64,64,0.0001,0.5,0.6024464831804281
GraphSAGE_Optimised,0,1,64,64,1e-05,0.1,0.5991103697525717
GraphSAGE_Optimised,0,1,64,64,1e-05,0.2,0.5993883792048931
GraphSAGE_Optimised,0,1,64,64,1e-05,0.3,0.599388379204893
GraphSAGE_Optimised,0,1,64,64,1e-05,0.4,0.5996663886572144
GraphSAGE_Optimised,0,1,64,64,1e-05,0.5,0.6000834028356965
GraphSAGE_Optimised,0,1,64,128,0.001,0.1,0.5809007506255213
GraphSAGE_Optimised,0,1,64,128,0.001,0.2,0.5864609396719488
GraphSAGE_Optimised,0,1,64,128,0.001,0.3,0.5782596608284682
GraphSAGE_Optimised,0,1,64,128,0.001,0.4,0.5835418404225743
GraphSAGE_Optimised,0,1,64,128,0.001,0.5,0.5777036419238254
GraphSAGE_Optimised,0,1,64,128,0.0001,0.1,0.578815679733111
GraphSAGE_Optimised,0,1,64,128,0.0001,0.2,0.5781206561023076
GraphSAGE_Optimised,0,1,64,128,0.0001,0.3,0.5813177648040034
GraphSAGE_Optimised,0,1,64,128,0.0001,0.4,0.5809007506255214
GraphSAGE_Optimised,0,1,64,128,0.0001,0.5,0.5772866277453435
GraphSAGE_Optimised,0,1,64,128,1e-05,0.1,0.39560745065332226
GraphSAGE_Optimised,0,1,64,128,1e-05,0.2,0.39519043647484015
GraphSAGE_Optimised,0,1,64,128,1e-05,0.3,0.3946344175701974
GraphSAGE_Optimised,0,1,64,128,1e-05,0.4,0.3933833750347512
GraphSAGE_Optimised,0,1,64,128,1e-05,0.5,0.39894356408117876
GraphSAGE_Optimised,0,1,64,256,0.001,0.1,0.5813177648040033
GraphSAGE_Optimised,0,1,64,256,0.001,0.2,0.5789546844592717
GraphSAGE_Optimised,0,1,64,256,0.001,0.3,0.570336391437309
GraphSAGE_Optimised,0,1,64,256,0.001,0.4,0.5717264386989158
GraphSAGE_Optimised,0,1,64,256,0.001,0.5,0.573394495412844
GraphSAGE_Optimised,0,1,64,256,0.0001,0.1,0.5902140672782874
GraphSAGE_Optimised,0,1,64,256,0.0001,0.2,0.5906310814567696
GraphSAGE_Optimised,0,1,64,256,0.0001,0.3,0.5870169585765916
GraphSAGE_Optimised,0,1,64,256,0.0001,0.4,0.5881289963858771
GraphSAGE_Optimised,0,1,64,256,0.0001,0.5,0.5897970530998055
GraphSAGE_Optimised,0,1,64,256,1e-05,0.1,0.5316930775646372
GraphSAGE_Optimised,0,1,64,256,1e-05,0.2,0.5312760633861551
GraphSAGE_Optimised,0,1,64,256,1e-05,0.3,0.5321100917431193
GraphSAGE_Optimised,0,1,64,256,1e-05,0.4,0.530442035029191
GraphSAGE_Optimised,0,1,64,256,1e-05,0.5,0.5323881011954407
GraphSAGE_Optimised,0,1,128,64,0.001,0.1,0.5781206561023076
GraphSAGE_Optimised,0,1,128,64,0.001,0.2,0.5835418404225744
GraphSAGE_Optimised,0,1,128,64,0.001,0.3,0.585070892410342
GraphSAGE_Optimised,0,1,128,64,0.001,0.4,0.58868501529052
GraphSAGE_Optimised,0,1,128,64,0.001,0.5,0.5954962468723937
GraphSAGE_Optimised,0,1,128,64,0.0001,0.1,0.6024464831804281
GraphSAGE_Optimised,0,1,128,64,0.0001,0.2,0.6028634973589102
GraphSAGE_Optimised,0,1,128,64,0.0001,0.3,0.603836530442035
GraphSAGE_Optimised,0,1,128,64,0.0001,0.4,0.6042535446205171
GraphSAGE_Optimised,0,1,128,64,0.0001,0.5,0.6041145398943564
GraphSAGE_Optimised,0,1,128,64,1e-05,0.1,0.5970252988601613
GraphSAGE_Optimised,0,1,128,64,1e-05,0.2,0.5967472894078398
GraphSAGE_Optimised,0,1,128,64,1e-05,0.3,0.5964692799555185
GraphSAGE_Optimised,0,1,128,64,1e-05,0.4,0.5967472894078399
GraphSAGE_Optimised,0,1,128,64,1e-05,0.5,0.5966082846816793
GraphSAGE_Optimised,0,1,128,128,0.001,0.1,0.5902140672782875
GraphSAGE_Optimised,0,1,128,128,0.001,0.2,0.5910480956352516
GraphSAGE_Optimised,0,1,128,128,0.001,0.3,0.5952182374200723
GraphSAGE_Optimised,0,1,128,128,0.001,0.4,0.5900750625521267
GraphSAGE_Optimised,0,1,128,128,0.001,0.5,0.5864609396719489
GraphSAGE_Optimised,0,1,128,128,0.0001,0.1,0.5738115095913261
GraphSAGE_Optimised,0,1,128,128,0.0001,0.2,0.5731164859605227
GraphSAGE_Optimised,0,1,128,128,0.0001,0.3,0.5731164859605227
GraphSAGE_Optimised,0,1,128,128,0.0001,0.4,0.5752015568529331
GraphSAGE_Optimised,0,1,128,128,0.0001,0.5,0.5775646371976648
GraphSAGE_Optimised,0,1,128,128,1e-05,0.1,0.3730886850152905
GraphSAGE_Optimised,0,1,128,128,1e-05,0.2,0.37294968028912984
GraphSAGE_Optimised,0,1,128,128,1e-05,0.3,0.373783708646094
GraphSAGE_Optimised,0,1,128,128,1e-05,0.4,0.37364470391993326
GraphSAGE_Optimised,0,1,128,128,1e-05,0.5,0.3769808173477898
GraphSAGE_Optimised,0,1,128,256,0.001,0.1,0.5847928829580206
GraphSAGE_Optimised,0,1,128,256,0.001,0.2,0.5861829302196275
GraphSAGE_Optimised,0,1,128,256,0.001,0.3,0.5839588546010566
GraphSAGE_Optimised,0,1,128,256,0.001,0.4,0.5864609396719489
GraphSAGE_Optimised,0,1,128,256,0.001,0.5,0.587294968028913
GraphSAGE_Optimised,0,1,128,256,0.0001,0.1,0.5860439254934667
GraphSAGE_Optimised,0,1,128,256,0.0001,0.2,0.5871559633027523
GraphSAGE_Optimised,0,1,128,256,0.0001,0.3,0.5863219349457882
GraphSAGE_Optimised,0,1,128,256,0.0001,0.4,0.5884070058381985
GraphSAGE_Optimised,0,1,128,256,0.0001,0.5,0.5878509869335558
GraphSAGE_Optimised,0,1,128,256,1e-05,0.1,0.494161801501251
GraphSAGE_Optimised,0,1,128,256,1e-05,0.2,0.4938837920489297
GraphSAGE_Optimised,0,1,128,256,1e-05,0.3,0.493744787322769
GraphSAGE_Optimised,0,1,128,256,1e-05,0.4,0.49402279677509037
GraphSAGE_Optimised,0,1,128,256,1e-05,0.5,0.49416180150125105
GraphSAGE_Optimised,0,2,32,64,0.001,0.1,0.5970149253731343
GraphSAGE_Optimised,0,2,32,64,0.001,0.2,0.5949419568822553
GraphSAGE_Optimised,0,2,32,64,0.001,0.3,0.5945273631840796
GraphSAGE_Optimised,0,2,32,64,0.001,0.4,0.5878938640132668
GraphSAGE_Optimised,0,2,32,64,0.001,0.5,0.5959093421779988
GraphSAGE_Optimised,0,2,32,64,0.0001,0.1,0.5909342177998894
GraphSAGE_Optimised,0,2,32,64,0.0001,0.2,0.5907960199004975
GraphSAGE_Optimised,0,2,32,64,0.0001,0.3,0.5899668325041459
GraphSAGE_Optimised,0,2,32,64,0.0001,0.4,0.5909342177998894
GraphSAGE_Optimised,0,2,32,64,0.0001,0.5,0.5932835820895521
GraphSAGE_Optimised,0,2,32,64,1e-05,0.1,0.5783582089552238
GraphSAGE_Optimised,0,2,32,64,1e-05,0.2,0.5786346047540077
GraphSAGE_Optimised,0,2,32,64,1e-05,0.3,0.5794637921503594
GraphSAGE_Optimised,0,2,32,64,1e-05,0.4,0.5789110005527917
GraphSAGE_Optimised,0,2,32,64,1e-05,0.5,0.5789110005527915
GraphSAGE_Optimised,0,2,32,128,0.001,0.1,0.5771144278606966
GraphSAGE_Optimised,0,2,32,128,0.001,0.2,0.5775290215588724
GraphSAGE_Optimised,0,2,32,128,0.001,0.3,0.577943615257048
GraphSAGE_Optimised,0,2,32,128,0.001,0.4,0.5797401879491431
GraphSAGE_Optimised,0,2,32,128,0.001,0.5,0.5783582089552239
GraphSAGE_Optimised,0,2,32,128,0.0001,0.1,0.5822277501381979
GraphSAGE_Optimised,0,2,32,128,0.0001,0.2,0.5822277501381979
GraphSAGE_Optimised,0,2,32,128,0.0001,0.3,0.5826423438363737
GraphSAGE_Optimised,0,2,32,128,0.0001,0.4,0.5809839690436706
GraphSAGE_Optimised,0,2,32,128,0.0001,0.5,0.5791873963515755
GraphSAGE_Optimised,0,2,32,128,1e-05,0.1,0.5588723051409619
GraphSAGE_Optimised,0,2,32,128,1e-05,0.2,0.5577667219458264
GraphSAGE_Optimised,0,2,32,128,1e-05,0.3,0.5521006080707573
GraphSAGE_Optimised,0,2,32,128,1e-05,0.4,0.5514096185737978
GraphSAGE_Optimised,0,2,32,128,1e-05,0.5,0.5493366500829187
GraphSAGE_Optimised,0,2,32,256,0.001,0.1,0.5836097291321172
GraphSAGE_Optimised,0,2,32,256,0.001,0.2,0.5749032614704257
GraphSAGE_Optimised,0,2,32,256,0.001,0.3,0.5849917081260364
GraphSAGE_Optimised,0,2,32,256,0.001,0.4,0.5775290215588724
GraphSAGE_Optimised,0,2,32,256,0.001,0.5,0.5811221669430624
GraphSAGE_Optimised,0,2,32,256,0.0001,0.1,0.5883084577114427
GraphSAGE_Optimised,0,2,32,256,0.0001,0.2,0.5854063018242122
GraphSAGE_Optimised,0,2,32,256,0.0001,0.3,0.583886124930901
GraphSAGE_Optimised,0,2,32,256,0.0001,0.4,0.5856826976229961
GraphSAGE_Optimised,0,2,32,256,0.0001,0.5,0.5855444997236041
GraphSAGE_Optimised,0,2,32,256,1e-05,0.1,0.5608070757324487
GraphSAGE_Optimised,0,2,32,256,1e-05,0.2,0.560392482034273
GraphSAGE_Optimised,0,2,32,256,1e-05,0.3,0.5599778883360972
GraphSAGE_Optimised,0,2,32,256,1e-05,0.4,0.5587341072415699
GraphSAGE_Optimised,0,2,32,256,1e-05,0.5,0.5599778883360973
GraphSAGE_Optimised,0,2,64,64,0.001,0.1,0.5923161967938088
GraphSAGE_Optimised,0,2,64,64,0.001,0.2,0.591901603095633
GraphSAGE_Optimised,0,2,64,64,0.001,0.3,0.5894140409065782
GraphSAGE_Optimised,0,2,64,64,0.001,0.4,0.5889994472084025
GraphSAGE_Optimised,0,2,64,64,0.001,0.5,0.58595909342178
GraphSAGE_Optimised,0,2,64,64,0.0001,0.1,0.5912106135986732
GraphSAGE_Optimised,0,2,64,64,0.0001,0.2,0.5925925925925926
GraphSAGE_Optimised,0,2,64,64,0.0001,0.3,0.5928689883913764
GraphSAGE_Optimised,0,2,64,64,0.0001,0.4,0.5924543946932007
GraphSAGE_Optimised,0,2,64,64,0.0001,0.5,0.5941127694859037
GraphSAGE_Optimised,0,2,64,64,1e-05,0.1,0.5632946379215036
GraphSAGE_Optimised,0,2,64,64,1e-05,0.2,0.5628800442233278
GraphSAGE_Optimised,0,2,64,64,1e-05,0.3,0.562465450525152
GraphSAGE_Optimised,0,2,64,64,1e-05,0.4,0.56232725262576
GraphSAGE_Optimised,0,2,64,64,1e-05,0.5,0.5626036484245439
GraphSAGE_Optimised,0,2,64,128,0.001,0.1,0.5870646766169154
GraphSAGE_Optimised,0,2,64,128,0.001,0.2,0.5874792703150912
GraphSAGE_Optimised,0,2,64,128,0.001,0.3,0.5913488114980652
GraphSAGE_Optimised,0,2,64,128,0.001,0.4,0.5891376451077942
GraphSAGE_Optimised,0,2,64,128,0.001,0.5,0.583886124930901
GraphSAGE_Optimised,0,2,64,128,0.0001,0.1,0.5876174682144832
GraphSAGE_Optimised,0,2,64,128,0.0001,0.2,0.5885848535102266
GraphSAGE_Optimised,0,2,64,128,0.0001,0.3,0.5902432283029299
GraphSAGE_Optimised,0,2,64,128,0.0001,0.4,0.5895522388059702
GraphSAGE_Optimised,0,2,64,128,0.0001,0.5,0.5901050304035378
GraphSAGE_Optimised,0,2,64,128,1e-05,0.1,0.5099502487562189
GraphSAGE_Optimised,0,2,64,128,1e-05,0.2,0.5100884466556108
GraphSAGE_Optimised,0,2,64,128,1e-05,0.3,0.5093974571586513
GraphSAGE_Optimised,0,2,64,128,1e-05,0.4,0.5088446655610835
GraphSAGE_Optimised,0,2,64,128,1e-05,0.5,0.5113322277501382
GraphSAGE_Optimised,0,2,64,256,0.001,0.1,0.5865118850193478
GraphSAGE_Optimised,0,2,64,256,0.001,0.2,0.5825041459369817
GraphSAGE_Optimised,0,2,64,256,0.001,0.3,0.5834715312327252
GraphSAGE_Optimised,0,2,64,256,0.001,0.4,0.5819513543394139
GraphSAGE_Optimised,0,2,64,256,0.001,0.5,0.5843007186290767
GraphSAGE_Optimised,0,2,64,256,0.0001,0.1,0.5820895522388059
GraphSAGE_Optimised,0,2,64,256,0.0001,0.2,0.5831951354339413
GraphSAGE_Optimised,0,2,64,256,0.0001,0.3,0.5830569375345496
GraphSAGE_Optimised,0,2,64,256,0.0001,0.4,0.5837479270315091
GraphSAGE_Optimised,0,2,64,256,0.0001,0.5,0.5836097291321172
GraphSAGE_Optimised,0,2,64,256,1e-05,0.1,0.5449143173023769
GraphSAGE_Optimised,0,2,64,256,1e-05,0.2,0.5461580983969043
GraphSAGE_Optimised,0,2,64,256,1e-05,0.3,0.5460199004975124
GraphSAGE_Optimised,0,2,64,256,1e-05,0.4,0.5462962962962963
GraphSAGE_Optimised,0,2,64,256,1e-05,0.5,0.5468490878938639
GraphSAGE_Optimised,0,2,128,64,0.001,0.1,0.5930071862907684
GraphSAGE_Optimised,0,2,128,64,0.001,0.2,0.591625207296849
GraphSAGE_Optimised,0,2,128,64,0.001,0.3,0.5931453841901603
GraphSAGE_Optimised,0,2,128,64,0.001,0.4,0.5883084577114428
GraphSAGE_Optimised,0,2,128,64,0.001,0.5,0.5903814262023217
GraphSAGE_Optimised,0,2,128,64,0.0001,0.1,0.5934217799889442
GraphSAGE_Optimised,0,2,128,64,0.0001,0.2,0.5942509673852957
GraphSAGE_Optimised,0,2,128,64,0.0001,0.3,0.593559977888336
GraphSAGE_Optimised,0,2,128,64,0.0001,0.4,0.5942509673852958
GraphSAGE_Optimised,0,2,128,64,0.0001,0.5,0.5942509673852957
GraphSAGE_Optimised,0,2,128,64,1e-05,0.1,0.5406301824212272
GraphSAGE_Optimised,0,2,128,64,1e-05,0.2,0.5406301824212272
GraphSAGE_Optimised,0,2,128,64,1e-05,0.3,0.5407683803206191
GraphSAGE_Optimised,0,2,128,64,1e-05,0.4,0.5404919845218352
GraphSAGE_Optimised,0,2,128,64,1e-05,0.5,0.5402155887230514
GraphSAGE_Optimised,0,2,128,128,0.001,0.1,0.5870646766169154
GraphSAGE_Optimised,0,2,128,128,0.001,0.2,0.5873410724156993
GraphSAGE_Optimised,0,2,128,128,0.001,0.3,0.5862354892205639
GraphSAGE_Optimised,0,2,128,128,0.001,0.4,0.5912106135986733
GraphSAGE_Optimised,0,2,128,128,0.001,0.5,0.5916252072968492
GraphSAGE_Optimised,0,2,128,128,0.0001,0.1,0.5863736871199559
GraphSAGE_Optimised,0,2,128,128,0.0001,0.2,0.5866500829187397
GraphSAGE_Optimised,0,2,128,128,0.0001,0.3,0.5865118850193477
GraphSAGE_Optimised,0,2,128,128,0.0001,0.4,0.5885848535102266
GraphSAGE_Optimised,0,2,128,128,0.0001,0.5,0.5902432283029299
GraphSAGE_Optimised,0,2,128,128,1e-05,0.1,0.49198452183526814
GraphSAGE_Optimised,0,2,128,128,1e-05,0.2,0.49212271973466004
GraphSAGE_Optimised,0,2,128,128,1e-05,0.3,0.4917081260364842
GraphSAGE_Optimised,0,2,128,128,1e-05,0.4,0.48908236594803756
GraphSAGE_Optimised,0,2,128,128,1e-05,0.5,0.4892205638474295
GraphSAGE_Optimised,0,2,128,256,0.001,0.1,0.5786346047540077
GraphSAGE_Optimised,0,2,128,256,0.001,0.2,0.5836097291321172
GraphSAGE_Optimised,0,2,128,256,0.001,0.3,0.5829187396351575
GraphSAGE_Optimised,0,2,128,256,0.001,0.4,0.5840243228302928
GraphSAGE_Optimised,0,2,128,256,0.001,0.5,0.5866500829187397
GraphSAGE_Optimised,0,2,128,256,0.0001,0.1,0.5818131564400221
GraphSAGE_Optimised,0,2,128,256,0.0001,0.2,0.5811221669430624
GraphSAGE_Optimised,0,2,128,256,0.0001,0.3,0.5798783858485349
GraphSAGE_Optimised,0,2,128,256,0.0001,0.4,0.5802929795467108
GraphSAGE_Optimised,0,2,128,256,0.0001,0.5,0.5844389165284687
GraphSAGE_Optimised,0,2,128,256,1e-05,0.1,0.5288833609729132
GraphSAGE_Optimised,0,2,128,256,1e-05,0.2,0.529159756771697
GraphSAGE_Optimised,0,2,128,256,1e-05,0.3,0.5295743504698728
GraphSAGE_Optimised,0,2,128,256,1e-05,0.4,0.5301271420674406
GraphSAGE_Optimised,0,2,128,256,1e-05,0.5,0.5299889441680486
GraphSAGE_Optimised,0,3,32,64,0.001,0.1,0.654090657822001
GraphSAGE_Optimised,0,3,32,64,0.001,0.2,0.6630735212824765
GraphSAGE_Optimised,0,3,32,64,0.001,0.3,0.6437258153676064
GraphSAGE_Optimised,0,3,32,64,0.001,0.4,0.657960199004975
GraphSAGE_Optimised,0,3,32,64,0.001,0.5,0.6666666666666667
GraphSAGE_Optimised,0,3,32,64,0.0001,0.1,0.6348811498065229
GraphSAGE_Optimised,0,3,32,64,0.0001,0.2,0.6332227750138197
GraphSAGE_Optimised,0,3,32,64,0.0001,0.3,0.6350193477059148
GraphSAGE_Optimised,0,3,32,64,0.0001,0.4,0.6315644002211166
GraphSAGE_Optimised,0,3,32,64,0.0001,0.5,0.6299060254284136
GraphSAGE_Optimised,0,3,32,64,1e-05,0.1,0.6082089552238805
GraphSAGE_Optimised,0,3,32,64,1e-05,0.2,0.6080707573244887
GraphSAGE_Optimised,0,3,32,64,1e-05,0.3,0.6077943615257048
GraphSAGE_Optimised,0,3,32,64,1e-05,0.4,0.6071033720287451
GraphSAGE_Optimised,0,3,32,64,1e-05,0.5,0.6064123825317854
GraphSAGE_Optimised,0,3,32,128,0.001,0.1,0.681592039800995
GraphSAGE_Optimised,0,3,32,128,0.001,0.2,0.6683250414593698
GraphSAGE_Optimised,0,3,32,128,0.001,0.3,0.6674958540630183
GraphSAGE_Optimised,0,3,32,128,0.001,0.4,0.6786898839137645
GraphSAGE_Optimised,0,3,32,128,0.001,0.5,0.6688778330569376
GraphSAGE_Optimised,0,3,32,128,0.0001,0.1,0.6604477611940298
GraphSAGE_Optimised,0,3,32,128,0.0001,0.2,0.6614151464897733
GraphSAGE_Optimised,0,3,32,128,0.0001,0.3,0.6623825317855168
GraphSAGE_Optimised,0,3,32,128,0.0001,0.4,0.656440022111664
GraphSAGE_Optimised,0,3,32,128,0.0001,0.5,0.6637645107794361
GraphSAGE_Optimised,0,3,32,128,1e-05,0.1,0.5880320619126589
GraphSAGE_Optimised,0,3,32,128,1e-05,0.2,0.5881702598120508
GraphSAGE_Optimised,0,3,32,128,1e-05,0.3,0.5873410724156993
GraphSAGE_Optimised,0,3,32,128,1e-05,0.4,0.5889994472084025
GraphSAGE_Optimised,0,3,32,128,1e-05,0.5,0.5849917081260364
GraphSAGE_Optimised,0,3,32,256,0.001,0.1,0.6771697070204532
GraphSAGE_Optimised,0,3,32,256,0.001,0.2,0.6840796019900498
GraphSAGE_Optimised,0,3,32,256,0.001,0.3,0.6658374792703151
GraphSAGE_Optimised,0,3,32,256,0.001,0.4,0.6774461028192371
GraphSAGE_Optimised,0,3,32,256,0.001,0.5,0.681730237700387
GraphSAGE_Optimised,0,3,32,256,0.0001,0.1,0.6579601990049752
GraphSAGE_Optimised,0,3,32,256,0.0001,0.2,0.6592039800995025
GraphSAGE_Optimised,0,3,32,256,0.0001,0.3,0.6603095632946379
GraphSAGE_Optimised,0,3,32,256,0.0001,0.4,0.6496683250414594
GraphSAGE_Optimised,0,3,32,256,0.0001,0.5,0.6593421779988944
GraphSAGE_Optimised,0,3,32,256,1e-05,0.1,0.6413764510779436
GraphSAGE_Optimised,0,3,32,256,1e-05,0.2,0.642482034273079
GraphSAGE_Optimised,0,3,32,256,1e-05,0.3,0.6420674405749033
GraphSAGE_Optimised,0,3,32,256,1e-05,0.4,0.6417910447761194
GraphSAGE_Optimised,0,3,32,256,1e-05,0.5,0.642482034273079
GraphSAGE_Optimised,0,3,64,64,0.001,0.1,0.6518794914317302
GraphSAGE_Optimised,0,3,64,64,0.001,0.2,0.6477335544499724
GraphSAGE_Optimised,0,3,64,64,0.001,0.3,0.6511885019347705
GraphSAGE_Optimised,0,3,64,64,0.001,0.4,0.6488391376451078
GraphSAGE_Optimised,0,3,64,64,0.001,0.5,0.6339137645107794
GraphSAGE_Optimised,0,3,64,64,0.0001,0.1,0.625069098949696
GraphSAGE_Optimised,0,3,64,64,0.0001,0.2,0.6247927031509121
GraphSAGE_Optimised,0,3,64,64,0.0001,0.3,0.6241017136539525
GraphSAGE_Optimised,0,3,64,64,0.0001,0.4,0.6234107241569928
GraphSAGE_Optimised,0,3,64,64,0.0001,0.5,0.6263128800442234
GraphSAGE_Optimised,0,3,64,64,1e-05,0.1,0.5881702598120508
GraphSAGE_Optimised,0,3,64,64,1e-05,0.2,0.587893864013267
GraphSAGE_Optimised,0,3,64,64,1e-05,0.3,0.5876174682144831
GraphSAGE_Optimised,0,3,64,64,1e-05,0.4,0.5876174682144831
GraphSAGE_Optimised,0,3,64,64,1e-05,0.5,0.5874792703150912
GraphSAGE_Optimised,0,3,64,128,0.001,0.1,0.6716417910447761
GraphSAGE_Optimised,0,3,64,128,0.001,0.2,0.6650082918739635
GraphSAGE_Optimised,0,3,64,128,0.001,0.3,0.6520176893311223
GraphSAGE_Optimised,0,3,64,128,0.001,0.4,0.6679104477611941
GraphSAGE_Optimised,0,3,64,128,0.001,0.5,0.6665284687672748
GraphSAGE_Optimised,0,3,64,128,0.0001,0.1,0.6518794914317301
GraphSAGE_Optimised,0,3,64,128,0.0001,0.2,0.6524322830292979
GraphSAGE_Optimised,0,3,64,128,0.0001,0.3,0.654367053620785
GraphSAGE_Optimised,0,3,64,128,0.0001,0.4,0.6539524599226092
GraphSAGE_Optimised,0,3,64,128,0.0001,0.5,0.6540906578220012
GraphSAGE_Optimised,0,3,64,128,1e-05,0.1,0.5239082365948038
GraphSAGE_Optimised,0,3,64,128,1e-05,0.2,0.5276395798783858
GraphSAGE_Optimised,0,3,64,128,1e-05,0.3,0.5288833609729131
GraphSAGE_Optimised,0,3,64,128,1e-05,0.4,0.5286069651741294
GraphSAGE_Optimised,0,3,64,128,1e-05,0.5,0.5263957987838586
GraphSAGE_Optimised,0,3,64,256,0.001,0.1,0.6651464897733554
GraphSAGE_Optimised,0,3,64,256,0.001,0.2,0.662244333886125
GraphSAGE_Optimised,0,3,64,256,0.001,0.3,0.66404090657822
GraphSAGE_Optimised,0,3,64,256,0.001,0.4,0.6723327805417358
GraphSAGE_Optimised,0,3,64,256,0.001,0.5,0.6676340519624102
GraphSAGE_Optimised,0,3,64,256,0.0001,0.1,0.654228855721393
GraphSAGE_Optimised,0,3,64,256,0.0001,0.2,0.6553344389165284
GraphSAGE_Optimised,0,3,64,256,0.0001,0.3,0.6560254284134881
GraphSAGE_Optimised,0,3,64,256,0.0001,0.4,0.6563018242122719
GraphSAGE_Optimised,0,3,64,256,0.0001,0.5,0.656440022111664
GraphSAGE_Optimised,0,3,64,256,1e-05,0.1,0.6169154228855722
GraphSAGE_Optimised,0,3,64,256,1e-05,0.2,0.6155334438916529
GraphSAGE_Optimised,0,3,64,256,1e-05,0.3,0.6140132669983416
GraphSAGE_Optimised,0,3,64,256,1e-05,0.4,0.6153952459922609
GraphSAGE_Optimised,0,3,64,256,1e-05,0.5,0.6148424543946932
GraphSAGE_Optimised,0,3,128,64,0.001,0.1,0.6500829187396351
GraphSAGE_Optimised,0,3,128,64,0.001,0.2,0.6485627418463239
GraphSAGE_Optimised,0,3,128,64,0.001,0.3,0.646489773355445
GraphSAGE_Optimised,0,3,128,64,0.001,0.4,0.6456605859590934
GraphSAGE_Optimised,0,3,128,64,0.001,0.5,0.6440022111663902
GraphSAGE_Optimised,0,3,128,64,0.0001,0.1,0.6223051409618574
GraphSAGE_Optimised,0,3,128,64,0.0001,0.2,0.6223051409618573
GraphSAGE_Optimised,0,3,128,64,0.0001,0.3,0.6228579325594251
GraphSAGE_Optimised,0,3,128,64,0.0001,0.4,0.6228579325594251
GraphSAGE_Optimised,0,3,128,64,0.0001,0.5,0.622857932559425
GraphSAGE_Optimised,0,3,128,64,1e-05,0.1,0.5696517412935324
GraphSAGE_Optimised,0,3,128,64,1e-05,0.2,0.5696517412935324
GraphSAGE_Optimised,0,3,128,64,1e-05,0.3,0.5695135433941404
GraphSAGE_Optimised,0,3,128,64,1e-05,0.4,0.5697899391929243
GraphSAGE_Optimised,0,3,128,64,1e-05,0.5,0.5696517412935322
GraphSAGE_Optimised,0,3,128,128,0.001,0.1,0.6686014372581537
GraphSAGE_Optimised,0,3,128,128,0.001,0.2,0.6674958540630183
GraphSAGE_Optimised,0,3,128,128,0.001,0.3,0.6673576561636263
GraphSAGE_Optimised,0,3,128,128,0.001,0.4,0.6709508015478165
GraphSAGE_Optimised,0,3,128,128,0.001,0.5,0.6676340519624102
GraphSAGE_Optimised,0,3,128,128,0.0001,0.1,0.6452459922609177
GraphSAGE_Optimised,0,3,128,128,0.0001,0.2,0.6480099502487562
GraphSAGE_Optimised,0,3,128,128,0.0001,0.3,0.6474571586511886
GraphSAGE_Optimised,0,3,128,128,0.0001,0.4,0.650497512437811
GraphSAGE_Optimised,0,3,128,128,0.0001,0.5,0.648424543946932
GraphSAGE_Optimised,0,3,128,128,1e-05,0.1,0.48313985627418465
GraphSAGE_Optimised,0,3,128,128,1e-05,0.2,0.48811498065229403
GraphSAGE_Optimised,0,3,128,128,1e-05,0.3,0.4832780541735765
GraphSAGE_Optimised,0,3,128,128,1e-05,0.4,0.4897733554449973
GraphSAGE_Optimised,0,3,128,128,1e-05,0.5,0.49143173023770037
GraphSAGE_Optimised,0,3,128,256,0.001,0.1,0.6611387506909895
GraphSAGE_Optimised,0,3,128,256,0.001,0.2,0.6662520729684909
GraphSAGE_Optimised,0,3,128,256,0.001,0.3,0.6629353233830845
GraphSAGE_Optimised,0,3,128,256,0.001,0.4,0.6627971254836926
GraphSAGE_Optimised,0,3,128,256,0.001,0.5,0.6571310116086235
GraphSAGE_Optimised,0,3,128,256,0.0001,0.1,0.6571310116086235
GraphSAGE_Optimised,0,3,128,256,0.0001,0.2,0.6571310116086236
GraphSAGE_Optimised,0,3,128,256,0.0001,0.3,0.6571310116086235
GraphSAGE_Optimised,0,3,128,256,0.0001,0.4,0.6565782200110559
GraphSAGE_Optimised,0,3,128,256,0.0001,0.5,0.6597567716970701
GraphSAGE_Optimised,0,3,128,256,1e-05,0.1,0.5737976782752903
GraphSAGE_Optimised,0,3,128,256,1e-05,0.2,0.5729684908789386
GraphSAGE_Optimised,0,3,128,256,1e-05,0.3,0.5733830845771144
GraphSAGE_Optimised,0,3,128,256,1e-05,0.4,0.5732448866777224
GraphSAGE_Optimised,0,3,128,256,1e-05,0.5,0.5739358761746822
GraphSAGE_Optimised,0,4,32,64,0.001,0.1,0.6509121061359867
GraphSAGE_Optimised,0,4,32,64,0.001,0.2,0.6484245439469319
GraphSAGE_Optimised,0,4,32,64,0.001,0.3,0.6557490326147043
GraphSAGE_Optimised,0,4,32,64,0.001,0.4,0.6365395245992261
GraphSAGE_Optimised,0,4,32,64,0.001,0.5,0.5975677169707021
GraphSAGE_Optimised,0,4,32,64,0.0001,0.1,0.6604477611940297
GraphSAGE_Optimised,0,4,32,64,0.0001,0.2,0.6608623548922057
GraphSAGE_Optimised,0,4,32,64,0.0001,0.3,0.6607241569928137
GraphSAGE_Optimised,0,4,32,64,0.0001,0.4,0.661829740187949
GraphSAGE_Optimised,0,4,32,64,0.0001,0.5,0.662106135986733
GraphSAGE_Optimised,0,4,32,64,1e-05,0.1,0.64828634604754
GraphSAGE_Optimised,0,4,32,64,1e-05,0.2,0.6480099502487563
GraphSAGE_Optimised,0,4,32,64,1e-05,0.3,0.6481481481481481
GraphSAGE_Optimised,0,4,32,64,1e-05,0.4,0.648424543946932
GraphSAGE_Optimised,0,4,32,64,1e-05,0.5,0.6485627418463239
GraphSAGE_Optimised,0,4,32,128,0.001,0.1,0.6756495301271419
GraphSAGE_Optimised,0,4,32,128,0.001,0.2,0.6760641238253179
GraphSAGE_Optimised,0,4,32,128,0.001,0.3,0.6773079049198452
GraphSAGE_Optimised,0,4,32,128,0.001,0.4,0.6636263128800444
GraphSAGE_Optimised,0,4,32,128,0.001,0.5,0.6684632393587616
GraphSAGE_Optimised,0,4,32,128,0.0001,0.1,0.6565782200110558
GraphSAGE_Optimised,0,4,32,128,0.0001,0.2,0.6569928137092317
GraphSAGE_Optimised,0,4,32,128,0.0001,0.3,0.6572692095080155
GraphSAGE_Optimised,0,4,32,128,0.0001,0.4,0.6604477611940298
GraphSAGE_Optimised,0,4,32,128,0.0001,0.5,0.6648700939745716
GraphSAGE_Optimised,0,4,32,128,1e-05,0.1,0.5478164731896075
GraphSAGE_Optimised,0,4,32,128,1e-05,0.2,0.546849087893864
GraphSAGE_Optimised,0,4,32,128,1e-05,0.3,0.5602542841348811
GraphSAGE_Optimised,0,4,32,128,1e-05,0.4,0.5612216694306247
GraphSAGE_Optimised,0,4,32,128,1e-05,0.5,0.5574903261470425
GraphSAGE_Optimised,0,4,32,256,0.001,0.1,0.6739911553344389
GraphSAGE_Optimised,0,4,32,256,0.001,0.2,0.6762023217247096
GraphSAGE_Optimised,0,4,32,256,0.001,0.3,0.681730237700387
GraphSAGE_Optimised,0,4,32,256,0.001,0.4,0.6793808734107241
GraphSAGE_Optimised,0,4,32,256,0.001,0.5,0.6771697070204533
GraphSAGE_Optimised,0,4,32,256,0.0001,0.1,0.6625207296849087
GraphSAGE_Optimised,0,4,32,256,0.0001,0.2,0.6586511885019348
GraphSAGE_Optimised,0,4,32,256,0.0001,0.3,0.6578220011055832
GraphSAGE_Optimised,0,4,32,256,0.0001,0.4,0.6607241569928136
GraphSAGE_Optimised,0,4,32,256,0.0001,0.5,0.6611387506909895
GraphSAGE_Optimised,0,4,32,256,1e-05,0.1,0.6325317855168603
GraphSAGE_Optimised,0,4,32,256,1e-05,0.2,0.6330845771144278
GraphSAGE_Optimised,0,4,32,256,1e-05,0.3,0.6322553897180763
GraphSAGE_Optimised,0,4,32,256,1e-05,0.4,0.6315644002211166
GraphSAGE_Optimised,0,4,32,256,1e-05,0.5,0.6321171918186842
GraphSAGE_Optimised,0,4,64,64,0.001,0.1,0.6616915422885572
GraphSAGE_Optimised,0,4,64,64,0.001,0.2,0.6596185737976782
GraphSAGE_Optimised,0,4,64,64,0.001,0.3,0.648700939745716
GraphSAGE_Optimised,0,4,64,64,0.001,0.4,0.638474295190713
GraphSAGE_Optimised,0,4,64,64,0.001,0.5,0.6423438363736871
GraphSAGE_Optimised,0,4,64,64,0.0001,0.1,0.6611387506909894
GraphSAGE_Optimised,0,4,64,64,0.0001,0.2,0.6607241569928138
GraphSAGE_Optimised,0,4,64,64,0.0001,0.3,0.6607241569928137
GraphSAGE_Optimised,0,4,64,64,0.0001,0.4,0.6587893864013267
GraphSAGE_Optimised,0,4,64,64,0.0001,0.5,0.6586511885019347
GraphSAGE_Optimised,0,4,64,64,1e-05,0.1,0.6209231619679381
GraphSAGE_Optimised,0,4,64,64,1e-05,0.2,0.6209231619679381
GraphSAGE_Optimised,0,4,64,64,1e-05,0.3,0.6207849640685461
GraphSAGE_Optimised,0,4,64,64,1e-05,0.4,0.6206467661691543
GraphSAGE_Optimised,0,4,64,64,1e-05,0.5,0.6203703703703703
GraphSAGE_Optimised,0,4,64,128,0.001,0.1,0.6477335544499724
GraphSAGE_Optimised,0,4,64,128,0.001,0.2,0.6503593145384191
GraphSAGE_Optimised,0,4,64,128,0.001,0.3,0.6683250414593699
GraphSAGE_Optimised,0,4,64,128,0.001,0.4,0.6713653952459923
GraphSAGE_Optimised,0,4,64,128,0.001,0.5,0.6656992813709232
GraphSAGE_Optimised,0,4,64,128,0.0001,0.1,0.6428966279712548
GraphSAGE_Optimised,0,4,64,128,0.0001,0.2,0.6423438363736871
GraphSAGE_Optimised,0,4,64,128,0.0001,0.3,0.6467661691542289
GraphSAGE_Optimised,0,4,64,128,0.0001,0.4,0.6459369817578773
GraphSAGE_Optimised,0,4,64,128,0.0001,0.5,0.6488391376451077
GraphSAGE_Optimised,0,4,64,128,1e-05,0.1,0.49032614704256494
GraphSAGE_Optimised,0,4,64,128,1e-05,0.2,0.4917081260364842
GraphSAGE_Optimised,0,4,64,128,1e-05,0.3,0.4957158651188502
GraphSAGE_Optimised,0,4,64,128,1e-05,0.4,0.49847982310668876
GraphSAGE_Optimised,0,4,64,128,1e-05,0.5,0.49198452183526814
GraphSAGE_Optimised,0,4,64,256,0.001,0.1,0.6774461028192372
GraphSAGE_Optimised,0,4,64,256,0.001,0.2,0.6670812603648424
GraphSAGE_Optimised,0,4,64,256,0.001,0.3,0.6720563847429519
GraphSAGE_Optimised,0,4,64,256,0.001,0.4,0.6748203427307906
GraphSAGE_Optimised,0,4,64,256,0.001,0.5,0.6809010503040354
GraphSAGE_Optimised,0,4,64,256,0.0001,0.1,0.665837479270315
GraphSAGE_Optimised,0,4,64,256,0.0001,0.2,0.6687396351575456
GraphSAGE_Optimised,0,4,64,256,0.0001,0.3,0.6673576561636264
GraphSAGE_Optimised,0,4,64,256,0.0001,0.4,0.6669430624654505
GraphSAGE_Optimised,0,4,64,256,0.0001,0.5,0.6662520729684909
GraphSAGE_Optimised,0,4,64,256,1e-05,0.1,0.591763405196241
GraphSAGE_Optimised,0,4,64,256,1e-05,0.2,0.5932835820895521
GraphSAGE_Optimised,0,4,64,256,1e-05,0.3,0.5919016030956328
GraphSAGE_Optimised,0,4,64,256,1e-05,0.4,0.591901603095633
GraphSAGE_Optimised,0,4,64,256,1e-05,0.5,0.5927307904919845
GraphSAGE_Optimised,0,4,128,64,0.001,0.1,0.6604477611940297
GraphSAGE_Optimised,0,4,128,64,0.001,0.2,0.6627971254836925
GraphSAGE_Optimised,0,4,128,64,0.001,0.3,0.6589275843007186
GraphSAGE_Optimised,0,4,128,64,0.001,0.4,0.6578220011055832
GraphSAGE_Optimised,0,4,128,64,0.001,0.5,0.654367053620785
GraphSAGE_Optimised,0,4,128,64,0.0001,0.1,0.654228855721393
GraphSAGE_Optimised,0,4,128,64,0.0001,0.2,0.654228855721393
GraphSAGE_Optimised,0,4,128,64,0.0001,0.3,0.6540906578220012
GraphSAGE_Optimised,0,4,128,64,0.0001,0.4,0.6529850746268656
GraphSAGE_Optimised,0,4,128,64,0.0001,0.5,0.6529850746268656
GraphSAGE_Optimised,0,4,128,64,1e-05,0.1,0.5919016030956329
GraphSAGE_Optimised,0,4,128,64,1e-05,0.2,0.5916252072968491
GraphSAGE_Optimised,0,4,128,64,1e-05,0.3,0.591487009397457
GraphSAGE_Optimised,0,4,128,64,1e-05,0.4,0.5916252072968491
GraphSAGE_Optimised,0,4,128,64,1e-05,0.5,0.5919016030956329
GraphSAGE_Optimised,0,4,128,128,0.001,0.1,0.6608623548922057
GraphSAGE_Optimised,0,4,128,128,0.001,0.2,0.6614151464897733
GraphSAGE_Optimised,0,4,128,128,0.001,0.3,0.6733001658374792
GraphSAGE_Optimised,0,4,128,128,0.001,0.4,0.675787728026534
GraphSAGE_Optimised,0,4,128,128,0.001,0.5,0.6755113322277501
GraphSAGE_Optimised,0,4,128,128,0.0001,0.1,0.6195411829740187
GraphSAGE_Optimised,0,4,128,128,0.0001,0.2,0.6221669430624656
GraphSAGE_Optimised,0,4,128,128,0.0001,0.3,0.6252072968490878
GraphSAGE_Optimised,0,4,128,128,0.0001,0.4,0.6264510779436152
GraphSAGE_Optimised,0,4,128,128,0.0001,0.5,0.62106135986733
GraphSAGE_Optimised,0,4,128,128,1e-05,0.1,0.4748479823106689
GraphSAGE_Optimised,0,4,128,128,1e-05,0.2,0.4758153676064124
GraphSAGE_Optimised,0,4,128,128,1e-05,0.3,0.46475953565505795
GraphSAGE_Optimised,0,4,128,128,1e-05,0.4,0.47139303482587064
GraphSAGE_Optimised,0,4,128,128,1e-05,0.5,0.4729132117191818
GraphSAGE_Optimised,0,4,128,256,0.001,0.1,0.6770315091210614
GraphSAGE_Optimised,0,4,128,256,0.001,0.2,0.6753731343283582
GraphSAGE_Optimised,0,4,128,256,0.001,0.3,0.6626589275843008
GraphSAGE_Optimised,0,4,128,256,0.001,0.4,0.65616362631288
GraphSAGE_Optimised,0,4,128,256,0.001,0.5,0.6799336650082918
GraphSAGE_Optimised,0,4,128,256,0.0001,0.1,0.6627971254836925
GraphSAGE_Optimised,0,4,128,256,0.0001,0.2,0.6616915422885572
GraphSAGE_Optimised,0,4,128,256,0.0001,0.3,0.6622443338861249
GraphSAGE_Optimised,0,4,128,256,0.0001,0.4,0.6610005527915976
GraphSAGE_Optimised,0,4,128,256,0.0001,0.5,0.6600331674958541
GraphSAGE_Optimised,0,4,128,256,1e-05,0.1,0.5308181315644003
GraphSAGE_Optimised,0,4,128,256,1e-05,0.2,0.5308181315644003
GraphSAGE_Optimised,0,4,128,256,1e-05,0.3,0.5305417357656164
GraphSAGE_Optimised,0,4,128,256,1e-05,0.4,0.5310945273631841
GraphSAGE_Optimised,0,4,128,256,1e-05,0.5,0.5305417357656164
GraphSAGE_Optimised,1,0,32,64,0.001,0.1,0.7011398387545178
GraphSAGE_Optimised,1,0,32,64,0.001,0.2,0.6902974701139839
GraphSAGE_Optimised,1,0,32,64,0.001,0.3,0.6891854323046984
GraphSAGE_Optimised,1,0,32,64,0.001,0.4,0.7011398387545176
GraphSAGE_Optimised,1,0,32,64,0.001,0.5,0.6868223519599667
GraphSAGE_Optimised,1,0,32,64,0.0001,0.1,0.6904364748401446
GraphSAGE_Optimised,1,0,32,64,0.0001,0.2,0.690714484292466
GraphSAGE_Optimised,1,0,32,64,0.0001,0.3,0.6914095079232694
GraphSAGE_Optimised,1,0,32,64,0.0001,0.4,0.6904364748401446
GraphSAGE_Optimised,1,0,32,64,0.0001,0.5,0.6900194606616625
GraphSAGE_Optimised,1,0,32,64,1e-05,0.1,0.6491520711704198
GraphSAGE_Optimised,1,0,32,64,1e-05,0.2,0.6495690853489019
GraphSAGE_Optimised,1,0,32,64,1e-05,0.3,0.6508201278843481
GraphSAGE_Optimised,1,0,32,64,1e-05,0.4,0.6498470948012232
GraphSAGE_Optimised,1,0,32,64,1e-05,0.5,0.6497080900750626
GraphSAGE_Optimised,1,0,32,128,0.001,0.1,0.6980817347789825
GraphSAGE_Optimised,1,0,32,128,0.001,0.2,0.6919655268279121
GraphSAGE_Optimised,1,0,32,128,0.001,0.3,0.6968306922435363
GraphSAGE_Optimised,1,0,32,128,0.001,0.4,0.6943286071726438
GraphSAGE_Optimised,1,0,32,128,0.001,0.5,0.7029469001946066
GraphSAGE_Optimised,1,0,32,128,0.0001,0.1,0.6894634417570198
GraphSAGE_Optimised,1,0,32,128,0.0001,0.2,0.6897414512093412
GraphSAGE_Optimised,1,0,32,128,0.0001,0.3,0.6958576591604115
GraphSAGE_Optimised,1,0,32,128,0.0001,0.4,0.6962746733388936
GraphSAGE_Optimised,1,0,32,128,0.0001,0.5,0.6979427300528218
GraphSAGE_Optimised,1,0,32,128,1e-05,0.1,0.626633305532388
GraphSAGE_Optimised,1,0,32,128,1e-05,0.2,0.6201000834028358
GraphSAGE_Optimised,1,0,32,128,1e-05,0.3,0.617737003058104
GraphSAGE_Optimised,1,0,32,128,1e-05,0.4,0.6116207951070337
GraphSAGE_Optimised,1,0,32,128,1e-05,0.5,0.6110647762023909
GraphSAGE_Optimised,1,0,32,256,0.001,0.1,0.6862663330553239
GraphSAGE_Optimised,1,0,32,256,0.001,0.2,0.6858493188768419
GraphSAGE_Optimised,1,0,32,256,0.001,0.3,0.6839032527105922
GraphSAGE_Optimised,1,0,32,256,0.001,0.4,0.6795941061996108
GraphSAGE_Optimised,1,0,32,256,0.001,0.5,0.6839032527105922
GraphSAGE_Optimised,1,0,32,256,0.0001,0.1,0.6939115929941617
GraphSAGE_Optimised,1,0,32,256,0.0001,0.2,0.6894634417570198
GraphSAGE_Optimised,1,0,32,256,0.0001,0.3,0.6869613566861272
GraphSAGE_Optimised,1,0,32,256,0.0001,0.4,0.6861273283291631
GraphSAGE_Optimised,1,0,32,256,0.0001,0.5,0.6847372810675562
GraphSAGE_Optimised,1,0,32,256,1e-05,0.1,0.7055879899916597
GraphSAGE_Optimised,1,0,32,256,1e-05,0.2,0.7044759521823741
GraphSAGE_Optimised,1,0,32,256,1e-05,0.3,0.7041979427300528
GraphSAGE_Optimised,1,0,32,256,1e-05,0.4,0.7036419238254101
GraphSAGE_Optimised,1,0,32,256,1e-05,0.5,0.7032249096469281
GraphSAGE_Optimised,1,0,64,64,0.001,0.1,0.6922435362802336
GraphSAGE_Optimised,1,0,64,64,0.001,0.2,0.6926605504587156
GraphSAGE_Optimised,1,0,64,64,0.001,0.3,0.6944676118988047
GraphSAGE_Optimised,1,0,64,64,0.001,0.4,0.6944676118988046
GraphSAGE_Optimised,1,0,64,64,0.001,0.5,0.690714484292466
GraphSAGE_Optimised,1,0,64,64,0.0001,0.1,0.6859883236030025
GraphSAGE_Optimised,1,0,64,64,0.0001,0.2,0.6862663330553239
GraphSAGE_Optimised,1,0,64,64,0.0001,0.3,0.6868223519599667
GraphSAGE_Optimised,1,0,64,64,0.0001,0.4,0.6868223519599665
GraphSAGE_Optimised,1,0,64,64,0.0001,0.5,0.688907422852377
GraphSAGE_Optimised,1,0,64,64,1e-05,0.1,0.6241312204614957
GraphSAGE_Optimised,1,0,64,64,1e-05,0.2,0.6237142062830137
GraphSAGE_Optimised,1,0,64,64,1e-05,0.3,0.623575201556853
GraphSAGE_Optimised,1,0,64,64,1e-05,0.4,0.6223241590214068
GraphSAGE_Optimised,1,0,64,64,1e-05,0.5,0.6224631637475675
GraphSAGE_Optimised,1,0,64,128,0.001,0.1,0.6959966638865723
GraphSAGE_Optimised,1,0,64,128,0.001,0.2,0.7000278009452322
GraphSAGE_Optimised,1,0,64,128,0.001,0.3,0.6882123992215735
GraphSAGE_Optimised,1,0,64,128,0.001,0.4,0.6984987489574646
GraphSAGE_Optimised,1,0,64,128,0.001,0.5,0.6875173755907702
GraphSAGE_Optimised,1,0,64,128,0.0001,0.1,0.6976647206005004
GraphSAGE_Optimised,1,0,64,128,0.0001,0.2,0.7004448151237141
GraphSAGE_Optimised,1,0,64,128,0.0001,0.3,0.6971087016958577
GraphSAGE_Optimised,1,0,64,128,0.0001,0.4,0.696413678065054
GraphSAGE_Optimised,1,0,64,128,0.0001,0.5,0.6964136780650542
GraphSAGE_Optimised,1,0,64,128,1e-05,0.1,0.5246038365304421
GraphSAGE_Optimised,1,0,64,128,1e-05,0.2,0.52418682235196
GraphSAGE_Optimised,1,0,64,128,1e-05,0.3,0.530859049207673
GraphSAGE_Optimised,1,0,64,128,1e-05,0.4,0.5272449263274951
GraphSAGE_Optimised,1,0,64,128,1e-05,0.5,0.5230747845426744
GraphSAGE_Optimised,1,0,64,256,0.001,0.1,0.7025298860161245
GraphSAGE_Optimised,1,0,64,256,0.001,0.2,0.6966916875173756
GraphSAGE_Optimised,1,0,64,256,0.001,0.3,0.7022518765638033
GraphSAGE_Optimised,1,0,64,256,0.001,0.4,0.7015568529329997
GraphSAGE_Optimised,1,0,64,256,0.001,0.5,0.696552682791215
GraphSAGE_Optimised,1,0,64,256,0.0001,0.1,0.699193772588268
GraphSAGE_Optimised,1,0,64,256,0.0001,0.2,0.6998887962190714
GraphSAGE_Optimised,1,0,64,256,0.0001,0.3,0.6947456213511258
GraphSAGE_Optimised,1,0,64,256,0.0001,0.4,0.6984987489574646
GraphSAGE_Optimised,1,0,64,256,0.0001,0.5,0.6989157631359466
GraphSAGE_Optimised,1,0,64,256,1e-05,0.1,0.6795941061996109
GraphSAGE_Optimised,1,0,64,256,1e-05,0.2,0.6791770920211289
GraphSAGE_Optimised,1,0,64,256,1e-05,0.3,0.6780650542118432
GraphSAGE_Optimised,1,0,64,256,1e-05,0.4,0.6765360022240756
GraphSAGE_Optimised,1,0,64,256,1e-05,0.5,0.6747289407839867
GraphSAGE_Optimised,1,0,128,64,0.001,0.1,0.6994717820405895
GraphSAGE_Optimised,1,0,128,64,0.001,0.2,0.6971087016958577
GraphSAGE_Optimised,1,0,128,64,0.001,0.3,0.6934945788156797
GraphSAGE_Optimised,1,0,128,64,0.001,0.4,0.6959966638865722
GraphSAGE_Optimised,1,0,128,64,0.001,0.5,0.6951626355296081
GraphSAGE_Optimised,1,0,128,64,0.0001,0.1,0.682652210175146
GraphSAGE_Optimised,1,0,128,64,0.0001,0.2,0.6827912149013067
GraphSAGE_Optimised,1,0,128,64,0.0001,0.3,0.684042257436753
GraphSAGE_Optimised,1,0,128,64,0.0001,0.4,0.6841812621629135
GraphSAGE_Optimised,1,0,128,64,0.0001,0.5,0.683069224353628
GraphSAGE_Optimised,1,0,128,64,1e-05,0.1,0.5859049207673062
GraphSAGE_Optimised,1,0,128,64,1e-05,0.2,0.5856269113149848
GraphSAGE_Optimised,1,0,128,64,1e-05,0.3,0.5856269113149848
GraphSAGE_Optimised,1,0,128,64,1e-05,0.4,0.5853489018626634
GraphSAGE_Optimised,1,0,128,64,1e-05,0.5,0.5853489018626634
GraphSAGE_Optimised,1,0,128,128,0.001,0.1,0.6989157631359466
GraphSAGE_Optimised,1,0,128,128,0.001,0.2,0.696969696969697
GraphSAGE_Optimised,1,0,128,128,0.001,0.3,0.6957186544342507
GraphSAGE_Optimised,1,0,128,128,0.001,0.4,0.6919655268279121
GraphSAGE_Optimised,1,0,128,128,0.001,0.5,0.6929385599110369
GraphSAGE_Optimised,1,0,128,128,0.0001,0.1,0.6864053377814846
GraphSAGE_Optimised,1,0,128,128,0.0001,0.2,0.6882123992215736
GraphSAGE_Optimised,1,0,128,128,0.0001,0.3,0.6839032527105922
GraphSAGE_Optimised,1,0,128,128,0.0001,0.4,0.688490408673895
GraphSAGE_Optimised,1,0,128,128,0.0001,0.5,0.6926605504587156
GraphSAGE_Optimised,1,0,128,128,1e-05,0.1,0.4726160689463442
GraphSAGE_Optimised,1,0,128,128,1e-05,0.2,0.46538782318598837
GraphSAGE_Optimised,1,0,128,128,1e-05,0.3,0.4681679177092021
GraphSAGE_Optimised,1,0,128,128,1e-05,0.4,0.47873227689741454
GraphSAGE_Optimised,1,0,128,128,1e-05,0.5,0.46997497914929104
GraphSAGE_Optimised,1,0,128,256,0.001,0.1,0.6953016402557687
GraphSAGE_Optimised,1,0,128,256,0.001,0.2,0.7004448151237141
GraphSAGE_Optimised,1,0,128,256,0.001,0.3,0.696969696969697
GraphSAGE_Optimised,1,0,128,256,0.001,0.4,0.683069224353628
GraphSAGE_Optimised,1,0,128,256,0.001,0.5,0.6845982763413956
GraphSAGE_Optimised,1,0,128,256,0.0001,0.1,0.7160133444537116
GraphSAGE_Optimised,1,0,128,256,0.0001,0.2,0.7143452877397831
GraphSAGE_Optimised,1,0,128,256,0.0001,0.3,0.7140672782874619
GraphSAGE_Optimised,1,0,128,256,0.0001,0.4,0.7119822073950514
GraphSAGE_Optimised,1,0,128,256,0.0001,0.5,0.7041979427300529
GraphSAGE_Optimised,1,0,128,256,1e-05,0.1,0.6345565749235474
GraphSAGE_Optimised,1,0,128,256,1e-05,0.2,0.6352515985543509
GraphSAGE_Optimised,1,0,128,256,1e-05,0.3,0.6335835418404225
GraphSAGE_Optimised,1,0,128,256,1e-05,0.4,0.6323324993049764
GraphSAGE_Optimised,1,0,128,256,1e-05,0.5,0.6302474284125661
GraphSAGE_Optimised,1,1,32,64,0.001,0.1,0.5537948290241869
GraphSAGE_Optimised,1,1,32,64,0.001,0.2,0.5554628857381152
GraphSAGE_Optimised,1,1,32,64,0.001,0.3,0.5511537392271337
GraphSAGE_Optimised,1,1,32,64,0.001,0.4,0.55643591882124
GraphSAGE_Optimised,1,1,32,64,0.001,0.5,0.5489296636085628
GraphSAGE_Optimised,1,1,32,64,0.0001,0.1,0.5497636919655269
GraphSAGE_Optimised,1,1,32,64,0.0001,0.2,0.5483736447039199
GraphSAGE_Optimised,1,1,32,64,0.0001,0.3,0.5490686683347235
GraphSAGE_Optimised,1,1,32,64,0.0001,0.4,0.5474006116207951
GraphSAGE_Optimised,1,1,32,64,0.0001,0.5,0.54434250764526
GraphSAGE_Optimised,1,1,32,64,1e-05,0.1,0.5472616068946344
GraphSAGE_Optimised,1,1,32,64,1e-05,0.2,0.5476786210731165
GraphSAGE_Optimised,1,1,32,64,1e-05,0.3,0.5476786210731165
GraphSAGE_Optimised,1,1,32,64,1e-05,0.4,0.5478176257992772
GraphSAGE_Optimised,1,1,32,64,1e-05,0.5,0.5475396163469559
GraphSAGE_Optimised,1,1,32,128,0.001,0.1,0.5850708924103419
GraphSAGE_Optimised,1,1,32,128,0.001,0.2,0.5504587155963303
GraphSAGE_Optimised,1,1,32,128,0.001,0.3,0.5640811787600779
GraphSAGE_Optimised,1,1,32,128,0.001,0.4,0.5628301362246317
GraphSAGE_Optimised,1,1,32,128,0.001,0.5,0.5607450653322215
GraphSAGE_Optimised,1,1,32,128,0.0001,0.1,0.550597720322491
GraphSAGE_Optimised,1,1,32,128,0.0001,0.2,0.5458715596330275
GraphSAGE_Optimised,1,1,32,128,0.0001,0.3,0.5525437864887406
GraphSAGE_Optimised,1,1,32,128,0.0001,0.4,0.5670002780094523
GraphSAGE_Optimised,1,1,32,128,0.0001,0.5,0.561718098415346
GraphSAGE_Optimised,1,1,32,128,1e-05,0.1,0.559077008618293
GraphSAGE_Optimised,1,1,32,128,1e-05,0.2,0.5625521267723104
GraphSAGE_Optimised,1,1,32,128,1e-05,0.3,0.56852932999722
GraphSAGE_Optimised,1,1,32,128,1e-05,0.4,0.5757575757575757
GraphSAGE_Optimised,1,1,32,128,1e-05,0.5,0.5802057269947178
GraphSAGE_Optimised,1,1,32,256,0.001,0.1,0.5674172921879344
GraphSAGE_Optimised,1,1,32,256,0.001,0.2,0.559077008618293
GraphSAGE_Optimised,1,1,32,256,0.001,0.3,0.5632471504031137
GraphSAGE_Optimised,1,1,32,256,0.001,0.4,0.5683903252710593
GraphSAGE_Optimised,1,1,32,256,0.001,0.5,0.5706144008896303
GraphSAGE_Optimised,1,1,32,256,0.0001,0.1,0.5418404225743676
GraphSAGE_Optimised,1,1,32,256,0.0001,0.2,0.5440644981929386
GraphSAGE_Optimised,1,1,32,256,0.0001,0.3,0.5429524603836531
GraphSAGE_Optimised,1,1,32,256,0.0001,0.4,0.5432304698359744
GraphSAGE_Optimised,1,1,32,256,0.0001,0.5,0.5376702807895468
GraphSAGE_Optimised,1,1,32,256,1e-05,0.1,0.5486516541562414
GraphSAGE_Optimised,1,1,32,256,1e-05,0.2,0.5490686683347235
GraphSAGE_Optimised,1,1,32,256,1e-05,0.3,0.550597720322491
GraphSAGE_Optimised,1,1,32,256,1e-05,0.4,0.55240478176258
GraphSAGE_Optimised,1,1,32,256,1e-05,0.5,0.5562969140950793
GraphSAGE_Optimised,1,1,64,64,0.001,0.1,0.556852932999722
GraphSAGE_Optimised,1,1,64,64,0.001,0.2,0.555045871559633
GraphSAGE_Optimised,1,1,64,64,0.001,0.3,0.5543508479288296
GraphSAGE_Optimised,1,1,64,64,0.001,0.4,0.54837364470392
GraphSAGE_Optimised,1,1,64,64,0.001,0.5,0.5469835974423132
GraphSAGE_Optimised,1,1,64,64,0.0001,0.1,0.5530998053933834
GraphSAGE_Optimised,1,1,64,64,0.0001,0.2,0.5542118432026689
GraphSAGE_Optimised,1,1,64,64,0.0001,0.3,0.5533778148457048
GraphSAGE_Optimised,1,1,64,64,0.0001,0.4,0.5522657770364192
GraphSAGE_Optimised,1,1,64,64,0.0001,0.5,0.5492076730608841
GraphSAGE_Optimised,1,1,64,64,1e-05,0.1,0.5407283847650821
GraphSAGE_Optimised,1,1,64,64,1e-05,0.2,0.5405893800389213
GraphSAGE_Optimised,1,1,64,64,1e-05,0.3,0.5410063942174035
GraphSAGE_Optimised,1,1,64,64,1e-05,0.4,0.5401723658604393
GraphSAGE_Optimised,1,1,64,64,1e-05,0.5,0.5408673894912428
GraphSAGE_Optimised,1,1,64,128,0.001,0.1,0.5530998053933833
GraphSAGE_Optimised,1,1,64,128,0.001,0.2,0.5561579093689186
GraphSAGE_Optimised,1,1,64,128,0.001,0.3,0.546149569085349
GraphSAGE_Optimised,1,1,64,128,0.001,0.4,0.5738115095913262
GraphSAGE_Optimised,1,1,64,128,0.001,0.5,0.5537948290241868
GraphSAGE_Optimised,1,1,64,128,0.0001,0.1,0.5544898526549903
GraphSAGE_Optimised,1,1,64,128,0.0001,0.2,0.5567139282735614
GraphSAGE_Optimised,1,1,64,128,0.0001,0.3,0.5551848762857937
GraphSAGE_Optimised,1,1,64,128,0.0001,0.4,0.5557408951904365
GraphSAGE_Optimised,1,1,64,128,0.0001,0.5,0.5594940227967752
GraphSAGE_Optimised,1,1,64,128,1e-05,0.1,0.5332221295524048
GraphSAGE_Optimised,1,1,64,128,1e-05,0.2,0.5347511815401723
GraphSAGE_Optimised,1,1,64,128,1e-05,0.3,0.5389213233249931
GraphSAGE_Optimised,1,1,64,128,1e-05,0.4,0.542952460383653
GraphSAGE_Optimised,1,1,64,128,1e-05,0.5,0.5485126494300806
GraphSAGE_Optimised,1,1,64,256,0.001,0.1,0.5465665832638311
GraphSAGE_Optimised,1,1,64,256,0.001,0.2,0.5436474840144565
GraphSAGE_Optimised,1,1,64,256,0.001,0.3,0.5412844036697249
GraphSAGE_Optimised,1,1,64,256,0.001,0.4,0.5622741173199889
GraphSAGE_Optimised,1,1,64,256,0.001,0.5,0.5618571031415068
GraphSAGE_Optimised,1,1,64,256,0.0001,0.1,0.5448985265499027
GraphSAGE_Optimised,1,1,64,256,0.0001,0.2,0.542535446205171
GraphSAGE_Optimised,1,1,64,256,0.0001,0.3,0.5435084792882958
GraphSAGE_Optimised,1,1,64,256,0.0001,0.4,0.5407283847650821
GraphSAGE_Optimised,1,1,64,256,0.0001,0.5,0.5432304698359744
GraphSAGE_Optimised,1,1,64,256,1e-05,0.1,0.5391993327773145
GraphSAGE_Optimised,1,1,64,256,1e-05,0.2,0.5401723658604393
GraphSAGE_Optimised,1,1,64,256,1e-05,0.3,0.5418404225743675
GraphSAGE_Optimised,1,1,64,256,1e-05,0.4,0.5417014178482068
GraphSAGE_Optimised,1,1,64,256,1e-05,0.5,0.5436474840144565
GraphSAGE_Optimised,1,1,128,64,0.001,0.1,0.5482346399777592
GraphSAGE_Optimised,1,1,128,64,0.001,0.2,0.5465665832638311
GraphSAGE_Optimised,1,1,128,64,0.001,0.3,0.5442035029190992
GraphSAGE_Optimised,1,1,128,64,0.001,0.4,0.5415624131220461
GraphSAGE_Optimised,1,1,128,64,0.001,0.5,0.5455935501807062
GraphSAGE_Optimised,1,1,128,64,0.0001,0.1,0.5522657770364192
GraphSAGE_Optimised,1,1,128,64,0.0001,0.2,0.5517097581317766
GraphSAGE_Optimised,1,1,128,64,0.0001,0.3,0.5511537392271337
GraphSAGE_Optimised,1,1,128,64,0.0001,0.4,0.5511537392271337
GraphSAGE_Optimised,1,1,128,64,0.0001,0.5,0.5522657770364192
GraphSAGE_Optimised,1,1,128,64,1e-05,0.1,0.5211287183764248
GraphSAGE_Optimised,1,1,128,64,1e-05,0.2,0.5209897136502641
GraphSAGE_Optimised,1,1,128,64,1e-05,0.3,0.5208507089241035
GraphSAGE_Optimised,1,1,128,64,1e-05,0.4,0.5202946900194607
GraphSAGE_Optimised,1,1,128,64,1e-05,0.5,0.5204336947456214
GraphSAGE_Optimised,1,1,128,128,0.001,0.1,0.5472616068946344
GraphSAGE_Optimised,1,1,128,128,0.001,0.2,0.5486516541562413
GraphSAGE_Optimised,1,1,128,128,0.001,0.3,0.5499026966916876
GraphSAGE_Optimised,1,1,128,128,0.001,0.4,0.5515707534056158
GraphSAGE_Optimised,1,1,128,128,0.001,0.5,0.5529608006672228
GraphSAGE_Optimised,1,1,128,128,0.0001,0.1,0.5514317486794551
GraphSAGE_Optimised,1,1,128,128,0.0001,0.2,0.5524047817625799
GraphSAGE_Optimised,1,1,128,128,0.0001,0.3,0.5519877675840978
GraphSAGE_Optimised,1,1,128,128,0.0001,0.4,0.5525437864887407
GraphSAGE_Optimised,1,1,128,128,0.0001,0.5,0.554211843202669
GraphSAGE_Optimised,1,1,128,128,1e-05,0.1,0.5296080066722268
GraphSAGE_Optimised,1,1,128,128,1e-05,0.2,0.5329441201000834
GraphSAGE_Optimised,1,1,128,128,1e-05,0.3,0.530859049207673
GraphSAGE_Optimised,1,1,128,128,1e-05,0.4,0.5351681957186545
GraphSAGE_Optimised,1,1,128,128,1e-05,0.5,0.5390603280511537
GraphSAGE_Optimised,1,1,128,256,0.001,0.1,0.5530998053933835
GraphSAGE_Optimised,1,1,128,256,0.001,0.2,0.5361412288017793
GraphSAGE_Optimised,1,1,128,256,0.001,0.3,0.5436474840144565
GraphSAGE_Optimised,1,1,128,256,0.001,0.4,0.5387823185988323
GraphSAGE_Optimised,1,1,128,256,0.001,0.5,0.5390603280511538
GraphSAGE_Optimised,1,1,128,256,0.0001,0.1,0.5382262996941896
GraphSAGE_Optimised,1,1,128,256,0.0001,0.2,0.5368362524325827
GraphSAGE_Optimised,1,1,128,256,0.0001,0.3,0.5368362524325827
GraphSAGE_Optimised,1,1,128,256,0.0001,0.4,0.5371142618849041
GraphSAGE_Optimised,1,1,128,256,0.0001,0.5,0.5371142618849041
GraphSAGE_Optimised,1,1,128,256,1e-05,0.1,0.5177926049485683
GraphSAGE_Optimised,1,1,128,256,1e-05,0.2,0.5186266333055324
GraphSAGE_Optimised,1,1,128,256,1e-05,0.3,0.5233527939949958
GraphSAGE_Optimised,1,1,128,256,1e-05,0.4,0.5145954962468724
GraphSAGE_Optimised,1,1,128,256,1e-05,0.5,0.5145954962468724
GraphSAGE_Optimised,1,2,32,64,0.001,0.1,0.5766307352128247
GraphSAGE_Optimised,1,2,32,64,0.001,0.2,0.5834024322830292
GraphSAGE_Optimised,1,2,32,64,0.001,0.3,0.5830569375345495
GraphSAGE_Optimised,1,2,32,64,0.001,0.4,0.5726920950801547
GraphSAGE_Optimised,1,2,32,64,0.001,0.5,0.579878385848535
GraphSAGE_Optimised,1,2,32,64,0.0001,0.1,0.5863736871199559
GraphSAGE_Optimised,1,2,32,64,0.0001,0.2,0.587962962962963
GraphSAGE_Optimised,1,2,32,64,0.0001,0.3,0.587893864013267
GraphSAGE_Optimised,1,2,32,64,0.0001,0.4,0.5888612493090105
GraphSAGE_Optimised,1,2,32,64,0.0001,0.5,0.5910724156992814
GraphSAGE_Optimised,1,2,32,64,1e-05,0.1,0.5869955776672195
GraphSAGE_Optimised,1,2,32,64,1e-05,0.2,0.5865118850193478
GraphSAGE_Optimised,1,2,32,64,1e-05,0.3,0.5876174682144831
GraphSAGE_Optimised,1,2,32,64,1e-05,0.4,0.5878938640132669
GraphSAGE_Optimised,1,2,32,64,1e-05,0.5,0.5869264787175235
GraphSAGE_Optimised,1,2,32,128,0.001,0.1,0.5619126589275842
GraphSAGE_Optimised,1,2,32,128,0.001,0.2,0.560668877833057
GraphSAGE_Optimised,1,2,32,128,0.001,0.3,0.5681315644002212
GraphSAGE_Optimised,1,2,32,128,0.001,0.4,0.5635019347705915
GraphSAGE_Optimised,1,2,32,128,0.001,0.5,0.5699972360420121
GraphSAGE_Optimised,1,2,32,128,0.0001,0.1,0.5786346047540077
GraphSAGE_Optimised,1,2,32,128,0.0001,0.2,0.5733830845771144
GraphSAGE_Optimised,1,2,32,128,0.0001,0.3,0.576008844665561
GraphSAGE_Optimised,1,2,32,128,0.0001,0.4,0.5812603648424544
GraphSAGE_Optimised,1,2,32,128,0.0001,0.5,0.5781509121061359
GraphSAGE_Optimised,1,2,32,128,1e-05,0.1,0.5257048092868988
GraphSAGE_Optimised,1,2,32,128,1e-05,0.2,0.5147871752349364
GraphSAGE_Optimised,1,2,32,128,1e-05,0.3,0.5338584853510226
GraphSAGE_Optimised,1,2,32,128,1e-05,0.4,0.5305417357656164
GraphSAGE_Optimised,1,2,32,128,1e-05,0.5,0.5263957987838584
GraphSAGE_Optimised,1,2,32,256,0.001,0.1,0.5670950801547816
GraphSAGE_Optimised,1,2,32,256,0.001,0.2,0.564262023217247
GraphSAGE_Optimised,1,2,32,256,0.001,0.3,0.5641238253178552
GraphSAGE_Optimised,1,2,32,256,0.001,0.4,0.5711719181868437
GraphSAGE_Optimised,1,2,32,256,0.001,0.5,0.5735212824765064
GraphSAGE_Optimised,1,2,32,256,0.0001,0.1,0.5671641791044777
GraphSAGE_Optimised,1,2,32,256,0.0001,0.2,0.568269762299613
GraphSAGE_Optimised,1,2,32,256,0.0001,0.3,0.5649530127142068
GraphSAGE_Optimised,1,2,32,256,0.0001,0.4,0.5653676064123826
GraphSAGE_Optimised,1,2,32,256,0.0001,0.5,0.5659203980099503
GraphSAGE_Optimised,1,2,32,256,1e-05,0.1,0.5342730790491984
GraphSAGE_Optimised,1,2,32,256,1e-05,0.2,0.5324765063571034
GraphSAGE_Optimised,1,2,32,256,1e-05,0.3,0.5327529021558872
GraphSAGE_Optimised,1,2,32,256,1e-05,0.4,0.531232725262576
GraphSAGE_Optimised,1,2,32,256,1e-05,0.5,0.5310945273631841
GraphSAGE_Optimised,1,2,64,64,0.001,0.1,0.57808181315644
GraphSAGE_Optimised,1,2,64,64,0.001,0.2,0.5806384742951908
GraphSAGE_Optimised,1,2,64,64,0.001,0.3,0.5804311774461028
GraphSAGE_Optimised,1,2,64,64,0.001,0.4,0.5802929795467108
GraphSAGE_Optimised,1,2,64,64,0.001,0.5,0.5818131564400221
GraphSAGE_Optimised,1,2,64,64,0.0001,0.1,0.5888612493090105
GraphSAGE_Optimised,1,2,64,64,0.0001,0.2,0.5901050304035378
GraphSAGE_Optimised,1,2,64,64,0.0001,0.3,0.5895522388059702
GraphSAGE_Optimised,1,2,64,64,0.0001,0.4,0.5901050304035379
GraphSAGE_Optimised,1,2,64,64,0.0001,0.5,0.5896213377556662
GraphSAGE_Optimised,1,2,64,64,1e-05,0.1,0.5793255942509674
GraphSAGE_Optimised,1,2,64,64,1e-05,0.2,0.5794637921503594
GraphSAGE_Optimised,1,2,64,64,1e-05,0.3,0.5793255942509674
GraphSAGE_Optimised,1,2,64,64,1e-05,0.4,0.5793255942509674
GraphSAGE_Optimised,1,2,64,64,1e-05,0.5,0.5783582089552239
GraphSAGE_Optimised,1,2,64,128,0.001,0.1,0.5825041459369817
GraphSAGE_Optimised,1,2,64,128,0.001,0.2,0.5777363184079602
GraphSAGE_Optimised,1,2,64,128,0.001,0.3,0.5804311774461028
GraphSAGE_Optimised,1,2,64,128,0.001,0.4,0.5764234383637369
GraphSAGE_Optimised,1,2,64,128,0.001,0.5,0.5754560530679933
GraphSAGE_Optimised,1,2,64,128,0.0001,0.1,0.5760779436152571
GraphSAGE_Optimised,1,2,64,128,0.0001,0.2,0.5762852404643448
GraphSAGE_Optimised,1,2,64,128,0.0001,0.3,0.5747650635710337
GraphSAGE_Optimised,1,2,64,128,0.0001,0.4,0.5764234383637369
GraphSAGE_Optimised,1,2,64,128,0.0001,0.5,0.5751796572692095
GraphSAGE_Optimised,1,2,64,128,1e-05,0.1,0.4821724709784411
GraphSAGE_Optimised,1,2,64,128,1e-05,0.2,0.4823106688778331
GraphSAGE_Optimised,1,2,64,128,1e-05,0.3,0.4834162520729685
GraphSAGE_Optimised,1,2,64,128,1e-05,0.4,0.4832780541735765
GraphSAGE_Optimised,1,2,64,128,1e-05,0.5,0.484383637368712
GraphSAGE_Optimised,1,2,64,256,0.001,0.1,0.5665422885572139
GraphSAGE_Optimised,1,2,64,256,0.001,0.2,0.5666113875069099
GraphSAGE_Optimised,1,2,64,256,0.001,0.3,0.5680624654505252
GraphSAGE_Optimised,1,2,64,256,0.001,0.4,0.5625345494748479
GraphSAGE_Optimised,1,2,64,256,0.001,0.5,0.5677169707020452
GraphSAGE_Optimised,1,2,64,256,0.0001,0.1,0.5666113875069099
GraphSAGE_Optimised,1,2,64,256,0.0001,0.2,0.5666113875069099
GraphSAGE_Optimised,1,2,64,256,0.0001,0.3,0.5649530127142067
GraphSAGE_Optimised,1,2,64,256,0.0001,0.4,0.5652294085129905
GraphSAGE_Optimised,1,2,64,256,0.0001,0.5,0.5670259812050856
GraphSAGE_Optimised,1,2,64,256,1e-05,0.1,0.5172747374239912
GraphSAGE_Optimised,1,2,64,256,1e-05,0.2,0.5172747374239912
GraphSAGE_Optimised,1,2,64,256,1e-05,0.3,0.5168601437258153
GraphSAGE_Optimised,1,2,64,256,1e-05,0.4,0.5157545605306799
GraphSAGE_Optimised,1,2,64,256,1e-05,0.5,0.5160309563294638
GraphSAGE_Optimised,1,2,128,64,0.001,0.1,0.5876174682144831
GraphSAGE_Optimised,1,2,128,64,0.001,0.2,0.5872028745163074
GraphSAGE_Optimised,1,2,128,64,0.001,0.3,0.5873410724156993
GraphSAGE_Optimised,1,2,128,64,0.001,0.4,0.587893864013267
GraphSAGE_Optimised,1,2,128,64,0.001,0.5,0.5873410724156992
GraphSAGE_Optimised,1,2,128,64,0.0001,0.1,0.5910033167495854
GraphSAGE_Optimised,1,2,128,64,0.0001,0.2,0.5907960199004975
GraphSAGE_Optimised,1,2,128,64,0.0001,0.3,0.5914870093974571
GraphSAGE_Optimised,1,2,128,64,0.0001,0.4,0.5913488114980652
GraphSAGE_Optimised,1,2,128,64,0.0001,0.5,0.5920398009950248
GraphSAGE_Optimised,1,2,128,64,1e-05,0.1,0.5554173576561635
GraphSAGE_Optimised,1,2,128,64,1e-05,0.2,0.5554173576561636
GraphSAGE_Optimised,1,2,128,64,1e-05,0.3,0.5551409618573798
GraphSAGE_Optimised,1,2,128,64,1e-05,0.4,0.5551409618573797
GraphSAGE_Optimised,1,2,128,64,1e-05,0.5,0.5554173576561636
GraphSAGE_Optimised,1,2,128,128,0.001,0.1,0.5786346047540077
GraphSAGE_Optimised,1,2,128,128,0.001,0.2,0.5809839690436707
GraphSAGE_Optimised,1,2,128,128,0.001,0.3,0.5826423438363737
GraphSAGE_Optimised,1,2,128,128,0.001,0.4,0.5887230514096186
GraphSAGE_Optimised,1,2,128,128,0.001,0.5,0.5831951354339414
GraphSAGE_Optimised,1,2,128,128,0.0001,0.1,0.5731066887783306
GraphSAGE_Optimised,1,2,128,128,0.0001,0.2,0.5715865118850193
GraphSAGE_Optimised,1,2,128,128,0.0001,0.3,0.5728302929795467
GraphSAGE_Optimised,1,2,128,128,0.0001,0.4,0.5713101160862355
GraphSAGE_Optimised,1,2,128,128,0.0001,0.5,0.5724156992813709
GraphSAGE_Optimised,1,2,128,128,1e-05,0.1,0.4578496406854616
GraphSAGE_Optimised,1,2,128,128,1e-05,0.2,0.4606135986733002
GraphSAGE_Optimised,1,2,128,128,1e-05,0.3,0.46033720287451624
GraphSAGE_Optimised,1,2,128,128,1e-05,0.4,0.45916252072968494
GraphSAGE_Optimised,1,2,128,128,1e-05,0.5,0.4615809839690437
GraphSAGE_Optimised,1,2,128,256,0.001,0.1,0.5727611940298507
GraphSAGE_Optimised,1,2,128,256,0.001,0.2,0.5760088446655611
GraphSAGE_Optimised,1,2,128,256,0.001,0.3,0.5829187396351575
GraphSAGE_Optimised,1,2,128,256,0.001,0.4,0.582158651188502
GraphSAGE_Optimised,1,2,128,256,0.001,0.5,0.5729684908789386
GraphSAGE_Optimised,1,2,128,256,0.0001,0.1,0.5641238253178551
GraphSAGE_Optimised,1,2,128,256,0.0001,0.2,0.5641238253178552
GraphSAGE_Optimised,1,2,128,256,0.0001,0.3,0.5619126589275844
GraphSAGE_Optimised,1,2,128,256,0.0001,0.4,0.5599778883360973
GraphSAGE_Optimised,1,2,128,256,0.0001,0.5,0.5591487009397458
GraphSAGE_Optimised,1,2,128,256,1e-05,0.1,0.48369264787175237
GraphSAGE_Optimised,1,2,128,256,1e-05,0.2,0.4835544499723604
GraphSAGE_Optimised,1,2,128,256,1e-05,0.3,0.48348535102266443
GraphSAGE_Optimised,1,2,128,256,1e-05,0.4,0.482310668877833
GraphSAGE_Optimised,1,2,128,256,1e-05,0.5,0.4828634604754008
GraphSAGE_Optimised,1,3,32,64,0.001,0.1,0.6514648977335545
GraphSAGE_Optimised,1,3,32,64,0.001,0.2,0.6455223880597015
GraphSAGE_Optimised,1,3,32,64,0.001,0.3,0.6572692095080155
GraphSAGE_Optimised,1,3,32,64,0.001,0.4,0.6500829187396352
GraphSAGE_Optimised,1,3,32,64,0.001,0.5,0.6547816473189607
GraphSAGE_Optimised,1,3,32,64,0.0001,0.1,0.6451077943615257
GraphSAGE_Optimised,1,3,32,64,0.0001,0.2,0.6437258153676064
GraphSAGE_Optimised,1,3,32,64,0.0001,0.3,0.6417910447761194
GraphSAGE_Optimised,1,3,32,64,0.0001,0.4,0.6402708678828081
GraphSAGE_Optimised,1,3,32,64,0.0001,0.5,0.6398562741846324
GraphSAGE_Optimised,1,3,32,64,1e-05,0.1,0.6292150359314539
GraphSAGE_Optimised,1,3,32,64,1e-05,0.2,0.6292150359314538
GraphSAGE_Optimised,1,3,32,64,1e-05,0.3,0.629076838032062
GraphSAGE_Optimised,1,3,32,64,1e-05,0.4,0.6300442233278054
GraphSAGE_Optimised,1,3,32,64,1e-05,0.5,0.6292150359314539
GraphSAGE_Optimised,1,3,32,128,0.001,0.1,0.6459369817578773
GraphSAGE_Optimised,1,3,32,128,0.001,0.2,0.6597567716970701
GraphSAGE_Optimised,1,3,32,128,0.001,0.3,0.6583747927031509
GraphSAGE_Optimised,1,3,32,128,0.001,0.4,0.6507739082365949
GraphSAGE_Optimised,1,3,32,128,0.001,0.5,0.6565782200110558
GraphSAGE_Optimised,1,3,32,128,0.0001,0.1,0.6539524599226091
GraphSAGE_Optimised,1,3,32,128,0.0001,0.2,0.6517412935323383
GraphSAGE_Optimised,1,3,32,128,0.0001,0.3,0.654367053620785
GraphSAGE_Optimised,1,3,32,128,0.0001,0.4,0.6543670536207851
GraphSAGE_Optimised,1,3,32,128,0.0001,0.5,0.6580983969043671
GraphSAGE_Optimised,1,3,32,128,1e-05,0.1,0.5920398009950248
GraphSAGE_Optimised,1,3,32,128,1e-05,0.2,0.5906578220011055
GraphSAGE_Optimised,1,3,32,128,1e-05,0.3,0.5885848535102266
GraphSAGE_Optimised,1,3,32,128,1e-05,0.4,0.5873410724156992
GraphSAGE_Optimised,1,3,32,128,1e-05,0.5,0.5887230514096186
GraphSAGE_Optimised,1,3,32,256,0.001,0.1,0.6622443338861249
GraphSAGE_Optimised,1,3,32,256,0.001,0.2,0.6431730237700386
GraphSAGE_Optimised,1,3,32,256,0.001,0.3,0.6650082918739635
GraphSAGE_Optimised,1,3,32,256,0.001,0.4,0.638750690989497
GraphSAGE_Optimised,1,3,32,256,0.001,0.5,0.6399944720840244
GraphSAGE_Optimised,1,3,32,256,0.0001,0.1,0.6355721393034826
GraphSAGE_Optimised,1,3,32,256,0.0001,0.2,0.636539524599226
GraphSAGE_Optimised,1,3,32,256,0.0001,0.3,0.6358485351022665
GraphSAGE_Optimised,1,3,32,256,0.0001,0.4,0.6390270867882809
GraphSAGE_Optimised,1,3,32,256,0.0001,0.5,0.6383360972913212
GraphSAGE_Optimised,1,3,32,256,1e-05,0.1,0.6158098396904368
GraphSAGE_Optimised,1,3,32,256,1e-05,0.2,0.6135986733001659
GraphSAGE_Optimised,1,3,32,256,1e-05,0.3,0.613460475400774
GraphSAGE_Optimised,1,3,32,256,1e-05,0.4,0.6145660585959094
GraphSAGE_Optimised,1,3,32,256,1e-05,0.5,0.615118850193477
GraphSAGE_Optimised,1,3,64,64,0.001,0.1,0.6434494195688226
GraphSAGE_Optimised,1,3,64,64,0.001,0.2,0.6424820342730789
GraphSAGE_Optimised,1,3,64,64,0.001,0.3,0.6408236594803759
GraphSAGE_Optimised,1,3,64,64,0.001,0.4,0.6434494195688225
GraphSAGE_Optimised,1,3,64,64,0.001,0.5,0.6452459922609177
GraphSAGE_Optimised,1,3,64,64,0.0001,0.1,0.6467661691542289
GraphSAGE_Optimised,1,3,64,64,0.0001,0.2,0.646489773355445
GraphSAGE_Optimised,1,3,64,64,0.0001,0.3,0.6462133775566612
GraphSAGE_Optimised,1,3,64,64,0.0001,0.4,0.6451077943615258
GraphSAGE_Optimised,1,3,64,64,0.0001,0.5,0.6442786069651741
GraphSAGE_Optimised,1,3,64,64,1e-05,0.1,0.6080707573244887
GraphSAGE_Optimised,1,3,64,64,1e-05,0.2,0.6076561636263129
GraphSAGE_Optimised,1,3,64,64,1e-05,0.3,0.6080707573244887
GraphSAGE_Optimised,1,3,64,64,1e-05,0.4,0.6086235489220563
GraphSAGE_Optimised,1,3,64,64,1e-05,0.5,0.6083471531232725
GraphSAGE_Optimised,1,3,64,128,0.001,0.1,0.6398562741846324
GraphSAGE_Optimised,1,3,64,128,0.001,0.2,0.6569928137092317
GraphSAGE_Optimised,1,3,64,128,0.001,0.3,0.6460751796572691
GraphSAGE_Optimised,1,3,64,128,0.001,0.4,0.6539524599226092
GraphSAGE_Optimised,1,3,64,128,0.001,0.5,0.6597567716970701
GraphSAGE_Optimised,1,3,64,128,0.0001,0.1,0.6594803758982863
GraphSAGE_Optimised,1,3,64,128,0.0001,0.2,0.6579601990049752
GraphSAGE_Optimised,1,3,64,128,0.0001,0.3,0.6604477611940298
GraphSAGE_Optimised,1,3,64,128,0.0001,0.4,0.6593421779988945
GraphSAGE_Optimised,1,3,64,128,0.0001,0.5,0.656025428413488
GraphSAGE_Optimised,1,3,64,128,1e-05,0.1,0.5262576008844666
GraphSAGE_Optimised,1,3,64,128,1e-05,0.2,0.5240464344941957
GraphSAGE_Optimised,1,3,64,128,1e-05,0.3,0.5232172470978441
GraphSAGE_Optimised,1,3,64,128,1e-05,0.4,0.5247374239911553
GraphSAGE_Optimised,1,3,64,128,1e-05,0.5,0.5241846323935877
GraphSAGE_Optimised,1,3,64,256,0.001,0.1,0.6543670536207848
GraphSAGE_Optimised,1,3,64,256,0.001,0.2,0.6576838032061914
GraphSAGE_Optimised,1,3,64,256,0.001,0.3,0.656440022111664
GraphSAGE_Optimised,1,3,64,256,0.001,0.4,0.6662520729684909
GraphSAGE_Optimised,1,3,64,256,0.001,0.5,0.6627971254836926
GraphSAGE_Optimised,1,3,64,256,0.0001,0.1,0.6408236594803759
GraphSAGE_Optimised,1,3,64,256,0.0001,0.2,0.6434494195688225
GraphSAGE_Optimised,1,3,64,256,0.0001,0.3,0.6431730237700387
GraphSAGE_Optimised,1,3,64,256,0.0001,0.4,0.6437258153676064
GraphSAGE_Optimised,1,3,64,256,0.0001,0.5,0.6446932006633499
GraphSAGE_Optimised,1,3,64,256,1e-05,0.1,0.5702045328911001
GraphSAGE_Optimised,1,3,64,256,1e-05,0.2,0.5714483139856273
GraphSAGE_Optimised,1,3,64,256,1e-05,0.3,0.5692371475953564
GraphSAGE_Optimised,1,3,64,256,1e-05,0.4,0.5707573244886678
GraphSAGE_Optimised,1,3,64,256,1e-05,0.5,0.5688225538971808
GraphSAGE_Optimised,1,3,128,64,0.001,0.1,0.6536760641238254
GraphSAGE_Optimised,1,3,128,64,0.001,0.2,0.6546434494195688
GraphSAGE_Optimised,1,3,128,64,0.001,0.3,0.6513266998341625
GraphSAGE_Optimised,1,3,128,64,0.001,0.4,0.650359314538419
GraphSAGE_Optimised,1,3,128,64,0.001,0.5,0.650497512437811
GraphSAGE_Optimised,1,3,128,64,0.0001,0.1,0.6411000552791597
GraphSAGE_Optimised,1,3,128,64,0.0001,0.2,0.6405472636815921
GraphSAGE_Optimised,1,3,128,64,0.0001,0.3,0.6401326699834162
GraphSAGE_Optimised,1,3,128,64,0.0001,0.4,0.6401326699834163
GraphSAGE_Optimised,1,3,128,64,0.0001,0.5,0.6397180762852404
GraphSAGE_Optimised,1,3,128,64,1e-05,0.1,0.5563847429519071
GraphSAGE_Optimised,1,3,128,64,1e-05,0.2,0.5562465450525153
GraphSAGE_Optimised,1,3,128,64,1e-05,0.3,0.5563847429519072
GraphSAGE_Optimised,1,3,128,64,1e-05,0.4,0.5565229408512989
GraphSAGE_Optimised,1,3,128,64,1e-05,0.5,0.556522940851299
GraphSAGE_Optimised,1,3,128,128,0.001,0.1,0.6567164179104479
GraphSAGE_Optimised,1,3,128,128,0.001,0.2,0.6528468767274738
GraphSAGE_Optimised,1,3,128,128,0.001,0.3,0.6467661691542288
GraphSAGE_Optimised,1,3,128,128,0.001,0.4,0.6493919292426754
GraphSAGE_Optimised,1,3,128,128,0.001,0.5,0.646627971254837
GraphSAGE_Optimised,1,3,128,128,0.0001,0.1,0.6532614704256495
GraphSAGE_Optimised,1,3,128,128,0.0001,0.2,0.6545052515201768
GraphSAGE_Optimised,1,3,128,128,0.0001,0.3,0.6556108347153123
GraphSAGE_Optimised,1,3,128,128,0.0001,0.4,0.654228855721393
GraphSAGE_Optimised,1,3,128,128,0.0001,0.5,0.654228855721393
GraphSAGE_Optimised,1,3,128,128,1e-05,0.1,0.5038695411829741
GraphSAGE_Optimised,1,3,128,128,1e-05,0.2,0.501934770591487
GraphSAGE_Optimised,1,3,128,128,1e-05,0.3,0.5053897180762852
GraphSAGE_Optimised,1,3,128,128,1e-05,0.4,0.5053897180762852
GraphSAGE_Optimised,1,3,128,128,1e-05,0.5,0.5064953012714206
GraphSAGE_Optimised,1,3,128,256,0.001,0.1,0.6521558872305141
GraphSAGE_Optimised,1,3,128,256,0.001,0.2,0.6520176893311223
GraphSAGE_Optimised,1,3,128,256,0.001,0.3,0.64828634604754
GraphSAGE_Optimised,1,3,128,256,0.001,0.4,0.6546434494195686
GraphSAGE_Optimised,1,3,128,256,0.001,0.5,0.6455223880597015
GraphSAGE_Optimised,1,3,128,256,0.0001,0.1,0.6381978993919293
GraphSAGE_Optimised,1,3,128,256,0.0001,0.2,0.6348811498065229
GraphSAGE_Optimised,1,3,128,256,0.0001,0.3,0.6341901603095633
GraphSAGE_Optimised,1,3,128,256,0.0001,0.4,0.6346047540077391
GraphSAGE_Optimised,1,3,128,256,0.0001,0.5,0.6372305140961858
GraphSAGE_Optimised,1,3,128,256,1e-05,0.1,0.5219734660033168
GraphSAGE_Optimised,1,3,128,256,1e-05,0.2,0.523355444997236
GraphSAGE_Optimised,1,3,128,256,1e-05,0.3,0.5225262576008844
GraphSAGE_Optimised,1,3,128,256,1e-05,0.4,0.5216970702045329
GraphSAGE_Optimised,1,3,128,256,1e-05,0.5,0.523355444997236
GraphSAGE_Optimised,1,4,32,64,0.001,0.1,0.6332227750138197
GraphSAGE_Optimised,1,4,32,64,0.001,0.2,0.6292150359314538
GraphSAGE_Optimised,1,4,32,64,0.001,0.3,0.618850193477059
GraphSAGE_Optimised,1,4,32,64,0.001,0.4,0.6386124930901049
GraphSAGE_Optimised,1,4,32,64,0.001,0.5,0.6210613598673299
GraphSAGE_Optimised,1,4,32,64,0.0001,0.1,0.624930901050304
GraphSAGE_Optimised,1,4,32,64,0.0001,0.2,0.624930901050304
GraphSAGE_Optimised,1,4,32,64,0.0001,0.3,0.6263128800442233
GraphSAGE_Optimised,1,4,32,64,0.0001,0.4,0.6276948590381427
GraphSAGE_Optimised,1,4,32,64,0.0001,0.5,0.6285240464344942
GraphSAGE_Optimised,1,4,32,64,1e-05,0.1,0.6272802653399668
GraphSAGE_Optimised,1,4,32,64,1e-05,0.2,0.6276948590381426
GraphSAGE_Optimised,1,4,32,64,1e-05,0.3,0.6276948590381426
GraphSAGE_Optimised,1,4,32,64,1e-05,0.4,0.6275566611387509
GraphSAGE_Optimised,1,4,32,64,1e-05,0.5,0.6283858485351023
GraphSAGE_Optimised,1,4,32,128,0.001,0.1,0.5802929795467109
GraphSAGE_Optimised,1,4,32,128,0.001,0.2,0.5930071862907683
GraphSAGE_Optimised,1,4,32,128,0.001,0.3,0.5815367606412383
GraphSAGE_Optimised,1,4,32,128,0.001,0.4,0.5823659480375898
GraphSAGE_Optimised,1,4,32,128,0.001,0.5,0.5899668325041458
GraphSAGE_Optimised,1,4,32,128,0.0001,0.1,0.5975677169707021
GraphSAGE_Optimised,1,4,32,128,0.0001,0.2,0.6026810392482034
GraphSAGE_Optimised,1,4,32,128,0.0001,0.3,0.6068269762299613
GraphSAGE_Optimised,1,4,32,128,0.0001,0.4,0.6102819237147595
GraphSAGE_Optimised,1,4,32,128,0.0001,0.5,0.6084853510226643
GraphSAGE_Optimised,1,4,32,128,1e-05,0.1,0.5132669983416253
GraphSAGE_Optimised,1,4,32,128,1e-05,0.2,0.5102266445550028
GraphSAGE_Optimised,1,4,32,128,1e-05,0.3,0.5044223327805417
GraphSAGE_Optimised,1,4,32,128,1e-05,0.4,0.5006909894969597
GraphSAGE_Optimised,1,4,32,128,1e-05,0.5,0.4928137092316197
GraphSAGE_Optimised,1,4,32,256,0.001,0.1,0.5945273631840795
GraphSAGE_Optimised,1,4,32,256,0.001,0.2,0.5851299060254284
GraphSAGE_Optimised,1,4,32,256,0.001,0.3,0.5688225538971807
GraphSAGE_Optimised,1,4,32,256,0.001,0.4,0.5812603648424544
GraphSAGE_Optimised,1,4,32,256,0.001,0.5,0.5677169707020453
GraphSAGE_Optimised,1,4,32,256,0.0001,0.1,0.6011608623548923
GraphSAGE_Optimised,1,4,32,256,0.0001,0.2,0.5972913211719182
GraphSAGE_Optimised,1,4,32,256,0.0001,0.3,0.5978441127694859
GraphSAGE_Optimised,1,4,32,256,0.0001,0.4,0.5941127694859039
GraphSAGE_Optimised,1,4,32,256,0.0001,0.5,0.5968767274737425
GraphSAGE_Optimised,1,4,32,256,1e-05,0.1,0.5532061912658928
GraphSAGE_Optimised,1,4,32,256,1e-05,0.2,0.5530679933665008
GraphSAGE_Optimised,1,4,32,256,1e-05,0.3,0.5519624101713654
GraphSAGE_Optimised,1,4,32,256,1e-05,0.4,0.5491984521835268
GraphSAGE_Optimised,1,4,32,256,1e-05,0.5,0.546849087893864
GraphSAGE_Optimised,1,4,64,64,0.001,0.1,0.6271420674405749
GraphSAGE_Optimised,1,4,64,64,0.001,0.2,0.6292150359314538
GraphSAGE_Optimised,1,4,64,64,0.001,0.3,0.6297678275290215
GraphSAGE_Optimised,1,4,64,64,0.001,0.4,0.6265892758430072
GraphSAGE_Optimised,1,4,64,64,0.001,0.5,0.6278330569375346
GraphSAGE_Optimised,1,4,64,64,0.0001,0.1,0.6271420674405749
GraphSAGE_Optimised,1,4,64,64,0.0001,0.2,0.6267274737423991
GraphSAGE_Optimised,1,4,64,64,0.0001,0.3,0.6261746821448314
GraphSAGE_Optimised,1,4,64,64,0.0001,0.4,0.6258982863460475
GraphSAGE_Optimised,1,4,64,64,0.0001,0.5,0.6264510779436153
GraphSAGE_Optimised,1,4,64,64,1e-05,0.1,0.6166390270867883
GraphSAGE_Optimised,1,4,64,64,1e-05,0.2,0.6166390270867881
GraphSAGE_Optimised,1,4,64,64,1e-05,0.3,0.6162244333886124
GraphSAGE_Optimised,1,4,64,64,1e-05,0.4,0.6160862354892205
GraphSAGE_Optimised,1,4,64,64,1e-05,0.5,0.6167772249861802
GraphSAGE_Optimised,1,4,64,128,0.001,0.1,0.6191265892758431
GraphSAGE_Optimised,1,4,64,128,0.001,0.2,0.6124930901050303
GraphSAGE_Optimised,1,4,64,128,0.001,0.3,0.6116639027086788
GraphSAGE_Optimised,1,4,64,128,0.001,0.4,0.6066887783305693
GraphSAGE_Optimised,1,4,64,128,0.001,0.5,0.6115257048092868
GraphSAGE_Optimised,1,4,64,128,0.0001,0.1,0.6082089552238806
GraphSAGE_Optimised,1,4,64,128,0.0001,0.2,0.6095909342177999
GraphSAGE_Optimised,1,4,64,128,0.0001,0.3,0.6037866224433388
GraphSAGE_Optimised,1,4,64,128,0.0001,0.4,0.6065505804311774
GraphSAGE_Optimised,1,4,64,128,0.0001,0.5,0.6055831951354339
GraphSAGE_Optimised,1,4,64,128,1e-05,0.1,0.43269762299613046
GraphSAGE_Optimised,1,4,64,128,1e-05,0.2,0.431592039800995
GraphSAGE_Optimised,1,4,64,128,1e-05,0.3,0.4284134881149807
GraphSAGE_Optimised,1,4,64,128,1e-05,0.4,0.4262023217247099
GraphSAGE_Optimised,1,4,64,128,1e-05,0.5,0.42247097844112774
GraphSAGE_Optimised,1,4,64,256,0.001,0.1,0.6159480375898285
GraphSAGE_Optimised,1,4,64,256,0.001,0.2,0.5953565505804311
GraphSAGE_Optimised,1,4,64,256,0.001,0.3,0.5815367606412383
GraphSAGE_Optimised,1,4,64,256,0.001,0.4,0.6026810392482034
GraphSAGE_Optimised,1,4,64,256,0.001,0.5,0.5901050304035378
GraphSAGE_Optimised,1,4,64,256,0.0001,0.1,0.6022664455500276
GraphSAGE_Optimised,1,4,64,256,0.0001,0.2,0.6017136539524599
GraphSAGE_Optimised,1,4,64,256,0.0001,0.3,0.6003316749585407
GraphSAGE_Optimised,1,4,64,256,0.0001,0.4,0.6004698728579326
GraphSAGE_Optimised,1,4,64,256,0.0001,0.5,0.5985351022664456
GraphSAGE_Optimised,1,4,64,256,1e-05,0.1,0.5208678828081812
GraphSAGE_Optimised,1,4,64,256,1e-05,0.2,0.5171365395245991
GraphSAGE_Optimised,1,4,64,256,1e-05,0.3,0.515616362631288
GraphSAGE_Optimised,1,4,64,256,1e-05,0.4,0.5145107794361525
GraphSAGE_Optimised,1,4,64,256,1e-05,0.5,0.5098120508568269
GraphSAGE_Optimised,1,4,128,64,0.001,0.1,0.62893864013267
GraphSAGE_Optimised,1,4,128,64,0.001,0.2,0.6292150359314539
GraphSAGE_Optimised,1,4,128,64,0.001,0.3,0.628800442233278
GraphSAGE_Optimised,1,4,128,64,0.001,0.4,0.6286622443338861
GraphSAGE_Optimised,1,4,128,64,0.001,0.5,0.6265892758430072
GraphSAGE_Optimised,1,4,128,64,0.0001,0.1,0.6275566611387506
GraphSAGE_Optimised,1,4,128,64,0.0001,0.2,0.6278330569375346
GraphSAGE_Optimised,1,4,128,64,0.0001,0.3,0.6278330569375346
GraphSAGE_Optimised,1,4,128,64,0.0001,0.4,0.6270038695411829
GraphSAGE_Optimised,1,4,128,64,0.0001,0.5,0.626727473742399
GraphSAGE_Optimised,1,4,128,64,1e-05,0.1,0.6004698728579325
GraphSAGE_Optimised,1,4,128,64,1e-05,0.2,0.6003316749585406
GraphSAGE_Optimised,1,4,128,64,1e-05,0.3,0.599778883360973
GraphSAGE_Optimised,1,4,128,64,1e-05,0.4,0.6001934770591487
GraphSAGE_Optimised,1,4,128,64,1e-05,0.5,0.5999170812603649
GraphSAGE_Optimised,1,4,128,128,0.001,0.1,0.6086235489220564
GraphSAGE_Optimised,1,4,128,128,0.001,0.2,0.6155334438916529
GraphSAGE_Optimised,1,4,128,128,0.001,0.3,0.6198175787728026
GraphSAGE_Optimised,1,4,128,128,0.001,0.4,0.6159480375898285
GraphSAGE_Optimised,1,4,128,128,0.001,0.5,0.6196793808734107
GraphSAGE_Optimised,1,4,128,128,0.0001,0.1,0.5862354892205638
GraphSAGE_Optimised,1,4,128,128,0.0001,0.2,0.5816749585406301
GraphSAGE_Optimised,1,4,128,128,0.0001,0.3,0.5813985627418463
GraphSAGE_Optimised,1,4,128,128,0.0001,0.4,0.5860972913211719
GraphSAGE_Optimised,1,4,128,128,0.0001,0.5,0.5936981757877279
GraphSAGE_Optimised,1,4,128,128,1e-05,0.1,0.3988391376451078
GraphSAGE_Optimised,1,4,128,128,1e-05,0.2,0.40201768933112214
GraphSAGE_Optimised,1,4,128,128,1e-05,0.3,0.4016030956329464
GraphSAGE_Optimised,1,4,128,128,1e-05,0.4,0.39400221116639034
GraphSAGE_Optimised,1,4,128,128,1e-05,0.5,0.39344941956882257
GraphSAGE_Optimised,1,4,128,256,0.001,0.1,0.6104201216141514
GraphSAGE_Optimised,1,4,128,256,0.001,0.2,0.607517965726921
GraphSAGE_Optimised,1,4,128,256,0.001,0.3,0.6109729132117191
GraphSAGE_Optimised,1,4,128,256,0.001,0.4,0.6194029850746269
GraphSAGE_Optimised,1,4,128,256,0.001,0.5,0.6177446102819237
GraphSAGE_Optimised,1,4,128,256,0.0001,0.1,0.5981205085682698
GraphSAGE_Optimised,1,4,128,256,0.0001,0.2,0.5974295190713101
GraphSAGE_Optimised,1,4,128,256,0.0001,0.3,0.5925925925925926
GraphSAGE_Optimised,1,4,128,256,0.0001,0.4,0.5946655610834716
GraphSAGE_Optimised,1,4,128,256,0.0001,0.5,0.59383637368712
GraphSAGE_Optimised,1,4,128,256,1e-05,0.1,0.4537037037037037
GraphSAGE_Optimised,1,4,128,256,1e-05,0.2,0.45328911000552796
GraphSAGE_Optimised,1,4,128,256,1e-05,0.3,0.4538419016030957
GraphSAGE_Optimised,1,4,128,256,1e-05,0.4,0.4532891100055279
GraphSAGE_Optimised,1,4,128,256,1e-05,0.5,0.45232172470978443
GraphSAGE_Optimised,2,0,32,64,0.001,0.1,0.618154017236586
GraphSAGE_Optimised,2,0,32,64,0.001,0.2,0.6107867667500696
GraphSAGE_Optimised,2,0,32,64,0.001,0.3,0.6274673338893523
GraphSAGE_Optimised,2,0,32,64,0.001,0.4,0.6114817903808729
GraphSAGE_Optimised,2,0,32,64,0.001,0.5,0.6142618849040868
GraphSAGE_Optimised,2,0,32,64,0.0001,0.1,0.6194050597720323
GraphSAGE_Optimised,2,0,32,64,0.0001,0.2,0.6185710314150681
GraphSAGE_Optimised,2,0,32,64,0.0001,0.3,0.6191270503197108
GraphSAGE_Optimised,2,0,32,64,0.0001,0.4,0.6160689463441757
GraphSAGE_Optimised,2,0,32,64,0.0001,0.5,0.6184320266889075
GraphSAGE_Optimised,2,0,32,64,1e-05,0.1,0.5892410341951627
GraphSAGE_Optimised,2,0,32,64,1e-05,0.2,0.589102029469002
GraphSAGE_Optimised,2,0,32,64,1e-05,0.3,0.5895190436474841
GraphSAGE_Optimised,2,0,32,64,1e-05,0.4,0.5896580483736448
GraphSAGE_Optimised,2,0,32,64,1e-05,0.5,0.5895190436474841
GraphSAGE_Optimised,2,0,32,128,0.001,0.1,0.6210731164859605
GraphSAGE_Optimised,2,0,32,128,0.001,0.2,0.6175979983319433
GraphSAGE_Optimised,2,0,32,128,0.001,0.3,0.6174589936057827
GraphSAGE_Optimised,2,0,32,128,0.001,0.4,0.6149569085348902
GraphSAGE_Optimised,2,0,32,128,0.001,0.5,0.6134278565471226
GraphSAGE_Optimised,2,0,32,128,0.0001,0.1,0.6100917431192661
GraphSAGE_Optimised,2,0,32,128,0.0001,0.2,0.6098137336669448
GraphSAGE_Optimised,2,0,32,128,0.0001,0.3,0.6099527383931055
GraphSAGE_Optimised,2,0,32,128,0.0001,0.4,0.615512927439533
GraphSAGE_Optimised,2,0,32,128,0.0001,0.5,0.6128718376424799
GraphSAGE_Optimised,2,0,32,128,1e-05,0.1,0.6002224075618572
GraphSAGE_Optimised,2,0,32,128,1e-05,0.2,0.600361412288018
GraphSAGE_Optimised,2,0,32,128,1e-05,0.3,0.5963302752293578
GraphSAGE_Optimised,2,0,32,128,1e-05,0.4,0.6064776202390881
GraphSAGE_Optimised,2,0,32,128,1e-05,0.5,0.603836530442035
GraphSAGE_Optimised,2,0,32,256,0.001,0.1,0.614122880177926
GraphSAGE_Optimised,2,0,32,256,0.001,0.2,0.6171809841534612
GraphSAGE_Optimised,2,0,32,256,0.001,0.3,0.614122880177926
GraphSAGE_Optimised,2,0,32,256,0.001,0.4,0.6135668612732832
GraphSAGE_Optimised,2,0,32,256,0.001,0.5,0.615512927439533
GraphSAGE_Optimised,2,0,32,256,0.0001,0.1,0.6232971921045316
GraphSAGE_Optimised,2,0,32,256,0.0001,0.2,0.623992215735335
GraphSAGE_Optimised,2,0,32,256,0.0001,0.3,0.6209341117597998
GraphSAGE_Optimised,2,0,32,256,0.0001,0.4,0.6207951070336392
GraphSAGE_Optimised,2,0,32,256,0.0001,0.5,0.6227411731998889
GraphSAGE_Optimised,2,0,32,256,1e-05,0.1,0.6152349179872116
GraphSAGE_Optimised,2,0,32,256,1e-05,0.2,0.6162079510703364
GraphSAGE_Optimised,2,0,32,256,1e-05,0.3,0.6149569085348903
GraphSAGE_Optimised,2,0,32,256,1e-05,0.4,0.6132888518209619
GraphSAGE_Optimised,2,0,32,256,1e-05,0.5,0.6124548234639978
GraphSAGE_Optimised,2,0,64,64,0.001,0.1,0.619544064498193
GraphSAGE_Optimised,2,0,64,64,0.001,0.2,0.6202390881289964
GraphSAGE_Optimised,2,0,64,64,0.001,0.3,0.6188490408673896
GraphSAGE_Optimised,2,0,64,64,0.001,0.4,0.6157909368918544
GraphSAGE_Optimised,2,0,64,64,0.001,0.5,0.6110647762023909
GraphSAGE_Optimised,2,0,64,64,0.0001,0.1,0.6153739227133723
GraphSAGE_Optimised,2,0,64,64,0.0001,0.2,0.6153739227133723
GraphSAGE_Optimised,2,0,64,64,0.0001,0.3,0.6156519321656937
GraphSAGE_Optimised,2,0,64,64,0.0001,0.4,0.6157909368918544
GraphSAGE_Optimised,2,0,64,64,0.0001,0.5,0.6139838754517654
GraphSAGE_Optimised,2,0,64,64,1e-05,0.1,0.5695023630803449
GraphSAGE_Optimised,2,0,64,64,1e-05,0.2,0.5688073394495413
GraphSAGE_Optimised,2,0,64,64,1e-05,0.3,0.56852932999722
GraphSAGE_Optimised,2,0,64,64,1e-05,0.4,0.5686683347233805
GraphSAGE_Optimised,2,0,64,64,1e-05,0.5,0.5692243536280233
GraphSAGE_Optimised,2,0,64,128,0.001,0.1,0.614122880177926
GraphSAGE_Optimised,2,0,64,128,0.001,0.2,0.6103697525715874
GraphSAGE_Optimised,2,0,64,128,0.001,0.3,0.6156519321656937
GraphSAGE_Optimised,2,0,64,128,0.001,0.4,0.6174589936057826
GraphSAGE_Optimised,2,0,64,128,0.001,0.5,0.6144008896302475
GraphSAGE_Optimised,2,0,64,128,0.0001,0.1,0.6230191826522101
GraphSAGE_Optimised,2,0,64,128,0.0001,0.2,0.6206561023074784
GraphSAGE_Optimised,2,0,64,128,0.0001,0.3,0.6206561023074784
GraphSAGE_Optimised,2,0,64,128,0.0001,0.4,0.6194050597720322
GraphSAGE_Optimised,2,0,64,128,0.0001,0.5,0.6188490408673896
GraphSAGE_Optimised,2,0,64,128,1e-05,0.1,0.5512927439532944
GraphSAGE_Optimised,2,0,64,128,1e-05,0.2,0.5486516541562414
GraphSAGE_Optimised,2,0,64,128,1e-05,0.3,0.5415624131220462
GraphSAGE_Optimised,2,0,64,128,1e-05,0.4,0.540728384765082
GraphSAGE_Optimised,2,0,64,128,1e-05,0.5,0.5457325549068669
GraphSAGE_Optimised,2,0,64,256,0.001,0.1,0.6187100361412288
GraphSAGE_Optimised,2,0,64,256,0.001,0.2,0.6166249652488185
GraphSAGE_Optimised,2,0,64,256,0.001,0.3,0.615929941618015
GraphSAGE_Optimised,2,0,64,256,0.001,0.4,0.6173199888796219
GraphSAGE_Optimised,2,0,64,256,0.001,0.5,0.609674728940784
GraphSAGE_Optimised,2,0,64,256,0.0001,0.1,0.6285793716986379
GraphSAGE_Optimised,2,0,64,256,0.0001,0.2,0.6248262440922993
GraphSAGE_Optimised,2,0,64,256,0.0001,0.3,0.6256602724492633
GraphSAGE_Optimised,2,0,64,256,0.0001,0.4,0.6266333055323882
GraphSAGE_Optimised,2,0,64,256,0.0001,0.5,0.626216291353906
GraphSAGE_Optimised,2,0,64,256,1e-05,0.1,0.6049485682513206
GraphSAGE_Optimised,2,0,64,256,1e-05,0.2,0.6021684737281069
GraphSAGE_Optimised,2,0,64,256,1e-05,0.3,0.6028634973589103
GraphSAGE_Optimised,2,0,64,256,1e-05,0.4,0.602585487906589
GraphSAGE_Optimised,2,0,64,256,1e-05,0.5,0.601195440644982
GraphSAGE_Optimised,2,0,128,64,0.001,0.1,0.6244092299138172
GraphSAGE_Optimised,2,0,128,64,0.001,0.2,0.6255212677231026
GraphSAGE_Optimised,2,0,128,64,0.001,0.3,0.626633305532388
GraphSAGE_Optimised,2,0,128,64,0.001,0.4,0.6061996107867669
GraphSAGE_Optimised,2,0,128,64,0.001,0.5,0.6067556296914096
GraphSAGE_Optimised,2,0,128,64,0.0001,0.1,0.6138448707256047
GraphSAGE_Optimised,2,0,128,64,0.0001,0.2,0.6139838754517655
GraphSAGE_Optimised,2,0,128,64,0.0001,0.3,0.6132888518209619
GraphSAGE_Optimised,2,0,128,64,0.0001,0.4,0.6112037809285517
GraphSAGE_Optimised,2,0,128,64,0.0001,0.5,0.6106477620239088
GraphSAGE_Optimised,2,0,128,64,1e-05,0.1,0.5389213233249931
GraphSAGE_Optimised,2,0,128,64,1e-05,0.2,0.5386433138726718
GraphSAGE_Optimised,2,0,128,64,1e-05,0.3,0.5389213233249931
GraphSAGE_Optimised,2,0,128,64,1e-05,0.4,0.5387823185988324
GraphSAGE_Optimised,2,0,128,64,1e-05,0.5,0.5393383375034752
GraphSAGE_Optimised,2,0,128,128,0.001,0.1,0.6170419794273005
GraphSAGE_Optimised,2,0,128,128,0.001,0.2,0.6103697525715875
GraphSAGE_Optimised,2,0,128,128,0.001,0.3,0.6109257714762303
GraphSAGE_Optimised,2,0,128,128,0.001,0.4,0.6085626911314985
GraphSAGE_Optimised,2,0,128,128,0.001,0.5,0.609674728940784
GraphSAGE_Optimised,2,0,128,128,0.0001,0.1,0.614122880177926
GraphSAGE_Optimised,2,0,128,128,0.0001,0.2,0.6152349179872116
GraphSAGE_Optimised,2,0,128,128,0.0001,0.3,0.6171809841534612
GraphSAGE_Optimised,2,0,128,128,0.0001,0.4,0.6175979983319433
GraphSAGE_Optimised,2,0,128,128,0.0001,0.5,0.6198220739505143
GraphSAGE_Optimised,2,0,128,128,1e-05,0.1,0.5215457325549069
GraphSAGE_Optimised,2,0,128,128,1e-05,0.2,0.519738671114818
GraphSAGE_Optimised,2,0,128,128,1e-05,0.3,0.5201556852933
GraphSAGE_Optimised,2,0,128,128,1e-05,0.4,0.5075062552126772
GraphSAGE_Optimised,2,0,128,128,1e-05,0.5,0.5164025576869613
GraphSAGE_Optimised,2,0,128,256,0.001,0.1,0.6112037809285517
GraphSAGE_Optimised,2,0,128,256,0.001,0.2,0.6095357242146233
GraphSAGE_Optimised,2,0,128,256,0.001,0.3,0.615512927439533
GraphSAGE_Optimised,2,0,128,256,0.001,0.4,0.6117597998331944
GraphSAGE_Optimised,2,0,128,256,0.001,0.5,0.6174589936057826
GraphSAGE_Optimised,2,0,128,256,0.0001,0.1,0.6287183764247984
GraphSAGE_Optimised,2,0,128,256,0.0001,0.2,0.6301084236864053
GraphSAGE_Optimised,2,0,128,256,0.0001,0.3,0.6313594662218516
GraphSAGE_Optimised,2,0,128,256,0.0001,0.4,0.6305254378648875
GraphSAGE_Optimised,2,0,128,256,0.0001,0.5,0.6312204614956909
GraphSAGE_Optimised,2,0,128,256,1e-05,0.1,0.584097859327217
GraphSAGE_Optimised,2,0,128,256,1e-05,0.2,0.5836808451487351
GraphSAGE_Optimised,2,0,128,256,1e-05,0.3,0.5838198498748958
GraphSAGE_Optimised,2,0,128,256,1e-05,0.4,0.5828468167917709
GraphSAGE_Optimised,2,0,128,256,1e-05,0.5,0.5835418404225745
GraphSAGE_Optimised,2,1,32,64,0.001,0.1,0.628023352793995
GraphSAGE_Optimised,2,1,32,64,0.001,0.2,0.6255212677231027
GraphSAGE_Optimised,2,1,32,64,0.001,0.3,0.6502641089797052
GraphSAGE_Optimised,2,1,32,64,0.001,0.4,0.6328885182096191
GraphSAGE_Optimised,2,1,32,64,0.001,0.5,0.6583263830970253
GraphSAGE_Optimised,2,1,32,64,0.0001,0.1,0.6458159577425633
GraphSAGE_Optimised,2,1,32,64,0.0001,0.2,0.6455379482902419
GraphSAGE_Optimised,2,1,32,64,0.0001,0.3,0.6416458159577425
GraphSAGE_Optimised,2,1,32,64,0.0001,0.4,0.6419238254100639
GraphSAGE_Optimised,2,1,32,64,0.0001,0.5,0.6435918821239923
GraphSAGE_Optimised,2,1,32,64,1e-05,0.1,0.6626355296080066
GraphSAGE_Optimised,2,1,32,64,1e-05,0.2,0.6623575201556854
GraphSAGE_Optimised,2,1,32,64,1e-05,0.3,0.6627745343341673
GraphSAGE_Optimised,2,1,32,64,1e-05,0.4,0.6627745343341673
GraphSAGE_Optimised,2,1,32,64,1e-05,0.5,0.6627745343341674
GraphSAGE_Optimised,2,1,32,128,0.001,0.1,0.5846538782318599
GraphSAGE_Optimised,2,1,32,128,0.001,0.2,0.5828468167917709
GraphSAGE_Optimised,2,1,32,128,0.001,0.3,0.6057825966082847
GraphSAGE_Optimised,2,1,32,128,0.001,0.4,0.601612454823464
GraphSAGE_Optimised,2,1,32,128,0.001,0.5,0.5945232137892689
GraphSAGE_Optimised,2,1,32,128,0.0001,0.1,0.6206561023074785
GraphSAGE_Optimised,2,1,32,128,0.0001,0.2,0.6169029747011399
GraphSAGE_Optimised,2,1,32,128,0.0001,0.3,0.6187100361412289
GraphSAGE_Optimised,2,1,32,128,0.0001,0.4,0.624409229913817
GraphSAGE_Optimised,2,1,32,128,0.0001,0.5,0.6303864331387268
GraphSAGE_Optimised,2,1,32,128,1e-05,0.1,0.5019460661662496
GraphSAGE_Optimised,2,1,32,128,1e-05,0.2,0.47178204058938006
GraphSAGE_Optimised,2,1,32,128,1e-05,0.3,0.4726160689463442
GraphSAGE_Optimised,2,1,32,128,1e-05,0.4,0.49555184876285796
GraphSAGE_Optimised,2,1,32,128,1e-05,0.5,0.4954128440366973
GraphSAGE_Optimised,2,1,32,256,0.001,0.1,0.5964692799555185
GraphSAGE_Optimised,2,1,32,256,0.001,0.2,0.5861829302196274
GraphSAGE_Optimised,2,1,32,256,0.001,0.3,0.5875729774812344
GraphSAGE_Optimised,2,1,32,256,0.001,0.4,0.6068946344175702
GraphSAGE_Optimised,2,1,32,256,0.001,0.5,0.5974423130386434
GraphSAGE_Optimised,2,1,32,256,0.0001,0.1,0.6214901306644427
GraphSAGE_Optimised,2,1,32,256,0.0001,0.2,0.6184320266889075
GraphSAGE_Optimised,2,1,32,256,0.0001,0.3,0.6188490408673896
GraphSAGE_Optimised,2,1,32,256,0.0001,0.4,0.6212121212121212
GraphSAGE_Optimised,2,1,32,256,0.0001,0.5,0.6180150125104253
GraphSAGE_Optimised,2,1,32,256,1e-05,0.1,0.5657492354740061
GraphSAGE_Optimised,2,1,32,256,1e-05,0.2,0.5643591882123993
GraphSAGE_Optimised,2,1,32,256,1e-05,0.3,0.5642201834862386
GraphSAGE_Optimised,2,1,32,256,1e-05,0.4,0.5638031693077565
GraphSAGE_Optimised,2,1,32,256,1e-05,0.5,0.5653322212955241
GraphSAGE_Optimised,2,1,64,64,0.001,0.1,0.6331665276619405
GraphSAGE_Optimised,2,1,64,64,0.001,0.2,0.6406727828746177
GraphSAGE_Optimised,2,1,64,64,0.001,0.3,0.6403947734222964
GraphSAGE_Optimised,2,1,64,64,0.001,0.4,0.6413678065054211
GraphSAGE_Optimised,2,1,64,64,0.001,0.5,0.6396997497914929
GraphSAGE_Optimised,2,1,64,64,0.0001,0.1,0.6458159577425633
GraphSAGE_Optimised,2,1,64,64,0.0001,0.2,0.6455379482902419
GraphSAGE_Optimised,2,1,64,64,0.0001,0.3,0.646371976647206
GraphSAGE_Optimised,2,1,64,64,0.0001,0.4,0.6467889908256881
GraphSAGE_Optimised,2,1,64,64,0.0001,0.5,0.6491520711704198
GraphSAGE_Optimised,2,1,64,64,1e-05,0.1,0.6623575201556853
GraphSAGE_Optimised,2,1,64,64,1e-05,0.2,0.6619405059772033
GraphSAGE_Optimised,2,1,64,64,1e-05,0.3,0.6619405059772032
GraphSAGE_Optimised,2,1,64,64,1e-05,0.4,0.6623575201556854
GraphSAGE_Optimised,2,1,64,64,1e-05,0.5,0.6622185154295246
GraphSAGE_Optimised,2,1,64,128,0.001,0.1,0.6306644425910481
GraphSAGE_Optimised,2,1,64,128,0.001,0.2,0.6259382819015846
GraphSAGE_Optimised,2,1,64,128,0.001,0.3,0.6269113149847095
GraphSAGE_Optimised,2,1,64,128,0.001,0.4,0.625382262996942
GraphSAGE_Optimised,2,1,64,128,0.001,0.5,0.6196830692243537
GraphSAGE_Optimised,2,1,64,128,0.0001,0.1,0.6255212677231026
GraphSAGE_Optimised,2,1,64,128,0.0001,0.2,0.6288573811509591
GraphSAGE_Optimised,2,1,64,128,0.0001,0.3,0.6327495134834584
GraphSAGE_Optimised,2,1,64,128,0.0001,0.4,0.6349735891020295
GraphSAGE_Optimised,2,1,64,128,0.0001,0.5,0.6346955796497081
GraphSAGE_Optimised,2,1,64,128,1e-05,0.1,0.40033361134278567
GraphSAGE_Optimised,2,1,64,128,1e-05,0.2,0.39963858771198224
GraphSAGE_Optimised,2,1,64,128,1e-05,0.3,0.39963858771198224
GraphSAGE_Optimised,2,1,64,128,1e-05,0.4,0.39991659716430356
GraphSAGE_Optimised,2,1,64,128,1e-05,0.5,0.40214067278287463
GraphSAGE_Optimised,2,1,64,256,0.001,0.1,0.6014734500973034
GraphSAGE_Optimised,2,1,64,256,0.001,0.2,0.6103697525715874
GraphSAGE_Optimised,2,1,64,256,0.001,0.3,0.5902140672782874
GraphSAGE_Optimised,2,1,64,256,0.001,0.4,0.6028634973589102
GraphSAGE_Optimised,2,1,64,256,0.001,0.5,0.5995273839310536
GraphSAGE_Optimised,2,1,64,256,0.0001,0.1,0.6205170975813178
GraphSAGE_Optimised,2,1,64,256,0.0001,0.2,0.6249652488184598
GraphSAGE_Optimised,2,1,64,256,0.0001,0.3,0.6195440644981929
GraphSAGE_Optimised,2,1,64,256,0.0001,0.4,0.6201000834028357
GraphSAGE_Optimised,2,1,64,256,0.0001,0.5,0.618154017236586
GraphSAGE_Optimised,2,1,64,256,1e-05,0.1,0.5496246872393662
GraphSAGE_Optimised,2,1,64,256,1e-05,0.2,0.5495551848762859
GraphSAGE_Optimised,2,1,64,256,1e-05,0.3,0.5496246872393662
GraphSAGE_Optimised,2,1,64,256,1e-05,0.4,0.5468445927161524
GraphSAGE_Optimised,2,1,64,256,1e-05,0.5,0.5446205170975813
GraphSAGE_Optimised,2,1,128,64,0.001,0.1,0.6442869057547956
GraphSAGE_Optimised,2,1,128,64,0.001,0.2,0.6410897970530999
GraphSAGE_Optimised,2,1,128,64,0.001,0.3,0.6417848206839033
GraphSAGE_Optimised,2,1,128,64,0.001,0.4,0.6487350569919378
GraphSAGE_Optimised,2,1,128,64,0.001,0.5,0.6505421184320267
GraphSAGE_Optimised,2,1,128,64,0.0001,0.1,0.6370586599944399
GraphSAGE_Optimised,2,1,128,64,0.0001,0.2,0.6366416458159578
GraphSAGE_Optimised,2,1,128,64,0.0001,0.3,0.6370586599944399
GraphSAGE_Optimised,2,1,128,64,0.0001,0.4,0.6376146788990827
GraphSAGE_Optimised,2,1,128,64,0.0001,0.5,0.6370586599944399
GraphSAGE_Optimised,2,1,128,64,1e-05,0.1,0.6456769530164026
GraphSAGE_Optimised,2,1,128,64,1e-05,0.2,0.645954962468724
GraphSAGE_Optimised,2,1,128,64,1e-05,0.3,0.646371976647206
GraphSAGE_Optimised,2,1,128,64,1e-05,0.4,0.646371976647206
GraphSAGE_Optimised,2,1,128,64,1e-05,0.5,0.645954962468724
GraphSAGE_Optimised,2,1,128,128,0.001,0.1,0.6413678065054211
GraphSAGE_Optimised,2,1,128,128,0.001,0.2,0.6345565749235474
GraphSAGE_Optimised,2,1,128,128,0.001,0.3,0.6346955796497082
GraphSAGE_Optimised,2,1,128,128,0.001,0.4,0.6323324993049764
GraphSAGE_Optimised,2,1,128,128,0.001,0.5,0.6259382819015846
GraphSAGE_Optimised,2,1,128,128,0.0001,0.1,0.6106477620239088
GraphSAGE_Optimised,2,1,128,128,0.0001,0.2,0.6100917431192661
GraphSAGE_Optimised,2,1,128,128,0.0001,0.3,0.6121768140116763
GraphSAGE_Optimised,2,1,128,128,0.0001,0.4,0.6099527383931054
GraphSAGE_Optimised,2,1,128,128,0.0001,0.5,0.6107867667500696
GraphSAGE_Optimised,2,1,128,128,1e-05,0.1,0.3924103419516264
GraphSAGE_Optimised,2,1,128,128,1e-05,0.2,0.3817069780372533
GraphSAGE_Optimised,2,1,128,128,1e-05,0.3,0.38448707256046705
GraphSAGE_Optimised,2,1,128,128,1e-05,0.4,0.3879621907144843
GraphSAGE_Optimised,2,1,128,128,1e-05,0.5,0.3893522379760912
GraphSAGE_Optimised,2,1,128,256,0.001,0.1,0.6046705587989992
GraphSAGE_Optimised,2,1,128,256,0.001,0.2,0.6175979983319433
GraphSAGE_Optimised,2,1,128,256,0.001,0.3,0.6167639699749792
GraphSAGE_Optimised,2,1,128,256,0.001,0.4,0.6178760077842647
GraphSAGE_Optimised,2,1,128,256,0.001,0.5,0.6184320266889074
GraphSAGE_Optimised,2,1,128,256,0.0001,0.1,0.6053655824298027
GraphSAGE_Optimised,2,1,128,256,0.0001,0.2,0.6060606060606062
GraphSAGE_Optimised,2,1,128,256,0.0001,0.3,0.6023074784542675
GraphSAGE_Optimised,2,1,128,256,0.0001,0.4,0.606060606060606
GraphSAGE_Optimised,2,1,128,256,0.0001,0.5,0.6053655824298027
GraphSAGE_Optimised,2,1,128,256,1e-05,0.1,0.4961078676675007
GraphSAGE_Optimised,2,1,128,256,1e-05,0.2,0.4940227967750904
GraphSAGE_Optimised,2,1,128,256,1e-05,0.3,0.49291075896580494
GraphSAGE_Optimised,2,1,128,256,1e-05,0.4,0.49263274951348346
GraphSAGE_Optimised,2,1,128,256,1e-05,0.5,0.49082568807339444
GraphSAGE_Optimised,2,2,32,64,0.001,0.1,0.6129076838032063
GraphSAGE_Optimised,2,2,32,64,0.001,0.2,0.5808457711442787
GraphSAGE_Optimised,2,2,32,64,0.001,0.3,0.618988391376451
GraphSAGE_Optimised,2,2,32,64,0.001,0.4,0.6169154228855721
GraphSAGE_Optimised,2,2,32,64,0.001,0.5,0.6352957435046986
GraphSAGE_Optimised,2,2,32,64,0.0001,0.1,0.6088999447208403
GraphSAGE_Optimised,2,2,32,64,0.0001,0.2,0.609452736318408
GraphSAGE_Optimised,2,2,32,64,0.0001,0.3,0.609452736318408
GraphSAGE_Optimised,2,2,32,64,0.0001,0.4,0.6065505804311775
GraphSAGE_Optimised,2,2,32,64,0.0001,0.5,0.6026810392482034
GraphSAGE_Optimised,2,2,32,64,1e-05,0.1,0.5715865118850194
GraphSAGE_Optimised,2,2,32,64,1e-05,0.2,0.5711719181868437
GraphSAGE_Optimised,2,2,32,64,1e-05,0.3,0.5708955223880597
GraphSAGE_Optimised,2,2,32,64,1e-05,0.4,0.5708955223880599
GraphSAGE_Optimised,2,2,32,64,1e-05,0.5,0.5711719181868437
GraphSAGE_Optimised,2,2,32,128,0.001,0.1,0.6203703703703705
GraphSAGE_Optimised,2,2,32,128,0.001,0.2,0.6286622443338862
GraphSAGE_Optimised,2,2,32,128,0.001,0.3,0.634742951907131
GraphSAGE_Optimised,2,2,32,128,0.001,0.4,0.6156716417910449
GraphSAGE_Optimised,2,2,32,128,0.001,0.5,0.6340519624101714
GraphSAGE_Optimised,2,2,32,128,0.0001,0.1,0.6325317855168602
GraphSAGE_Optimised,2,2,32,128,0.0001,0.2,0.6328081813156439
GraphSAGE_Optimised,2,2,32,128,0.0001,0.3,0.6275566611387506
GraphSAGE_Optimised,2,2,32,128,0.0001,0.4,0.6361249309010504
GraphSAGE_Optimised,2,2,32,128,0.0001,0.5,0.6343283582089552
GraphSAGE_Optimised,2,2,32,128,1e-05,0.1,0.6478717523493642
GraphSAGE_Optimised,2,2,32,128,1e-05,0.2,0.6491155334438916
GraphSAGE_Optimised,2,2,32,128,1e-05,0.3,0.648424543946932
GraphSAGE_Optimised,2,2,32,128,1e-05,0.4,0.648562741846324
GraphSAGE_Optimised,2,2,32,128,1e-05,0.5,0.6485627418463239
GraphSAGE_Optimised,2,2,32,256,0.001,0.1,0.6118021006080707
GraphSAGE_Optimised,2,2,32,256,0.001,0.2,0.6354339414040906
GraphSAGE_Optimised,2,2,32,256,0.001,0.3,0.6529850746268656
GraphSAGE_Optimised,2,2,32,256,0.001,0.4,0.6514648977335544
GraphSAGE_Optimised,2,2,32,256,0.001,0.5,0.632808181315644
GraphSAGE_Optimised,2,2,32,256,0.0001,0.1,0.6294914317302377
GraphSAGE_Optimised,2,2,32,256,0.0001,0.2,0.6195411829740188
GraphSAGE_Optimised,2,2,32,256,0.0001,0.3,0.6271420674405749
GraphSAGE_Optimised,2,2,32,256,0.0001,0.4,0.6308734107241569
GraphSAGE_Optimised,2,2,32,256,0.0001,0.5,0.6304588170259812
GraphSAGE_Optimised,2,2,32,256,1e-05,0.1,0.631149806522941
GraphSAGE_Optimised,2,2,32,256,1e-05,0.2,0.6310116086235489
GraphSAGE_Optimised,2,2,32,256,1e-05,0.3,0.631149806522941
GraphSAGE_Optimised,2,2,32,256,1e-05,0.4,0.6319789939192925
GraphSAGE_Optimised,2,2,32,256,1e-05,0.5,0.6318407960199005
GraphSAGE_Optimised,2,2,64,64,0.001,0.1,0.6249309010503041
GraphSAGE_Optimised,2,2,64,64,0.001,0.2,0.6176064123825317
GraphSAGE_Optimised,2,2,64,64,0.001,0.3,0.615118850193477
GraphSAGE_Optimised,2,2,64,64,0.001,0.4,0.6042012161415147
GraphSAGE_Optimised,2,2,64,64,0.001,0.5,0.6050304035378662
GraphSAGE_Optimised,2,2,64,64,0.0001,0.1,0.6032338308457712
GraphSAGE_Optimised,2,2,64,64,0.0001,0.2,0.601437258153676
GraphSAGE_Optimised,2,2,64,64,0.0001,0.3,0.601575456053068
GraphSAGE_Optimised,2,2,64,64,0.0001,0.4,0.599640685461581
GraphSAGE_Optimised,2,2,64,64,0.0001,0.5,0.5985351022664456
GraphSAGE_Optimised,2,2,64,64,1e-05,0.1,0.5533443891652847
GraphSAGE_Optimised,2,2,64,64,1e-05,0.2,0.5530679933665008
GraphSAGE_Optimised,2,2,64,64,1e-05,0.3,0.552791597567717
GraphSAGE_Optimised,2,2,64,64,1e-05,0.4,0.5527915975677169
GraphSAGE_Optimised,2,2,64,64,1e-05,0.5,0.5529297954671089
GraphSAGE_Optimised,2,2,64,128,0.001,0.1,0.6184355997788834
GraphSAGE_Optimised,2,2,64,128,0.001,0.2,0.6187119955776673
GraphSAGE_Optimised,2,2,64,128,0.001,0.3,0.6228579325594251
GraphSAGE_Optimised,2,2,64,128,0.001,0.4,0.6265892758430073
GraphSAGE_Optimised,2,2,64,128,0.001,0.5,0.6210613598673301
GraphSAGE_Optimised,2,2,64,128,0.0001,0.1,0.6404090657822001
GraphSAGE_Optimised,2,2,64,128,0.0001,0.2,0.6408236594803759
GraphSAGE_Optimised,2,2,64,128,0.0001,0.3,0.6390270867882808
GraphSAGE_Optimised,2,2,64,128,0.0001,0.4,0.6405472636815921
GraphSAGE_Optimised,2,2,64,128,0.0001,0.5,0.646351575456053
GraphSAGE_Optimised,2,2,64,128,1e-05,0.1,0.5646766169154228
GraphSAGE_Optimised,2,2,64,128,1e-05,0.2,0.5659203980099503
GraphSAGE_Optimised,2,2,64,128,1e-05,0.3,0.5783582089552238
GraphSAGE_Optimised,2,2,64,128,1e-05,0.4,0.5765616362631287
GraphSAGE_Optimised,2,2,64,128,1e-05,0.5,0.57808181315644
GraphSAGE_Optimised,2,2,64,256,0.001,0.1,0.6265892758430073
GraphSAGE_Optimised,2,2,64,256,0.001,0.2,0.6322553897180763
GraphSAGE_Optimised,2,2,64,256,0.001,0.3,0.6334991708126035
GraphSAGE_Optimised,2,2,64,256,0.001,0.4,0.6268656716417911
GraphSAGE_Optimised,2,2,64,256,0.001,0.5,0.6304588170259812
GraphSAGE_Optimised,2,2,64,256,0.0001,0.1,0.6276948590381427
GraphSAGE_Optimised,2,2,64,256,0.0001,0.2,0.6336373687119954
GraphSAGE_Optimised,2,2,64,256,0.0001,0.3,0.62893864013267
GraphSAGE_Optimised,2,2,64,256,0.0001,0.4,0.6282476506357103
GraphSAGE_Optimised,2,2,64,256,0.0001,0.5,0.6340519624101713
GraphSAGE_Optimised,2,2,64,256,1e-05,0.1,0.6153952459922609
GraphSAGE_Optimised,2,2,64,256,1e-05,0.2,0.6137368711995578
GraphSAGE_Optimised,2,2,64,256,1e-05,0.3,0.6138750690989496
GraphSAGE_Optimised,2,2,64,256,1e-05,0.4,0.6127694859038141
GraphSAGE_Optimised,2,2,64,256,1e-05,0.5,0.6129076838032061
GraphSAGE_Optimised,2,2,128,64,0.001,0.1,0.6170536207849641
GraphSAGE_Optimised,2,2,128,64,0.001,0.2,0.6177446102819237
GraphSAGE_Optimised,2,2,128,64,0.001,0.3,0.6120784964068545
GraphSAGE_Optimised,2,2,128,64,0.001,0.4,0.6116639027086788
GraphSAGE_Optimised,2,2,128,64,0.001,0.5,0.615533443891653
GraphSAGE_Optimised,2,2,128,64,0.0001,0.1,0.5909342177998895
GraphSAGE_Optimised,2,2,128,64,0.0001,0.2,0.5910724156992814
GraphSAGE_Optimised,2,2,128,64,0.0001,0.3,0.5895522388059701
GraphSAGE_Optimised,2,2,128,64,0.0001,0.4,0.589828634604754
GraphSAGE_Optimised,2,2,128,64,0.0001,0.5,0.5894140409065781
GraphSAGE_Optimised,2,2,128,64,1e-05,0.1,0.525428413488115
GraphSAGE_Optimised,2,2,128,64,1e-05,0.2,0.525428413488115
GraphSAGE_Optimised,2,2,128,64,1e-05,0.3,0.5251520176893312
GraphSAGE_Optimised,2,2,128,64,1e-05,0.4,0.5250138197899392
GraphSAGE_Optimised,2,2,128,64,1e-05,0.5,0.5243228302929795
GraphSAGE_Optimised,2,2,128,128,0.001,0.1,0.6218905472636816
GraphSAGE_Optimised,2,2,128,128,0.001,0.2,0.6174682144831398
GraphSAGE_Optimised,2,2,128,128,0.001,0.3,0.6272802653399667
GraphSAGE_Optimised,2,2,128,128,0.001,0.4,0.6140132669983416
GraphSAGE_Optimised,2,2,128,128,0.001,0.5,0.6135986733001659
GraphSAGE_Optimised,2,2,128,128,0.0001,0.1,0.6370923161967937
GraphSAGE_Optimised,2,2,128,128,0.0001,0.2,0.6408236594803759
GraphSAGE_Optimised,2,2,128,128,0.0001,0.3,0.6428966279712547
GraphSAGE_Optimised,2,2,128,128,0.0001,0.4,0.6474571586511885
GraphSAGE_Optimised,2,2,128,128,0.0001,0.5,0.6471807628524047
GraphSAGE_Optimised,2,2,128,128,1e-05,0.1,0.5363460475400774
GraphSAGE_Optimised,2,2,128,128,1e-05,0.2,0.5357932559425096
GraphSAGE_Optimised,2,2,128,128,1e-05,0.3,0.5349640685461581
GraphSAGE_Optimised,2,2,128,128,1e-05,0.4,0.5357932559425096
GraphSAGE_Optimised,2,2,128,128,1e-05,0.5,0.5402155887230514
GraphSAGE_Optimised,2,2,128,256,0.001,0.1,0.6264510779436153
GraphSAGE_Optimised,2,2,128,256,0.001,0.2,0.6079325594250967
GraphSAGE_Optimised,2,2,128,256,0.001,0.3,0.6131840796019901
GraphSAGE_Optimised,2,2,128,256,0.001,0.4,0.6176064123825318
GraphSAGE_Optimised,2,2,128,256,0.001,0.5,0.6116639027086789
GraphSAGE_Optimised,2,2,128,256,0.0001,0.1,0.6242399115533445
GraphSAGE_Optimised,2,2,128,256,0.0001,0.2,0.6271420674405749
GraphSAGE_Optimised,2,2,128,256,0.0001,0.3,0.6224433388612494
GraphSAGE_Optimised,2,2,128,256,0.0001,0.4,0.6217523493642897
GraphSAGE_Optimised,2,2,128,256,0.0001,0.5,0.6207849640685461
GraphSAGE_Optimised,2,2,128,256,1e-05,0.1,0.5843007186290768
GraphSAGE_Optimised,2,2,128,256,1e-05,0.2,0.5845771144278606
GraphSAGE_Optimised,2,2,128,256,1e-05,0.3,0.5844389165284688
GraphSAGE_Optimised,2,2,128,256,1e-05,0.4,0.5847153123272527
GraphSAGE_Optimised,2,2,128,256,1e-05,0.5,0.5847153123272526
GraphSAGE_Optimised,2,3,32,64,0.001,0.1,0.5873410724156992
GraphSAGE_Optimised,2,3,32,64,0.001,0.2,0.6069651741293532
GraphSAGE_Optimised,2,3,32,64,0.001,0.3,0.6059977888336097
GraphSAGE_Optimised,2,3,32,64,0.001,0.4,0.5906578220011055
GraphSAGE_Optimised,2,3,32,64,0.001,0.5,0.5870646766169154
GraphSAGE_Optimised,2,3,32,64,0.0001,0.1,0.597705914870094
GraphSAGE_Optimised,2,3,32,64,0.0001,0.2,0.5983969043670536
GraphSAGE_Optimised,2,3,32,64,0.0001,0.3,0.5970149253731344
GraphSAGE_Optimised,2,3,32,64,0.0001,0.4,0.5907960199004975
GraphSAGE_Optimised,2,3,32,64,0.0001,0.5,0.5888612493090105
GraphSAGE_Optimised,2,3,32,64,1e-05,0.1,0.5754560530679933
GraphSAGE_Optimised,2,3,32,64,1e-05,0.2,0.5749032614704256
GraphSAGE_Optimised,2,3,32,64,1e-05,0.3,0.5746268656716418
GraphSAGE_Optimised,2,3,32,64,1e-05,0.4,0.5747650635710337
GraphSAGE_Optimised,2,3,32,64,1e-05,0.5,0.5749032614704256
GraphSAGE_Optimised,2,3,32,128,0.001,0.1,0.6030956329463792
GraphSAGE_Optimised,2,3,32,128,0.001,0.2,0.6276948590381426
GraphSAGE_Optimised,2,3,32,128,0.001,0.3,0.630873410724157
GraphSAGE_Optimised,2,3,32,128,0.001,0.4,0.61677722498618
GraphSAGE_Optimised,2,3,32,128,0.001,0.5,0.5986733001658375
GraphSAGE_Optimised,2,3,32,128,0.0001,0.1,0.6090381426202321
GraphSAGE_Optimised,2,3,32,128,0.0001,0.2,0.6069651741293532
GraphSAGE_Optimised,2,3,32,128,0.0001,0.3,0.609038142620232
GraphSAGE_Optimised,2,3,32,128,0.0001,0.4,0.6120784964068546
GraphSAGE_Optimised,2,3,32,128,0.0001,0.5,0.6123548922056384
GraphSAGE_Optimised,2,3,32,128,1e-05,0.1,0.5715865118850193
GraphSAGE_Optimised,2,3,32,128,1e-05,0.2,0.5755942509673853
GraphSAGE_Optimised,2,3,32,128,1e-05,0.3,0.5762852404643449
GraphSAGE_Optimised,2,3,32,128,1e-05,0.4,0.576008844665561
GraphSAGE_Optimised,2,3,32,128,1e-05,0.5,0.5755942509673853
GraphSAGE_Optimised,2,3,32,256,0.001,0.1,0.6256218905472638
GraphSAGE_Optimised,2,3,32,256,0.001,0.2,0.622996130458817
GraphSAGE_Optimised,2,3,32,256,0.001,0.3,0.6275566611387507
GraphSAGE_Optimised,2,3,32,256,0.001,0.4,0.6061359867330016
GraphSAGE_Optimised,2,3,32,256,0.001,0.5,0.6194029850746269
GraphSAGE_Optimised,2,3,32,256,0.0001,0.1,0.5949419568822554
GraphSAGE_Optimised,2,3,32,256,0.0001,0.2,0.5971531232725262
GraphSAGE_Optimised,2,3,32,256,0.0001,0.3,0.5934217799889442
GraphSAGE_Optimised,2,3,32,256,0.0001,0.4,0.5981205085682698
GraphSAGE_Optimised,2,3,32,256,0.0001,0.5,0.5941127694859039
GraphSAGE_Optimised,2,3,32,256,1e-05,0.1,0.5807075732448866
GraphSAGE_Optimised,2,3,32,256,1e-05,0.2,0.5802929795467108
GraphSAGE_Optimised,2,3,32,256,1e-05,0.3,0.5815367606412382
GraphSAGE_Optimised,2,3,32,256,1e-05,0.4,0.5813985627418463
GraphSAGE_Optimised,2,3,32,256,1e-05,0.5,0.5809839690436706
GraphSAGE_Optimised,2,3,64,64,0.001,0.1,0.6043394140409065
GraphSAGE_Optimised,2,3,64,64,0.001,0.2,0.6018518518518519
GraphSAGE_Optimised,2,3,64,64,0.001,0.3,0.5997788833609728
GraphSAGE_Optimised,2,3,64,64,0.001,0.4,0.599502487562189
GraphSAGE_Optimised,2,3,64,64,0.001,0.5,0.5843007186290768
GraphSAGE_Optimised,2,3,64,64,0.0001,0.1,0.589828634604754
GraphSAGE_Optimised,2,3,64,64,0.0001,0.2,0.5885848535102266
GraphSAGE_Optimised,2,3,64,64,0.0001,0.3,0.5869264787175235
GraphSAGE_Optimised,2,3,64,64,0.0001,0.4,0.5844389165284687
GraphSAGE_Optimised,2,3,64,64,0.0001,0.5,0.5855444997236042
GraphSAGE_Optimised,2,3,64,64,1e-05,0.1,0.5717247097844113
GraphSAGE_Optimised,2,3,64,64,1e-05,0.2,0.5717247097844113
GraphSAGE_Optimised,2,3,64,64,1e-05,0.3,0.5718629076838031
GraphSAGE_Optimised,2,3,64,64,1e-05,0.4,0.5708955223880597
GraphSAGE_Optimised,2,3,64,64,1e-05,0.5,0.5707573244886678
GraphSAGE_Optimised,2,3,64,128,0.001,0.1,0.6106965174129353
GraphSAGE_Optimised,2,3,64,128,0.001,0.2,0.6160862354892205
GraphSAGE_Optimised,2,3,64,128,0.001,0.3,0.5714483139856273
GraphSAGE_Optimised,2,3,64,128,0.001,0.4,0.5966003316749585
GraphSAGE_Optimised,2,3,64,128,0.001,0.5,0.6007462686567165
GraphSAGE_Optimised,2,3,64,128,0.0001,0.1,0.5978441127694859
GraphSAGE_Optimised,2,3,64,128,0.0001,0.2,0.5995024875621889
GraphSAGE_Optimised,2,3,64,128,0.0001,0.3,0.6029574350469873
GraphSAGE_Optimised,2,3,64,128,0.0001,0.4,0.6018518518518519
GraphSAGE_Optimised,2,3,64,128,0.0001,0.5,0.601299060254284
GraphSAGE_Optimised,2,3,64,128,1e-05,0.1,0.5497512437810945
GraphSAGE_Optimised,2,3,64,128,1e-05,0.2,0.5527915975677169
GraphSAGE_Optimised,2,3,64,128,1e-05,0.3,0.5547263681592041
GraphSAGE_Optimised,2,3,64,128,1e-05,0.4,0.5569375345494748
GraphSAGE_Optimised,2,3,64,128,1e-05,0.5,0.5569375345494748
GraphSAGE_Optimised,2,3,64,256,0.001,0.1,0.6079325594250967
GraphSAGE_Optimised,2,3,64,256,0.001,0.2,0.6058595909342178
GraphSAGE_Optimised,2,3,64,256,0.001,0.3,0.6112493090105031
GraphSAGE_Optimised,2,3,64,256,0.001,0.4,0.599640685461581
GraphSAGE_Optimised,2,3,64,256,0.001,0.5,0.607379767827529
GraphSAGE_Optimised,2,3,64,256,0.0001,0.1,0.5961857379767826
GraphSAGE_Optimised,2,3,64,256,0.0001,0.2,0.5967385295743503
GraphSAGE_Optimised,2,3,64,256,0.0001,0.3,0.5930071862907683
GraphSAGE_Optimised,2,3,64,256,0.0001,0.4,0.5928689883913765
GraphSAGE_Optimised,2,3,64,256,0.0001,0.5,0.5972913211719182
GraphSAGE_Optimised,2,3,64,256,1e-05,0.1,0.572277501381979
GraphSAGE_Optimised,2,3,64,256,1e-05,0.2,0.5724156992813709
GraphSAGE_Optimised,2,3,64,256,1e-05,0.3,0.5721393034825871
GraphSAGE_Optimised,2,3,64,256,1e-05,0.4,0.5740740740740741
GraphSAGE_Optimised,2,3,64,256,1e-05,0.5,0.5762852404643449
GraphSAGE_Optimised,2,3,128,64,0.001,0.1,0.5950801547816473
GraphSAGE_Optimised,2,3,128,64,0.001,0.2,0.5939745715865119
GraphSAGE_Optimised,2,3,128,64,0.001,0.3,0.5970149253731343
GraphSAGE_Optimised,2,3,128,64,0.001,0.4,0.5939745715865119
GraphSAGE_Optimised,2,3,128,64,0.001,0.5,0.587617468214483
GraphSAGE_Optimised,2,3,128,64,0.0001,0.1,0.5818131564400221
GraphSAGE_Optimised,2,3,128,64,0.0001,0.2,0.5844389165284687
GraphSAGE_Optimised,2,3,128,64,0.0001,0.3,0.5834715312327252
GraphSAGE_Optimised,2,3,128,64,0.0001,0.4,0.5807075732448866
GraphSAGE_Optimised,2,3,128,64,0.0001,0.5,0.5804311774461027
GraphSAGE_Optimised,2,3,128,64,1e-05,0.1,0.5661967938087341
GraphSAGE_Optimised,2,3,128,64,1e-05,0.2,0.5649530127142067
GraphSAGE_Optimised,2,3,128,64,1e-05,0.3,0.5641238253178551
GraphSAGE_Optimised,2,3,128,64,1e-05,0.4,0.5641238253178552
GraphSAGE_Optimised,2,3,128,64,1e-05,0.5,0.5637092316196793
GraphSAGE_Optimised,2,3,128,128,0.001,0.1,0.589828634604754
GraphSAGE_Optimised,2,3,128,128,0.001,0.2,0.5825041459369817
GraphSAGE_Optimised,2,3,128,128,0.001,0.3,0.5849917081260363
GraphSAGE_Optimised,2,3,128,128,0.001,0.4,0.5744886677722497
GraphSAGE_Optimised,2,3,128,128,0.001,0.5,0.6239635157545604
GraphSAGE_Optimised,2,3,128,128,0.0001,0.1,0.5945273631840796
GraphSAGE_Optimised,2,3,128,128,0.0001,0.2,0.5948037589828635
GraphSAGE_Optimised,2,3,128,128,0.0001,0.3,0.5950801547816472
GraphSAGE_Optimised,2,3,128,128,0.0001,0.4,0.5967385295743505
GraphSAGE_Optimised,2,3,128,128,0.0001,0.5,0.5921779988944168
GraphSAGE_Optimised,2,3,128,128,1e-05,0.1,0.521558872305141
GraphSAGE_Optimised,2,3,128,128,1e-05,0.2,0.5230790491984522
GraphSAGE_Optimised,2,3,128,128,1e-05,0.3,0.5297125483692647
GraphSAGE_Optimised,2,3,128,128,1e-05,0.4,0.5312327252625759
GraphSAGE_Optimised,2,3,128,128,1e-05,0.5,0.5257048092868988
GraphSAGE_Optimised,2,3,128,256,0.001,0.1,0.6042012161415146
GraphSAGE_Optimised,2,3,128,256,0.001,0.2,0.6090381426202321
GraphSAGE_Optimised,2,3,128,256,0.001,0.3,0.6066887783305694
GraphSAGE_Optimised,2,3,128,256,0.001,0.4,0.5986733001658375
GraphSAGE_Optimised,2,3,128,256,0.001,0.5,0.6043394140409065
GraphSAGE_Optimised,2,3,128,256,0.0001,0.1,0.5923161967938086
GraphSAGE_Optimised,2,3,128,256,0.0001,0.2,0.5939745715865118
GraphSAGE_Optimised,2,3,128,256,0.0001,0.3,0.5928689883913764
GraphSAGE_Optimised,2,3,128,256,0.0001,0.4,0.5898286346047539
GraphSAGE_Optimised,2,3,128,256,0.0001,0.5,0.5898286346047539
GraphSAGE_Optimised,2,3,128,256,1e-05,0.1,0.5597014925373134
GraphSAGE_Optimised,2,3,128,256,1e-05,0.2,0.5599778883360973
GraphSAGE_Optimised,2,3,128,256,1e-05,0.3,0.5606688778330569
GraphSAGE_Optimised,2,3,128,256,1e-05,0.4,0.5617744610281923
GraphSAGE_Optimised,2,3,128,256,1e-05,0.5,0.5632946379215036
GraphSAGE_Optimised,2,4,32,64,0.001,0.1,0.6003316749585406
GraphSAGE_Optimised,2,4,32,64,0.001,0.2,0.6148424543946932
GraphSAGE_Optimised,2,4,32,64,0.001,0.3,0.6064814814814815
GraphSAGE_Optimised,2,4,32,64,0.001,0.4,0.6066196793808734
GraphSAGE_Optimised,2,4,32,64,0.001,0.5,0.5967385295743505
GraphSAGE_Optimised,2,4,32,64,0.0001,0.1,0.5978441127694859
GraphSAGE_Optimised,2,4,32,64,0.0001,0.2,0.603648424543947
GraphSAGE_Optimised,2,4,32,64,0.0001,0.3,0.6022664455500277
GraphSAGE_Optimised,2,4,32,64,0.0001,0.4,0.5939054726368159
GraphSAGE_Optimised,2,4,32,64,0.0001,0.5,0.5964621337755667
GraphSAGE_Optimised,2,4,32,64,1e-05,0.1,0.6293532338308457
GraphSAGE_Optimised,2,4,32,64,1e-05,0.2,0.6292150359314538
GraphSAGE_Optimised,2,4,32,64,1e-05,0.3,0.6281094527363184
GraphSAGE_Optimised,2,4,32,64,1e-05,0.4,0.6281094527363184
GraphSAGE_Optimised,2,4,32,64,1e-05,0.5,0.6268656716417911
GraphSAGE_Optimised,2,4,32,128,0.001,0.1,0.5863045881702599
GraphSAGE_Optimised,2,4,32,128,0.001,0.2,0.5862354892205638
GraphSAGE_Optimised,2,4,32,128,0.001,0.3,0.5574212271973465
GraphSAGE_Optimised,2,4,32,128,0.001,0.4,0.5673714759535654
GraphSAGE_Optimised,2,4,32,128,0.001,0.5,0.6006080707573245
GraphSAGE_Optimised,2,4,32,128,0.0001,0.1,0.595702045328911
GraphSAGE_Optimised,2,4,32,128,0.0001,0.2,0.5992260917634052
GraphSAGE_Optimised,2,4,32,128,0.0001,0.3,0.5926616915422884
GraphSAGE_Optimised,2,4,32,128,0.0001,0.4,0.6080707573244886
GraphSAGE_Optimised,2,4,32,128,0.0001,0.5,0.6082089552238806
GraphSAGE_Optimised,2,4,32,128,1e-05,0.1,0.5009673852957435
GraphSAGE_Optimised,2,4,32,128,1e-05,0.2,0.4969596462133776
GraphSAGE_Optimised,2,4,32,128,1e-05,0.3,0.4935737976782753
GraphSAGE_Optimised,2,4,32,128,1e-05,0.4,0.49322830292979547
GraphSAGE_Optimised,2,4,32,128,1e-05,0.5,0.5080154781647319
GraphSAGE_Optimised,2,4,32,256,0.001,0.1,0.5534134881149806
GraphSAGE_Optimised,2,4,32,256,0.001,0.2,0.5524461028192371
GraphSAGE_Optimised,2,4,32,256,0.001,0.3,0.560599778883361
GraphSAGE_Optimised,2,4,32,256,0.001,0.4,0.572208402432283
GraphSAGE_Optimised,2,4,32,256,0.001,0.5,0.5669568822553896
GraphSAGE_Optimised,2,4,32,256,0.0001,0.1,0.5739358761746821
GraphSAGE_Optimised,2,4,32,256,0.0001,0.2,0.5768380320619128
GraphSAGE_Optimised,2,4,32,256,0.0001,0.3,0.5753178551686015
GraphSAGE_Optimised,2,4,32,256,0.0001,0.4,0.576147042564953
GraphSAGE_Optimised,2,4,32,256,0.0001,0.5,0.5728302929795467
GraphSAGE_Optimised,2,4,32,256,1e-05,0.1,0.6018518518518519
GraphSAGE_Optimised,2,4,32,256,1e-05,0.2,0.6004698728579325
GraphSAGE_Optimised,2,4,32,256,1e-05,0.3,0.6001934770591487
GraphSAGE_Optimised,2,4,32,256,1e-05,0.4,0.6012299613045882
GraphSAGE_Optimised,2,4,32,256,1e-05,0.5,0.6007462686567164
GraphSAGE_Optimised,2,4,64,64,0.001,0.1,0.5807766721945826
GraphSAGE_Optimised,2,4,64,64,0.001,0.2,0.5872028745163073
GraphSAGE_Optimised,2,4,64,64,0.001,0.3,0.5871337755666114
GraphSAGE_Optimised,2,4,64,64,0.001,0.4,0.591901603095633
GraphSAGE_Optimised,2,4,64,64,0.001,0.5,0.5815367606412383
GraphSAGE_Optimised,2,4,64,64,0.0001,0.1,0.603372028745163
GraphSAGE_Optimised,2,4,64,64,0.0001,0.2,0.6028192371475953
GraphSAGE_Optimised,2,4,64,64,0.0001,0.3,0.6079325594250968
GraphSAGE_Optimised,2,4,64,64,0.0001,0.4,0.6017136539524599
GraphSAGE_Optimised,2,4,64,64,0.0001,0.5,0.6006080707573245
GraphSAGE_Optimised,2,4,64,64,1e-05,0.1,0.6231343283582089
GraphSAGE_Optimised,2,4,64,64,1e-05,0.2,0.6234798231066888
GraphSAGE_Optimised,2,4,64,64,1e-05,0.3,0.6235489220563848
GraphSAGE_Optimised,2,4,64,64,1e-05,0.4,0.6231343283582089
GraphSAGE_Optimised,2,4,64,64,1e-05,0.5,0.6234107241569928
GraphSAGE_Optimised,2,4,64,128,0.001,0.1,0.5796019900497512
GraphSAGE_Optimised,2,4,64,128,0.001,0.2,0.6010917634051963
GraphSAGE_Optimised,2,4,64,128,0.001,0.3,0.5855444997236042
GraphSAGE_Optimised,2,4,64,128,0.001,0.4,0.5790491984521835
GraphSAGE_Optimised,2,4,64,128,0.001,0.5,0.6003316749585406
GraphSAGE_Optimised,2,4,64,128,0.0001,0.1,0.5948037589828634
GraphSAGE_Optimised,2,4,64,128,0.0001,0.2,0.5930071862907684
GraphSAGE_Optimised,2,4,64,128,0.0001,0.3,0.601644555002764
GraphSAGE_Optimised,2,4,64,128,0.0001,0.4,0.6015063571033721
GraphSAGE_Optimised,2,4,64,128,0.0001,0.5,0.6021973466003316
GraphSAGE_Optimised,2,4,64,128,1e-05,0.1,0.43960751796572695
GraphSAGE_Optimised,2,4,64,128,1e-05,0.2,0.43850193477059146
GraphSAGE_Optimised,2,4,64,128,1e-05,0.3,0.4400221116639027
GraphSAGE_Optimised,2,4,64,128,1e-05,0.4,0.43767274737423995
GraphSAGE_Optimised,2,4,64,128,1e-05,0.5,0.4388474295190713
GraphSAGE_Optimised,2,4,64,256,0.001,0.1,0.5577667219458264
GraphSAGE_Optimised,2,4,64,256,0.001,0.2,0.6124930901050305
GraphSAGE_Optimised,2,4,64,256,0.001,0.3,0.6077252625760088
GraphSAGE_Optimised,2,4,64,256,0.001,0.4,0.6006080707573245
GraphSAGE_Optimised,2,4,64,256,0.001,0.5,0.5764925373134329
GraphSAGE_Optimised,2,4,64,256,0.0001,0.1,0.5829878385848535
GraphSAGE_Optimised,2,4,64,256,0.0001,0.2,0.5831951354339414
GraphSAGE_Optimised,2,4,64,256,0.0001,0.3,0.5826423438363737
GraphSAGE_Optimised,2,4,64,256,0.0001,0.4,0.5811912658927584
GraphSAGE_Optimised,2,4,64,256,0.0001,0.5,0.581951354339414
GraphSAGE_Optimised,2,4,64,256,1e-05,0.1,0.5952183526810392
GraphSAGE_Optimised,2,4,64,256,1e-05,0.2,0.5941127694859036
GraphSAGE_Optimised,2,4,64,256,1e-05,0.3,0.5932835820895521
GraphSAGE_Optimised,2,4,64,256,1e-05,0.4,0.5930071862907682
GraphSAGE_Optimised,2,4,64,256,1e-05,0.5,0.5913488114980653
GraphSAGE_Optimised,2,4,128,64,0.001,0.1,0.5843698175787728
GraphSAGE_Optimised,2,4,128,64,0.001,0.2,0.5907269209508016
GraphSAGE_Optimised,2,4,128,64,0.001,0.3,0.5856826976229961
GraphSAGE_Optimised,2,4,128,64,0.001,0.4,0.5851990049751243
GraphSAGE_Optimised,2,4,128,64,0.001,0.5,0.5900359314538418
GraphSAGE_Optimised,2,4,128,64,0.0001,0.1,0.6268656716417911
GraphSAGE_Optimised,2,4,128,64,0.0001,0.2,0.6284549474847982
GraphSAGE_Optimised,2,4,128,64,0.0001,0.3,0.6280403537866224
GraphSAGE_Optimised,2,4,128,64,0.0001,0.4,0.6295605306799337
GraphSAGE_Optimised,2,4,128,64,0.0001,0.5,0.6292150359314539
GraphSAGE_Optimised,2,4,128,64,1e-05,0.1,0.5916252072968491
GraphSAGE_Optimised,2,4,128,64,1e-05,0.2,0.5912106135986732
GraphSAGE_Optimised,2,4,128,64,1e-05,0.3,0.5909342177998894
GraphSAGE_Optimised,2,4,128,64,1e-05,0.4,0.5907269209508015
GraphSAGE_Optimised,2,4,128,64,1e-05,0.5,0.5903814262023217
GraphSAGE_Optimised,2,4,128,128,0.001,0.1,0.6023355444997236
GraphSAGE_Optimised,2,4,128,128,0.001,0.2,0.6010226644555002
GraphSAGE_Optimised,2,4,128,128,0.001,0.3,0.6024046434494196
GraphSAGE_Optimised,2,4,128,128,0.001,0.4,0.6014372581536761
GraphSAGE_Optimised,2,4,128,128,0.001,0.5,0.601299060254284
GraphSAGE_Optimised,2,4,128,128,0.0001,0.1,0.5789110005527917
GraphSAGE_Optimised,2,4,128,128,0.0001,0.2,0.580085682697623
GraphSAGE_Optimised,2,4,128,128,0.0001,0.3,0.5811221669430624
GraphSAGE_Optimised,2,4,128,128,0.0001,0.4,0.5809839690436704
GraphSAGE_Optimised,2,4,128,128,0.0001,0.5,0.5833333333333333
GraphSAGE_Optimised,2,4,128,128,1e-05,0.1,0.4201216141514649
GraphSAGE_Optimised,2,4,128,128,1e-05,0.2,0.4190160309563295
GraphSAGE_Optimised,2,4,128,128,1e-05,0.3,0.41901603095632944
GraphSAGE_Optimised,2,4,128,128,1e-05,0.4,0.41929242675511336
GraphSAGE_Optimised,2,4,128,128,1e-05,0.5,0.4205362078496407
GraphSAGE_Optimised,2,4,128,256,0.001,0.1,0.5967385295743505
GraphSAGE_Optimised,2,4,128,256,0.001,0.2,0.5983969043670536
GraphSAGE_Optimised,2,4,128,256,0.001,0.3,0.6022664455500276
GraphSAGE_Optimised,2,4,128,256,0.001,0.4,0.6080707573244887
GraphSAGE_Optimised,2,4,128,256,0.001,0.5,0.603648424543947
GraphSAGE_Optimised,2,4,128,256,0.0001,0.1,0.585820895522388
GraphSAGE_Optimised,2,4,128,256,0.0001,0.2,0.5833333333333333
GraphSAGE_Optimised,2,4,128,256,0.0001,0.3,0.582089552238806
GraphSAGE_Optimised,2,4,128,256,0.0001,0.4,0.5836097291321172
GraphSAGE_Optimised,2,4,128,256,0.0001,0.5,0.584024322830293
GraphSAGE_Optimised,2,4,128,256,1e-05,0.1,0.5466417910447762
GraphSAGE_Optimised,2,4,128,256,1e-05,0.2,0.5474018794914317
GraphSAGE_Optimised,2,4,128,256,1e-05,0.3,0.546849087893864
GraphSAGE_Optimised,2,4,128,256,1e-05,0.4,0.5455362078496407
GraphSAGE_Optimised,2,4,128,256,1e-05,0.5,0.5438778330569376
GraphSAGE_Optimised,3,0,32,64,0.001,0.1,0.6449404354374915
GraphSAGE_Optimised,3,0,32,64,0.001,0.2,0.6396001643160346
GraphSAGE_Optimised,3,0,32,64,0.001,0.3,0.6413802546898535
GraphSAGE_Optimised,3,0,32,64,0.001,0.4,0.6357661235108859
GraphSAGE_Optimised,3,0,32,64,0.001,0.5,0.6453512255237573
GraphSAGE_Optimised,3,0,32,64,0.0001,0.1,0.6406956045460769
GraphSAGE_Optimised,3,0,32,64,0.0001,0.2,0.6412433246610982
GraphSAGE_Optimised,3,0,32,64,0.0001,0.3,0.640695604546077
GraphSAGE_Optimised,3,0,32,64,0.0001,0.4,0.6427495549774066
GraphSAGE_Optimised,3,0,32,64,0.0001,0.5,0.6394632342872792
GraphSAGE_Optimised,3,0,32,64,1e-05,0.1,0.6123510885937287
GraphSAGE_Optimised,3,0,32,64,1e-05,0.2,0.6120087635218404
GraphSAGE_Optimised,3,0,32,64,1e-05,0.3,0.6126249486512392
GraphSAGE_Optimised,3,0,32,64,1e-05,0.4,0.6124880186224839
GraphSAGE_Optimised,3,0,32,64,1e-05,0.5,0.6115295084211968
GraphSAGE_Optimised,3,0,32,128,0.001,0.1,0.6193345200602491
GraphSAGE_Optimised,3,0,32,128,0.001,0.2,0.6278241818430783
GraphSAGE_Optimised,3,0,32,128,0.001,0.3,0.6333013829932905
GraphSAGE_Optimised,3,0,32,128,0.001,0.4,0.6120772285362179
GraphSAGE_Optimised,3,0,32,128,0.001,0.5,0.6142681089963029
GraphSAGE_Optimised,3,0,32,128,0.0001,0.1,0.6511022867314803
GraphSAGE_Optimised,3,0,32,128,0.0001,0.2,0.6519238669040122
GraphSAGE_Optimised,3,0,32,128,0.0001,0.3,0.6506914966452143
GraphSAGE_Optimised,3,0,32,128,0.0001,0.4,0.6524715870190333
GraphSAGE_Optimised,3,0,32,128,0.0001,0.5,0.6501437765301931
GraphSAGE_Optimised,3,0,32,128,1e-05,0.1,0.5344379022319595
GraphSAGE_Optimised,3,0,32,128,1e-05,0.2,0.5290976311105026
GraphSAGE_Optimised,3,0,32,128,1e-05,0.3,0.5243050801040668
GraphSAGE_Optimised,3,0,32,128,1e-05,0.4,0.5211556894426947
GraphSAGE_Optimised,3,0,32,128,1e-05,0.5,0.5166369984937698
GraphSAGE_Optimised,3,0,32,256,0.001,0.1,0.6293304121593866
GraphSAGE_Optimised,3,0,32,256,0.001,0.2,0.6242640010954403
GraphSAGE_Optimised,3,0,32,256,0.001,0.3,0.616048199370122
GraphSAGE_Optimised,3,0,32,256,0.001,0.4,0.6230316308366425
GraphSAGE_Optimised,3,0,32,256,0.001,0.5,0.605778447213474
GraphSAGE_Optimised,3,0,32,256,0.0001,0.1,0.6397370943447898
GraphSAGE_Optimised,3,0,32,256,0.0001,0.2,0.6419279748048747
GraphSAGE_Optimised,3,0,32,256,0.0001,0.3,0.6402848144598111
GraphSAGE_Optimised,3,0,32,256,0.0001,0.4,0.6385047240859921
GraphSAGE_Optimised,3,0,32,256,0.0001,0.5,0.6417910447761195
GraphSAGE_Optimised,3,0,32,256,1e-05,0.1,0.6113925783924414
GraphSAGE_Optimised,3,0,32,256,1e-05,0.2,0.6094755579898672
GraphSAGE_Optimised,3,0,32,256,1e-05,0.3,0.6104340681911544
GraphSAGE_Optimised,3,0,32,256,1e-05,0.4,0.6089278378748461
GraphSAGE_Optimised,3,0,32,256,1e-05,0.5,0.6064630973572505
GraphSAGE_Optimised,3,0,64,64,0.001,0.1,0.642475694919896
GraphSAGE_Optimised,3,0,64,64,0.001,0.2,0.6423387648911407
GraphSAGE_Optimised,3,0,64,64,0.001,0.3,0.645625085581268
GraphSAGE_Optimised,3,0,64,64,0.001,0.4,0.6405586745173216
GraphSAGE_Optimised,3,0,64,64,0.001,0.5,0.6394632342872791
GraphSAGE_Optimised,3,0,64,64,0.0001,0.1,0.6301519923319184
GraphSAGE_Optimised,3,0,64,64,0.0001,0.2,0.6312474325619609
GraphSAGE_Optimised,3,0,64,64,0.0001,0.3,0.6309735725044503
GraphSAGE_Optimised,3,0,64,64,0.0001,0.4,0.630836642475695
GraphSAGE_Optimised,3,0,64,64,0.0001,0.5,0.6398740243735451
GraphSAGE_Optimised,3,0,64,64,1e-05,0.1,0.6015336163220595
GraphSAGE_Optimised,3,0,64,64,1e-05,0.2,0.6013966862933041
GraphSAGE_Optimised,3,0,64,64,1e-05,0.3,0.6012597562645488
GraphSAGE_Optimised,3,0,64,64,1e-05,0.4,0.6009858962070382
GraphSAGE_Optimised,3,0,64,64,1e-05,0.5,0.6011228262357935
GraphSAGE_Optimised,3,0,64,128,0.001,0.1,0.640695604546077
GraphSAGE_Optimised,3,0,64,128,0.001,0.2,0.64206490483363
GraphSAGE_Optimised,3,0,64,128,0.001,0.3,0.6453512255237573
GraphSAGE_Optimised,3,0,64,128,0.001,0.4,0.647405175955087
GraphSAGE_Optimised,3,0,64,128,0.001,0.5,0.6485006161851294
GraphSAGE_Optimised,3,0,64,128,0.0001,0.1,0.6411063946323429
GraphSAGE_Optimised,3,0,64,128,0.0001,0.2,0.6412433246610982
GraphSAGE_Optimised,3,0,64,128,0.0001,0.3,0.6445296453512256
GraphSAGE_Optimised,3,0,64,128,0.0001,0.4,0.6453512255237575
GraphSAGE_Optimised,3,0,64,128,0.0001,0.5,0.6446665753799808
GraphSAGE_Optimised,3,0,64,128,1e-05,0.1,0.45474462549637135
GraphSAGE_Optimised,3,0,64,128,1e-05,0.2,0.4559769957551691
GraphSAGE_Optimised,3,0,64,128,1e-05,0.3,0.4574832260714775
GraphSAGE_Optimised,3,0,64,128,1e-05,0.4,0.45488155552512666
GraphSAGE_Optimised,3,0,64,128,1e-05,0.5,0.45762015610023277
GraphSAGE_Optimised,3,0,64,256,0.001,0.1,0.6294673421881418
GraphSAGE_Optimised,3,0,64,256,0.001,0.2,0.6215254005203341
GraphSAGE_Optimised,3,0,64,256,0.001,0.3,0.6168697795426537
GraphSAGE_Optimised,3,0,64,256,0.001,0.4,0.6341229631658223
GraphSAGE_Optimised,3,0,64,256,0.001,0.5,0.6376831439134603
GraphSAGE_Optimised,3,0,64,256,0.0001,0.1,0.6443927153224702
GraphSAGE_Optimised,3,0,64,256,0.0001,0.2,0.6474051759550868
GraphSAGE_Optimised,3,0,64,256,0.0001,0.3,0.6430234150349171
GraphSAGE_Optimised,3,0,64,256,0.0001,0.4,0.6458989456387786
GraphSAGE_Optimised,3,0,64,256,0.0001,0.5,0.6419279748048747
GraphSAGE_Optimised,3,0,64,256,1e-05,0.1,0.5740106805422429
GraphSAGE_Optimised,3,0,64,256,1e-05,0.2,0.5740106805422429
GraphSAGE_Optimised,3,0,64,256,1e-05,0.3,0.5735998904559769
GraphSAGE_Optimised,3,0,64,256,1e-05,0.4,0.571819800082158
GraphSAGE_Optimised,3,0,64,256,1e-05,0.5,0.5704504997946049
GraphSAGE_Optimised,3,0,128,64,0.001,0.1,0.6448035054087362
GraphSAGE_Optimised,3,0,128,64,0.001,0.2,0.6463097357250445
GraphSAGE_Optimised,3,0,128,64,0.001,0.3,0.6464466657537999
GraphSAGE_Optimised,3,0,128,64,0.001,0.4,0.6468574558400658
GraphSAGE_Optimised,3,0,128,64,0.001,0.5,0.6471313158975763
GraphSAGE_Optimised,3,0,128,64,0.0001,0.1,0.624127071066685
GraphSAGE_Optimised,3,0,128,64,0.0001,0.2,0.6244009311241956
GraphSAGE_Optimised,3,0,128,64,0.0001,0.3,0.6244009311241956
GraphSAGE_Optimised,3,0,128,64,0.0001,0.4,0.6244009311241955
GraphSAGE_Optimised,3,0,128,64,0.0001,0.5,0.6254963713542381
GraphSAGE_Optimised,3,0,128,64,1e-05,0.1,0.5846912227851568
GraphSAGE_Optimised,3,0,128,64,1e-05,0.2,0.5848281528139121
GraphSAGE_Optimised,3,0,128,64,1e-05,0.3,0.5845542927564016
GraphSAGE_Optimised,3,0,128,64,1e-05,0.4,0.5848281528139121
GraphSAGE_Optimised,3,0,128,64,1e-05,0.5,0.5846912227851568
GraphSAGE_Optimised,3,0,128,128,0.001,0.1,0.6458989456387786
GraphSAGE_Optimised,3,0,128,128,0.001,0.2,0.6461728056962892
GraphSAGE_Optimised,3,0,128,128,0.001,0.3,0.6458989456387786
GraphSAGE_Optimised,3,0,128,128,0.001,0.4,0.6416541147473642
GraphSAGE_Optimised,3,0,128,128,0.001,0.5,0.640695604546077
GraphSAGE_Optimised,3,0,128,128,0.0001,0.1,0.6224839107216213
GraphSAGE_Optimised,3,0,128,128,0.0001,0.2,0.6212515404628236
GraphSAGE_Optimised,3,0,128,128,0.0001,0.3,0.6208407503765576
GraphSAGE_Optimised,3,0,128,128,0.0001,0.4,0.6213884704915789
GraphSAGE_Optimised,3,0,128,128,0.0001,0.5,0.6261810214980145
GraphSAGE_Optimised,3,0,128,128,1e-05,0.1,0.41380254689853485
GraphSAGE_Optimised,3,0,128,128,1e-05,0.2,0.41859509790497057
GraphSAGE_Optimised,3,0,128,128,1e-05,0.3,0.41393947692729016
GraphSAGE_Optimised,3,0,128,128,1e-05,0.4,0.4176365877036835
GraphSAGE_Optimised,3,0,128,128,1e-05,0.5,0.4162672874161304
GraphSAGE_Optimised,3,0,128,256,0.001,0.1,0.6383677940572369
GraphSAGE_Optimised,3,0,128,256,0.001,0.2,0.6376831439134601
GraphSAGE_Optimised,3,0,128,256,0.001,0.3,0.6305627824181842
GraphSAGE_Optimised,3,0,128,256,0.001,0.4,0.6368615637409283
GraphSAGE_Optimised,3,0,128,256,0.001,0.5,0.6406956045460771
GraphSAGE_Optimised,3,0,128,256,0.0001,0.1,0.6423387648911406
GraphSAGE_Optimised,3,0,128,256,0.0001,0.2,0.6430234150349171
GraphSAGE_Optimised,3,0,128,256,0.0001,0.3,0.6413802546898535
GraphSAGE_Optimised,3,0,128,256,0.0001,0.4,0.6448035054087362
GraphSAGE_Optimised,3,0,128,256,0.0001,0.5,0.6498699164726824
GraphSAGE_Optimised,3,0,128,256,1e-05,0.1,0.51458304806244
GraphSAGE_Optimised,3,0,128,256,1e-05,0.2,0.5152676982062167
GraphSAGE_Optimised,3,0,128,256,1e-05,0.3,0.5125290976311105
GraphSAGE_Optimised,3,0,128,256,1e-05,0.4,0.5121183075448446
GraphSAGE_Optimised,3,0,128,256,1e-05,0.5,0.5106120772285363
GraphSAGE_Optimised,3,1,32,64,0.001,0.1,0.642340839588546
GraphSAGE_Optimised,3,1,32,64,0.001,0.2,0.6251042535446206
GraphSAGE_Optimised,3,1,32,64,0.001,0.3,0.6417153183208228
GraphSAGE_Optimised,3,1,32,64,0.001,0.4,0.6259382819015846
GraphSAGE_Optimised,3,1,32,64,0.001,0.5,0.6623575201556854
GraphSAGE_Optimised,3,1,32,64,0.0001,0.1,0.6302474284125661
GraphSAGE_Optimised,3,1,32,64,0.0001,0.2,0.6327495134834584
GraphSAGE_Optimised,3,1,32,64,0.0001,0.3,0.6333055323881012
GraphSAGE_Optimised,3,1,32,64,0.0001,0.4,0.6321239922157353
GraphSAGE_Optimised,3,1,32,64,0.0001,0.5,0.6331665276619406
GraphSAGE_Optimised,3,1,32,64,1e-05,0.1,0.6353906032805116
GraphSAGE_Optimised,3,1,32,64,1e-05,0.2,0.6356686127328329
GraphSAGE_Optimised,3,1,32,64,1e-05,0.3,0.6353211009174312
GraphSAGE_Optimised,3,1,32,64,1e-05,0.4,0.6352515985543508
GraphSAGE_Optimised,3,1,32,64,1e-05,0.5,0.6345565749235474
GraphSAGE_Optimised,3,1,32,128,0.001,0.1,0.6376146788990825
GraphSAGE_Optimised,3,1,32,128,0.001,0.2,0.6364331387267167
GraphSAGE_Optimised,3,1,32,128,0.001,0.3,0.6310814567695303
GraphSAGE_Optimised,3,1,32,128,0.001,0.4,0.6353211009174312
GraphSAGE_Optimised,3,1,32,128,0.001,0.5,0.6367111481790381
GraphSAGE_Optimised,3,1,32,128,0.0001,0.1,0.6394217403391715
GraphSAGE_Optimised,3,1,32,128,0.0001,0.2,0.642757853767028
GraphSAGE_Optimised,3,1,32,128,0.0001,0.3,0.6406727828746177
GraphSAGE_Optimised,3,1,32,128,0.0001,0.4,0.6398387545176537
GraphSAGE_Optimised,3,1,32,128,0.0001,0.5,0.6410897970530999
GraphSAGE_Optimised,3,1,32,128,1e-05,0.1,0.5558798999165971
GraphSAGE_Optimised,3,1,32,128,1e-05,0.2,0.5551848762857937
GraphSAGE_Optimised,3,1,32,128,1e-05,0.3,0.556227411731999
GraphSAGE_Optimised,3,1,32,128,1e-05,0.4,0.5539338337503477
GraphSAGE_Optimised,3,1,32,128,1e-05,0.5,0.5579649708090075
GraphSAGE_Optimised,3,1,32,256,0.001,0.1,0.6364331387267168
GraphSAGE_Optimised,3,1,32,256,0.001,0.2,0.6263552960800668
GraphSAGE_Optimised,3,1,32,256,0.001,0.3,0.6361551292743954
GraphSAGE_Optimised,3,1,32,256,0.001,0.4,0.6389352237976091
GraphSAGE_Optimised,3,1,32,256,0.001,0.5,0.6292048929663607
GraphSAGE_Optimised,3,1,32,256,0.0001,0.1,0.6378926883514041
GraphSAGE_Optimised,3,1,32,256,0.0001,0.2,0.6374756741729218
GraphSAGE_Optimised,3,1,32,256,0.0001,0.3,0.6434528773978316
GraphSAGE_Optimised,3,1,32,256,0.0001,0.4,0.6405337781484571
GraphSAGE_Optimised,3,1,32,256,0.0001,0.5,0.6402557686961357
GraphSAGE_Optimised,3,1,32,256,1e-05,0.1,0.6121768140116765
GraphSAGE_Optimised,3,1,32,256,1e-05,0.2,0.6134278565471226
GraphSAGE_Optimised,3,1,32,256,1e-05,0.3,0.6130108423686406
GraphSAGE_Optimised,3,1,32,256,1e-05,0.4,0.6142618849040868
GraphSAGE_Optimised,3,1,32,256,1e-05,0.5,0.6142618849040868
GraphSAGE_Optimised,3,1,64,64,0.001,0.1,0.6466499860995274
GraphSAGE_Optimised,3,1,64,64,0.001,0.2,0.6445649152071171
GraphSAGE_Optimised,3,1,64,64,0.001,0.3,0.6430358632193494
GraphSAGE_Optimised,3,1,64,64,0.001,0.4,0.6383097025298861
GraphSAGE_Optimised,3,1,64,64,0.001,0.5,0.6392827356130109
GraphSAGE_Optimised,3,1,64,64,0.0001,0.1,0.6271893244370308
GraphSAGE_Optimised,3,1,64,64,0.0001,0.2,0.6274673338893522
GraphSAGE_Optimised,3,1,64,64,0.0001,0.3,0.6292743953294412
GraphSAGE_Optimised,3,1,64,64,0.0001,0.4,0.6285793716986378
GraphSAGE_Optimised,3,1,64,64,0.0001,0.5,0.6291353906032806
GraphSAGE_Optimised,3,1,64,64,1e-05,0.1,0.6286488740617181
GraphSAGE_Optimised,3,1,64,64,1e-05,0.2,0.6285793716986378
GraphSAGE_Optimised,3,1,64,64,1e-05,0.3,0.6289963858771198
GraphSAGE_Optimised,3,1,64,64,1e-05,0.4,0.6283013622463165
GraphSAGE_Optimised,3,1,64,64,1e-05,0.5,0.6278843480678343
GraphSAGE_Optimised,3,1,64,128,0.001,0.1,0.6510981373366695
GraphSAGE_Optimised,3,1,64,128,0.001,0.2,0.6449819293855992
GraphSAGE_Optimised,3,1,64,128,0.001,0.3,0.6424103419516264
GraphSAGE_Optimised,3,1,64,128,0.001,0.4,0.6426188490408674
GraphSAGE_Optimised,3,1,64,128,0.001,0.5,0.6460939671948847
GraphSAGE_Optimised,3,1,64,128,0.0001,0.1,0.6542952460383653
GraphSAGE_Optimised,3,1,64,128,0.0001,0.2,0.6537392271337226
GraphSAGE_Optimised,3,1,64,128,0.0001,0.3,0.6563803169307757
GraphSAGE_Optimised,3,1,64,128,0.0001,0.4,0.6533222129552404
GraphSAGE_Optimised,3,1,64,128,0.0001,0.5,0.6537392271337226
GraphSAGE_Optimised,3,1,64,128,1e-05,0.1,0.4788712816235752
GraphSAGE_Optimised,3,1,64,128,1e-05,0.2,0.4807478454267444
GraphSAGE_Optimised,3,1,64,128,1e-05,0.3,0.4799833194328607
GraphSAGE_Optimised,3,1,64,128,1e-05,0.4,0.48220739505143173
GraphSAGE_Optimised,3,1,64,128,1e-05,0.5,0.4823463997775924
GraphSAGE_Optimised,3,1,64,256,0.001,0.1,0.6447039199332778
GraphSAGE_Optimised,3,1,64,256,0.001,0.2,0.6424798443147067
GraphSAGE_Optimised,3,1,64,256,0.001,0.3,0.6377536836252433
GraphSAGE_Optimised,3,1,64,256,0.001,0.4,0.6447039199332778
GraphSAGE_Optimised,3,1,64,256,0.001,0.5,0.6425493466777871
GraphSAGE_Optimised,3,1,64,256,0.0001,0.1,0.6378926883514039
GraphSAGE_Optimised,3,1,64,256,0.0001,0.2,0.6426188490408674
GraphSAGE_Optimised,3,1,64,256,0.0001,0.3,0.6403947734222964
GraphSAGE_Optimised,3,1,64,256,0.0001,0.4,0.6406727828746178
GraphSAGE_Optimised,3,1,64,256,0.0001,0.5,0.6392827356130109
GraphSAGE_Optimised,3,1,64,256,1e-05,0.1,0.5937586877953851
GraphSAGE_Optimised,3,1,64,256,1e-05,0.2,0.5935501807061441
GraphSAGE_Optimised,3,1,64,256,1e-05,0.3,0.5928551570753406
GraphSAGE_Optimised,3,1,64,256,1e-05,0.4,0.5940366972477065
GraphSAGE_Optimised,3,1,64,256,1e-05,0.5,0.5924381428968586
GraphSAGE_Optimised,3,1,128,64,0.001,0.1,0.6344175701973866
GraphSAGE_Optimised,3,1,128,64,0.001,0.2,0.6344870725604671
GraphSAGE_Optimised,3,1,128,64,0.001,0.3,0.6326800111203782
GraphSAGE_Optimised,3,1,128,64,0.001,0.4,0.6344870725604671
GraphSAGE_Optimised,3,1,128,64,0.001,0.5,0.6398387545176536
GraphSAGE_Optimised,3,1,128,64,0.0001,0.1,0.6289963858771199
GraphSAGE_Optimised,3,1,128,64,0.0001,0.2,0.629204892966361
GraphSAGE_Optimised,3,1,128,64,0.0001,0.3,0.6296914095079233
GraphSAGE_Optimised,3,1,128,64,0.0001,0.4,0.6318459827634141
GraphSAGE_Optimised,3,1,128,64,0.0001,0.5,0.6336530442035029
GraphSAGE_Optimised,3,1,128,64,1e-05,0.1,0.6106477620239088
GraphSAGE_Optimised,3,1,128,64,1e-05,0.2,0.6107867667500695
GraphSAGE_Optimised,3,1,128,64,1e-05,0.3,0.6105782596608285
GraphSAGE_Optimised,3,1,128,64,1e-05,0.4,0.6108562691131498
GraphSAGE_Optimised,3,1,128,64,1e-05,0.5,0.6107867667500695
GraphSAGE_Optimised,3,1,128,128,0.001,0.1,0.6547122602168475
GraphSAGE_Optimised,3,1,128,128,0.001,0.2,0.6524881845982765
GraphSAGE_Optimised,3,1,128,128,0.001,0.3,0.6567973311092578
GraphSAGE_Optimised,3,1,128,128,0.001,0.4,0.6428273561301084
GraphSAGE_Optimised,3,1,128,128,0.001,0.5,0.641923825410064
GraphSAGE_Optimised,3,1,128,128,0.0001,0.1,0.6398387545176536
GraphSAGE_Optimised,3,1,128,128,0.0001,0.2,0.6410897970530998
GraphSAGE_Optimised,3,1,128,128,0.0001,0.3,0.6422018348623852
GraphSAGE_Optimised,3,1,128,128,0.0001,0.4,0.6388657214345288
GraphSAGE_Optimised,3,1,128,128,0.0001,0.5,0.6409507923269391
GraphSAGE_Optimised,3,1,128,128,1e-05,0.1,0.4564915207117042
GraphSAGE_Optimised,3,1,128,128,1e-05,0.2,0.44662218515429525
GraphSAGE_Optimised,3,1,128,128,1e-05,0.3,0.4474562135112594
GraphSAGE_Optimised,3,1,128,128,1e-05,0.4,0.44648318042813456
GraphSAGE_Optimised,3,1,128,128,1e-05,0.5,0.4478037253266611
GraphSAGE_Optimised,3,1,128,256,0.001,0.1,0.6422018348623854
GraphSAGE_Optimised,3,1,128,256,0.001,0.2,0.6435918821239922
GraphSAGE_Optimised,3,1,128,256,0.001,0.3,0.6396302474284127
GraphSAGE_Optimised,3,1,128,256,0.001,0.4,0.6388657214345289
GraphSAGE_Optimised,3,1,128,256,0.001,0.5,0.6337920489296637
GraphSAGE_Optimised,3,1,128,256,0.0001,0.1,0.6358076174589937
GraphSAGE_Optimised,3,1,128,256,0.0001,0.2,0.6351125938281902
GraphSAGE_Optimised,3,1,128,256,0.0001,0.3,0.6330275229357798
GraphSAGE_Optimised,3,1,128,256,0.0001,0.4,0.6346955796497081
GraphSAGE_Optimised,3,1,128,256,0.0001,0.5,0.6366416458159578
GraphSAGE_Optimised,3,1,128,256,1e-05,0.1,0.5282874617737003
GraphSAGE_Optimised,3,1,128,256,1e-05,0.2,0.5252988601612455
GraphSAGE_Optimised,3,1,128,256,1e-05,0.3,0.5243258270781206
GraphSAGE_Optimised,3,1,128,256,1e-05,0.4,0.5210592160133445
GraphSAGE_Optimised,3,1,128,256,1e-05,0.5,0.5222407561857102
GraphSAGE_Optimised,3,2,32,64,0.001,0.1,0.5547678621073117
GraphSAGE_Optimised,3,2,32,64,0.001,0.2,0.5549068668334723
GraphSAGE_Optimised,3,2,32,64,0.001,0.3,0.5569919377258826
GraphSAGE_Optimised,3,2,32,64,0.001,0.4,0.577008618293022
GraphSAGE_Optimised,3,2,32,64,0.001,0.5,0.5806227411731998
GraphSAGE_Optimised,3,2,32,64,0.0001,0.1,0.559077008618293
GraphSAGE_Optimised,3,2,32,64,0.0001,0.2,0.5603280511537393
GraphSAGE_Optimised,3,2,32,64,0.0001,0.3,0.5613010842368641
GraphSAGE_Optimised,3,2,32,64,0.0001,0.4,0.5615790936891855
GraphSAGE_Optimised,3,2,32,64,0.0001,0.5,0.566722268557131
GraphSAGE_Optimised,3,2,32,64,1e-05,0.1,0.5681123158187379
GraphSAGE_Optimised,3,2,32,64,1e-05,0.2,0.5683903252710593
GraphSAGE_Optimised,3,2,32,64,1e-05,0.3,0.5686683347233806
GraphSAGE_Optimised,3,2,32,64,1e-05,0.4,0.5679733110925772
GraphSAGE_Optimised,3,2,32,64,1e-05,0.5,0.5683903252710593
GraphSAGE_Optimised,3,2,32,128,0.001,0.1,0.5344731720878511
GraphSAGE_Optimised,3,2,32,128,0.001,0.2,0.5454545454545455
GraphSAGE_Optimised,3,2,32,128,0.001,0.3,0.5412844036697247
GraphSAGE_Optimised,3,2,32,128,0.001,0.4,0.5414234083958855
GraphSAGE_Optimised,3,2,32,128,0.001,0.5,0.5432304698359744
GraphSAGE_Optimised,3,2,32,128,0.0001,0.1,0.5398943564081179
GraphSAGE_Optimised,3,2,32,128,0.0001,0.2,0.534473172087851
GraphSAGE_Optimised,3,2,32,128,0.0001,0.3,0.542535446205171
GraphSAGE_Optimised,3,2,32,128,0.0001,0.4,0.5405893800389213
GraphSAGE_Optimised,3,2,32,128,0.0001,0.5,0.5469835974423131
GraphSAGE_Optimised,3,2,32,128,1e-05,0.1,0.5314150681123158
GraphSAGE_Optimised,3,2,32,128,1e-05,0.2,0.5301640255768696
GraphSAGE_Optimised,3,2,32,128,1e-05,0.3,0.5278009452321379
GraphSAGE_Optimised,3,2,32,128,1e-05,0.4,0.5239088128996385
GraphSAGE_Optimised,3,2,32,128,1e-05,0.5,0.5162635529608006
GraphSAGE_Optimised,3,2,32,256,0.001,0.1,0.5343341673616904
GraphSAGE_Optimised,3,2,32,256,0.001,0.2,0.5141784820683903
GraphSAGE_Optimised,3,2,32,256,0.001,0.3,0.5333611342785655
GraphSAGE_Optimised,3,2,32,256,0.001,0.4,0.5280789546844593
GraphSAGE_Optimised,3,2,32,256,0.001,0.5,0.5284959688629414
GraphSAGE_Optimised,3,2,32,256,0.0001,0.1,0.5353072004448151
GraphSAGE_Optimised,3,2,32,256,0.0001,0.2,0.5385043091465109
GraphSAGE_Optimised,3,2,32,256,0.0001,0.3,0.5386433138726717
GraphSAGE_Optimised,3,2,32,256,0.0001,0.4,0.5332221295524048
GraphSAGE_Optimised,3,2,32,256,0.0001,0.5,0.5419794273005282
GraphSAGE_Optimised,3,2,32,256,1e-05,0.1,0.5186266333055324
GraphSAGE_Optimised,3,2,32,256,1e-05,0.2,0.5201556852933
GraphSAGE_Optimised,3,2,32,256,1e-05,0.3,0.5194606616624965
GraphSAGE_Optimised,3,2,32,256,1e-05,0.4,0.5191826522101751
GraphSAGE_Optimised,3,2,32,256,1e-05,0.5,0.5175145954962469
GraphSAGE_Optimised,3,2,64,64,0.001,0.1,0.5501807061440089
GraphSAGE_Optimised,3,2,64,64,0.001,0.2,0.555045871559633
GraphSAGE_Optimised,3,2,64,64,0.001,0.3,0.5535168195718654
GraphSAGE_Optimised,3,2,64,64,0.001,0.4,0.5651932165693634
GraphSAGE_Optimised,3,2,64,64,0.001,0.5,0.5640811787600779
GraphSAGE_Optimised,3,2,64,64,0.0001,0.1,0.5565749235474006
GraphSAGE_Optimised,3,2,64,64,0.0001,0.2,0.5567139282735613
GraphSAGE_Optimised,3,2,64,64,0.0001,0.3,0.5567139282735614
GraphSAGE_Optimised,3,2,64,64,0.0001,0.4,0.5569919377258827
GraphSAGE_Optimised,3,2,64,64,0.0001,0.5,0.5625521267723103
GraphSAGE_Optimised,3,2,64,64,1e-05,0.1,0.5594940227967751
GraphSAGE_Optimised,3,2,64,64,1e-05,0.2,0.5594940227967752
GraphSAGE_Optimised,3,2,64,64,1e-05,0.3,0.5596330275229358
GraphSAGE_Optimised,3,2,64,64,1e-05,0.4,0.5596330275229359
GraphSAGE_Optimised,3,2,64,64,1e-05,0.5,0.5594940227967752
GraphSAGE_Optimised,3,2,64,128,0.001,0.1,0.5446205170975814
GraphSAGE_Optimised,3,2,64,128,0.001,0.2,0.5453155407283848
GraphSAGE_Optimised,3,2,64,128,0.001,0.3,0.5430914651098138
GraphSAGE_Optimised,3,2,64,128,0.001,0.4,0.5540728384765082
GraphSAGE_Optimised,3,2,64,128,0.001,0.5,0.5428134556574924
GraphSAGE_Optimised,3,2,64,128,0.0001,0.1,0.5350291909924938
GraphSAGE_Optimised,3,2,64,128,0.0001,0.2,0.5376702807895468
GraphSAGE_Optimised,3,2,64,128,0.0001,0.3,0.5387823185988323
GraphSAGE_Optimised,3,2,64,128,0.0001,0.4,0.5385043091465109
GraphSAGE_Optimised,3,2,64,128,0.0001,0.5,0.5435084792882958
GraphSAGE_Optimised,3,2,64,128,1e-05,0.1,0.4826244092299138
GraphSAGE_Optimised,3,2,64,128,1e-05,0.2,0.4873505699193773
GraphSAGE_Optimised,3,2,64,128,1e-05,0.3,0.48276341395607447
GraphSAGE_Optimised,3,2,64,128,1e-05,0.4,0.47998331943286077
GraphSAGE_Optimised,3,2,64,128,1e-05,0.5,0.47497914929107593
GraphSAGE_Optimised,3,2,64,256,0.001,0.1,0.5524047817625799
GraphSAGE_Optimised,3,2,64,256,0.001,0.2,0.5553238810119544
GraphSAGE_Optimised,3,2,64,256,0.001,0.3,0.5526827912149014
GraphSAGE_Optimised,3,2,64,256,0.001,0.4,0.5525437864887407
GraphSAGE_Optimised,3,2,64,256,0.001,0.5,0.5597720322490966
GraphSAGE_Optimised,3,2,64,256,0.0001,0.1,0.5400333611342786
GraphSAGE_Optimised,3,2,64,256,0.0001,0.2,0.5391993327773144
GraphSAGE_Optimised,3,2,64,256,0.0001,0.3,0.5397553516819571
GraphSAGE_Optimised,3,2,64,256,0.0001,0.4,0.5417014178482068
GraphSAGE_Optimised,3,2,64,256,0.0001,0.5,0.536697247706422
GraphSAGE_Optimised,3,2,64,256,1e-05,0.1,0.5047261606894635
GraphSAGE_Optimised,3,2,64,256,1e-05,0.2,0.5047261606894635
GraphSAGE_Optimised,3,2,64,256,1e-05,0.3,0.5088963024742841
GraphSAGE_Optimised,3,2,64,256,1e-05,0.4,0.5034751181540172
GraphSAGE_Optimised,3,2,64,256,1e-05,0.5,0.5027800945232138
GraphSAGE_Optimised,3,2,128,64,0.001,0.1,0.5594940227967751
GraphSAGE_Optimised,3,2,128,64,0.001,0.2,0.5593550180706144
GraphSAGE_Optimised,3,2,128,64,0.001,0.3,0.5642201834862386
GraphSAGE_Optimised,3,2,128,64,0.001,0.4,0.5650542118432027
GraphSAGE_Optimised,3,2,128,64,0.001,0.5,0.567139282735613
GraphSAGE_Optimised,3,2,128,64,0.0001,0.1,0.5675562969140951
GraphSAGE_Optimised,3,2,128,64,0.0001,0.2,0.5676953016402558
GraphSAGE_Optimised,3,2,128,64,0.0001,0.3,0.5679733110925772
GraphSAGE_Optimised,3,2,128,64,0.0001,0.4,0.567139282735613
GraphSAGE_Optimised,3,2,128,64,0.0001,0.5,0.5682513205448986
GraphSAGE_Optimised,3,2,128,64,1e-05,0.1,0.5412844036697249
GraphSAGE_Optimised,3,2,128,64,1e-05,0.2,0.5411453989435641
GraphSAGE_Optimised,3,2,128,64,1e-05,0.3,0.5405893800389213
GraphSAGE_Optimised,3,2,128,64,1e-05,0.4,0.5410063942174034
GraphSAGE_Optimised,3,2,128,64,1e-05,0.5,0.5412844036697249
GraphSAGE_Optimised,3,2,128,128,0.001,0.1,0.5464275785376702
GraphSAGE_Optimised,3,2,128,128,0.001,0.2,0.5503197108701696
GraphSAGE_Optimised,3,2,128,128,0.001,0.3,0.5540728384765082
GraphSAGE_Optimised,3,2,128,128,0.001,0.4,0.5567139282735614
GraphSAGE_Optimised,3,2,128,128,0.001,0.5,0.5543508479288296
GraphSAGE_Optimised,3,2,128,128,0.0001,0.1,0.52821795941062
GraphSAGE_Optimised,3,2,128,128,0.0001,0.2,0.5293299972199055
GraphSAGE_Optimised,3,2,128,128,0.0001,0.3,0.5311370586599944
GraphSAGE_Optimised,3,2,128,128,0.0001,0.4,0.5322490964692799
GraphSAGE_Optimised,3,2,128,128,0.0001,0.5,0.5326661106477621
GraphSAGE_Optimised,3,2,128,128,1e-05,0.1,0.47108701695857663
GraphSAGE_Optimised,3,2,128,128,1e-05,0.2,0.46955796497080904
GraphSAGE_Optimised,3,2,128,128,1e-05,0.3,0.46927995551848767
GraphSAGE_Optimised,3,2,128,128,1e-05,0.4,0.4681679177092021
GraphSAGE_Optimised,3,2,128,128,1e-05,0.5,0.46788990825688076
GraphSAGE_Optimised,3,2,128,256,0.001,0.1,0.542535446205171
GraphSAGE_Optimised,3,2,128,256,0.001,0.2,0.5376702807895468
GraphSAGE_Optimised,3,2,128,256,0.001,0.3,0.543369474562135
GraphSAGE_Optimised,3,2,128,256,0.001,0.4,0.5496246872393662
GraphSAGE_Optimised,3,2,128,256,0.001,0.5,0.5654712260216848
GraphSAGE_Optimised,3,2,128,256,0.0001,0.1,0.5341951626355296
GraphSAGE_Optimised,3,2,128,256,0.0001,0.2,0.5350291909924938
GraphSAGE_Optimised,3,2,128,256,0.0001,0.3,0.530859049207673
GraphSAGE_Optimised,3,2,128,256,0.0001,0.4,0.5307200444815123
GraphSAGE_Optimised,3,2,128,256,0.0001,0.5,0.5339171531832083
GraphSAGE_Optimised,3,2,128,256,1e-05,0.1,0.4685849318876842
GraphSAGE_Optimised,3,2,128,256,1e-05,0.2,0.469557964970809
GraphSAGE_Optimised,3,2,128,256,1e-05,0.3,0.4763691965526828
GraphSAGE_Optimised,3,2,128,256,1e-05,0.4,0.47400611620795113
GraphSAGE_Optimised,3,2,128,256,1e-05,0.5,0.47553516819571867
GraphSAGE_Optimised,3,3,32,64,0.001,0.1,0.611525704809287
GraphSAGE_Optimised,3,3,32,64,0.001,0.2,0.6177446102819237
GraphSAGE_Optimised,3,3,32,64,0.001,0.3,0.5927307904919845
GraphSAGE_Optimised,3,3,32,64,0.001,0.4,0.6253454947484798
GraphSAGE_Optimised,3,3,32,64,0.001,0.5,0.6028192371475953
GraphSAGE_Optimised,3,3,32,64,0.0001,0.1,0.6196793808734107
GraphSAGE_Optimised,3,3,32,64,0.0001,0.2,0.6177446102819237
GraphSAGE_Optimised,3,3,32,64,0.0001,0.3,0.6156716417910448
GraphSAGE_Optimised,3,3,32,64,0.0001,0.4,0.6144278606965174
GraphSAGE_Optimised,3,3,32,64,0.0001,0.5,0.6176064123825318
GraphSAGE_Optimised,3,3,32,64,1e-05,0.1,0.5928689883913765
GraphSAGE_Optimised,3,3,32,64,1e-05,0.2,0.5948037589828634
GraphSAGE_Optimised,3,3,32,64,1e-05,0.3,0.593698175787728
GraphSAGE_Optimised,3,3,32,64,1e-05,0.4,0.5943891652846877
GraphSAGE_Optimised,3,3,32,64,1e-05,0.5,0.5946655610834716
GraphSAGE_Optimised,3,3,32,128,0.001,0.1,0.6267274737423991
GraphSAGE_Optimised,3,3,32,128,0.001,0.2,0.6247927031509122
GraphSAGE_Optimised,3,3,32,128,0.001,0.3,0.6246545052515201
GraphSAGE_Optimised,3,3,32,128,0.001,0.4,0.6182974018794914
GraphSAGE_Optimised,3,3,32,128,0.001,0.5,0.6451077943615257
GraphSAGE_Optimised,3,3,32,128,0.0001,0.1,0.6357103372028745
GraphSAGE_Optimised,3,3,32,128,0.0001,0.2,0.6375069098949695
GraphSAGE_Optimised,3,3,32,128,0.0001,0.3,0.6390270867882808
GraphSAGE_Optimised,3,3,32,128,0.0001,0.4,0.6350193477059147
GraphSAGE_Optimised,3,3,32,128,0.0001,0.5,0.6359867330016584
GraphSAGE_Optimised,3,3,32,128,1e-05,0.1,0.5381426202321724
GraphSAGE_Optimised,3,3,32,128,1e-05,0.2,0.5276395798783858
GraphSAGE_Optimised,3,3,32,128,1e-05,0.3,0.5280541735765616
GraphSAGE_Optimised,3,3,32,128,1e-05,0.4,0.5304035378662244
GraphSAGE_Optimised,3,3,32,128,1e-05,0.5,0.5327529021558871
GraphSAGE_Optimised,3,3,32,256,0.001,0.1,0.6275566611387506
GraphSAGE_Optimised,3,3,32,256,0.001,0.2,0.595632946379215
GraphSAGE_Optimised,3,3,32,256,0.001,0.3,0.6142896627971254
GraphSAGE_Optimised,3,3,32,256,0.001,0.4,0.6178828081813156
GraphSAGE_Optimised,3,3,32,256,0.001,0.5,0.6135986733001658
GraphSAGE_Optimised,3,3,32,256,0.0001,0.1,0.6075179657269208
GraphSAGE_Optimised,3,3,32,256,0.0001,0.2,0.6058595909342177
GraphSAGE_Optimised,3,3,32,256,0.0001,0.3,0.6059977888336098
GraphSAGE_Optimised,3,3,32,256,0.0001,0.4,0.6115257048092868
GraphSAGE_Optimised,3,3,32,256,0.0001,0.5,0.6135986733001658
GraphSAGE_Optimised,3,3,32,256,1e-05,0.1,0.5919016030956329
GraphSAGE_Optimised,3,3,32,256,1e-05,0.2,0.5921779988944168
GraphSAGE_Optimised,3,3,32,256,1e-05,0.3,0.5921779988944167
GraphSAGE_Optimised,3,3,32,256,1e-05,0.4,0.5961857379767828
GraphSAGE_Optimised,3,3,32,256,1e-05,0.5,0.5982587064676617
GraphSAGE_Optimised,3,3,64,64,0.001,0.1,0.6274184632393588
GraphSAGE_Optimised,3,3,64,64,0.001,0.2,0.6241017136539524
GraphSAGE_Optimised,3,3,64,64,0.001,0.3,0.6268656716417911
GraphSAGE_Optimised,3,3,64,64,0.001,0.4,0.6148424543946931
GraphSAGE_Optimised,3,3,64,64,0.001,0.5,0.6022664455500277
GraphSAGE_Optimised,3,3,64,64,0.0001,0.1,0.6176064123825317
GraphSAGE_Optimised,3,3,64,64,0.0001,0.2,0.6192647871752349
GraphSAGE_Optimised,3,3,64,64,0.0001,0.3,0.618988391376451
GraphSAGE_Optimised,3,3,64,64,0.0001,0.4,0.615533443891653
GraphSAGE_Optimised,3,3,64,64,0.0001,0.5,0.6162244333886125
GraphSAGE_Optimised,3,3,64,64,1e-05,0.1,0.5793255942509674
GraphSAGE_Optimised,3,3,64,64,1e-05,0.2,0.5786346047540077
GraphSAGE_Optimised,3,3,64,64,1e-05,0.3,0.5790491984521835
GraphSAGE_Optimised,3,3,64,64,1e-05,0.4,0.5784964068546159
GraphSAGE_Optimised,3,3,64,64,1e-05,0.5,0.57808181315644
GraphSAGE_Optimised,3,3,64,128,0.001,0.1,0.6275566611387507
GraphSAGE_Optimised,3,3,64,128,0.001,0.2,0.628800442233278
GraphSAGE_Optimised,3,3,64,128,0.001,0.3,0.6257600884466556
GraphSAGE_Optimised,3,3,64,128,0.001,0.4,0.6120784964068546
GraphSAGE_Optimised,3,3,64,128,0.001,0.5,0.6260364842454396
GraphSAGE_Optimised,3,3,64,128,0.0001,0.1,0.6311498065229408
GraphSAGE_Optimised,3,3,64,128,0.0001,0.2,0.6334991708126038
GraphSAGE_Optimised,3,3,64,128,0.0001,0.3,0.6358485351022665
GraphSAGE_Optimised,3,3,64,128,0.0001,0.4,0.6366777224986181
GraphSAGE_Optimised,3,3,64,128,0.0001,0.5,0.6423438363736871
GraphSAGE_Optimised,3,3,64,128,1e-05,0.1,0.4763681592039801
GraphSAGE_Optimised,3,3,64,128,1e-05,0.2,0.4704256495301272
GraphSAGE_Optimised,3,3,64,128,1e-05,0.3,0.468905472636816
GraphSAGE_Optimised,3,3,64,128,1e-05,0.4,0.4715312327252626
GraphSAGE_Optimised,3,3,64,128,1e-05,0.5,0.474571586511885
GraphSAGE_Optimised,3,3,64,256,0.001,0.1,0.6118021006080708
GraphSAGE_Optimised,3,3,64,256,0.001,0.2,0.6104201216141514
GraphSAGE_Optimised,3,3,64,256,0.001,0.3,0.6194029850746269
GraphSAGE_Optimised,3,3,64,256,0.001,0.4,0.6109729132117191
GraphSAGE_Optimised,3,3,64,256,0.001,0.5,0.6003316749585406
GraphSAGE_Optimised,3,3,64,256,0.0001,0.1,0.6076561636263129
GraphSAGE_Optimised,3,3,64,256,0.0001,0.2,0.611249309010503
GraphSAGE_Optimised,3,3,64,256,0.0001,0.3,0.6171918186843559
GraphSAGE_Optimised,3,3,64,256,0.0001,0.4,0.6158098396904368
GraphSAGE_Optimised,3,3,64,256,0.0001,0.5,0.6148424543946931
GraphSAGE_Optimised,3,3,64,256,1e-05,0.1,0.5421503593145384
GraphSAGE_Optimised,3,3,64,256,1e-05,0.2,0.5427031509121061
GraphSAGE_Optimised,3,3,64,256,1e-05,0.3,0.5439469320066334
GraphSAGE_Optimised,3,3,64,256,1e-05,0.4,0.5440851299060254
GraphSAGE_Optimised,3,3,64,256,1e-05,0.5,0.5450525152017689
GraphSAGE_Optimised,3,3,128,64,0.001,0.1,0.6156716417910447
GraphSAGE_Optimised,3,3,128,64,0.001,0.2,0.618988391376451
GraphSAGE_Optimised,3,3,128,64,0.001,0.3,0.613460475400774
GraphSAGE_Optimised,3,3,128,64,0.001,0.4,0.6200939745715864
GraphSAGE_Optimised,3,3,128,64,0.001,0.5,0.6242399115533444
GraphSAGE_Optimised,3,3,128,64,0.0001,0.1,0.6069651741293532
GraphSAGE_Optimised,3,3,128,64,0.0001,0.2,0.6083471531232725
GraphSAGE_Optimised,3,3,128,64,0.0001,0.3,0.6069651741293532
GraphSAGE_Optimised,3,3,128,64,0.0001,0.4,0.6068269762299613
GraphSAGE_Optimised,3,3,128,64,0.0001,0.5,0.6066887783305693
GraphSAGE_Optimised,3,3,128,64,1e-05,0.1,0.5518242122719735
GraphSAGE_Optimised,3,3,128,64,1e-05,0.2,0.5518242122719734
GraphSAGE_Optimised,3,3,128,64,1e-05,0.3,0.5518242122719734
GraphSAGE_Optimised,3,3,128,64,1e-05,0.4,0.5512714206744057
GraphSAGE_Optimised,3,3,128,64,1e-05,0.5,0.5511332227750139
GraphSAGE_Optimised,3,3,128,128,0.001,0.1,0.6415146489773357
GraphSAGE_Optimised,3,3,128,128,0.001,0.2,0.638750690989497
GraphSAGE_Optimised,3,3,128,128,0.001,0.3,0.6350193477059148
GraphSAGE_Optimised,3,3,128,128,0.001,0.4,0.6373687119955777
GraphSAGE_Optimised,3,3,128,128,0.001,0.5,0.6336373687119956
GraphSAGE_Optimised,3,3,128,128,0.0001,0.1,0.6177446102819237
GraphSAGE_Optimised,3,3,128,128,0.0001,0.2,0.6181592039800995
GraphSAGE_Optimised,3,3,128,128,0.0001,0.3,0.6227197346600332
GraphSAGE_Optimised,3,3,128,128,0.0001,0.4,0.6200939745715863
GraphSAGE_Optimised,3,3,128,128,0.0001,0.5,0.6216141514648976
GraphSAGE_Optimised,3,3,128,128,1e-05,0.1,0.44527363184079605
GraphSAGE_Optimised,3,3,128,128,1e-05,0.2,0.4488667772249862
GraphSAGE_Optimised,3,3,128,128,1e-05,0.3,0.44499723604201213
GraphSAGE_Optimised,3,3,128,128,1e-05,0.4,0.4418186843559978
GraphSAGE_Optimised,3,3,128,128,1e-05,0.5,0.4405749032614704
GraphSAGE_Optimised,3,3,128,256,0.001,0.1,0.6174682144831398
GraphSAGE_Optimised,3,3,128,256,0.001,0.2,0.6236871199557766
GraphSAGE_Optimised,3,3,128,256,0.001,0.3,0.6184355997788834
GraphSAGE_Optimised,3,3,128,256,0.001,0.4,0.626727473742399
GraphSAGE_Optimised,3,3,128,256,0.001,0.5,0.6285240464344941
GraphSAGE_Optimised,3,3,128,256,0.0001,0.1,0.6050304035378662
GraphSAGE_Optimised,3,3,128,256,0.0001,0.2,0.605444997236042
GraphSAGE_Optimised,3,3,128,256,0.0001,0.3,0.6047540077390824
GraphSAGE_Optimised,3,3,128,256,0.0001,0.4,0.6053067993366501
GraphSAGE_Optimised,3,3,128,256,0.0001,0.5,0.6069651741293531
GraphSAGE_Optimised,3,3,128,256,1e-05,0.1,0.5031785516860143
GraphSAGE_Optimised,3,3,128,256,1e-05,0.2,0.5017965726920951
GraphSAGE_Optimised,3,3,128,256,1e-05,0.3,0.49571586511885024
GraphSAGE_Optimised,3,3,128,256,1e-05,0.4,0.5033167495854063
GraphSAGE_Optimised,3,3,128,256,1e-05,0.5,0.5033167495854063
GraphSAGE_Optimised,3,4,32,64,0.001,0.1,0.6187119955776672
GraphSAGE_Optimised,3,4,32,64,0.001,0.2,0.5939745715865118
GraphSAGE_Optimised,3,4,32,64,0.001,0.3,0.6004698728579325
GraphSAGE_Optimised,3,4,32,64,0.001,0.4,0.617191818684356
GraphSAGE_Optimised,3,4,32,64,0.001,0.5,0.6080707573244886
GraphSAGE_Optimised,3,4,32,64,0.0001,0.1,0.6030956329463791
GraphSAGE_Optimised,3,4,32,64,0.0001,0.2,0.601575456053068
GraphSAGE_Optimised,3,4,32,64,0.0001,0.3,0.601437258153676
GraphSAGE_Optimised,3,4,32,64,0.0001,0.4,0.6037866224433388
GraphSAGE_Optimised,3,4,32,64,0.0001,0.5,0.6021282476506358
GraphSAGE_Optimised,3,4,32,64,1e-05,0.1,0.5816749585406301
GraphSAGE_Optimised,3,4,32,64,1e-05,0.2,0.5813985627418463
GraphSAGE_Optimised,3,4,32,64,1e-05,0.3,0.5816749585406301
GraphSAGE_Optimised,3,4,32,64,1e-05,0.4,0.5813985627418462
GraphSAGE_Optimised,3,4,32,64,1e-05,0.5,0.5813985627418463
GraphSAGE_Optimised,3,4,32,128,0.001,0.1,0.617191818684356
GraphSAGE_Optimised,3,4,32,128,0.001,0.2,0.6214759535655058
GraphSAGE_Optimised,3,4,32,128,0.001,0.3,0.6058595909342178
GraphSAGE_Optimised,3,4,32,128,0.001,0.4,0.62106135986733
GraphSAGE_Optimised,3,4,32,128,0.001,0.5,0.6214759535655058
GraphSAGE_Optimised,3,4,32,128,0.0001,0.1,0.6218905472636816
GraphSAGE_Optimised,3,4,32,128,0.0001,0.2,0.6189883913764511
GraphSAGE_Optimised,3,4,32,128,0.0001,0.3,0.6170536207849641
GraphSAGE_Optimised,3,4,32,128,0.0001,0.4,0.6213377556661139
GraphSAGE_Optimised,3,4,32,128,0.0001,0.5,0.6221669430624654
GraphSAGE_Optimised,3,4,32,128,1e-05,0.1,0.6029574350469872
GraphSAGE_Optimised,3,4,32,128,1e-05,0.2,0.5992260917634052
GraphSAGE_Optimised,3,4,32,128,1e-05,0.3,0.5954947484798232
GraphSAGE_Optimised,3,4,32,128,1e-05,0.4,0.5953565505804312
GraphSAGE_Optimised,3,4,32,128,1e-05,0.5,0.5892758430071863
GraphSAGE_Optimised,3,4,32,256,0.001,0.1,0.6372305140961856
GraphSAGE_Optimised,3,4,32,256,0.001,0.2,0.631149806522941
GraphSAGE_Optimised,3,4,32,256,0.001,0.3,0.6395798783858484
GraphSAGE_Optimised,3,4,32,256,0.001,0.4,0.634742951907131
GraphSAGE_Optimised,3,4,32,256,0.001,0.5,0.6376451077943616
GraphSAGE_Optimised,3,4,32,256,0.0001,0.1,0.607379767827529
GraphSAGE_Optimised,3,4,32,256,0.0001,0.2,0.6082089552238806
GraphSAGE_Optimised,3,4,32,256,0.0001,0.3,0.6101437258153676
GraphSAGE_Optimised,3,4,32,256,0.0001,0.4,0.6153952459922609
GraphSAGE_Optimised,3,4,32,256,0.0001,0.5,0.6086235489220564
GraphSAGE_Optimised,3,4,32,256,1e-05,0.1,0.6017136539524599
GraphSAGE_Optimised,3,4,32,256,1e-05,0.2,0.6029574350469873
GraphSAGE_Optimised,3,4,32,256,1e-05,0.3,0.6011608623548922
GraphSAGE_Optimised,3,4,32,256,1e-05,0.4,0.5999170812603648
GraphSAGE_Optimised,3,4,32,256,1e-05,0.5,0.5989496959646213
GraphSAGE_Optimised,3,4,64,64,0.001,0.1,0.6180210060807076
GraphSAGE_Optimised,3,4,64,64,0.001,0.2,0.6167772249861803
GraphSAGE_Optimised,3,4,64,64,0.001,0.3,0.6207849640685461
GraphSAGE_Optimised,3,4,64,64,0.001,0.4,0.6216141514648978
GraphSAGE_Optimised,3,4,64,64,0.001,0.5,0.6180210060807076
GraphSAGE_Optimised,3,4,64,64,0.0001,0.1,0.5983969043670536
GraphSAGE_Optimised,3,4,64,64,0.0001,0.2,0.5982587064676617
GraphSAGE_Optimised,3,4,64,64,0.0001,0.3,0.5988114980652295
GraphSAGE_Optimised,3,4,64,64,0.0001,0.4,0.6012990602542841
GraphSAGE_Optimised,3,4,64,64,0.0001,0.5,0.5999170812603648
GraphSAGE_Optimised,3,4,64,64,1e-05,0.1,0.5581813156440022
GraphSAGE_Optimised,3,4,64,64,1e-05,0.2,0.5584577114427861
GraphSAGE_Optimised,3,4,64,64,1e-05,0.3,0.5584577114427861
GraphSAGE_Optimised,3,4,64,64,1e-05,0.4,0.5581813156440023
GraphSAGE_Optimised,3,4,64,64,1e-05,0.5,0.5581813156440022
GraphSAGE_Optimised,3,4,64,128,0.001,0.1,0.6264510779436153
GraphSAGE_Optimised,3,4,64,128,0.001,0.2,0.6163626312880044
GraphSAGE_Optimised,3,4,64,128,0.001,0.3,0.6076561636263129
GraphSAGE_Optimised,3,4,64,128,0.001,0.4,0.6216141514648978
GraphSAGE_Optimised,3,4,64,128,0.001,0.5,0.6076561636263129
GraphSAGE_Optimised,3,4,64,128,0.0001,0.1,0.6167772249861803
GraphSAGE_Optimised,3,4,64,128,0.0001,0.2,0.6182974018794913
GraphSAGE_Optimised,3,4,64,128,0.0001,0.3,0.6225815367606413
GraphSAGE_Optimised,3,4,64,128,0.0001,0.4,0.6235489220563848
GraphSAGE_Optimised,3,4,64,128,0.0001,0.5,0.6196793808734107
GraphSAGE_Optimised,3,4,64,128,1e-05,0.1,0.5494748479823106
GraphSAGE_Optimised,3,4,64,128,1e-05,0.2,0.5572139303482587
GraphSAGE_Optimised,3,4,64,128,1e-05,0.3,0.5512714206744057
GraphSAGE_Optimised,3,4,64,128,1e-05,0.4,0.5491984521835269
GraphSAGE_Optimised,3,4,64,128,1e-05,0.5,0.5491984521835269
GraphSAGE_Optimised,3,4,64,256,0.001,0.1,0.6162244333886124
GraphSAGE_Optimised,3,4,64,256,0.001,0.2,0.6250690989496959
GraphSAGE_Optimised,3,4,64,256,0.001,0.3,0.6242399115533444
GraphSAGE_Optimised,3,4,64,256,0.001,0.4,0.6234107241569928
GraphSAGE_Optimised,3,4,64,256,0.001,0.5,0.6177446102819237
GraphSAGE_Optimised,3,4,64,256,0.0001,0.1,0.6126312880044223
GraphSAGE_Optimised,3,4,64,256,0.0001,0.2,0.6144278606965174
GraphSAGE_Optimised,3,4,64,256,0.0001,0.3,0.6131840796019901
GraphSAGE_Optimised,3,4,64,256,0.0001,0.4,0.6129076838032061
GraphSAGE_Optimised,3,4,64,256,0.0001,0.5,0.6116639027086787
GraphSAGE_Optimised,3,4,64,256,1e-05,0.1,0.5626036484245439
GraphSAGE_Optimised,3,4,64,256,1e-05,0.2,0.5608070757324489
GraphSAGE_Optimised,3,4,64,256,1e-05,0.3,0.5594250967385296
GraphSAGE_Optimised,3,4,64,256,1e-05,0.4,0.5715865118850193
GraphSAGE_Optimised,3,4,64,256,1e-05,0.5,0.5692371475953566
GraphSAGE_Optimised,3,4,128,64,0.001,0.1,0.611111111111111
GraphSAGE_Optimised,3,4,128,64,0.001,0.2,0.607379767827529
GraphSAGE_Optimised,3,4,128,64,0.001,0.3,0.6094527363184079
GraphSAGE_Optimised,3,4,128,64,0.001,0.4,0.6097291321171918
GraphSAGE_Optimised,3,4,128,64,0.001,0.5,0.6098673300165838
GraphSAGE_Optimised,3,4,128,64,0.0001,0.1,0.5895522388059702
GraphSAGE_Optimised,3,4,128,64,0.0001,0.2,0.5887230514096184
GraphSAGE_Optimised,3,4,128,64,0.0001,0.3,0.5895522388059701
GraphSAGE_Optimised,3,4,128,64,0.0001,0.4,0.5903814262023217
GraphSAGE_Optimised,3,4,128,64,0.0001,0.5,0.5910724156992814
GraphSAGE_Optimised,3,4,128,64,1e-05,0.1,0.5328911000552791
GraphSAGE_Optimised,3,4,128,64,1e-05,0.2,0.533167495854063
GraphSAGE_Optimised,3,4,128,64,1e-05,0.3,0.5326147042564952
GraphSAGE_Optimised,3,4,128,64,1e-05,0.4,0.5324765063571033
GraphSAGE_Optimised,3,4,128,64,1e-05,0.5,0.5326147042564952
GraphSAGE_Optimised,3,4,128,128,0.001,0.1,0.6288004422332781
GraphSAGE_Optimised,3,4,128,128,0.001,0.2,0.6294914317302377
GraphSAGE_Optimised,3,4,128,128,0.001,0.3,0.6227197346600332
GraphSAGE_Optimised,3,4,128,128,0.001,0.4,0.6235489220563848
GraphSAGE_Optimised,3,4,128,128,0.001,0.5,0.6142896627971255
GraphSAGE_Optimised,3,4,128,128,0.0001,0.1,0.617191818684356
GraphSAGE_Optimised,3,4,128,128,0.0001,0.2,0.6184355997788834
GraphSAGE_Optimised,3,4,128,128,0.0001,0.3,0.6180210060807076
GraphSAGE_Optimised,3,4,128,128,0.0001,0.4,0.6159480375898287
GraphSAGE_Optimised,3,4,128,128,0.0001,0.5,0.6176064123825318
GraphSAGE_Optimised,3,4,128,128,1e-05,0.1,0.5353786622443338
GraphSAGE_Optimised,3,4,128,128,1e-05,0.2,0.5371752349364289
GraphSAGE_Optimised,3,4,128,128,1e-05,0.3,0.5355168601437258
GraphSAGE_Optimised,3,4,128,128,1e-05,0.4,0.5371752349364288
GraphSAGE_Optimised,3,4,128,128,1e-05,0.5,0.5360696517412935
GraphSAGE_Optimised,3,4,128,256,0.001,0.1,0.6115257048092868
GraphSAGE_Optimised,3,4,128,256,0.001,0.2,0.6064123825317854
GraphSAGE_Optimised,3,4,128,256,0.001,0.3,0.6032338308457711
GraphSAGE_Optimised,3,4,128,256,0.001,0.4,0.6087617468214483
GraphSAGE_Optimised,3,4,128,256,0.001,0.5,0.6153952459922609
GraphSAGE_Optimised,3,4,128,256,0.0001,0.1,0.6105583195135433
GraphSAGE_Optimised,3,4,128,256,0.0001,0.2,0.609038142620232
GraphSAGE_Optimised,3,4,128,256,0.0001,0.3,0.6083471531232725
GraphSAGE_Optimised,3,4,128,256,0.0001,0.4,0.6080707573244886
GraphSAGE_Optimised,3,4,128,256,0.0001,0.5,0.6059977888336097
GraphSAGE_Optimised,3,4,128,256,1e-05,0.1,0.5092592592592592
GraphSAGE_Optimised,3,4,128,256,1e-05,0.2,0.5087064676616916
GraphSAGE_Optimised,3,4,128,256,1e-05,0.3,0.507739082365948
GraphSAGE_Optimised,3,4,128,256,1e-05,0.4,0.5066334991708126
GraphSAGE_Optimised,3,4,128,256,1e-05,0.5,0.5073244886677722
GIN_Optimised,0,0,32,64,0.001,0.1,0.5526827912149013
GIN_Optimised,0,0,32,64,0.001,0.2,0.5314150681123158
GIN_Optimised,0,0,32,64,0.001,0.3,0.49791492910758967
GIN_Optimised,0,0,32,64,0.001,0.4,0.4799833194328607
GIN_Optimised,0,0,32,64,0.001,0.5,0.5411453989435642
GIN_Optimised,0,0,32,64,0.0001,0.1,0.5966082846816791
GIN_Optimised,0,0,32,64,0.0001,0.2,0.6084236864053378
GIN_Optimised,0,0,32,64,0.0001,0.3,0.6113427856547123
GIN_Optimised,0,0,32,64,0.0001,0.4,0.6206561023074784
GIN_Optimised,0,0,32,64,0.0001,0.5,0.6205170975813178
GIN_Optimised,0,0,32,64,1e-05,0.1,0.5918821239922157
GIN_Optimised,0,0,32,64,1e-05,0.2,0.5921601334445372
GIN_Optimised,0,0,32,64,1e-05,0.3,0.5936891854323048
GIN_Optimised,0,0,32,64,1e-05,0.4,0.5928551570753406
GIN_Optimised,0,0,32,64,1e-05,0.5,0.5929941618015013
GIN_Optimised,0,0,32,128,0.001,0.1,0.4929802613288852
GIN_Optimised,0,0,32,128,0.001,0.2,0.509660828468168
GIN_Optimised,0,0,32,128,0.001,0.3,0.4798443147067001
GIN_Optimised,0,0,32,128,0.001,0.4,0.49520433694745625
GIN_Optimised,0,0,32,128,0.001,0.5,0.5
GIN_Optimised,0,0,32,128,0.0001,0.1,0.6017514595496248
GIN_Optimised,0,0,32,128,0.0001,0.2,0.6013344453711427
GIN_Optimised,0,0,32,128,0.0001,0.3,0.5681123158187379
GIN_Optimised,0,0,32,128,0.0001,0.4,0.5910480956352516
GIN_Optimised,0,0,32,128,0.0001,0.5,0.5638031693077565
GIN_Optimised,0,0,32,128,1e-05,0.1,0.5501807061440089
GIN_Optimised,0,0,32,128,1e-05,0.2,0.5500417014178482
GIN_Optimised,0,0,32,128,1e-05,0.3,0.5529608006672226
GIN_Optimised,0,0,32,128,1e-05,0.4,0.5551848762857937
GIN_Optimised,0,0,32,128,1e-05,0.5,0.5496246872393662
GIN_Optimised,0,0,32,256,0.001,0.1,0.49582985821517933
GIN_Optimised,0,0,32,256,0.001,0.2,0.53224909646928
GIN_Optimised,0,0,32,256,0.001,0.3,0.49520433694745625
GIN_Optimised,0,0,32,256,0.001,0.4,0.47616068946344176
GIN_Optimised,0,0,32,256,0.001,0.5,0.48609952738393114
GIN_Optimised,0,0,32,256,0.0001,0.1,0.5803447317208785
GIN_Optimised,0,0,32,256,0.0001,0.2,0.5788156797331109
GIN_Optimised,0,0,32,256,0.0001,0.3,0.5982763413956074
GIN_Optimised,0,0,32,256,0.0001,0.4,0.5368362524325827
GIN_Optimised,0,0,32,256,0.0001,0.5,0.5102863497358909
GIN_Optimised,0,0,32,256,1e-05,0.1,0.6141228801779262
GIN_Optimised,0,0,32,256,1e-05,0.2,0.6118988045593551
GIN_Optimised,0,0,32,256,1e-05,0.3,0.6159299416180151
GIN_Optimised,0,0,32,256,1e-05,0.4,0.6198220739505143
GIN_Optimised,0,0,32,256,1e-05,0.5,0.6220461495690854
GIN_Optimised,0,0,64,64,0.001,0.1,0.6296914095079233
GIN_Optimised,0,0,64,64,0.001,0.2,0.6234361968306923
GIN_Optimised,0,0,64,64,0.001,0.3,0.6073116485960522
GIN_Optimised,0,0,64,64,0.001,0.4,0.5989713650264108
GIN_Optimised,0,0,64,64,0.001,0.5,0.5650542118432028
GIN_Optimised,0,0,64,64,0.0001,0.1,0.6032805115373924
GIN_Optimised,0,0,64,64,0.0001,0.2,0.6045315540728385
GIN_Optimised,0,0,64,64,0.0001,0.3,0.6085626911314985
GIN_Optimised,0,0,64,64,0.0001,0.4,0.6149569085348903
GIN_Optimised,0,0,64,64,0.0001,0.5,0.633444537114262
GIN_Optimised,0,0,64,64,1e-05,0.1,0.6345565749235473
GIN_Optimised,0,0,64,64,1e-05,0.2,0.634278565471226
GIN_Optimised,0,0,64,64,1e-05,0.3,0.6341395607450653
GIN_Optimised,0,0,64,64,1e-05,0.4,0.6342785654712261
GIN_Optimised,0,0,64,64,1e-05,0.5,0.6341395607450653
GIN_Optimised,0,0,64,128,0.001,0.1,0.5761745899360577
GIN_Optimised,0,0,64,128,0.001,0.2,0.5885460105643592
GIN_Optimised,0,0,64,128,0.001,0.3,0.563108145676953
GIN_Optimised,0,0,64,128,0.001,0.4,0.5423964414790102
GIN_Optimised,0,0,64,128,0.001,0.5,0.5026410897970531
GIN_Optimised,0,0,64,128,0.0001,0.1,0.5889630247428412
GIN_Optimised,0,0,64,128,0.0001,0.2,0.5892410341951627
GIN_Optimised,0,0,64,128,0.0001,0.3,0.6028634973589103
GIN_Optimised,0,0,64,128,0.0001,0.4,0.5941061996107868
GIN_Optimised,0,0,64,128,0.0001,0.5,0.5934111759799834
GIN_Optimised,0,0,64,128,1e-05,0.1,0.48401445649152075
GIN_Optimised,0,0,64,128,1e-05,0.2,0.46288573811509603
GIN_Optimised,0,0,64,128,1e-05,0.3,0.4356408117876008
GIN_Optimised,0,0,64,128,1e-05,0.4,0.4253544620517098
GIN_Optimised,0,0,64,128,1e-05,0.5,0.4167361690297471
GIN_Optimised,0,0,64,256,0.001,0.1,0.4949263274951348
GIN_Optimised,0,0,64,256,0.001,0.2,0.487698081734779
GIN_Optimised,0,0,64,256,0.001,0.3,0.47970530998053934
GIN_Optimised,0,0,64,256,0.001,0.4,0.48053933833750345
GIN_Optimised,0,0,64,256,0.001,0.5,0.48227689741451213
GIN_Optimised,0,0,64,256,0.0001,0.1,0.6301084236864054
GIN_Optimised,0,0,64,256,0.0001,0.2,0.626633305532388
GIN_Optimised,0,0,64,256,0.0001,0.3,0.6232971921045316
GIN_Optimised,0,0,64,256,0.0001,0.4,0.5892410341951627
GIN_Optimised,0,0,64,256,0.0001,0.5,0.6077286627745344
GIN_Optimised,0,0,64,256,1e-05,0.1,0.60884070058382
GIN_Optimised,0,0,64,256,1e-05,0.2,0.6109257714762303
GIN_Optimised,0,0,64,256,1e-05,0.3,0.617737003058104
GIN_Optimised,0,0,64,256,1e-05,0.4,0.6164859605226578
GIN_Optimised,0,0,64,256,1e-05,0.5,0.6132888518209619
GIN_Optimised,0,0,128,64,0.001,0.1,0.6066166249652489
GIN_Optimised,0,0,128,64,0.001,0.2,0.6124548234639978
GIN_Optimised,0,0,128,64,0.001,0.3,0.6160689463441756
GIN_Optimised,0,0,128,64,0.001,0.4,0.6182930219627468
GIN_Optimised,0,0,128,64,0.001,0.5,0.6113427856547122
GIN_Optimised,0,0,128,64,0.0001,0.1,0.6061996107867668
GIN_Optimised,0,0,128,64,0.0001,0.2,0.597581317764804
GIN_Optimised,0,0,128,64,0.0001,0.3,0.5992493744787324
GIN_Optimised,0,0,128,64,0.0001,0.4,0.5934111759799834
GIN_Optimised,0,0,128,64,0.0001,0.5,0.602585487906589
GIN_Optimised,0,0,128,64,1e-05,0.1,0.6050875729774813
GIN_Optimised,0,0,128,64,1e-05,0.2,0.6049485682513206
GIN_Optimised,0,0,128,64,1e-05,0.3,0.6049485682513206
GIN_Optimised,0,0,128,64,1e-05,0.4,0.6049485682513206
GIN_Optimised,0,0,128,64,1e-05,0.5,0.6048095635251599
GIN_Optimised,0,0,128,128,0.001,0.1,0.5920211287183765
GIN_Optimised,0,0,128,128,0.001,0.2,0.5287739783152628
GIN_Optimised,0,0,128,128,0.001,0.3,0.562691131498471
GIN_Optimised,0,0,128,128,0.001,0.4,0.5763135946622185
GIN_Optimised,0,0,128,128,0.001,0.5,0.5614400889630248
GIN_Optimised,0,0,128,128,0.0001,0.1,0.5715874339727551
GIN_Optimised,0,0,128,128,0.0001,0.2,0.5772866277453433
GIN_Optimised,0,0,128,128,0.0001,0.3,0.5874339727550737
GIN_Optimised,0,0,128,128,0.0001,0.4,0.5934111759799834
GIN_Optimised,0,0,128,128,0.0001,0.5,0.562691131498471
GIN_Optimised,0,0,128,128,1e-05,0.1,0.3530720044481513
GIN_Optimised,0,0,128,128,1e-05,0.2,0.34890186266333056
GIN_Optimised,0,0,128,128,1e-05,0.3,0.3455657492354741
GIN_Optimised,0,0,128,128,1e-05,0.4,0.3454267445093134
GIN_Optimised,0,0,128,128,1e-05,0.5,0.3423686405337782
GIN_Optimised,0,0,128,256,0.001,0.1,0.5539338337503474
GIN_Optimised,0,0,128,256,0.001,0.2,0.4913817069780372
GIN_Optimised,0,0,128,256,0.001,0.3,0.5469835974423131
GIN_Optimised,0,0,128,256,0.001,0.4,0.5115373922713372
GIN_Optimised,0,0,128,256,0.001,0.5,0.52418682235196
GIN_Optimised,0,0,128,256,0.0001,0.1,0.612315818737837
GIN_Optimised,0,0,128,256,0.0001,0.2,0.6251042535446205
GIN_Optimised,0,0,128,256,0.0001,0.3,0.6219071448429246
GIN_Optimised,0,0,128,256,0.0001,0.4,0.6121768140116765
GIN_Optimised,0,0,128,256,0.0001,0.5,0.5964692799555185
GIN_Optimised,0,0,128,256,1e-05,0.1,0.6166249652488185
GIN_Optimised,0,0,128,256,1e-05,0.2,0.6157909368918543
GIN_Optimised,0,0,128,256,1e-05,0.3,0.6162079510703364
GIN_Optimised,0,0,128,256,1e-05,0.4,0.6145398943564082
GIN_Optimised,0,0,128,256,1e-05,0.5,0.6182930219627468
GIN_Optimised,0,1,32,64,0.001,0.1,0.5604670558798999
GIN_Optimised,0,1,32,64,0.001,0.2,0.5387128162357521
GIN_Optimised,0,1,32,64,0.001,0.3,0.5760355852098972
GIN_Optimised,0,1,32,64,0.001,0.4,0.5865999443981096
GIN_Optimised,0,1,32,64,0.001,0.5,0.6006394217403391
GIN_Optimised,0,1,32,64,0.0001,0.1,0.5701973867111482
GIN_Optimised,0,1,32,64,0.0001,0.2,0.5802057269947178
GIN_Optimised,0,1,32,64,0.0001,0.3,0.5918821239922157
GIN_Optimised,0,1,32,64,0.0001,0.4,0.5874339727550737
GIN_Optimised,0,1,32,64,0.0001,0.5,0.5840978593272173
GIN_Optimised,0,1,32,64,1e-05,0.1,0.6048095635251598
GIN_Optimised,0,1,32,64,1e-05,0.2,0.6066166249652489
GIN_Optimised,0,1,32,64,1e-05,0.3,0.6071726438698916
GIN_Optimised,0,1,32,64,1e-05,0.4,0.6091187100361413
GIN_Optimised,0,1,32,64,1e-05,0.5,0.6082846816791773
GIN_Optimised,0,1,32,128,0.001,0.1,0.5518487628579372
GIN_Optimised,0,1,32,128,0.001,0.2,0.6001529051987768
GIN_Optimised,0,1,32,128,0.001,0.3,0.5865999443981096
GIN_Optimised,0,1,32,128,0.001,0.4,0.4591326105087573
GIN_Optimised,0,1,32,128,0.001,0.5,0.5227967750903532
GIN_Optimised,0,1,32,128,0.0001,0.1,0.5824298026132889
GIN_Optimised,0,1,32,128,0.0001,0.2,0.5921601334445372
GIN_Optimised,0,1,32,128,0.0001,0.3,0.5793716986377537
GIN_Optimised,0,1,32,128,0.0001,0.4,0.585487906588824
GIN_Optimised,0,1,32,128,0.0001,0.5,0.5735335001390047
GIN_Optimised,0,1,32,128,1e-05,0.1,0.5892410341951626
GIN_Optimised,0,1,32,128,1e-05,0.2,0.5986933555740895
GIN_Optimised,0,1,32,128,1e-05,0.3,0.6028634973589102
GIN_Optimised,0,1,32,128,1e-05,0.4,0.6124548234639977
GIN_Optimised,0,1,32,128,1e-05,0.5,0.6024464831804281
GIN_Optimised,0,1,32,256,0.001,0.1,0.5860439254934668
GIN_Optimised,0,1,32,256,0.001,0.2,0.6021684737281068
GIN_Optimised,0,1,32,256,0.001,0.3,0.6020294690019461
GIN_Optimised,0,1,32,256,0.001,0.4,0.6010564359188213
GIN_Optimised,0,1,32,256,0.001,0.5,0.5997358910202947
GIN_Optimised,0,1,32,256,0.0001,0.1,0.5884070058381985
GIN_Optimised,0,1,32,256,0.0001,0.2,0.587294968028913
GIN_Optimised,0,1,32,256,0.0001,0.3,0.5358632193494579
GIN_Optimised,0,1,32,256,0.0001,0.4,0.5902140672782875
GIN_Optimised,0,1,32,256,0.0001,0.5,0.5827078120656103
GIN_Optimised,0,1,32,256,1e-05,0.1,0.598971365026411
GIN_Optimised,0,1,32,256,1e-05,0.2,0.5952182374200723
GIN_Optimised,0,1,32,256,1e-05,0.3,0.5981373366694468
GIN_Optimised,0,1,32,256,1e-05,0.4,0.6046705587989992
GIN_Optimised,0,1,32,256,1e-05,0.5,0.5941061996107869
GIN_Optimised,0,1,64,64,0.001,0.1,0.5966082846816791
GIN_Optimised,0,1,64,64,0.001,0.2,0.5845148735056993
GIN_Optimised,0,1,64,64,0.001,0.3,0.60884070058382
GIN_Optimised,0,1,64,64,0.001,0.4,0.5896580483736448
GIN_Optimised,0,1,64,64,0.001,0.5,0.5845148735056992
GIN_Optimised,0,1,64,64,0.0001,0.1,0.5925771476230193
GIN_Optimised,0,1,64,64,0.0001,0.2,0.5929941618015012
GIN_Optimised,0,1,64,64,0.0001,0.3,0.5934111759799834
GIN_Optimised,0,1,64,64,0.0001,0.4,0.602585487906589
GIN_Optimised,0,1,64,64,0.0001,0.5,0.5968862941340006
GIN_Optimised,0,1,64,64,1e-05,0.1,0.640116763969975
GIN_Optimised,0,1,64,64,1e-05,0.2,0.6398387545176537
GIN_Optimised,0,1,64,64,1e-05,0.3,0.6408117876007784
GIN_Optimised,0,1,64,64,1e-05,0.4,0.6412288017792606
GIN_Optimised,0,1,64,64,1e-05,0.5,0.6409507923269392
GIN_Optimised,0,1,64,128,0.001,0.1,0.5657492354740061
GIN_Optimised,0,1,64,128,0.001,0.2,0.6010564359188212
GIN_Optimised,0,1,64,128,0.001,0.3,0.568946344175702
GIN_Optimised,0,1,64,128,0.001,0.4,0.5720044481512372
GIN_Optimised,0,1,64,128,0.001,0.5,0.579232693911593
GIN_Optimised,0,1,64,128,0.0001,0.1,0.6249652488184599
GIN_Optimised,0,1,64,128,0.0001,0.2,0.5999443981095358
GIN_Optimised,0,1,64,128,0.0001,0.3,0.5966082846816791
GIN_Optimised,0,1,64,128,0.0001,0.4,0.5981373366694468
GIN_Optimised,0,1,64,128,0.0001,0.5,0.6005004170141786
GIN_Optimised,0,1,64,128,1e-05,0.1,0.4849874895746456
GIN_Optimised,0,1,64,128,1e-05,0.2,0.4652488184598276
GIN_Optimised,0,1,64,128,1e-05,0.3,0.44425910480956354
GIN_Optimised,0,1,64,128,1e-05,0.4,0.420350291909925
GIN_Optimised,0,1,64,128,1e-05,0.5,0.4108979705309981
GIN_Optimised,0,1,64,256,0.001,0.1,0.578815679733111
GIN_Optimised,0,1,64,256,0.001,0.2,0.5845148735056992
GIN_Optimised,0,1,64,256,0.001,0.3,0.5807617458993606
GIN_Optimised,0,1,64,256,0.001,0.4,0.6155824298026134
GIN_Optimised,0,1,64,256,0.001,0.5,0.601195440644982
GIN_Optimised,0,1,64,256,0.0001,0.1,0.5928551570753405
GIN_Optimised,0,1,64,256,0.0001,0.2,0.6035585209897137
GIN_Optimised,0,1,64,256,0.0001,0.3,0.5991103697525716
GIN_Optimised,0,1,64,256,0.0001,0.4,0.613705865999444
GIN_Optimised,0,1,64,256,0.0001,0.5,0.5982763413956075
GIN_Optimised,0,1,64,256,1e-05,0.1,0.6135668612732833
GIN_Optimised,0,1,64,256,1e-05,0.2,0.6099527383931054
GIN_Optimised,0,1,64,256,1e-05,0.3,0.6112037809285515
GIN_Optimised,0,1,64,256,1e-05,0.4,0.6060606060606061
GIN_Optimised,0,1,64,256,1e-05,0.5,0.6061996107867668
GIN_Optimised,0,1,128,64,0.001,0.1,0.5939671948846261
GIN_Optimised,0,1,128,64,0.001,0.2,0.5859049207673062
GIN_Optimised,0,1,128,64,0.001,0.3,0.5920211287183765
GIN_Optimised,0,1,128,64,0.001,0.4,0.5968862941340006
GIN_Optimised,0,1,128,64,0.001,0.5,0.5978593272171253
GIN_Optimised,0,1,128,64,0.0001,0.1,0.5970252988601612
GIN_Optimised,0,1,128,64,0.0001,0.2,0.5978593272171254
GIN_Optimised,0,1,128,64,0.0001,0.3,0.6007784264664999
GIN_Optimised,0,1,128,64,0.0001,0.4,0.603419516263553
GIN_Optimised,0,1,128,64,0.0001,0.5,0.6066166249652489
GIN_Optimised,0,1,128,64,1e-05,0.1,0.5757575757575757
GIN_Optimised,0,1,128,64,1e-05,0.2,0.575618571031415
GIN_Optimised,0,1,128,64,1e-05,0.3,0.5754795663052543
GIN_Optimised,0,1,128,64,1e-05,0.4,0.575201556852933
GIN_Optimised,0,1,128,64,1e-05,0.5,0.5753405615790936
GIN_Optimised,0,1,128,128,0.001,0.1,0.5856269113149848
GIN_Optimised,0,1,128,128,0.001,0.2,0.571170419794273
GIN_Optimised,0,1,128,128,0.001,0.3,0.570753405615791
GIN_Optimised,0,1,128,128,0.001,0.4,0.5935501807061441
GIN_Optimised,0,1,128,128,0.001,0.5,0.5708924103419517
GIN_Optimised,0,1,128,128,0.0001,0.1,0.5904920767306089
GIN_Optimised,0,1,128,128,0.0001,0.2,0.593133166527662
GIN_Optimised,0,1,128,128,0.0001,0.3,0.5806227411732
GIN_Optimised,0,1,128,128,0.0001,0.4,0.5818737837086461
GIN_Optimised,0,1,128,128,0.0001,0.5,0.5815957742563247
GIN_Optimised,0,1,128,128,1e-05,0.1,0.39755351681957185
GIN_Optimised,0,1,128,128,1e-05,0.2,0.397970530998054
GIN_Optimised,0,1,128,128,1e-05,0.3,0.39936057825966087
GIN_Optimised,0,1,128,128,1e-05,0.4,0.39949958298582156
GIN_Optimised,0,1,128,128,1e-05,0.5,0.39824854045037533
GIN_Optimised,0,1,128,256,0.001,0.1,0.5721434528773978
GIN_Optimised,0,1,128,256,0.001,0.2,0.5828468167917709
GIN_Optimised,0,1,128,256,0.001,0.3,0.5767306088407006
GIN_Optimised,0,1,128,256,0.001,0.4,0.5881289963858771
GIN_Optimised,0,1,128,256,0.001,0.5,0.5910480956352516
GIN_Optimised,0,1,128,256,0.0001,0.1,0.5939671948846261
GIN_Optimised,0,1,128,256,0.0001,0.2,0.5970252988601613
GIN_Optimised,0,1,128,256,0.0001,0.3,0.6084236864053378
GIN_Optimised,0,1,128,256,0.0001,0.4,0.5974423130386433
GIN_Optimised,0,1,128,256,0.0001,0.5,0.595774256324715
GIN_Optimised,0,1,128,256,1e-05,0.1,0.6121768140116765
GIN_Optimised,0,1,128,256,1e-05,0.2,0.6081456769530165
GIN_Optimised,0,1,128,256,1e-05,0.3,0.6036975257158744
GIN_Optimised,0,1,128,256,1e-05,0.4,0.601612454823464
GIN_Optimised,0,1,128,256,1e-05,0.5,0.5968862941340006
GIN_Optimised,0,2,32,64,0.001,0.1,0.5731066887783306
GIN_Optimised,0,2,32,64,0.001,0.2,0.5421503593145385
GIN_Optimised,0,2,32,64,0.001,0.3,0.5384190160309563
GIN_Optimised,0,2,32,64,0.001,0.4,0.5600469872857932
GIN_Optimised,0,2,32,64,0.001,0.5,0.5124378109452736
GIN_Optimised,0,2,32,64,0.0001,0.1,0.599502487562189
GIN_Optimised,0,2,32,64,0.0001,0.2,0.599640685461581
GIN_Optimised,0,2,32,64,0.0001,0.3,0.5802929795467108
GIN_Optimised,0,2,32,64,0.0001,0.4,0.5934217799889442
GIN_Optimised,0,2,32,64,0.0001,0.5,0.5954947484798231
GIN_Optimised,0,2,32,64,1e-05,0.1,0.6086235489220564
GIN_Optimised,0,2,32,64,1e-05,0.2,0.6071033720287452
GIN_Optimised,0,2,32,64,1e-05,0.3,0.6079325594250967
GIN_Optimised,0,2,32,64,1e-05,0.4,0.6087617468214483
GIN_Optimised,0,2,32,64,1e-05,0.5,0.6083471531232726
GIN_Optimised,0,2,32,128,0.001,0.1,0.5544499723604202
GIN_Optimised,0,2,32,128,0.001,0.2,0.5588032061912658
GIN_Optimised,0,2,32,128,0.001,0.3,0.558941404090658
GIN_Optimised,0,2,32,128,0.001,0.4,0.5562465450525151
GIN_Optimised,0,2,32,128,0.001,0.5,0.5589414040906577
GIN_Optimised,0,2,32,128,0.0001,0.1,0.5906578220011056
GIN_Optimised,0,2,32,128,0.0001,0.2,0.5830569375345496
GIN_Optimised,0,2,32,128,0.0001,0.3,0.5880320619126589
GIN_Optimised,0,2,32,128,0.0001,0.4,0.5996406854615811
GIN_Optimised,0,2,32,128,0.0001,0.5,0.5751796572692095
GIN_Optimised,0,2,32,128,1e-05,0.1,0.5902432283029299
GIN_Optimised,0,2,32,128,1e-05,0.2,0.5912106135986733
GIN_Optimised,0,2,32,128,1e-05,0.3,0.591763405196241
GIN_Optimised,0,2,32,128,1e-05,0.4,0.5881702598120508
GIN_Optimised,0,2,32,128,1e-05,0.5,0.5831951354339414
GIN_Optimised,0,2,32,256,0.001,0.1,0.5442233278054173
GIN_Optimised,0,2,32,256,0.001,0.2,0.5389027086788281
GIN_Optimised,0,2,32,256,0.001,0.3,0.5590796019900497
GIN_Optimised,0,2,32,256,0.001,0.4,0.5618435599778884
GIN_Optimised,0,2,32,256,0.001,0.5,0.5617053620784964
GIN_Optimised,0,2,32,256,0.0001,0.1,0.5736594803758982
GIN_Optimised,0,2,32,256,0.0001,0.2,0.5831951354339414
GIN_Optimised,0,2,32,256,0.0001,0.3,0.5895522388059702
GIN_Optimised,0,2,32,256,0.0001,0.4,0.5901050304035379
GIN_Optimised,0,2,32,256,0.0001,0.5,0.562465450525152
GIN_Optimised,0,2,32,256,1e-05,0.1,0.5945273631840796
GIN_Optimised,0,2,32,256,1e-05,0.2,0.5921779988944167
GIN_Optimised,0,2,32,256,1e-05,0.3,0.5949419568822554
GIN_Optimised,0,2,32,256,1e-05,0.4,0.5956329463792149
GIN_Optimised,0,2,32,256,1e-05,0.5,0.5966003316749585
GIN_Optimised,0,2,64,64,0.001,0.1,0.583886124930901
GIN_Optimised,0,2,64,64,0.001,0.2,0.5786346047540077
GIN_Optimised,0,2,64,64,0.001,0.3,0.5818131564400221
GIN_Optimised,0,2,64,64,0.001,0.4,0.5885848535102265
GIN_Optimised,0,2,64,64,0.001,0.5,0.5515478164731896
GIN_Optimised,0,2,64,64,0.0001,0.1,0.6028192371475953
GIN_Optimised,0,2,64,64,0.0001,0.2,0.6057213930348259
GIN_Optimised,0,2,64,64,0.0001,0.3,0.6072415699281372
GIN_Optimised,0,2,64,64,0.0001,0.4,0.6101437258153676
GIN_Optimised,0,2,64,64,0.0001,0.5,0.6037866224433388
GIN_Optimised,0,2,64,64,1e-05,0.1,0.5941127694859037
GIN_Optimised,0,2,64,64,1e-05,0.2,0.5941127694859039
GIN_Optimised,0,2,64,64,1e-05,0.3,0.5936981757877281
GIN_Optimised,0,2,64,64,1e-05,0.4,0.59383637368712
GIN_Optimised,0,2,64,64,1e-05,0.5,0.5942509673852958
GIN_Optimised,0,2,64,128,0.001,0.1,0.5885848535102265
GIN_Optimised,0,2,64,128,0.001,0.2,0.5751796572692095
GIN_Optimised,0,2,64,128,0.001,0.3,0.5563847429519071
GIN_Optimised,0,2,64,128,0.001,0.4,0.5775290215588723
GIN_Optimised,0,2,64,128,0.001,0.5,0.5516860143725815
GIN_Optimised,0,2,64,128,0.0001,0.1,0.5970149253731344
GIN_Optimised,0,2,64,128,0.0001,0.2,0.5968767274737424
GIN_Optimised,0,2,64,128,0.0001,0.3,0.5930071862907684
GIN_Optimised,0,2,64,128,0.0001,0.4,0.5836097291321172
GIN_Optimised,0,2,64,128,0.0001,0.5,0.5874792703150912
GIN_Optimised,0,2,64,128,1e-05,0.1,0.5297125483692647
GIN_Optimised,0,2,64,128,1e-05,0.2,0.5247374239911553
GIN_Optimised,0,2,64,128,1e-05,0.3,0.5158927584300719
GIN_Optimised,0,2,64,128,1e-05,0.4,0.4969596462133775
GIN_Optimised,0,2,64,128,1e-05,0.5,0.4332504145936982
GIN_Optimised,0,2,64,256,0.001,0.1,0.5149253731343284
GIN_Optimised,0,2,64,256,0.001,0.2,0.5569375345494747
GIN_Optimised,0,2,64,256,0.001,0.3,0.6019900497512438
GIN_Optimised,0,2,64,256,0.001,0.4,0.5578358208955223
GIN_Optimised,0,2,64,256,0.001,0.5,0.5595632946379214
GIN_Optimised,0,2,64,256,0.0001,0.1,0.6003316749585407
GIN_Optimised,0,2,64,256,0.0001,0.2,0.5941127694859037
GIN_Optimised,0,2,64,256,0.0001,0.3,0.5959093421779988
GIN_Optimised,0,2,64,256,0.0001,0.4,0.5950801547816473
GIN_Optimised,0,2,64,256,0.0001,0.5,0.6046158098396904
GIN_Optimised,0,2,64,256,1e-05,0.1,0.5949419568822554
GIN_Optimised,0,2,64,256,1e-05,0.2,0.5938363736871201
GIN_Optimised,0,2,64,256,1e-05,0.3,0.5909342177998894
GIN_Optimised,0,2,64,256,1e-05,0.4,0.5888612493090104
GIN_Optimised,0,2,64,256,1e-05,0.5,0.5910724156992813
GIN_Optimised,0,2,128,64,0.001,0.1,0.5932835820895522
GIN_Optimised,0,2,128,64,0.001,0.2,0.5903814262023218
GIN_Optimised,0,2,128,64,0.001,0.3,0.5939745715865119
GIN_Optimised,0,2,128,64,0.001,0.4,0.5925925925925927
GIN_Optimised,0,2,128,64,0.001,0.5,0.5930071862907684
GIN_Optimised,0,2,128,64,0.0001,0.1,0.6024046434494195
GIN_Optimised,0,2,128,64,0.0001,0.2,0.6028192371475953
GIN_Optimised,0,2,128,64,0.0001,0.3,0.6053067993366501
GIN_Optimised,0,2,128,64,0.0001,0.4,0.6095909342178
GIN_Optimised,0,2,128,64,0.0001,0.5,0.6144278606965176
GIN_Optimised,0,2,128,64,1e-05,0.1,0.5349640685461581
GIN_Optimised,0,2,128,64,1e-05,0.2,0.5349640685461581
GIN_Optimised,0,2,128,64,1e-05,0.3,0.5349640685461581
GIN_Optimised,0,2,128,64,1e-05,0.4,0.5349640685461581
GIN_Optimised,0,2,128,64,1e-05,0.5,0.5349640685461581
GIN_Optimised,0,2,128,128,0.001,0.1,0.5786346047540076
GIN_Optimised,0,2,128,128,0.001,0.2,0.581951354339414
GIN_Optimised,0,2,128,128,0.001,0.3,0.564262023217247
GIN_Optimised,0,2,128,128,0.001,0.4,0.5726920950801548
GIN_Optimised,0,2,128,128,0.001,0.5,0.5737976782752902
GIN_Optimised,0,2,128,128,0.0001,0.1,0.5981205085682697
GIN_Optimised,0,2,128,128,0.0001,0.2,0.59383637368712
GIN_Optimised,0,2,128,128,0.0001,0.3,0.5855444997236041
GIN_Optimised,0,2,128,128,0.0001,0.4,0.5793255942509674
GIN_Optimised,0,2,128,128,0.0001,0.5,0.5773908236594804
GIN_Optimised,0,2,128,128,1e-05,0.1,0.4187396351575456
GIN_Optimised,0,2,128,128,1e-05,0.2,0.4281370923161968
GIN_Optimised,0,2,128,128,1e-05,0.3,0.42661691542288555
GIN_Optimised,0,2,128,128,1e-05,0.4,0.42122719734660036
GIN_Optimised,0,2,128,128,1e-05,0.5,0.41901603095632944
GIN_Optimised,0,2,128,256,0.001,0.1,0.564262023217247
GIN_Optimised,0,2,128,256,0.001,0.2,0.5320619126589277
GIN_Optimised,0,2,128,256,0.001,0.3,0.5840243228302929
GIN_Optimised,0,2,128,256,0.001,0.4,0.589966832504146
GIN_Optimised,0,2,128,256,0.001,0.5,0.581951354339414
GIN_Optimised,0,2,128,256,0.0001,0.1,0.59742951907131
GIN_Optimised,0,2,128,256,0.0001,0.2,0.5985351022664455
GIN_Optimised,0,2,128,256,0.0001,0.3,0.5974295190713101
GIN_Optimised,0,2,128,256,0.0001,0.4,0.5905196241017137
GIN_Optimised,0,2,128,256,0.0001,0.5,0.597844112769486
GIN_Optimised,0,2,128,256,1e-05,0.1,0.5919016030956329
GIN_Optimised,0,2,128,256,1e-05,0.2,0.5884466556108348
GIN_Optimised,0,2,128,256,1e-05,0.3,0.5848535102266446
GIN_Optimised,0,2,128,256,1e-05,0.4,0.5851299060254285
GIN_Optimised,0,2,128,256,1e-05,0.5,0.5860972913211719
GIN_Optimised,0,3,32,64,0.001,0.1,0.6509121061359868
GIN_Optimised,0,3,32,64,0.001,0.2,0.5868573797678276
GIN_Optimised,0,3,32,64,0.001,0.3,0.6603095632946379
GIN_Optimised,0,3,32,64,0.001,0.4,0.6589275843007186
GIN_Optimised,0,3,32,64,0.001,0.5,0.5581813156440022
GIN_Optimised,0,3,32,64,0.0001,0.1,0.6594803758982863
GIN_Optimised,0,3,32,64,0.0001,0.2,0.6622443338861248
GIN_Optimised,0,3,32,64,0.0001,0.3,0.6426202321724709
GIN_Optimised,0,3,32,64,0.0001,0.4,0.6571310116086235
GIN_Optimised,0,3,32,64,0.0001,0.5,0.6654228855721392
GIN_Optimised,0,3,32,64,1e-05,0.1,0.6619679380873411
GIN_Optimised,0,3,32,64,1e-05,0.2,0.6623825317855169
GIN_Optimised,0,3,32,64,1e-05,0.3,0.6616915422885572
GIN_Optimised,0,3,32,64,1e-05,0.4,0.6627971254836927
GIN_Optimised,0,3,32,64,1e-05,0.5,0.6626589275843007
GIN_Optimised,0,3,32,128,0.001,0.1,0.5988114980652294
GIN_Optimised,0,3,32,128,0.001,0.2,0.5561083471531233
GIN_Optimised,0,3,32,128,0.001,0.3,0.5606688778330569
GIN_Optimised,0,3,32,128,0.001,0.4,0.564400221116639
GIN_Optimised,0,3,32,128,0.001,0.5,0.5433250414593699
GIN_Optimised,0,3,32,128,0.0001,0.1,0.668048645660586
GIN_Optimised,0,3,32,128,0.0001,0.2,0.664179104477612
GIN_Optimised,0,3,32,128,0.0001,0.3,0.6511885019347705
GIN_Optimised,0,3,32,128,0.0001,0.4,0.6579601990049752
GIN_Optimised,0,3,32,128,0.0001,0.5,0.6529850746268657
GIN_Optimised,0,3,32,128,1e-05,0.1,0.5616362631288004
GIN_Optimised,0,3,32,128,1e-05,0.2,0.5543117744610282
GIN_Optimised,0,3,32,128,1e-05,0.3,0.554864566058596
GIN_Optimised,0,3,32,128,1e-05,0.4,0.5530679933665008
GIN_Optimised,0,3,32,128,1e-05,0.5,0.5436705362078497
GIN_Optimised,0,3,32,256,0.001,0.1,0.5572139303482587
GIN_Optimised,0,3,32,256,0.001,0.2,0.5568684355997788
GIN_Optimised,0,3,32,256,0.001,0.3,0.5534825870646767
GIN_Optimised,0,3,32,256,0.001,0.4,0.5555555555555556
GIN_Optimised,0,3,32,256,0.001,0.5,0.5697208402432283
GIN_Optimised,0,3,32,256,0.0001,0.1,0.6108347153123272
GIN_Optimised,0,3,32,256,0.0001,0.2,0.6766169154228856
GIN_Optimised,0,3,32,256,0.0001,0.3,0.6399944720840243
GIN_Optimised,0,3,32,256,0.0001,0.4,0.6655610834715312
GIN_Optimised,0,3,32,256,0.0001,0.5,0.6478717523493643
GIN_Optimised,0,3,32,256,1e-05,0.1,0.658236594803759
GIN_Optimised,0,3,32,256,1e-05,0.2,0.662106135986733
GIN_Optimised,0,3,32,256,1e-05,0.3,0.6648700939745714
GIN_Optimised,0,3,32,256,1e-05,0.4,0.664179104477612
GIN_Optimised,0,3,32,256,1e-05,0.5,0.6650082918739636
GIN_Optimised,0,3,64,64,0.001,0.1,0.6746821448313985
GIN_Optimised,0,3,64,64,0.001,0.2,0.6669430624654505
GIN_Optimised,0,3,64,64,0.001,0.3,0.6793808734107242
GIN_Optimised,0,3,64,64,0.001,0.4,0.6721945826423438
GIN_Optimised,0,3,64,64,0.001,0.5,0.6647318960751796
GIN_Optimised,0,3,64,64,0.0001,0.1,0.6495301271420674
GIN_Optimised,0,3,64,64,0.0001,0.2,0.6554726368159205
GIN_Optimised,0,3,64,64,0.0001,0.3,0.6542288557213929
GIN_Optimised,0,3,64,64,0.0001,0.4,0.6564400221116639
GIN_Optimised,0,3,64,64,0.0001,0.5,0.6509121061359867
GIN_Optimised,0,3,64,64,1e-05,0.1,0.6415146489773356
GIN_Optimised,0,3,64,64,1e-05,0.2,0.6412382531785518
GIN_Optimised,0,3,64,64,1e-05,0.3,0.6406854615809839
GIN_Optimised,0,3,64,64,1e-05,0.4,0.640685461580984
GIN_Optimised,0,3,64,64,1e-05,0.5,0.6406854615809839
GIN_Optimised,0,3,64,128,0.001,0.1,0.6475953565505804
GIN_Optimised,0,3,64,128,0.001,0.2,0.6539524599226092
GIN_Optimised,0,3,64,128,0.001,0.3,0.6354339414040906
GIN_Optimised,0,3,64,128,0.001,0.4,0.6511885019347705
GIN_Optimised,0,3,64,128,0.001,0.5,0.662106135986733
GIN_Optimised,0,3,64,128,0.0001,0.1,0.6590657822001105
GIN_Optimised,0,3,64,128,0.0001,0.2,0.6459369817578773
GIN_Optimised,0,3,64,128,0.0001,0.3,0.6423438363736871
GIN_Optimised,0,3,64,128,0.0001,0.4,0.6478717523493642
GIN_Optimised,0,3,64,128,0.0001,0.5,0.6343283582089552
GIN_Optimised,0,3,64,128,1e-05,0.1,0.45674405749032615
GIN_Optimised,0,3,64,128,1e-05,0.2,0.4409894969596463
GIN_Optimised,0,3,64,128,1e-05,0.3,0.4158374792703151
GIN_Optimised,0,3,64,128,1e-05,0.4,0.3957987838584853
GIN_Optimised,0,3,64,128,1e-05,0.5,0.37893864013267
GIN_Optimised,0,3,64,256,0.001,0.1,0.5641929242675512
GIN_Optimised,0,3,64,256,0.001,0.2,0.5570066334991708
GIN_Optimised,0,3,64,256,0.001,0.3,0.55444997236042
GIN_Optimised,0,3,64,256,0.001,0.4,0.5576976229961306
GIN_Optimised,0,3,64,256,0.001,0.5,0.5588032061912659
GIN_Optimised,0,3,64,256,0.0001,0.1,0.658236594803759
GIN_Optimised,0,3,64,256,0.0001,0.2,0.6478717523493642
GIN_Optimised,0,3,64,256,0.0001,0.3,0.6694306246545052
GIN_Optimised,0,3,64,256,0.0001,0.4,0.6484245439469319
GIN_Optimised,0,3,64,256,0.0001,0.5,0.6690160309563296
GIN_Optimised,0,3,64,256,1e-05,0.1,0.6589275843007186
GIN_Optimised,0,3,64,256,1e-05,0.2,0.6594803758982862
GIN_Optimised,0,3,64,256,1e-05,0.3,0.660171365395246
GIN_Optimised,0,3,64,256,1e-05,0.4,0.6650082918739635
GIN_Optimised,0,3,64,256,1e-05,0.5,0.6668048645660586
GIN_Optimised,0,3,128,64,0.001,0.1,0.6720563847429518
GIN_Optimised,0,3,128,64,0.001,0.2,0.6721945826423438
GIN_Optimised,0,3,128,64,0.001,0.3,0.669983416252073
GIN_Optimised,0,3,128,64,0.001,0.4,0.669707020453289
GIN_Optimised,0,3,128,64,0.001,0.5,0.6651464897733554
GIN_Optimised,0,3,128,64,0.0001,0.1,0.6159480375898286
GIN_Optimised,0,3,128,64,0.0001,0.2,0.6220287451630736
GIN_Optimised,0,3,128,64,0.0001,0.3,0.6265892758430072
GIN_Optimised,0,3,128,64,0.0001,0.4,0.6355721393034826
GIN_Optimised,0,3,128,64,0.0001,0.5,0.6485627418463237
GIN_Optimised,0,3,128,64,1e-05,0.1,0.5467108899944721
GIN_Optimised,0,3,128,64,1e-05,0.2,0.5468490878938641
GIN_Optimised,0,3,128,64,1e-05,0.3,0.5465726920950802
GIN_Optimised,0,3,128,64,1e-05,0.4,0.5465726920950802
GIN_Optimised,0,3,128,64,1e-05,0.5,0.5465726920950802
GIN_Optimised,0,3,128,128,0.001,0.1,0.6115257048092868
GIN_Optimised,0,3,128,128,0.001,0.2,0.6637645107794361
GIN_Optimised,0,3,128,128,0.001,0.3,0.6398562741846323
GIN_Optimised,0,3,128,128,0.001,0.4,0.6482863460475401
GIN_Optimised,0,3,128,128,0.001,0.5,0.6554726368159204
GIN_Optimised,0,3,128,128,0.0001,0.1,0.6492537313432836
GIN_Optimised,0,3,128,128,0.0001,0.2,0.6399944720840243
GIN_Optimised,0,3,128,128,0.0001,0.3,0.6260364842454393
GIN_Optimised,0,3,128,128,0.0001,0.4,0.6322553897180763
GIN_Optimised,0,3,128,128,0.0001,0.5,0.6207849640685462
GIN_Optimised,0,3,128,128,1e-05,0.1,0.347705914870094
GIN_Optimised,0,3,128,128,1e-05,0.2,0.3445273631840796
GIN_Optimised,0,3,128,128,1e-05,0.3,0.3439745715865119
GIN_Optimised,0,3,128,128,1e-05,0.4,0.3442509673852957
GIN_Optimised,0,3,128,128,1e-05,0.5,0.3474295190713101
GIN_Optimised,0,3,128,256,0.001,0.1,0.6557490326147043
GIN_Optimised,0,3,128,256,0.001,0.2,0.6560254284134881
GIN_Optimised,0,3,128,256,0.001,0.3,0.603372028745163
GIN_Optimised,0,3,128,256,0.001,0.4,0.6510503040353788
GIN_Optimised,0,3,128,256,0.001,0.5,0.6499447208402432
GIN_Optimised,0,3,128,256,0.0001,0.1,0.6569928137092316
GIN_Optimised,0,3,128,256,0.0001,0.2,0.6563018242122719
GIN_Optimised,0,3,128,256,0.0001,0.3,0.6634881149806523
GIN_Optimised,0,3,128,256,0.0001,0.4,0.6600331674958541
GIN_Optimised,0,3,128,256,0.0001,0.5,0.6676340519624101
GIN_Optimised,0,3,128,256,1e-05,0.1,0.654367053620785
GIN_Optimised,0,3,128,256,1e-05,0.2,0.6572692095080154
GIN_Optimised,0,3,128,256,1e-05,0.3,0.6576838032061912
GIN_Optimised,0,3,128,256,1e-05,0.4,0.6587893864013266
GIN_Optimised,0,3,128,256,1e-05,0.5,0.6585129906025429
GIN_Optimised,0,4,32,64,0.001,0.1,0.5321310116086235
GIN_Optimised,0,4,32,64,0.001,0.2,0.6585129906025429
GIN_Optimised,0,4,32,64,0.001,0.3,0.6225815367606413
GIN_Optimised,0,4,32,64,0.001,0.4,0.5874792703150913
GIN_Optimised,0,4,32,64,0.001,0.5,0.609452736318408
GIN_Optimised,0,4,32,64,0.0001,0.1,0.6437258153676064
GIN_Optimised,0,4,32,64,0.0001,0.2,0.6084853510226643
GIN_Optimised,0,4,32,64,0.0001,0.3,0.6590657822001106
GIN_Optimised,0,4,32,64,0.0001,0.4,0.6551962410171365
GIN_Optimised,0,4,32,64,0.0001,0.5,0.6491155334438916
GIN_Optimised,0,4,32,64,1e-05,0.1,0.6705362078496407
GIN_Optimised,0,4,32,64,1e-05,0.2,0.6713653952459923
GIN_Optimised,0,4,32,64,1e-05,0.3,0.6734383637368712
GIN_Optimised,0,4,32,64,1e-05,0.4,0.6742675511332228
GIN_Optimised,0,4,32,64,1e-05,0.5,0.6745439469320066
GIN_Optimised,0,4,32,128,0.001,0.1,0.5391100055279159
GIN_Optimised,0,4,32,128,0.001,0.2,0.5418739635157545
GIN_Optimised,0,4,32,128,0.001,0.3,0.5306799336650082
GIN_Optimised,0,4,32,128,0.001,0.4,0.5373825317855168
GIN_Optimised,0,4,32,128,0.001,0.5,0.5326838032061914
GIN_Optimised,0,4,32,128,0.0001,0.1,0.6779988944168049
GIN_Optimised,0,4,32,128,0.0001,0.2,0.6752349364289664
GIN_Optimised,0,4,32,128,0.0001,0.3,0.6739911553344389
GIN_Optimised,0,4,32,128,0.0001,0.4,0.6726091763405196
GIN_Optimised,0,4,32,128,0.0001,0.5,0.6810392482034274
GIN_Optimised,0,4,32,128,1e-05,0.1,0.5627418463239358
GIN_Optimised,0,4,32,128,1e-05,0.2,0.5693753454947484
GIN_Optimised,0,4,32,128,1e-05,0.3,0.5779436152570481
GIN_Optimised,0,4,32,128,1e-05,0.4,0.5773908236594802
GIN_Optimised,0,4,32,128,1e-05,0.5,0.5776672194582642
GIN_Optimised,0,4,32,256,0.001,0.1,0.5339275843007185
GIN_Optimised,0,4,32,256,0.001,0.2,0.5372443338861249
GIN_Optimised,0,4,32,256,0.001,0.3,0.6350193477059147
GIN_Optimised,0,4,32,256,0.001,0.4,0.533236594803759
GIN_Optimised,0,4,32,256,0.001,0.5,0.5339275843007185
GIN_Optimised,0,4,32,256,0.0001,0.1,0.6587893864013267
GIN_Optimised,0,4,32,256,0.0001,0.2,0.5907960199004976
GIN_Optimised,0,4,32,256,0.0001,0.3,0.6681868435599779
GIN_Optimised,0,4,32,256,0.0001,0.4,0.6511885019347705
GIN_Optimised,0,4,32,256,0.0001,0.5,0.6645936981757877
GIN_Optimised,0,4,32,256,1e-05,0.1,0.6773079049198453
GIN_Optimised,0,4,32,256,1e-05,0.2,0.6786898839137645
GIN_Optimised,0,4,32,256,1e-05,0.3,0.6839414040906578
GIN_Optimised,0,4,32,256,1e-05,0.4,0.6829740187949143
GIN_Optimised,0,4,32,256,1e-05,0.5,0.6867053620784964
GIN_Optimised,0,4,64,64,0.001,0.1,0.6748203427307905
GIN_Optimised,0,4,64,64,0.001,0.2,0.675787728026534
GIN_Optimised,0,4,64,64,0.001,0.3,0.663764510779436
GIN_Optimised,0,4,64,64,0.001,0.4,0.6770315091210612
GIN_Optimised,0,4,64,64,0.001,0.5,0.6474571586511885
GIN_Optimised,0,4,64,64,0.0001,0.1,0.6361249309010503
GIN_Optimised,0,4,64,64,0.0001,0.2,0.6354339414040906
GIN_Optimised,0,4,64,64,0.0001,0.3,0.6319789939192924
GIN_Optimised,0,4,64,64,0.0001,0.4,0.6312880044223328
GIN_Optimised,0,4,64,64,0.0001,0.5,0.6283858485351023
GIN_Optimised,0,4,64,64,1e-05,0.1,0.6383360972913212
GIN_Optimised,0,4,64,64,1e-05,0.2,0.6381978993919293
GIN_Optimised,0,4,64,64,1e-05,0.3,0.6373687119955775
GIN_Optimised,0,4,64,64,1e-05,0.4,0.6375069098949695
GIN_Optimised,0,4,64,64,1e-05,0.5,0.6369541182974019
GIN_Optimised,0,4,64,128,0.001,0.1,0.6650082918739635
GIN_Optimised,0,4,64,128,0.001,0.2,0.672056384742952
GIN_Optimised,0,4,64,128,0.001,0.3,0.621199557766722
GIN_Optimised,0,4,64,128,0.001,0.4,0.6612769485903814
GIN_Optimised,0,4,64,128,0.001,0.5,0.6828358208955224
GIN_Optimised,0,4,64,128,0.0001,0.1,0.6652846876727473
GIN_Optimised,0,4,64,128,0.0001,0.2,0.6582365948037591
GIN_Optimised,0,4,64,128,0.0001,0.3,0.693200663349917
GIN_Optimised,0,4,64,128,0.0001,0.4,0.6784134881149807
GIN_Optimised,0,4,64,128,0.0001,0.5,0.6764787175234936
GIN_Optimised,0,4,64,128,1e-05,0.1,0.46489773355444997
GIN_Optimised,0,4,64,128,1e-05,0.2,0.44914317302377
GIN_Optimised,0,4,64,128,1e-05,0.3,0.43905472636815923
GIN_Optimised,0,4,64,128,1e-05,0.4,0.4172194582642344
GIN_Optimised,0,4,64,128,1e-05,0.5,0.39414040906578224
GIN_Optimised,0,4,64,256,0.001,0.1,0.620784964068546
GIN_Optimised,0,4,64,256,0.001,0.2,0.5510641238253179
GIN_Optimised,0,4,64,256,0.001,0.3,0.5366915422885572
GIN_Optimised,0,4,64,256,0.001,0.4,0.6677722498618021
GIN_Optimised,0,4,64,256,0.001,0.5,0.5368297401879492
GIN_Optimised,0,4,64,256,0.0001,0.1,0.6778606965174129
GIN_Optimised,0,4,64,256,0.0001,0.2,0.6549198452183527
GIN_Optimised,0,4,64,256,0.0001,0.3,0.6575456053067993
GIN_Optimised,0,4,64,256,0.0001,0.4,0.6716417910447761
GIN_Optimised,0,4,64,256,0.0001,0.5,0.6616915422885572
GIN_Optimised,0,4,64,256,1e-05,0.1,0.679519071310116
GIN_Optimised,0,4,64,256,1e-05,0.2,0.6839414040906578
GIN_Optimised,0,4,64,256,1e-05,0.3,0.6885019347705914
GIN_Optimised,0,4,64,256,1e-05,0.4,0.6886401326699835
GIN_Optimised,0,4,64,256,1e-05,0.5,0.6911276948590381
GIN_Optimised,0,4,128,64,0.001,0.1,0.6844941956882254
GIN_Optimised,0,4,128,64,0.001,0.2,0.6633499170812603
GIN_Optimised,0,4,128,64,0.001,0.3,0.6551962410171366
GIN_Optimised,0,4,128,64,0.001,0.4,0.6492537313432837
GIN_Optimised,0,4,128,64,0.001,0.5,0.6720563847429519
GIN_Optimised,0,4,128,64,0.0001,0.1,0.5876174682144832
GIN_Optimised,0,4,128,64,0.0001,0.2,0.5931453841901603
GIN_Optimised,0,4,128,64,0.0001,0.3,0.6011608623548922
GIN_Optimised,0,4,128,64,0.0001,0.4,0.6156716417910448
GIN_Optimised,0,4,128,64,0.0001,0.5,0.6311498065229408
GIN_Optimised,0,4,128,64,1e-05,0.1,0.5248756218905473
GIN_Optimised,0,4,128,64,1e-05,0.2,0.5248756218905473
GIN_Optimised,0,4,128,64,1e-05,0.3,0.5247374239911553
GIN_Optimised,0,4,128,64,1e-05,0.4,0.5248756218905473
GIN_Optimised,0,4,128,64,1e-05,0.5,0.5247374239911553
GIN_Optimised,0,4,128,128,0.001,0.1,0.675649530127142
GIN_Optimised,0,4,128,128,0.001,0.2,0.6598949695964621
GIN_Optimised,0,4,128,128,0.001,0.3,0.5627418463239359
GIN_Optimised,0,4,128,128,0.001,0.4,0.6857379767827528
GIN_Optimised,0,4,128,128,0.001,0.5,0.6785516860143725
GIN_Optimised,0,4,128,128,0.0001,0.1,0.6643173023770039
GIN_Optimised,0,4,128,128,0.0001,0.2,0.6531232725262576
GIN_Optimised,0,4,128,128,0.0001,0.3,0.6669430624654504
GIN_Optimised,0,4,128,128,0.0001,0.4,0.6625207296849088
GIN_Optimised,0,4,128,128,0.0001,0.5,0.6575456053067994
GIN_Optimised,0,4,128,128,1e-05,0.1,0.3544776119402985
GIN_Optimised,0,4,128,128,1e-05,0.2,0.35088446655610833
GIN_Optimised,0,4,128,128,1e-05,0.3,0.34991708126036486
GIN_Optimised,0,4,128,128,1e-05,0.4,0.3542012161415146
GIN_Optimised,0,4,128,128,1e-05,0.5,0.35157545605306806
GIN_Optimised,0,4,128,256,0.001,0.1,0.589828634604754
GIN_Optimised,0,4,128,256,0.001,0.2,0.5656440022111664
GIN_Optimised,0,4,128,256,0.001,0.3,0.6569928137092316
GIN_Optimised,0,4,128,256,0.001,0.4,0.6759259259259259
GIN_Optimised,0,4,128,256,0.001,0.5,0.6140132669983416
GIN_Optimised,0,4,128,256,0.0001,0.1,0.656301824212272
GIN_Optimised,0,4,128,256,0.0001,0.2,0.6702598120508568
GIN_Optimised,0,4,128,256,0.0001,0.3,0.6764787175234936
GIN_Optimised,0,4,128,256,0.0001,0.4,0.6734383637368712
GIN_Optimised,0,4,128,256,0.0001,0.5,0.6641791044776119
GIN_Optimised,0,4,128,256,1e-05,0.1,0.6676340519624102
GIN_Optimised,0,4,128,256,1e-05,0.2,0.6813156440022111
GIN_Optimised,0,4,128,256,1e-05,0.3,0.6846323935876174
GIN_Optimised,0,4,128,256,1e-05,0.4,0.6865671641791047
GIN_Optimised,0,4,128,256,1e-05,0.5,0.6896075179657268
GIN_Optimised,1,0,32,64,0.001,0.1,0.6249652488184599
GIN_Optimised,1,0,32,64,0.001,0.2,0.6341395607450654
GIN_Optimised,1,0,32,64,0.001,0.3,0.5731164859605227
GIN_Optimised,1,0,32,64,0.001,0.4,0.6173199888796219
GIN_Optimised,1,0,32,64,0.001,0.5,0.6852932999721991
GIN_Optimised,1,0,32,64,0.0001,0.1,0.6509591326105088
GIN_Optimised,1,0,32,64,0.0001,0.2,0.6524881845982764
GIN_Optimised,1,0,32,64,0.0001,0.3,0.6762579927717544
GIN_Optimised,1,0,32,64,0.0001,0.4,0.7008618293021963
GIN_Optimised,1,0,32,64,0.0001,0.5,0.6850152905198776
GIN_Optimised,1,0,32,64,1e-05,0.1,0.6932165693633583
GIN_Optimised,1,0,32,64,1e-05,0.2,0.6936335835418403
GIN_Optimised,1,0,32,64,1e-05,0.3,0.6923825410063943
GIN_Optimised,1,0,32,64,1e-05,0.4,0.6912705031971088
GIN_Optimised,1,0,32,64,1e-05,0.5,0.6904364748401447
GIN_Optimised,1,0,32,128,0.001,0.1,0.6164164581595775
GIN_Optimised,1,0,32,128,0.001,0.2,0.4906866833472338
GIN_Optimised,1,0,32,128,0.001,0.3,0.5079927717542397
GIN_Optimised,1,0,32,128,0.001,0.4,0.45440644981929385
GIN_Optimised,1,0,32,128,0.001,0.5,0.5821517931609674
GIN_Optimised,1,0,32,128,0.0001,0.1,0.653600222407562
GIN_Optimised,1,0,32,128,0.0001,0.2,0.6636085626911314
GIN_Optimised,1,0,32,128,0.0001,0.3,0.6467889908256881
GIN_Optimised,1,0,32,128,0.0001,0.4,0.6253822629969419
GIN_Optimised,1,0,32,128,0.0001,0.5,0.6371976647206005
GIN_Optimised,1,0,32,128,1e-05,0.1,0.560884070058382
GIN_Optimised,1,0,32,128,1e-05,0.2,0.5629691409507924
GIN_Optimised,1,0,32,128,1e-05,0.3,0.5693633583541841
GIN_Optimised,1,0,32,128,1e-05,0.4,0.5607450653322213
GIN_Optimised,1,0,32,128,1e-05,0.5,0.5440644981929386
GIN_Optimised,1,0,32,256,0.001,0.1,0.48304142340839584
GIN_Optimised,1,0,32,256,0.001,0.2,0.48046983597442317
GIN_Optimised,1,0,32,256,0.001,0.3,0.48505699193772595
GIN_Optimised,1,0,32,256,0.001,0.4,0.4804698359744232
GIN_Optimised,1,0,32,256,0.001,0.5,0.47636919655268284
GIN_Optimised,1,0,32,256,0.0001,0.1,0.5738115095913261
GIN_Optimised,1,0,32,256,0.0001,0.2,0.6028634973589102
GIN_Optimised,1,0,32,256,0.0001,0.3,0.632471504031137
GIN_Optimised,1,0,32,256,0.0001,0.4,0.6472060050041702
GIN_Optimised,1,0,32,256,0.0001,0.5,0.5979983319432861
GIN_Optimised,1,0,32,256,1e-05,0.1,0.6786210731164859
GIN_Optimised,1,0,32,256,1e-05,0.2,0.6851542952460383
GIN_Optimised,1,0,32,256,1e-05,0.3,0.6840422574367528
GIN_Optimised,1,0,32,256,1e-05,0.4,0.6834862385321101
GIN_Optimised,1,0,32,256,1e-05,0.5,0.6840422574367528
GIN_Optimised,1,0,64,64,0.001,0.1,0.6577703641923828
GIN_Optimised,1,0,64,64,0.001,0.2,0.6263552960800667
GIN_Optimised,1,0,64,64,0.001,0.3,0.6316374756741729
GIN_Optimised,1,0,64,64,0.001,0.4,0.6274673338893522
GIN_Optimised,1,0,64,64,0.001,0.5,0.615512927439533
GIN_Optimised,1,0,64,64,0.0001,0.1,0.6765360022240757
GIN_Optimised,1,0,64,64,0.0001,0.2,0.6750069502363081
GIN_Optimised,1,0,64,64,0.0001,0.3,0.6795941061996108
GIN_Optimised,1,0,64,64,0.0001,0.4,0.6793160967472894
GIN_Optimised,1,0,64,64,0.0001,0.5,0.6794551014734501
GIN_Optimised,1,0,64,64,1e-05,0.1,0.7185154295246039
GIN_Optimised,1,0,64,64,1e-05,0.2,0.7180984153461218
GIN_Optimised,1,0,64,64,1e-05,0.3,0.7182374200722826
GIN_Optimised,1,0,64,64,1e-05,0.4,0.7180984153461218
GIN_Optimised,1,0,64,64,1e-05,0.5,0.718098415346122
GIN_Optimised,1,0,64,128,0.001,0.1,0.6067556296914096
GIN_Optimised,1,0,64,128,0.001,0.2,0.6273283291631916
GIN_Optimised,1,0,64,128,0.001,0.3,0.6337225465665833
GIN_Optimised,1,0,64,128,0.001,0.4,0.5973033083124826
GIN_Optimised,1,0,64,128,0.001,0.5,0.5414234083958854
GIN_Optimised,1,0,64,128,0.0001,0.1,0.6581873783708646
GIN_Optimised,1,0,64,128,0.0001,0.2,0.6453989435640812
GIN_Optimised,1,0,64,128,0.0001,0.3,0.6452599388379207
GIN_Optimised,1,0,64,128,0.0001,0.4,0.6577703641923826
GIN_Optimised,1,0,64,128,0.0001,0.5,0.5606060606060606
GIN_Optimised,1,0,64,128,1e-05,0.1,0.4056157909368918
GIN_Optimised,1,0,64,128,1e-05,0.2,0.380038921323325
GIN_Optimised,1,0,64,128,1e-05,0.3,0.36669446761189883
GIN_Optimised,1,0,64,128,1e-05,0.4,0.3484848484848485
GIN_Optimised,1,0,64,128,1e-05,0.5,0.3340283569641368
GIN_Optimised,1,0,64,256,0.001,0.1,0.4804003336113428
GIN_Optimised,1,0,64,256,0.001,0.2,0.4855435084792883
GIN_Optimised,1,0,64,256,0.001,0.3,0.46260772866277455
GIN_Optimised,1,0,64,256,0.001,0.4,0.48248540450375316
GIN_Optimised,1,0,64,256,0.001,0.5,0.5544898526549903
GIN_Optimised,1,0,64,256,0.0001,0.1,0.6730608840700585
GIN_Optimised,1,0,64,256,0.0001,0.2,0.6788990825688074
GIN_Optimised,1,0,64,256,0.0001,0.3,0.6876563803169309
GIN_Optimised,1,0,64,256,0.0001,0.4,0.6857103141506812
GIN_Optimised,1,0,64,256,0.0001,0.5,0.688907422852377
GIN_Optimised,1,0,64,256,1e-05,0.1,0.6836252432582708
GIN_Optimised,1,0,64,256,1e-05,0.2,0.6877953850430916
GIN_Optimised,1,0,64,256,1e-05,0.3,0.6811231581873785
GIN_Optimised,1,0,64,256,1e-05,0.4,0.6758409785932722
GIN_Optimised,1,0,64,256,1e-05,0.5,0.674589936057826
GIN_Optimised,1,0,128,64,0.001,0.1,0.6762579927717542
GIN_Optimised,1,0,128,64,0.001,0.2,0.6794551014734501
GIN_Optimised,1,0,128,64,0.001,0.3,0.6814011676396998
GIN_Optimised,1,0,128,64,0.001,0.4,0.6939115929941617
GIN_Optimised,1,0,128,64,0.001,0.5,0.6822351959966639
GIN_Optimised,1,0,128,64,0.0001,0.1,0.6754239644147901
GIN_Optimised,1,0,128,64,0.0001,0.2,0.6677787044759522
GIN_Optimised,1,0,128,64,0.0001,0.3,0.6619405059772032
GIN_Optimised,1,0,128,64,0.0001,0.4,0.6711148179038088
GIN_Optimised,1,0,128,64,0.0001,0.5,0.6843202668890742
GIN_Optimised,1,0,128,64,1e-05,0.1,0.6396997497914929
GIN_Optimised,1,0,128,64,1e-05,0.2,0.6396997497914929
GIN_Optimised,1,0,128,64,1e-05,0.3,0.6396997497914929
GIN_Optimised,1,0,128,64,1e-05,0.4,0.6395607450653322
GIN_Optimised,1,0,128,64,1e-05,0.5,0.6396997497914929
GIN_Optimised,1,0,128,128,0.001,0.1,0.6409507923269392
GIN_Optimised,1,0,128,128,0.001,0.2,0.6106477620239088
GIN_Optimised,1,0,128,128,0.001,0.3,0.5979983319432861
GIN_Optimised,1,0,128,128,0.001,0.4,0.6242702251876564
GIN_Optimised,1,0,128,128,0.001,0.5,0.612315818737837
GIN_Optimised,1,0,128,128,0.0001,0.1,0.6423408395885462
GIN_Optimised,1,0,128,128,0.0001,0.2,0.6431748679455103
GIN_Optimised,1,0,128,128,0.0001,0.3,0.6189880455935501
GIN_Optimised,1,0,128,128,0.0001,0.4,0.6210731164859605
GIN_Optimised,1,0,128,128,0.0001,0.5,0.6063386155129274
GIN_Optimised,1,0,128,128,1e-05,0.1,0.31818181818181823
GIN_Optimised,1,0,128,128,1e-05,0.2,0.31512371420628305
GIN_Optimised,1,0,128,128,1e-05,0.3,0.31248262440922997
GIN_Optimised,1,0,128,128,1e-05,0.4,0.3060884070058382
GIN_Optimised,1,0,128,128,1e-05,0.5,0.3059494022796775
GIN_Optimised,1,0,128,256,0.001,0.1,0.6226021684737282
GIN_Optimised,1,0,128,256,0.001,0.2,0.594940227967751
GIN_Optimised,1,0,128,256,0.001,0.3,0.5672782874617737
GIN_Optimised,1,0,128,256,0.001,0.4,0.5393383375034752
GIN_Optimised,1,0,128,256,0.001,0.5,0.6196830692243537
GIN_Optimised,1,0,128,256,0.0001,0.1,0.6694467611898804
GIN_Optimised,1,0,128,256,0.0001,0.2,0.696552682791215
GIN_Optimised,1,0,128,256,0.0001,0.3,0.6919655268279122
GIN_Optimised,1,0,128,256,0.0001,0.4,0.6613844870725606
GIN_Optimised,1,0,128,256,0.0001,0.5,0.642340839588546
GIN_Optimised,1,0,128,256,1e-05,0.1,0.6827912149013067
GIN_Optimised,1,0,128,256,1e-05,0.2,0.6784820683903253
GIN_Optimised,1,0,128,256,1e-05,0.3,0.6733388935223799
GIN_Optimised,1,0,128,256,1e-05,0.4,0.6704197942730054
GIN_Optimised,1,0,128,256,1e-05,0.5,0.6673616902974702
GIN_Optimised,1,1,32,64,0.001,0.1,0.5706144008896303
GIN_Optimised,1,1,32,64,0.001,0.2,0.5811787600778426
GIN_Optimised,1,1,32,64,0.001,0.3,0.5657492354740061
GIN_Optimised,1,1,32,64,0.001,0.4,0.504448151237142
GIN_Optimised,1,1,32,64,0.001,0.5,0.5283569641367807
GIN_Optimised,1,1,32,64,0.0001,0.1,0.5556018904642759
GIN_Optimised,1,1,32,64,0.0001,0.2,0.558659994439811
GIN_Optimised,1,1,32,64,0.0001,0.3,0.5660272449263276
GIN_Optimised,1,1,32,64,0.0001,0.4,0.570753405615791
GIN_Optimised,1,1,32,64,0.0001,0.5,0.5739505143174868
GIN_Optimised,1,1,32,64,1e-05,0.1,0.5683903252710593
GIN_Optimised,1,1,32,64,1e-05,0.2,0.5700583819849876
GIN_Optimised,1,1,32,64,1e-05,0.3,0.5701973867111482
GIN_Optimised,1,1,32,64,1e-05,0.4,0.570753405615791
GIN_Optimised,1,1,32,64,1e-05,0.5,0.56852932999722
GIN_Optimised,1,1,32,128,0.001,0.1,0.5549763691965528
GIN_Optimised,1,1,32,128,0.001,0.2,0.542535446205171
GIN_Optimised,1,1,32,128,0.001,0.3,0.5571309424520434
GIN_Optimised,1,1,32,128,0.001,0.4,0.5420489296636086
GIN_Optimised,1,1,32,128,0.001,0.5,0.5049346677787045
GIN_Optimised,1,1,32,128,0.0001,0.1,0.5695023630803447
GIN_Optimised,1,1,32,128,0.0001,0.2,0.5556018904642759
GIN_Optimised,1,1,32,128,0.0001,0.3,0.544759521823742
GIN_Optimised,1,1,32,128,0.0001,0.4,0.5658882402001668
GIN_Optimised,1,1,32,128,0.0001,0.5,0.5651932165693634
GIN_Optimised,1,1,32,128,1e-05,0.1,0.5132054489852655
GIN_Optimised,1,1,32,128,1e-05,0.2,0.5130664442591049
GIN_Optimised,1,1,32,128,1e-05,0.3,0.513900472616069
GIN_Optimised,1,1,32,128,1e-05,0.4,0.5166805671392827
GIN_Optimised,1,1,32,128,1e-05,0.5,0.5136224631637476
GIN_Optimised,1,1,32,256,0.001,0.1,0.5325271059216014
GIN_Optimised,1,1,32,256,0.001,0.2,0.5402418682235196
GIN_Optimised,1,1,32,256,0.001,0.3,0.5499026966916876
GIN_Optimised,1,1,32,256,0.001,0.4,0.5492771754239645
GIN_Optimised,1,1,32,256,0.001,0.5,0.5355157075340562
GIN_Optimised,1,1,32,256,0.0001,0.1,0.5728384765082013
GIN_Optimised,1,1,32,256,0.0001,0.2,0.5721434528773979
GIN_Optimised,1,1,32,256,0.0001,0.3,0.5721434528773979
GIN_Optimised,1,1,32,256,0.0001,0.4,0.5701973867111482
GIN_Optimised,1,1,32,256,0.0001,0.5,0.5864609396719489
GIN_Optimised,1,1,32,256,1e-05,0.1,0.5764525993883792
GIN_Optimised,1,1,32,256,1e-05,0.2,0.5760355852098972
GIN_Optimised,1,1,32,256,1e-05,0.3,0.577008618293022
GIN_Optimised,1,1,32,256,1e-05,0.4,0.5814567695301641
GIN_Optimised,1,1,32,256,1e-05,0.5,0.5815957742563248
GIN_Optimised,1,1,64,64,0.001,0.1,0.5818737837086461
GIN_Optimised,1,1,64,64,0.001,0.2,0.5583819849874896
GIN_Optimised,1,1,64,64,0.001,0.3,0.5667222685571309
GIN_Optimised,1,1,64,64,0.001,0.4,0.5754795663052543
GIN_Optimised,1,1,64,64,0.001,0.5,0.5857659160411455
GIN_Optimised,1,1,64,64,0.0001,0.1,0.5589380038921324
GIN_Optimised,1,1,64,64,0.0001,0.2,0.5592160133444537
GIN_Optimised,1,1,64,64,0.0001,0.3,0.5628301362246317
GIN_Optimised,1,1,64,64,0.0001,0.4,0.5583819849874896
GIN_Optimised,1,1,64,64,0.0001,0.5,0.5676953016402558
GIN_Optimised,1,1,64,64,1e-05,0.1,0.552821795941062
GIN_Optimised,1,1,64,64,1e-05,0.2,0.5529608006672226
GIN_Optimised,1,1,64,64,1e-05,0.3,0.5530998053933834
GIN_Optimised,1,1,64,64,1e-05,0.4,0.5536558242980262
GIN_Optimised,1,1,64,64,1e-05,0.5,0.5537948290241869
GIN_Optimised,1,1,64,128,0.001,0.1,0.5396163469557965
GIN_Optimised,1,1,64,128,0.001,0.2,0.5503197108701696
GIN_Optimised,1,1,64,128,0.001,0.3,0.5430914651098138
GIN_Optimised,1,1,64,128,0.001,0.4,0.568946344175702
GIN_Optimised,1,1,64,128,0.001,0.5,0.5318320822907979
GIN_Optimised,1,1,64,128,0.0001,0.1,0.5460105643591883
GIN_Optimised,1,1,64,128,0.0001,0.2,0.5554628857381152
GIN_Optimised,1,1,64,128,0.0001,0.3,0.5500417014178482
GIN_Optimised,1,1,64,128,0.0001,0.4,0.5415624131220461
GIN_Optimised,1,1,64,128,0.0001,0.5,0.5382262996941896
GIN_Optimised,1,1,64,128,1e-05,0.1,0.49582985821517933
GIN_Optimised,1,1,64,128,1e-05,0.2,0.4913817069780373
GIN_Optimised,1,1,64,128,1e-05,0.3,0.4956908534890186
GIN_Optimised,1,1,64,128,1e-05,0.4,0.4983319432860718
GIN_Optimised,1,1,64,128,1e-05,0.5,0.5063942174033917
GIN_Optimised,1,1,64,256,0.001,0.1,0.5339171531832083
GIN_Optimised,1,1,64,256,0.001,0.2,0.5255073672504865
GIN_Optimised,1,1,64,256,0.001,0.3,0.5525437864887406
GIN_Optimised,1,1,64,256,0.001,0.4,0.5500417014178482
GIN_Optimised,1,1,64,256,0.001,0.5,0.5475396163469558
GIN_Optimised,1,1,64,256,0.0001,0.1,0.5625521267723103
GIN_Optimised,1,1,64,256,0.0001,0.2,0.5715874339727551
GIN_Optimised,1,1,64,256,0.0001,0.3,0.5778426466499861
GIN_Optimised,1,1,64,256,0.0001,0.4,0.5599110369752571
GIN_Optimised,1,1,64,256,0.0001,0.5,0.5950792326939116
GIN_Optimised,1,1,64,256,1e-05,0.1,0.5835418404225744
GIN_Optimised,1,1,64,256,1e-05,0.2,0.5795107033639144
GIN_Optimised,1,1,64,256,1e-05,0.3,0.5785376702807895
GIN_Optimised,1,1,64,256,1e-05,0.4,0.5777036419238255
GIN_Optimised,1,1,64,256,1e-05,0.5,0.5803447317208785
GIN_Optimised,1,1,128,64,0.001,0.1,0.5704753961634695
GIN_Optimised,1,1,128,64,0.001,0.2,0.5661662496524883
GIN_Optimised,1,1,128,64,0.001,0.3,0.5618571031415068
GIN_Optimised,1,1,128,64,0.001,0.4,0.5571309424520434
GIN_Optimised,1,1,128,64,0.001,0.5,0.5610230747845427
GIN_Optimised,1,1,128,64,0.0001,0.1,0.5408673894912427
GIN_Optimised,1,1,128,64,0.0001,0.2,0.5435084792882958
GIN_Optimised,1,1,128,64,0.0001,0.3,0.5480956352515987
GIN_Optimised,1,1,128,64,0.0001,0.4,0.5478176257992773
GIN_Optimised,1,1,128,64,0.0001,0.5,0.5517097581317765
GIN_Optimised,1,1,128,64,1e-05,0.1,0.5152905198776758
GIN_Optimised,1,1,128,64,1e-05,0.2,0.5152905198776758
GIN_Optimised,1,1,128,64,1e-05,0.3,0.5154295246038365
GIN_Optimised,1,1,128,64,1e-05,0.4,0.5152905198776758
GIN_Optimised,1,1,128,64,1e-05,0.5,0.5147345009730331
GIN_Optimised,1,1,128,128,0.001,0.1,0.5465665832638309
GIN_Optimised,1,1,128,128,0.001,0.2,0.5439254934667779
GIN_Optimised,1,1,128,128,0.001,0.3,0.5517097581317765
GIN_Optimised,1,1,128,128,0.001,0.4,0.5479566305254379
GIN_Optimised,1,1,128,128,0.001,0.5,0.5257158743397276
GIN_Optimised,1,1,128,128,0.0001,0.1,0.552821795941062
GIN_Optimised,1,1,128,128,0.0001,0.2,0.5439254934667779
GIN_Optimised,1,1,128,128,0.0001,0.3,0.5405893800389213
GIN_Optimised,1,1,128,128,0.0001,0.4,0.538504309146511
GIN_Optimised,1,1,128,128,0.0001,0.5,0.5446205170975814
GIN_Optimised,1,1,128,128,1e-05,0.1,0.46510981373366694
GIN_Optimised,1,1,128,128,1e-05,0.2,0.4619127050319711
GIN_Optimised,1,1,128,128,1e-05,0.3,0.4463441757019738
GIN_Optimised,1,1,128,128,1e-05,0.4,0.4563525159855435
GIN_Optimised,1,1,128,128,1e-05,0.5,0.4434250764525994
GIN_Optimised,1,1,128,256,0.001,0.1,0.5496246872393662
GIN_Optimised,1,1,128,256,0.001,0.2,0.5640811787600779
GIN_Optimised,1,1,128,256,0.001,0.3,0.5383653044203502
GIN_Optimised,1,1,128,256,0.001,0.4,0.5437864887406172
GIN_Optimised,1,1,128,256,0.001,0.5,0.5346121768140117
GIN_Optimised,1,1,128,256,0.0001,0.1,0.5629691409507924
GIN_Optimised,1,1,128,256,0.0001,0.2,0.5572699471782041
GIN_Optimised,1,1,128,256,0.0001,0.3,0.5663052543786489
GIN_Optimised,1,1,128,256,0.0001,0.4,0.5615790936891855
GIN_Optimised,1,1,128,256,0.0001,0.5,0.5624131220461496
GIN_Optimised,1,1,128,256,1e-05,0.1,0.5836808451487351
GIN_Optimised,1,1,128,256,1e-05,0.2,0.5777036419238254
GIN_Optimised,1,1,128,256,1e-05,0.3,0.5728384765082013
GIN_Optimised,1,1,128,256,1e-05,0.4,0.5718654434250765
GIN_Optimised,1,1,128,256,1e-05,0.5,0.5743675284959688
GIN_Optimised,1,2,32,64,0.001,0.1,0.572277501381979
GIN_Optimised,1,2,32,64,0.001,0.2,0.5327529021558872
GIN_Optimised,1,2,32,64,0.001,0.3,0.5926616915422885
GIN_Optimised,1,2,32,64,0.001,0.4,0.546710889994472
GIN_Optimised,1,2,32,64,0.001,0.5,0.5763543394140409
GIN_Optimised,1,2,32,64,0.0001,0.1,0.5862354892205638
GIN_Optimised,1,2,32,64,0.0001,0.2,0.5782200110558319
GIN_Optimised,1,2,32,64,0.0001,0.3,0.5747650635710336
GIN_Optimised,1,2,32,64,0.0001,0.4,0.5925234936428966
GIN_Optimised,1,2,32,64,0.0001,0.5,0.5772526257600885
GIN_Optimised,1,2,32,64,1e-05,0.1,0.5874792703150912
GIN_Optimised,1,2,32,64,1e-05,0.2,0.5877556661138751
GIN_Optimised,1,2,32,64,1e-05,0.3,0.5888612493090105
GIN_Optimised,1,2,32,64,1e-05,0.4,0.5890685461580983
GIN_Optimised,1,2,32,64,1e-05,0.5,0.5869264787175235
GIN_Optimised,1,2,32,128,0.001,0.1,0.5695826423438364
GIN_Optimised,1,2,32,128,0.001,0.2,0.5753178551686015
GIN_Optimised,1,2,32,128,0.001,0.3,0.5599087893864012
GIN_Optimised,1,2,32,128,0.001,0.4,0.570273631840796
GIN_Optimised,1,2,32,128,0.001,0.5,0.5692371475953566
GIN_Optimised,1,2,32,128,0.0001,0.1,0.5935599778883361
GIN_Optimised,1,2,32,128,0.0001,0.2,0.5930071862907684
GIN_Optimised,1,2,32,128,0.0001,0.3,0.5811221669430624
GIN_Optimised,1,2,32,128,0.0001,0.4,0.5807075732448868
GIN_Optimised,1,2,32,128,0.0001,0.5,0.5757324488667772
GIN_Optimised,1,2,32,128,1e-05,0.1,0.5809839690436706
GIN_Optimised,1,2,32,128,1e-05,0.2,0.5848535102266446
GIN_Optimised,1,2,32,128,1e-05,0.3,0.5864427860696517
GIN_Optimised,1,2,32,128,1e-05,0.4,0.5863736871199557
GIN_Optimised,1,2,32,128,1e-05,0.5,0.5784964068546158
GIN_Optimised,1,2,32,256,0.001,0.1,0.5696517412935324
GIN_Optimised,1,2,32,256,0.001,0.2,0.5758706467661692
GIN_Optimised,1,2,32,256,0.001,0.3,0.5708264234383638
GIN_Optimised,1,2,32,256,0.001,0.4,0.5324074074074074
GIN_Optimised,1,2,32,256,0.001,0.5,0.5740049751243781
GIN_Optimised,1,2,32,256,0.0001,0.1,0.5760088446655611
GIN_Optimised,1,2,32,256,0.0001,0.2,0.5797401879491432
GIN_Optimised,1,2,32,256,0.0001,0.3,0.578220011055832
GIN_Optimised,1,2,32,256,0.0001,0.4,0.5848535102266444
GIN_Optimised,1,2,32,256,0.0001,0.5,0.5634328358208955
GIN_Optimised,1,2,32,256,1e-05,0.1,0.5921779988944169
GIN_Optimised,1,2,32,256,1e-05,0.2,0.5865809839690437
GIN_Optimised,1,2,32,256,1e-05,0.3,0.5877556661138751
GIN_Optimised,1,2,32,256,1e-05,0.4,0.581882255389718
GIN_Optimised,1,2,32,256,1e-05,0.5,0.5833333333333334
GIN_Optimised,1,2,64,64,0.001,0.1,0.582089552238806
GIN_Optimised,1,2,64,64,0.001,0.2,0.5816749585406302
GIN_Optimised,1,2,64,64,0.001,0.3,0.5881702598120508
GIN_Optimised,1,2,64,64,0.001,0.4,0.5789110005527917
GIN_Optimised,1,2,64,64,0.001,0.5,0.5494057490326146
GIN_Optimised,1,2,64,64,0.0001,0.1,0.5897595356550579
GIN_Optimised,1,2,64,64,0.0001,0.2,0.5863736871199557
GIN_Optimised,1,2,64,64,0.0001,0.3,0.5883084577114428
GIN_Optimised,1,2,64,64,0.0001,0.4,0.5883084577114428
GIN_Optimised,1,2,64,64,0.0001,0.5,0.5874792703150913
GIN_Optimised,1,2,64,64,1e-05,0.1,0.6059977888336097
GIN_Optimised,1,2,64,64,1e-05,0.2,0.6059977888336097
GIN_Optimised,1,2,64,64,1e-05,0.3,0.6062050856826975
GIN_Optimised,1,2,64,64,1e-05,0.4,0.605583195135434
GIN_Optimised,1,2,64,64,1e-05,0.5,0.6054449972360421
GIN_Optimised,1,2,64,128,0.001,0.1,0.5912106135986733
GIN_Optimised,1,2,64,128,0.001,0.2,0.5740740740740741
GIN_Optimised,1,2,64,128,0.001,0.3,0.5807075732448868
GIN_Optimised,1,2,64,128,0.001,0.4,0.5693753454947486
GIN_Optimised,1,2,64,128,0.001,0.5,0.5793255942509674
GIN_Optimised,1,2,64,128,0.0001,0.1,0.6021282476506357
GIN_Optimised,1,2,64,128,0.0001,0.2,0.5968076285240465
GIN_Optimised,1,2,64,128,0.0001,0.3,0.5902432283029297
GIN_Optimised,1,2,64,128,0.0001,0.4,0.5967385295743504
GIN_Optimised,1,2,64,128,0.0001,0.5,0.6004698728579325
GIN_Optimised,1,2,64,128,1e-05,0.1,0.525428413488115
GIN_Optimised,1,2,64,128,1e-05,0.2,0.5140961857379768
GIN_Optimised,1,2,64,128,1e-05,0.3,0.4954394693200663
GIN_Optimised,1,2,64,128,1e-05,0.4,0.4684908789386401
GIN_Optimised,1,2,64,128,1e-05,0.5,0.43103924820342726
GIN_Optimised,1,2,64,256,0.001,0.1,0.5368988391376451
GIN_Optimised,1,2,64,256,0.001,0.2,0.5709646213377556
GIN_Optimised,1,2,64,256,0.001,0.3,0.5708264234383637
GIN_Optimised,1,2,64,256,0.001,0.4,0.5724156992813709
GIN_Optimised,1,2,64,256,0.001,0.5,0.5680624654505251
GIN_Optimised,1,2,64,256,0.0001,0.1,0.5823659480375898
GIN_Optimised,1,2,64,256,0.0001,0.2,0.5837479270315091
GIN_Optimised,1,2,64,256,0.0001,0.3,0.5928689883913765
GIN_Optimised,1,2,64,256,0.0001,0.4,0.5815367606412383
GIN_Optimised,1,2,64,256,0.0001,0.5,0.5847153123272526
GIN_Optimised,1,2,64,256,1e-05,0.1,0.595909342177999
GIN_Optimised,1,2,64,256,1e-05,0.2,0.5954947484798231
GIN_Optimised,1,2,64,256,1e-05,0.3,0.5951492537313433
GIN_Optimised,1,2,64,256,1e-05,0.4,0.5899668325041459
GIN_Optimised,1,2,64,256,1e-05,0.5,0.5901050304035379
GIN_Optimised,1,2,128,64,0.001,0.1,0.595771144278607
GIN_Optimised,1,2,128,64,0.001,0.2,0.5950801547816473
GIN_Optimised,1,2,128,64,0.001,0.3,0.5889994472084024
GIN_Optimised,1,2,128,64,0.001,0.4,0.5901050304035379
GIN_Optimised,1,2,128,64,0.001,0.5,0.5796019900497513
GIN_Optimised,1,2,128,64,0.0001,0.1,0.5808457711442787
GIN_Optimised,1,2,128,64,0.0001,0.2,0.5831951354339413
GIN_Optimised,1,2,128,64,0.0001,0.3,0.5862354892205638
GIN_Optimised,1,2,128,64,0.0001,0.4,0.5884466556108346
GIN_Optimised,1,2,128,64,0.0001,0.5,0.5895522388059701
GIN_Optimised,1,2,128,64,1e-05,0.1,0.550718629076838
GIN_Optimised,1,2,128,64,1e-05,0.2,0.5509950248756218
GIN_Optimised,1,2,128,64,1e-05,0.3,0.5509950248756218
GIN_Optimised,1,2,128,64,1e-05,0.4,0.550580431177446
GIN_Optimised,1,2,128,64,1e-05,0.5,0.5504422332780541
GIN_Optimised,1,2,128,128,0.001,0.1,0.5919707020453289
GIN_Optimised,1,2,128,128,0.001,0.2,0.5887230514096187
GIN_Optimised,1,2,128,128,0.001,0.3,0.5778054173576562
GIN_Optimised,1,2,128,128,0.001,0.4,0.5501658374792704
GIN_Optimised,1,2,128,128,0.001,0.5,0.5633637368711994
GIN_Optimised,1,2,128,128,0.0001,0.1,0.5968076285240465
GIN_Optimised,1,2,128,128,0.0001,0.2,0.585820895522388
GIN_Optimised,1,2,128,128,0.0001,0.3,0.5902432283029299
GIN_Optimised,1,2,128,128,0.0001,0.4,0.5757324488667772
GIN_Optimised,1,2,128,128,0.0001,0.5,0.5776672194582642
GIN_Optimised,1,2,128,128,1e-05,0.1,0.42855168601437255
GIN_Optimised,1,2,128,128,1e-05,0.2,0.4230237700386954
GIN_Optimised,1,2,128,128,1e-05,0.3,0.4221945826423439
GIN_Optimised,1,2,128,128,1e-05,0.4,0.42316196793808736
GIN_Optimised,1,2,128,128,1e-05,0.5,0.42288557213930345
GIN_Optimised,1,2,128,256,0.001,0.1,0.5063571033720288
GIN_Optimised,1,2,128,256,0.001,0.2,0.5750414593698175
GIN_Optimised,1,2,128,256,0.001,0.3,0.5830569375345495
GIN_Optimised,1,2,128,256,0.001,0.4,0.5716556108347153
GIN_Optimised,1,2,128,256,0.001,0.5,0.580016583747927
GIN_Optimised,1,2,128,256,0.0001,0.1,0.5769762299613046
GIN_Optimised,1,2,128,256,0.0001,0.2,0.5819513543394141
GIN_Optimised,1,2,128,256,0.0001,0.3,0.5883084577114427
GIN_Optimised,1,2,128,256,0.0001,0.4,0.5912106135986733
GIN_Optimised,1,2,128,256,0.0001,0.5,0.5931453841901603
GIN_Optimised,1,2,128,256,1e-05,0.1,0.5981205085682698
GIN_Optimised,1,2,128,256,1e-05,0.2,0.5952183526810392
GIN_Optimised,1,2,128,256,1e-05,0.3,0.5964621337755666
GIN_Optimised,1,2,128,256,1e-05,0.4,0.5910724156992814
GIN_Optimised,1,2,128,256,1e-05,0.5,0.589690436705362
GIN_Optimised,1,3,32,64,0.001,0.1,0.6669430624654505
GIN_Optimised,1,3,32,64,0.001,0.2,0.6340519624101714
GIN_Optimised,1,3,32,64,0.001,0.3,0.5145798783858485
GIN_Optimised,1,3,32,64,0.001,0.4,0.5129906025428415
GIN_Optimised,1,3,32,64,0.001,0.5,0.5117468214483138
GIN_Optimised,1,3,32,64,0.0001,0.1,0.6075179657269208
GIN_Optimised,1,3,32,64,0.0001,0.2,0.6032338308457712
GIN_Optimised,1,3,32,64,0.0001,0.3,0.6498065229408512
GIN_Optimised,1,3,32,64,0.0001,0.4,0.6413764510779436
GIN_Optimised,1,3,32,64,0.0001,0.5,0.6516030956329464
GIN_Optimised,1,3,32,64,1e-05,0.1,0.6348811498065229
GIN_Optimised,1,3,32,64,1e-05,0.2,0.6372305140961857
GIN_Optimised,1,3,32,64,1e-05,0.3,0.6368159203980099
GIN_Optimised,1,3,32,64,1e-05,0.4,0.6376451077943616
GIN_Optimised,1,3,32,64,1e-05,0.5,0.638888888888889
GIN_Optimised,1,3,32,128,0.001,0.1,0.5733830845771144
GIN_Optimised,1,3,32,128,0.001,0.2,0.5270867882808181
GIN_Optimised,1,3,32,128,0.001,0.3,0.5217661691542288
GIN_Optimised,1,3,32,128,0.001,0.4,0.5232172470978441
GIN_Optimised,1,3,32,128,0.001,0.5,0.5303344389165283
GIN_Optimised,1,3,32,128,0.0001,0.1,0.6170536207849641
GIN_Optimised,1,3,32,128,0.0001,0.2,0.632669983416252
GIN_Optimised,1,3,32,128,0.0001,0.3,0.6177446102819238
GIN_Optimised,1,3,32,128,0.0001,0.4,0.6265892758430073
GIN_Optimised,1,3,32,128,0.0001,0.5,0.6376451077943615
GIN_Optimised,1,3,32,128,1e-05,0.1,0.5884466556108348
GIN_Optimised,1,3,32,128,1e-05,0.2,0.6008844665561084
GIN_Optimised,1,3,32,128,1e-05,0.3,0.6007462686567163
GIN_Optimised,1,3,32,128,1e-05,0.4,0.6077943615257049
GIN_Optimised,1,3,32,128,1e-05,0.5,0.6007462686567164
GIN_Optimised,1,3,32,256,0.001,0.1,0.5276395798783858
GIN_Optimised,1,3,32,256,0.001,0.2,0.5281923714759535
GIN_Optimised,1,3,32,256,0.001,0.3,0.5325456053067993
GIN_Optimised,1,3,32,256,0.001,0.4,0.5288142620232172
GIN_Optimised,1,3,32,256,0.001,0.5,0.5279159756771696
GIN_Optimised,1,3,32,256,0.0001,0.1,0.6412382531785518
GIN_Optimised,1,3,32,256,0.0001,0.2,0.6348811498065229
GIN_Optimised,1,3,32,256,0.0001,0.3,0.6532614704256495
GIN_Optimised,1,3,32,256,0.0001,0.4,0.6603095632946379
GIN_Optimised,1,3,32,256,0.0001,0.5,0.6529850746268656
GIN_Optimised,1,3,32,256,1e-05,0.1,0.6297678275290215
GIN_Optimised,1,3,32,256,1e-05,0.2,0.6263128800442233
GIN_Optimised,1,3,32,256,1e-05,0.3,0.6257600884466556
GIN_Optimised,1,3,32,256,1e-05,0.4,0.6282476506357103
GIN_Optimised,1,3,32,256,1e-05,0.5,0.6332227750138198
GIN_Optimised,1,3,64,64,0.001,0.1,0.6516030956329464
GIN_Optimised,1,3,64,64,0.001,0.2,0.6556108347153123
GIN_Optimised,1,3,64,64,0.001,0.3,0.656301824212272
GIN_Optimised,1,3,64,64,0.001,0.4,0.6398562741846323
GIN_Optimised,1,3,64,64,0.001,0.5,0.5945273631840796
GIN_Optimised,1,3,64,64,0.0001,0.1,0.6557490326147042
GIN_Optimised,1,3,64,64,0.0001,0.2,0.6556108347153122
GIN_Optimised,1,3,64,64,0.0001,0.3,0.646075179657269
GIN_Optimised,1,3,64,64,0.0001,0.4,0.6364013266998342
GIN_Optimised,1,3,64,64,0.0001,0.5,0.6406854615809839
GIN_Optimised,1,3,64,64,1e-05,0.1,0.5974295190713101
GIN_Optimised,1,3,64,64,1e-05,0.2,0.5979823106688779
GIN_Optimised,1,3,64,64,1e-05,0.3,0.5968767274737423
GIN_Optimised,1,3,64,64,1e-05,0.4,0.5961857379767828
GIN_Optimised,1,3,64,64,1e-05,0.5,0.5964621337755667
GIN_Optimised,1,3,64,128,0.001,0.1,0.6451077943615257
GIN_Optimised,1,3,64,128,0.001,0.2,0.6444168048645661
GIN_Optimised,1,3,64,128,0.001,0.3,0.5934217799889442
GIN_Optimised,1,3,64,128,0.001,0.4,0.5264648977335544
GIN_Optimised,1,3,64,128,0.001,0.5,0.6384742951907131
GIN_Optimised,1,3,64,128,0.0001,0.1,0.6264510779436152
GIN_Optimised,1,3,64,128,0.0001,0.2,0.6174682144831398
GIN_Optimised,1,3,64,128,0.0001,0.3,0.6188501934770592
GIN_Optimised,1,3,64,128,0.0001,0.4,0.5891376451077944
GIN_Optimised,1,3,64,128,0.0001,0.5,0.6126312880044223
GIN_Optimised,1,3,64,128,1e-05,0.1,0.5345494748479822
GIN_Optimised,1,3,64,128,1e-05,0.2,0.5248756218905473
GIN_Optimised,1,3,64,128,1e-05,0.3,0.5037313432835822
GIN_Optimised,1,3,64,128,1e-05,0.4,0.5002763957987839
GIN_Optimised,1,3,64,128,1e-05,0.5,0.4633775566611387
GIN_Optimised,1,3,64,256,0.001,0.1,0.5414593698175788
GIN_Optimised,1,3,64,256,0.001,0.2,0.5232863460475401
GIN_Optimised,1,3,64,256,0.001,0.3,0.5278468767274738
GIN_Optimised,1,3,64,256,0.001,0.4,0.5280541735765616
GIN_Optimised,1,3,64,256,0.001,0.5,0.5213515754560532
GIN_Optimised,1,3,64,256,0.0001,0.1,0.6430348258706466
GIN_Optimised,1,3,64,256,0.0001,0.2,0.642758430071863
GIN_Optimised,1,3,64,256,0.0001,0.3,0.6344665561083471
GIN_Optimised,1,3,64,256,0.0001,0.4,0.6318407960199004
GIN_Optimised,1,3,64,256,0.0001,0.5,0.6236871199557767
GIN_Optimised,1,3,64,256,1e-05,0.1,0.6239635157545605
GIN_Optimised,1,3,64,256,1e-05,0.2,0.630735212824765
GIN_Optimised,1,3,64,256,1e-05,0.3,0.6354339414040907
GIN_Optimised,1,3,64,256,1e-05,0.4,0.6358485351022665
GIN_Optimised,1,3,64,256,1e-05,0.5,0.6384742951907131
GIN_Optimised,1,3,128,64,0.001,0.1,0.6380597014925372
GIN_Optimised,1,3,128,64,0.001,0.2,0.6397180762852404
GIN_Optimised,1,3,128,64,0.001,0.3,0.6423438363736871
GIN_Optimised,1,3,128,64,0.001,0.4,0.6377833056937535
GIN_Optimised,1,3,128,64,0.001,0.5,0.6493919292426754
GIN_Optimised,1,3,128,64,0.0001,0.1,0.6202321724709783
GIN_Optimised,1,3,128,64,0.0001,0.2,0.622996130458817
GIN_Optimised,1,3,128,64,0.0001,0.3,0.6288004422332779
GIN_Optimised,1,3,128,64,0.0001,0.4,0.6317025981205086
GIN_Optimised,1,3,128,64,0.0001,0.5,0.6340519624101714
GIN_Optimised,1,3,128,64,1e-05,0.1,0.50787728026534
GIN_Optimised,1,3,128,64,1e-05,0.2,0.5080154781647319
GIN_Optimised,1,3,128,64,1e-05,0.3,0.5080154781647319
GIN_Optimised,1,3,128,64,1e-05,0.4,0.50787728026534
GIN_Optimised,1,3,128,64,1e-05,0.5,0.50787728026534
GIN_Optimised,1,3,128,128,0.001,0.1,0.642758430071863
GIN_Optimised,1,3,128,128,0.001,0.2,0.654505251520177
GIN_Optimised,1,3,128,128,0.001,0.3,0.6352957435046988
GIN_Optimised,1,3,128,128,0.001,0.4,0.6242399115533445
GIN_Optimised,1,3,128,128,0.001,0.5,0.6224433388612494
GIN_Optimised,1,3,128,128,0.0001,0.1,0.6484245439469319
GIN_Optimised,1,3,128,128,0.0001,0.2,0.6445550027639579
GIN_Optimised,1,3,128,128,0.0001,0.3,0.6422056384742952
GIN_Optimised,1,3,128,128,0.0001,0.4,0.636677722498618
GIN_Optimised,1,3,128,128,0.0001,0.5,0.6379215035931454
GIN_Optimised,1,3,128,128,1e-05,0.1,0.4002211166390271
GIN_Optimised,1,3,128,128,1e-05,0.2,0.39552238805970147
GIN_Optimised,1,3,128,128,1e-05,0.3,0.400359314538419
GIN_Optimised,1,3,128,128,1e-05,0.4,0.39483139856274185
GIN_Optimised,1,3,128,128,1e-05,0.5,0.39234383637368714
GIN_Optimised,1,3,128,256,0.001,0.1,0.5787728026533996
GIN_Optimised,1,3,128,256,0.001,0.2,0.6397180762852405
GIN_Optimised,1,3,128,256,0.001,0.3,0.6093145384190161
GIN_Optimised,1,3,128,256,0.001,0.4,0.6101437258153676
GIN_Optimised,1,3,128,256,0.001,0.5,0.6163626312880045
GIN_Optimised,1,3,128,256,0.0001,0.1,0.6500829187396353
GIN_Optimised,1,3,128,256,0.0001,0.2,0.6438640132669984
GIN_Optimised,1,3,128,256,0.0001,0.3,0.6368159203980099
GIN_Optimised,1,3,128,256,0.0001,0.4,0.6448313985627419
GIN_Optimised,1,3,128,256,0.0001,0.5,0.6364013266998342
GIN_Optimised,1,3,128,256,1e-05,0.1,0.6261746821448313
GIN_Optimised,1,3,128,256,1e-05,0.2,0.62893864013267
GIN_Optimised,1,3,128,256,1e-05,0.3,0.6341901603095633
GIN_Optimised,1,3,128,256,1e-05,0.4,0.6336373687119955
GIN_Optimised,1,3,128,256,1e-05,0.5,0.6333609729132118
GIN_Optimised,1,4,32,64,0.001,0.1,0.6282476506357104
GIN_Optimised,1,4,32,64,0.001,0.2,0.6378524046434495
GIN_Optimised,1,4,32,64,0.001,0.3,0.5454671088999448
GIN_Optimised,1,4,32,64,0.001,0.4,0.53510226644555
GIN_Optimised,1,4,32,64,0.001,0.5,0.5702736318407959
GIN_Optimised,1,4,32,64,0.0001,0.1,0.6278330569375346
GIN_Optimised,1,4,32,64,0.0001,0.2,0.6286622443338861
GIN_Optimised,1,4,32,64,0.0001,0.3,0.6460751796572692
GIN_Optimised,1,4,32,64,0.0001,0.4,0.6379215035931453
GIN_Optimised,1,4,32,64,0.0001,0.5,0.6399944720840243
GIN_Optimised,1,4,32,64,1e-05,0.1,0.6347429519071311
GIN_Optimised,1,4,32,64,1e-05,0.2,0.6369541182974019
GIN_Optimised,1,4,32,64,1e-05,0.3,0.6373687119955778
GIN_Optimised,1,4,32,64,1e-05,0.4,0.6388888888888888
GIN_Optimised,1,4,32,64,1e-05,0.5,0.6391652846876728
GIN_Optimised,1,4,32,128,0.001,0.1,0.6278330569375346
GIN_Optimised,1,4,32,128,0.001,0.2,0.6364704256495302
GIN_Optimised,1,4,32,128,0.001,0.3,0.6303206191265892
GIN_Optimised,1,4,32,128,0.001,0.4,0.6441404090657822
GIN_Optimised,1,4,32,128,0.001,0.5,0.6337755666113876
GIN_Optimised,1,4,32,128,0.0001,0.1,0.6448313985627419
GIN_Optimised,1,4,32,128,0.0001,0.2,0.6332227750138197
GIN_Optimised,1,4,32,128,0.0001,0.3,0.6177446102819237
GIN_Optimised,1,4,32,128,0.0001,0.4,0.6376451077943615
GIN_Optimised,1,4,32,128,0.0001,0.5,0.636677722498618
GIN_Optimised,1,4,32,128,1e-05,0.1,0.603372028745163
GIN_Optimised,1,4,32,128,1e-05,0.2,0.6104201216141515
GIN_Optimised,1,4,32,128,1e-05,0.3,0.6153952459922609
GIN_Optimised,1,4,32,128,1e-05,0.4,0.6029574350469873
GIN_Optimised,1,4,32,128,1e-05,0.5,0.5950801547816473
GIN_Optimised,1,4,32,256,0.001,0.1,0.6363322277501382
GIN_Optimised,1,4,32,256,0.001,0.2,0.6260364842454396
GIN_Optimised,1,4,32,256,0.001,0.3,0.6361249309010503
GIN_Optimised,1,4,32,256,0.001,0.4,0.6373687119955777
GIN_Optimised,1,4,32,256,0.001,0.5,0.6361940298507462
GIN_Optimised,1,4,32,256,0.0001,0.1,0.6336373687119956
GIN_Optimised,1,4,32,256,0.0001,0.2,0.6227197346600332
GIN_Optimised,1,4,32,256,0.0001,0.3,0.599502487562189
GIN_Optimised,1,4,32,256,0.0001,0.4,0.597705914870094
GIN_Optimised,1,4,32,256,0.0001,0.5,0.6263128800442234
GIN_Optimised,1,4,32,256,1e-05,0.1,0.6377833056937534
GIN_Optimised,1,4,32,256,1e-05,0.2,0.632808181315644
GIN_Optimised,1,4,32,256,1e-05,0.3,0.636677722498618
GIN_Optimised,1,4,32,256,1e-05,0.4,0.6336373687119956
GIN_Optimised,1,4,32,256,1e-05,0.5,0.6238253178551687
GIN_Optimised,1,4,64,64,0.001,0.1,0.6286622443338862
GIN_Optimised,1,4,64,64,0.001,0.2,0.620923161967938
GIN_Optimised,1,4,64,64,0.001,0.3,0.6131840796019901
GIN_Optimised,1,4,64,64,0.001,0.4,0.6344665561083472
GIN_Optimised,1,4,64,64,0.001,0.5,0.6317025981205084
GIN_Optimised,1,4,64,64,0.0001,0.1,0.6221669430624654
GIN_Optimised,1,4,64,64,0.0001,0.2,0.6235489220563848
GIN_Optimised,1,4,64,64,0.0001,0.3,0.62893864013267
GIN_Optimised,1,4,64,64,0.0001,0.4,0.6260364842454395
GIN_Optimised,1,4,64,64,0.0001,0.5,0.6354339414040907
GIN_Optimised,1,4,64,64,1e-05,0.1,0.6234107241569928
GIN_Optimised,1,4,64,64,1e-05,0.2,0.6234107241569928
GIN_Optimised,1,4,64,64,1e-05,0.3,0.622996130458817
GIN_Optimised,1,4,64,64,1e-05,0.4,0.6234107241569928
GIN_Optimised,1,4,64,64,1e-05,0.5,0.6232725262576009
GIN_Optimised,1,4,64,128,0.001,0.1,0.6375069098949696
GIN_Optimised,1,4,64,128,0.001,0.2,0.6598949695964621
GIN_Optimised,1,4,64,128,0.001,0.3,0.6390270867882808
GIN_Optimised,1,4,64,128,0.001,0.4,0.6574074074074074
GIN_Optimised,1,4,64,128,0.001,0.5,0.6423438363736871
GIN_Optimised,1,4,64,128,0.0001,0.1,0.6459369817578773
GIN_Optimised,1,4,64,128,0.0001,0.2,0.652294085129906
GIN_Optimised,1,4,64,128,0.0001,0.3,0.6491155334438916
GIN_Optimised,1,4,64,128,0.0001,0.4,0.6500829187396352
GIN_Optimised,1,4,64,128,0.0001,0.5,0.6377833056937535
GIN_Optimised,1,4,64,128,1e-05,0.1,0.5619126589275842
GIN_Optimised,1,4,64,128,1e-05,0.2,0.550580431177446
GIN_Optimised,1,4,64,128,1e-05,0.3,0.5341348811498066
GIN_Optimised,1,4,64,128,1e-05,0.4,0.5145107794361525
GIN_Optimised,1,4,64,128,1e-05,0.5,0.48079049198452184
GIN_Optimised,1,4,64,256,0.001,0.1,0.6357794361525705
GIN_Optimised,1,4,64,256,0.001,0.2,0.6360558319513543
GIN_Optimised,1,4,64,256,0.001,0.3,0.6355030403537866
GIN_Optimised,1,4,64,256,0.001,0.4,0.6364013266998341
GIN_Optimised,1,4,64,256,0.001,0.5,0.636677722498618
GIN_Optimised,1,4,64,256,0.0001,0.1,0.6261746821448315
GIN_Optimised,1,4,64,256,0.0001,0.2,0.6299060254284135
GIN_Optimised,1,4,64,256,0.0001,0.3,0.6328081813156439
GIN_Optimised,1,4,64,256,0.0001,0.4,0.624930901050304
GIN_Optimised,1,4,64,256,0.0001,0.5,0.6285240464344941
GIN_Optimised,1,4,64,256,1e-05,0.1,0.6413764510779436
GIN_Optimised,1,4,64,256,1e-05,0.2,0.6435876174682144
GIN_Optimised,1,4,64,256,1e-05,0.3,0.6391652846876728
GIN_Optimised,1,4,64,256,1e-05,0.4,0.6375069098949696
GIN_Optimised,1,4,64,256,1e-05,0.5,0.6355721393034826
GIN_Optimised,1,4,128,64,0.001,0.1,0.6408236594803758
GIN_Optimised,1,4,128,64,0.001,0.2,0.6354339414040906
GIN_Optimised,1,4,128,64,0.001,0.3,0.6274184632393589
GIN_Optimised,1,4,128,64,0.001,0.4,0.6358485351022662
GIN_Optimised,1,4,128,64,0.001,0.5,0.6340519624101714
GIN_Optimised,1,4,128,64,0.0001,0.1,0.613322277501382
GIN_Optimised,1,4,128,64,0.0001,0.2,0.6155334438916529
GIN_Optimised,1,4,128,64,0.0001,0.3,0.6200939745715865
GIN_Optimised,1,4,128,64,0.0001,0.4,0.6317025981205086
GIN_Optimised,1,4,128,64,0.0001,0.5,0.6391652846876728
GIN_Optimised,1,4,128,64,1e-05,0.1,0.5478164731896075
GIN_Optimised,1,4,128,64,1e-05,0.2,0.5478164731896075
GIN_Optimised,1,4,128,64,1e-05,0.3,0.5475400773908236
GIN_Optimised,1,4,128,64,1e-05,0.4,0.5476782752902155
GIN_Optimised,1,4,128,64,1e-05,0.5,0.5472636815920396
GIN_Optimised,1,4,128,128,0.001,0.1,0.6373687119955777
GIN_Optimised,1,4,128,128,0.001,0.2,0.6477335544499723
GIN_Optimised,1,4,128,128,0.001,0.3,0.6093145384190161
GIN_Optimised,1,4,128,128,0.001,0.4,0.6426202321724709
GIN_Optimised,1,4,128,128,0.001,0.5,0.6299060254284136
GIN_Optimised,1,4,128,128,0.0001,0.1,0.6271420674405749
GIN_Optimised,1,4,128,128,0.0001,0.2,0.6446932006633499
GIN_Optimised,1,4,128,128,0.0001,0.3,0.6419292426755113
GIN_Optimised,1,4,128,128,0.0001,0.4,0.6404090657822001
GIN_Optimised,1,4,128,128,0.0001,0.5,0.6340519624101713
GIN_Optimised,1,4,128,128,1e-05,0.1,0.43642896627971256
GIN_Optimised,1,4,128,128,1e-05,0.2,0.4333886124930901
GIN_Optimised,1,4,128,128,1e-05,0.3,0.423852957435047
GIN_Optimised,1,4,128,128,1e-05,0.4,0.4186014372581537
GIN_Optimised,1,4,128,128,1e-05,0.5,0.4071310116086235
GIN_Optimised,1,4,128,256,0.001,0.1,0.642482034273079
GIN_Optimised,1,4,128,256,0.001,0.2,0.6216141514648978
GIN_Optimised,1,4,128,256,0.001,0.3,0.6245163073521283
GIN_Optimised,1,4,128,256,0.001,0.4,0.6155334438916529
GIN_Optimised,1,4,128,256,0.001,0.5,0.6560254284134882
GIN_Optimised,1,4,128,256,0.0001,0.1,0.6411000552791597
GIN_Optimised,1,4,128,256,0.0001,0.2,0.6375069098949696
GIN_Optimised,1,4,128,256,0.0001,0.3,0.6397180762852405
GIN_Optimised,1,4,128,256,0.0001,0.4,0.630735212824765
GIN_Optimised,1,4,128,256,0.0001,0.5,0.6489773355444997
GIN_Optimised,1,4,128,256,1e-05,0.1,0.6417910447761194
GIN_Optimised,1,4,128,256,1e-05,0.2,0.6419292426755113
GIN_Optimised,1,4,128,256,1e-05,0.3,0.6420674405749033
GIN_Optimised,1,4,128,256,1e-05,0.4,0.6361249309010504
GIN_Optimised,1,4,128,256,1e-05,0.5,0.6314262023217247
GIN_Optimised,2,0,32,64,0.001,0.1,0.5918821239922157
GIN_Optimised,2,0,32,64,0.001,0.2,0.5874339727550737
GIN_Optimised,2,0,32,64,0.001,0.3,0.6068251320544898
GIN_Optimised,2,0,32,64,0.001,0.4,0.6216291353906033
GIN_Optimised,2,0,32,64,0.001,0.5,0.48665554628857377
GIN_Optimised,2,0,32,64,0.0001,0.1,0.628023352793995
GIN_Optimised,2,0,32,64,0.0001,0.2,0.626633305532388
GIN_Optimised,2,0,32,64,0.0001,0.3,0.607033639143731
GIN_Optimised,2,0,32,64,0.0001,0.4,0.6137058659994441
GIN_Optimised,2,0,32,64,0.0001,0.5,0.5943842090631082
GIN_Optimised,2,0,32,64,1e-05,0.1,0.6091187100361413
GIN_Optimised,2,0,32,64,1e-05,0.2,0.6109257714762302
GIN_Optimised,2,0,32,64,1e-05,0.3,0.6125938281901585
GIN_Optimised,2,0,32,64,1e-05,0.4,0.6128718376424799
GIN_Optimised,2,0,32,64,1e-05,0.5,0.6134278565471227
GIN_Optimised,2,0,32,128,0.001,0.1,0.5366277453433418
GIN_Optimised,2,0,32,128,0.001,0.2,0.5476786210731165
GIN_Optimised,2,0,32,128,0.001,0.3,0.5229357798165138
GIN_Optimised,2,0,32,128,0.001,0.4,0.5192521545732555
GIN_Optimised,2,0,32,128,0.001,0.5,0.5164720600500418
GIN_Optimised,2,0,32,128,0.0001,0.1,0.5899360578259661
GIN_Optimised,2,0,32,128,0.0001,0.2,0.5786766750069503
GIN_Optimised,2,0,32,128,0.0001,0.3,0.5815957742563248
GIN_Optimised,2,0,32,128,0.0001,0.4,0.5779816513761468
GIN_Optimised,2,0,32,128,0.0001,0.5,0.579232693911593
GIN_Optimised,2,0,32,128,1e-05,0.1,0.5745065332221295
GIN_Optimised,2,0,32,128,1e-05,0.2,0.5717264386989157
GIN_Optimised,2,0,32,128,1e-05,0.3,0.574784542674451
GIN_Optimised,2,0,32,128,1e-05,0.4,0.5865999443981095
GIN_Optimised,2,0,32,128,1e-05,0.5,0.5840978593272171
GIN_Optimised,2,0,32,256,0.001,0.1,0.509869335557409
GIN_Optimised,2,0,32,256,0.001,0.2,0.5086182930219627
GIN_Optimised,2,0,32,256,0.001,0.3,0.5203641923825411
GIN_Optimised,2,0,32,256,0.001,0.4,0.5240478176257992
GIN_Optimised,2,0,32,256,0.001,0.5,0.5147345009730331
GIN_Optimised,2,0,32,256,0.0001,0.1,0.5845148735056992
GIN_Optimised,2,0,32,256,0.0001,0.2,0.6099527383931054
GIN_Optimised,2,0,32,256,0.0001,0.3,0.5860439254934668
GIN_Optimised,2,0,32,256,0.0001,0.4,0.5804837364470392
GIN_Optimised,2,0,32,256,0.0001,0.5,0.5540728384765082
GIN_Optimised,2,0,32,256,1e-05,0.1,0.6075896580483737
GIN_Optimised,2,0,32,256,1e-05,0.2,0.6067556296914095
GIN_Optimised,2,0,32,256,1e-05,0.3,0.6081456769530165
GIN_Optimised,2,0,32,256,1e-05,0.4,0.6074506533222129
GIN_Optimised,2,0,32,256,1e-05,0.5,0.6049485682513206
GIN_Optimised,2,0,64,64,0.001,0.1,0.603002502085071
GIN_Optimised,2,0,64,64,0.001,0.2,0.5954962468723937
GIN_Optimised,2,0,64,64,0.001,0.3,0.6128718376424799
GIN_Optimised,2,0,64,64,0.001,0.4,0.5911871003614123
GIN_Optimised,2,0,64,64,0.001,0.5,0.6121768140116765
GIN_Optimised,2,0,64,64,0.0001,0.1,0.6346955796497081
GIN_Optimised,2,0,64,64,0.0001,0.2,0.6356686127328329
GIN_Optimised,2,0,64,64,0.0001,0.3,0.6320544898526551
GIN_Optimised,2,0,64,64,0.0001,0.4,0.6314984709480123
GIN_Optimised,2,0,64,64,0.0001,0.5,0.6305254378648875
GIN_Optimised,2,0,64,64,1e-05,0.1,0.6259382819015847
GIN_Optimised,2,0,64,64,1e-05,0.2,0.6260772866277453
GIN_Optimised,2,0,64,64,1e-05,0.3,0.6259382819015846
GIN_Optimised,2,0,64,64,1e-05,0.4,0.626216291353906
GIN_Optimised,2,0,64,64,1e-05,0.5,0.626633305532388
GIN_Optimised,2,0,64,128,0.001,0.1,0.5159855435084792
GIN_Optimised,2,0,64,128,0.001,0.2,0.5594940227967751
GIN_Optimised,2,0,64,128,0.001,0.3,0.5981373366694468
GIN_Optimised,2,0,64,128,0.001,0.4,0.5942452043369475
GIN_Optimised,2,0,64,128,0.001,0.5,0.5914651098137337
GIN_Optimised,2,0,64,128,0.0001,0.1,0.6006394217403392
GIN_Optimised,2,0,64,128,0.0001,0.2,0.5982763413956076
GIN_Optimised,2,0,64,128,0.0001,0.3,0.6013344453711427
GIN_Optimised,2,0,64,128,0.0001,0.4,0.601195440644982
GIN_Optimised,2,0,64,128,0.0001,0.5,0.5934111759799834
GIN_Optimised,2,0,64,128,1e-05,0.1,0.4612176814011676
GIN_Optimised,2,0,64,128,1e-05,0.2,0.43800389213233254
GIN_Optimised,2,0,64,128,1e-05,0.3,0.4196552682791215
GIN_Optimised,2,0,64,128,1e-05,0.4,0.3953294412010009
GIN_Optimised,2,0,64,128,1e-05,0.5,0.3890742285237698
GIN_Optimised,2,0,64,256,0.001,0.1,0.5196691687517376
GIN_Optimised,2,0,64,256,0.001,0.2,0.5137614678899083
GIN_Optimised,2,0,64,256,0.001,0.3,0.5782596608284682
GIN_Optimised,2,0,64,256,0.001,0.4,0.5454545454545454
GIN_Optimised,2,0,64,256,0.001,0.5,0.5132054489852655
GIN_Optimised,2,0,64,256,0.0001,0.1,0.633861551292744
GIN_Optimised,2,0,64,256,0.0001,0.2,0.6134278565471226
GIN_Optimised,2,0,64,256,0.0001,0.3,0.6167639699749792
GIN_Optimised,2,0,64,256,0.0001,0.4,0.6246872393661385
GIN_Optimised,2,0,64,256,0.0001,0.5,0.6308034473172088
GIN_Optimised,2,0,64,256,1e-05,0.1,0.6219071448429246
GIN_Optimised,2,0,64,256,1e-05,0.2,0.6187100361412288
GIN_Optimised,2,0,64,256,1e-05,0.3,0.6157909368918544
GIN_Optimised,2,0,64,256,1e-05,0.4,0.6180150125104253
GIN_Optimised,2,0,64,256,1e-05,0.5,0.614122880177926
GIN_Optimised,2,0,128,64,0.001,0.1,0.6160689463441756
GIN_Optimised,2,0,128,64,0.001,0.2,0.6139838754517655
GIN_Optimised,2,0,128,64,0.001,0.3,0.6156519321656937
GIN_Optimised,2,0,128,64,0.001,0.4,0.6134278565471226
GIN_Optimised,2,0,128,64,0.001,0.5,0.6089797053099806
GIN_Optimised,2,0,128,64,0.0001,0.1,0.6309424520433695
GIN_Optimised,2,0,128,64,0.0001,0.2,0.630664442591048
GIN_Optimised,2,0,128,64,0.0001,0.3,0.6289963858771198
GIN_Optimised,2,0,128,64,0.0001,0.4,0.6302474284125661
GIN_Optimised,2,0,128,64,0.0001,0.5,0.6234361968306922
GIN_Optimised,2,0,128,64,1e-05,0.1,0.5888240200166807
GIN_Optimised,2,0,128,64,1e-05,0.2,0.5888240200166805
GIN_Optimised,2,0,128,64,1e-05,0.3,0.589102029469002
GIN_Optimised,2,0,128,64,1e-05,0.4,0.589102029469002
GIN_Optimised,2,0,128,64,1e-05,0.5,0.5882680011120378
GIN_Optimised,2,0,128,128,0.001,0.1,0.591743119266055
GIN_Optimised,2,0,128,128,0.001,0.2,0.5918821239922158
GIN_Optimised,2,0,128,128,0.001,0.3,0.5998053933833751
GIN_Optimised,2,0,128,128,0.001,0.4,0.609674728940784
GIN_Optimised,2,0,128,128,0.001,0.5,0.551014734500973
GIN_Optimised,2,0,128,128,0.0001,0.1,0.601195440644982
GIN_Optimised,2,0,128,128,0.0001,0.2,0.5939671948846261
GIN_Optimised,2,0,128,128,0.0001,0.3,0.5909090909090909
GIN_Optimised,2,0,128,128,0.0001,0.4,0.5838198498748958
GIN_Optimised,2,0,128,128,0.0001,0.5,0.5838198498748959
GIN_Optimised,2,0,128,128,1e-05,0.1,0.3776758409785933
GIN_Optimised,2,0,128,128,1e-05,0.2,0.37531276063386154
GIN_Optimised,2,0,128,128,1e-05,0.3,0.37072560467055876
GIN_Optimised,2,0,128,128,1e-05,0.4,0.36850152905198774
GIN_Optimised,2,0,128,128,1e-05,0.5,0.3662774534334168
GIN_Optimised,2,0,128,256,0.001,0.1,0.5710314150681123
GIN_Optimised,2,0,128,256,0.001,0.2,0.582846816791771
GIN_Optimised,2,0,128,256,0.001,0.3,0.5411453989435641
GIN_Optimised,2,0,128,256,0.001,0.4,0.5628301362246316
GIN_Optimised,2,0,128,256,0.001,0.5,0.6049485682513206
GIN_Optimised,2,0,128,256,0.0001,0.1,0.6187100361412288
GIN_Optimised,2,0,128,256,0.0001,0.2,0.6171809841534612
GIN_Optimised,2,0,128,256,0.0001,0.3,0.6045315540728384
GIN_Optimised,2,0,128,256,0.0001,0.4,0.6075896580483736
GIN_Optimised,2,0,128,256,0.0001,0.5,0.6089797053099807
GIN_Optimised,2,0,128,256,1e-05,0.1,0.618154017236586
GIN_Optimised,2,0,128,256,1e-05,0.2,0.6157909368918544
GIN_Optimised,2,0,128,256,1e-05,0.3,0.6112037809285517
GIN_Optimised,2,0,128,256,1e-05,0.4,0.6078676675006951
GIN_Optimised,2,0,128,256,1e-05,0.5,0.6055045871559633
GIN_Optimised,2,1,32,64,0.001,0.1,0.64915207117042
GIN_Optimised,2,1,32,64,0.001,0.2,0.45795107033639143
GIN_Optimised,2,1,32,64,0.001,0.3,0.628023352793995
GIN_Optimised,2,1,32,64,0.001,0.4,0.5517097581317765
GIN_Optimised,2,1,32,64,0.001,0.5,0.612315818737837
GIN_Optimised,2,1,32,64,0.0001,0.1,0.6626355296080068
GIN_Optimised,2,1,32,64,0.0001,0.2,0.6659716430358632
GIN_Optimised,2,1,32,64,0.0001,0.3,0.6599944398109536
GIN_Optimised,2,1,32,64,0.0001,0.4,0.6865443425076452
GIN_Optimised,2,1,32,64,0.0001,0.5,0.6939115929941617
GIN_Optimised,2,1,32,64,1e-05,0.1,0.6798721156519321
GIN_Optimised,2,1,32,64,1e-05,0.2,0.6773700305810397
GIN_Optimised,2,1,32,64,1e-05,0.3,0.6751459549624688
GIN_Optimised,2,1,32,64,1e-05,0.4,0.6730608840700584
GIN_Optimised,2,1,32,64,1e-05,0.5,0.6720878509869336
GIN_Optimised,2,1,32,128,0.001,0.1,0.587086460939672
GIN_Optimised,2,1,32,128,0.001,0.2,0.606269113149847
GIN_Optimised,2,1,32,128,0.001,0.3,0.6431748679455102
GIN_Optimised,2,1,32,128,0.001,0.4,0.5847233805949403
GIN_Optimised,2,1,32,128,0.001,0.5,0.4975674172921879
GIN_Optimised,2,1,32,128,0.0001,0.1,0.6409507923269391
GIN_Optimised,2,1,32,128,0.0001,0.2,0.6573533500139005
GIN_Optimised,2,1,32,128,0.0001,0.3,0.6549902696691688
GIN_Optimised,2,1,32,128,0.0001,0.4,0.641923825410064
GIN_Optimised,2,1,32,128,0.0001,0.5,0.6484570475396163
GIN_Optimised,2,1,32,128,1e-05,0.1,0.6306644425910481
GIN_Optimised,2,1,32,128,1e-05,0.2,0.6369196552682792
GIN_Optimised,2,1,32,128,1e-05,0.3,0.6371976647206006
GIN_Optimised,2,1,32,128,1e-05,0.4,0.6087016958576592
GIN_Optimised,2,1,32,128,1e-05,0.5,0.5743675284959688
GIN_Optimised,2,1,32,256,0.001,0.1,0.5798582151793161
GIN_Optimised,2,1,32,256,0.001,0.2,0.578815679733111
GIN_Optimised,2,1,32,256,0.001,0.3,0.5895885460105644
GIN_Optimised,2,1,32,256,0.001,0.4,0.5795802057269948
GIN_Optimised,2,1,32,256,0.001,0.5,0.5800667222685572
GIN_Optimised,2,1,32,256,0.0001,0.1,0.6367806505421185
GIN_Optimised,2,1,32,256,0.0001,0.2,0.6424798443147068
GIN_Optimised,2,1,32,256,0.0001,0.3,0.6495690853489019
GIN_Optimised,2,1,32,256,0.0001,0.4,0.6203780928551571
GIN_Optimised,2,1,32,256,0.0001,0.5,0.6516541562413123
GIN_Optimised,2,1,32,256,1e-05,0.1,0.6802891298304142
GIN_Optimised,2,1,32,256,1e-05,0.2,0.6839032527105923
GIN_Optimised,2,1,32,256,1e-05,0.3,0.6850152905198776
GIN_Optimised,2,1,32,256,1e-05,0.4,0.6844592716152349
GIN_Optimised,2,1,32,256,1e-05,0.5,0.6816791770920212
GIN_Optimised,2,1,64,64,0.001,0.1,0.664303586321935
GIN_Optimised,2,1,64,64,0.001,0.2,0.6672226855713095
GIN_Optimised,2,1,64,64,0.001,0.3,0.6349735891020296
GIN_Optimised,2,1,64,64,0.001,0.4,0.6536002224075619
GIN_Optimised,2,1,64,64,0.001,0.5,0.6470670002780095
GIN_Optimised,2,1,64,64,0.0001,0.1,0.6591604114539895
GIN_Optimised,2,1,64,64,0.0001,0.2,0.660272449263275
GIN_Optimised,2,1,64,64,0.0001,0.3,0.6669446761189881
GIN_Optimised,2,1,64,64,0.0001,0.4,0.6769530164025577
GIN_Optimised,2,1,64,64,0.0001,0.5,0.682652210175146
GIN_Optimised,2,1,64,64,1e-05,0.1,0.7016958576591604
GIN_Optimised,2,1,64,64,1e-05,0.2,0.7015568529329997
GIN_Optimised,2,1,64,64,1e-05,0.3,0.7014178482068392
GIN_Optimised,2,1,64,64,1e-05,0.4,0.7019738671114819
GIN_Optimised,2,1,64,64,1e-05,0.5,0.7012788434806784
GIN_Optimised,2,1,64,128,0.001,0.1,0.6495690853489019
GIN_Optimised,2,1,64,128,0.001,0.2,0.6491520711704198
GIN_Optimised,2,1,64,128,0.001,0.3,0.597581317764804
GIN_Optimised,2,1,64,128,0.001,0.4,0.6132888518209619
GIN_Optimised,2,1,64,128,0.001,0.5,0.6091187100361413
GIN_Optimised,2,1,64,128,0.0001,0.1,0.6770920211287182
GIN_Optimised,2,1,64,128,0.0001,0.2,0.6815401723658605
GIN_Optimised,2,1,64,128,0.0001,0.3,0.6592994161801502
GIN_Optimised,2,1,64,128,0.0001,0.4,0.6850152905198778
GIN_Optimised,2,1,64,128,0.0001,0.5,0.6865443425076453
GIN_Optimised,2,1,64,128,1e-05,0.1,0.4124270225187657
GIN_Optimised,2,1,64,128,1e-05,0.2,0.5129274395329442
GIN_Optimised,2,1,64,128,1e-05,0.3,0.5107033639143731
GIN_Optimised,2,1,64,128,1e-05,0.4,0.5154295246038366
GIN_Optimised,2,1,64,128,1e-05,0.5,0.4973589102029469
GIN_Optimised,2,1,64,256,0.001,0.1,0.5728384765082013
GIN_Optimised,2,1,64,256,0.001,0.2,0.5771476230191827
GIN_Optimised,2,1,64,256,0.001,0.3,0.5806227411731999
GIN_Optimised,2,1,64,256,0.001,0.4,0.5807617458993606
GIN_Optimised,2,1,64,256,0.001,0.5,0.5862524325827079
GIN_Optimised,2,1,64,256,0.0001,0.1,0.6809841534612178
GIN_Optimised,2,1,64,256,0.0001,0.2,0.6844592716152349
GIN_Optimised,2,1,64,256,0.0001,0.3,0.6818181818181819
GIN_Optimised,2,1,64,256,0.0001,0.4,0.6847372810675564
GIN_Optimised,2,1,64,256,0.0001,0.5,0.6798721156519322
GIN_Optimised,2,1,64,256,1e-05,0.1,0.6932165693633584
GIN_Optimised,2,1,64,256,1e-05,0.2,0.6897414512093412
GIN_Optimised,2,1,64,256,1e-05,0.3,0.6896024464831806
GIN_Optimised,2,1,64,256,1e-05,0.4,0.6851542952460384
GIN_Optimised,2,1,64,256,1e-05,0.5,0.6805671392827357
GIN_Optimised,2,1,128,64,0.001,0.1,0.6783430636641646
GIN_Optimised,2,1,128,64,0.001,0.2,0.6662496524881847
GIN_Optimised,2,1,128,64,0.001,0.3,0.6651376146788991
GIN_Optimised,2,1,128,64,0.001,0.4,0.6684737281067556
GIN_Optimised,2,1,128,64,0.001,0.5,0.6677787044759523
GIN_Optimised,2,1,128,64,0.0001,0.1,0.6506811231581874
GIN_Optimised,2,1,128,64,0.0001,0.2,0.6583263830970253
GIN_Optimised,2,1,128,64,0.0001,0.3,0.6656936335835418
GIN_Optimised,2,1,128,64,0.0001,0.4,0.6661106477620239
GIN_Optimised,2,1,128,64,0.0001,0.5,0.6670836808451488
GIN_Optimised,2,1,128,64,1e-05,0.1,0.593550180706144
GIN_Optimised,2,1,128,64,1e-05,0.2,0.5934111759799833
GIN_Optimised,2,1,128,64,1e-05,0.3,0.5934111759799833
GIN_Optimised,2,1,128,64,1e-05,0.4,0.5925771476230192
GIN_Optimised,2,1,128,64,1e-05,0.5,0.5927161523491798
GIN_Optimised,2,1,128,128,0.001,0.1,0.64317486794551
GIN_Optimised,2,1,128,128,0.001,0.2,0.6608284681679177
GIN_Optimised,2,1,128,128,0.001,0.3,0.6458159577425632
GIN_Optimised,2,1,128,128,0.001,0.4,0.6078676675006951
GIN_Optimised,2,1,128,128,0.001,0.5,0.6194050597720322
GIN_Optimised,2,1,128,128,0.0001,0.1,0.6790380872949681
GIN_Optimised,2,1,128,128,0.0001,0.2,0.6549902696691688
GIN_Optimised,2,1,128,128,0.0001,0.3,0.6530442035029191
GIN_Optimised,2,1,128,128,0.0001,0.4,0.6656936335835419
GIN_Optimised,2,1,128,128,0.0001,0.5,0.6612454823463998
GIN_Optimised,2,1,128,128,1e-05,0.1,0.3837920489296636
GIN_Optimised,2,1,128,128,1e-05,0.2,0.3469557964970809
GIN_Optimised,2,1,128,128,1e-05,0.3,0.31234361968306923
GIN_Optimised,2,1,128,128,1e-05,0.4,0.3124826244092299
GIN_Optimised,2,1,128,128,1e-05,0.5,0.3112315818737837
GIN_Optimised,2,1,128,256,0.001,0.1,0.5629691409507923
GIN_Optimised,2,1,128,256,0.001,0.2,0.6383097025298861
GIN_Optimised,2,1,128,256,0.001,0.3,0.635668612732833
GIN_Optimised,2,1,128,256,0.001,0.4,0.6003614122880179
GIN_Optimised,2,1,128,256,0.001,0.5,0.5946622185154296
GIN_Optimised,2,1,128,256,0.0001,0.1,0.6675006950236309
GIN_Optimised,2,1,128,256,0.0001,0.2,0.668334723380595
GIN_Optimised,2,1,128,256,0.0001,0.3,0.6798721156519322
GIN_Optimised,2,1,128,256,0.0001,0.4,0.6752849596886296
GIN_Optimised,2,1,128,256,0.0001,0.5,0.6862663330553239
GIN_Optimised,2,1,128,256,1e-05,0.1,0.6900194606616625
GIN_Optimised,2,1,128,256,1e-05,0.2,0.6891854323046984
GIN_Optimised,2,1,128,256,1e-05,0.3,0.6855713094245204
GIN_Optimised,2,1,128,256,1e-05,0.4,0.6857103141506811
GIN_Optimised,2,1,128,256,1e-05,0.5,0.6841812621629135
GIN_Optimised,2,2,32,64,0.001,0.1,0.6322553897180763
GIN_Optimised,2,2,32,64,0.001,0.2,0.6063432835820894
GIN_Optimised,2,2,32,64,0.001,0.3,0.4910171365395246
GIN_Optimised,2,2,32,64,0.001,0.4,0.4671779988944168
GIN_Optimised,2,2,32,64,0.001,0.5,0.6094527363184079
GIN_Optimised,2,2,32,64,0.0001,0.1,0.5863736871199557
GIN_Optimised,2,2,32,64,0.0001,0.2,0.6019900497512437
GIN_Optimised,2,2,32,64,0.0001,0.3,0.614980652294085
GIN_Optimised,2,2,32,64,0.0001,0.4,0.6373687119955778
GIN_Optimised,2,2,32,64,0.0001,0.5,0.6404090657822001
GIN_Optimised,2,2,32,64,1e-05,0.1,0.6120784964068545
GIN_Optimised,2,2,32,64,1e-05,0.2,0.6134604754007738
GIN_Optimised,2,2,32,64,1e-05,0.3,0.6145660585959093
GIN_Optimised,2,2,32,64,1e-05,0.4,0.6144278606965173
GIN_Optimised,2,2,32,64,1e-05,0.5,0.6166390270867883
GIN_Optimised,2,2,32,128,0.001,0.1,0.5080845771144278
GIN_Optimised,2,2,32,128,0.001,0.2,0.5070480928689883
GIN_Optimised,2,2,32,128,0.001,0.3,0.50787728026534
GIN_Optimised,2,2,32,128,0.001,0.4,0.5017274737423991
GIN_Optimised,2,2,32,128,0.001,0.5,0.5064953012714207
GIN_Optimised,2,2,32,128,0.0001,0.1,0.5945273631840796
GIN_Optimised,2,2,32,128,0.0001,0.2,0.6158098396904367
GIN_Optimised,2,2,32,128,0.0001,0.3,0.6138750690989496
GIN_Optimised,2,2,32,128,0.0001,0.4,0.609452736318408
GIN_Optimised,2,2,32,128,0.0001,0.5,0.6167772249861803
GIN_Optimised,2,2,32,128,1e-05,0.1,0.5516860143725816
GIN_Optimised,2,2,32,128,1e-05,0.2,0.5601160862354893
GIN_Optimised,2,2,32,128,1e-05,0.3,0.5498894416804865
GIN_Optimised,2,2,32,128,1e-05,0.4,0.5519624101713655
GIN_Optimised,2,2,32,128,1e-05,0.5,0.5385572139303483
GIN_Optimised,2,2,32,256,0.001,0.1,0.5083609729132117
GIN_Optimised,2,2,32,256,0.001,0.2,0.5082227750138197
GIN_Optimised,2,2,32,256,0.001,0.3,0.5090519624101714
GIN_Optimised,2,2,32,256,0.001,0.4,0.49958540630182424
GIN_Optimised,2,2,32,256,0.001,0.5,0.5064262023217247
GIN_Optimised,2,2,32,256,0.0001,0.1,0.6010226644555002
GIN_Optimised,2,2,32,256,0.0001,0.2,0.6118021006080706
GIN_Optimised,2,2,32,256,0.0001,0.3,0.6276948590381427
GIN_Optimised,2,2,32,256,0.0001,0.4,0.6059977888336097
GIN_Optimised,2,2,32,256,0.0001,0.5,0.5641238253178551
GIN_Optimised,2,2,32,256,1e-05,0.1,0.6322553897180763
GIN_Optimised,2,2,32,256,1e-05,0.2,0.6311498065229408
GIN_Optimised,2,2,32,256,1e-05,0.3,0.6380597014925373
GIN_Optimised,2,2,32,256,1e-05,0.4,0.627003869541183
GIN_Optimised,2,2,32,256,1e-05,0.5,0.6317025981205084
GIN_Optimised,2,2,64,64,0.001,0.1,0.6684632393587617
GIN_Optimised,2,2,64,64,0.001,0.2,0.5713101160862355
GIN_Optimised,2,2,64,64,0.001,0.3,0.589828634604754
GIN_Optimised,2,2,64,64,0.001,0.4,0.6310116086235488
GIN_Optimised,2,2,64,64,0.001,0.5,0.601299060254284
GIN_Optimised,2,2,64,64,0.0001,0.1,0.5950801547816473
GIN_Optimised,2,2,64,64,0.0001,0.2,0.5891376451077944
GIN_Optimised,2,2,64,64,0.0001,0.3,0.5901050304035379
GIN_Optimised,2,2,64,64,0.0001,0.4,0.5968767274737424
GIN_Optimised,2,2,64,64,0.0001,0.5,0.6028192371475953
GIN_Optimised,2,2,64,64,1e-05,0.1,0.6145660585959093
GIN_Optimised,2,2,64,64,1e-05,0.2,0.614980652294085
GIN_Optimised,2,2,64,64,1e-05,0.3,0.6145660585959093
GIN_Optimised,2,2,64,64,1e-05,0.4,0.6145660585959093
GIN_Optimised,2,2,64,64,1e-05,0.5,0.6140132669983416
GIN_Optimised,2,2,64,128,0.001,0.1,0.5538971807628523
GIN_Optimised,2,2,64,128,0.001,0.2,0.6087617468214483
GIN_Optimised,2,2,64,128,0.001,0.3,0.6142896627971254
GIN_Optimised,2,2,64,128,0.001,0.4,0.5805693753454948
GIN_Optimised,2,2,64,128,0.001,0.5,0.6239635157545605
GIN_Optimised,2,2,64,128,0.0001,0.1,0.5972913211719182
GIN_Optimised,2,2,64,128,0.0001,0.2,0.5834715312327252
GIN_Optimised,2,2,64,128,0.0001,0.3,0.5892758430071863
GIN_Optimised,2,2,64,128,0.0001,0.4,0.5749032614704257
GIN_Optimised,2,2,64,128,0.0001,0.5,0.5837479270315091
GIN_Optimised,2,2,64,128,1e-05,0.1,0.4957158651188502
GIN_Optimised,2,2,64,128,1e-05,0.2,0.4841072415699281
GIN_Optimised,2,2,64,128,1e-05,0.3,0.4700110558319514
GIN_Optimised,2,2,64,128,1e-05,0.4,0.47429519071310117
GIN_Optimised,2,2,64,128,1e-05,0.5,0.4737423991155335
GIN_Optimised,2,2,64,256,0.001,0.1,0.5073244886677722
GIN_Optimised,2,2,64,256,0.001,0.2,0.5080845771144279
GIN_Optimised,2,2,64,256,0.001,0.3,0.5732448866777224
GIN_Optimised,2,2,64,256,0.001,0.4,0.5046296296296295
GIN_Optimised,2,2,64,256,0.001,0.5,0.5305417357656164
GIN_Optimised,2,2,64,256,0.0001,0.1,0.6478717523493642
GIN_Optimised,2,2,64,256,0.0001,0.2,0.634604754007739
GIN_Optimised,2,2,64,256,0.0001,0.3,0.6616915422885572
GIN_Optimised,2,2,64,256,0.0001,0.4,0.6478717523493642
GIN_Optimised,2,2,64,256,0.0001,0.5,0.6404090657822001
GIN_Optimised,2,2,64,256,1e-05,0.1,0.6239635157545605
GIN_Optimised,2,2,64,256,1e-05,0.2,0.6369541182974019
GIN_Optimised,2,2,64,256,1e-05,0.3,0.6355721393034826
GIN_Optimised,2,2,64,256,1e-05,0.4,0.6228579325594251
GIN_Optimised,2,2,64,256,1e-05,0.5,0.6189883913764511
GIN_Optimised,2,2,128,64,0.001,0.1,0.6308734107241569
GIN_Optimised,2,2,128,64,0.001,0.2,0.615118850193477
GIN_Optimised,2,2,128,64,0.001,0.3,0.6227197346600332
GIN_Optimised,2,2,128,64,0.001,0.4,0.6350193477059148
GIN_Optimised,2,2,128,64,0.001,0.5,0.621199557766722
GIN_Optimised,2,2,128,64,0.0001,0.1,0.5673023770038695
GIN_Optimised,2,2,128,64,0.0001,0.2,0.5708955223880596
GIN_Optimised,2,2,128,64,0.0001,0.3,0.5731066887783305
GIN_Optimised,2,2,128,64,0.0001,0.4,0.5744886677722499
GIN_Optimised,2,2,128,64,0.0001,0.5,0.5784964068546158
GIN_Optimised,2,2,128,64,1e-05,0.1,0.5409065782200111
GIN_Optimised,2,2,128,64,1e-05,0.2,0.5409065782200111
GIN_Optimised,2,2,128,64,1e-05,0.3,0.5409065782200111
GIN_Optimised,2,2,128,64,1e-05,0.4,0.5404919845218352
GIN_Optimised,2,2,128,64,1e-05,0.5,0.5400773908236595
GIN_Optimised,2,2,128,128,0.001,0.1,0.6372305140961857
GIN_Optimised,2,2,128,128,0.001,0.2,0.5895522388059702
GIN_Optimised,2,2,128,128,0.001,0.3,0.6087617468214483
GIN_Optimised,2,2,128,128,0.001,0.4,0.560668877833057
GIN_Optimised,2,2,128,128,0.001,0.5,0.605168601437258
GIN_Optimised,2,2,128,128,0.0001,0.1,0.5860972913211719
GIN_Optimised,2,2,128,128,0.0001,0.2,0.5797401879491432
GIN_Optimised,2,2,128,128,0.0001,0.3,0.5862354892205638
GIN_Optimised,2,2,128,128,0.0001,0.4,0.5914870093974572
GIN_Optimised,2,2,128,128,0.0001,0.5,0.599640685461581
GIN_Optimised,2,2,128,128,1e-05,0.1,0.40878938640132667
GIN_Optimised,2,2,128,128,1e-05,0.2,0.40008291873963514
GIN_Optimised,2,2,128,128,1e-05,0.3,0.37534549474847984
GIN_Optimised,2,2,128,128,1e-05,0.4,0.3864013266998342
GIN_Optimised,2,2,128,128,1e-05,0.5,0.36318407960199006
GIN_Optimised,2,2,128,256,0.001,0.1,0.6393034825870647
GIN_Optimised,2,2,128,256,0.001,0.2,0.6135986733001658
GIN_Optimised,2,2,128,256,0.001,0.3,0.6065505804311774
GIN_Optimised,2,2,128,256,0.001,0.4,0.5791873963515753
GIN_Optimised,2,2,128,256,0.001,0.5,0.6195411829740188
GIN_Optimised,2,2,128,256,0.0001,0.1,0.6283858485351023
GIN_Optimised,2,2,128,256,0.0001,0.2,0.6127694859038142
GIN_Optimised,2,2,128,256,0.0001,0.3,0.6122166943062465
GIN_Optimised,2,2,128,256,0.0001,0.4,0.6156716417910448
GIN_Optimised,2,2,128,256,0.0001,0.5,0.6059977888336097
GIN_Optimised,2,2,128,256,1e-05,0.1,0.628800442233278
GIN_Optimised,2,2,128,256,1e-05,0.2,0.6304588170259812
GIN_Optimised,2,2,128,256,1e-05,0.3,0.6304588170259812
GIN_Optimised,2,2,128,256,1e-05,0.4,0.6181592039800995
GIN_Optimised,2,2,128,256,1e-05,0.5,0.6314262023217246
GIN_Optimised,2,3,32,64,0.001,0.1,0.5619126589275842
GIN_Optimised,2,3,32,64,0.001,0.2,0.6303206191265893
GIN_Optimised,2,3,32,64,0.001,0.3,0.49094803758982863
GIN_Optimised,2,3,32,64,0.001,0.4,0.6517412935323382
GIN_Optimised,2,3,32,64,0.001,0.5,0.4915699281370923
GIN_Optimised,2,3,32,64,0.0001,0.1,0.552515201768933
GIN_Optimised,2,3,32,64,0.0001,0.2,0.5678551686014373
GIN_Optimised,2,3,32,64,0.0001,0.3,0.5697899391929242
GIN_Optimised,2,3,32,64,0.0001,0.4,0.5863736871199556
GIN_Optimised,2,3,32,64,0.0001,0.5,0.5519624101713654
GIN_Optimised,2,3,32,64,1e-05,0.1,0.6133222775013819
GIN_Optimised,2,3,32,64,1e-05,0.2,0.6148424543946932
GIN_Optimised,2,3,32,64,1e-05,0.3,0.6156716417910447
GIN_Optimised,2,3,32,64,1e-05,0.4,0.6166390270867882
GIN_Optimised,2,3,32,64,1e-05,0.5,0.6173300165837479
GIN_Optimised,2,3,32,128,0.001,0.1,0.5503731343283581
GIN_Optimised,2,3,32,128,0.001,0.2,0.6243781094527363
GIN_Optimised,2,3,32,128,0.001,0.3,0.5451216141514649
GIN_Optimised,2,3,32,128,0.001,0.4,0.5608070757324488
GIN_Optimised,2,3,32,128,0.001,0.5,0.5664040906578219
GIN_Optimised,2,3,32,128,0.0001,0.1,0.6252072968490879
GIN_Optimised,2,3,32,128,0.0001,0.2,0.6288004422332779
GIN_Optimised,2,3,32,128,0.0001,0.3,0.6290768380320619
GIN_Optimised,2,3,32,128,0.0001,0.4,0.6274184632393588
GIN_Optimised,2,3,32,128,0.0001,0.5,0.6239635157545605
GIN_Optimised,2,3,32,128,1e-05,0.1,0.5071862907683804
GIN_Optimised,2,3,32,128,1e-05,0.2,0.5203150912106137
GIN_Optimised,2,3,32,128,1e-05,0.3,0.5251520176893311
GIN_Optimised,2,3,32,128,1e-05,0.4,0.517551133222775
GIN_Optimised,2,3,32,128,1e-05,0.5,0.5261194029850748
GIN_Optimised,2,3,32,256,0.001,0.1,0.5482310668877833
GIN_Optimised,2,3,32,256,0.001,0.2,0.529297954671089
GIN_Optimised,2,3,32,256,0.001,0.3,0.5487147595356551
GIN_Optimised,2,3,32,256,0.001,0.4,0.5485765616362631
GIN_Optimised,2,3,32,256,0.001,0.5,0.5485074626865671
GIN_Optimised,2,3,32,256,0.0001,0.1,0.5765616362631288
GIN_Optimised,2,3,32,256,0.0001,0.2,0.6133222775013819
GIN_Optimised,2,3,32,256,0.0001,0.3,0.6058595909342177
GIN_Optimised,2,3,32,256,0.0001,0.4,0.6376451077943615
GIN_Optimised,2,3,32,256,0.0001,0.5,0.5954947484798232
GIN_Optimised,2,3,32,256,1e-05,0.1,0.6087617468214481
GIN_Optimised,2,3,32,256,1e-05,0.2,0.6158098396904367
GIN_Optimised,2,3,32,256,1e-05,0.3,0.6124930901050304
GIN_Optimised,2,3,32,256,1e-05,0.4,0.6115257048092869
GIN_Optimised,2,3,32,256,1e-05,0.5,0.6137368711995577
GIN_Optimised,2,3,64,64,0.001,0.1,0.6551962410171365
GIN_Optimised,2,3,64,64,0.001,0.2,0.5894140409065782
GIN_Optimised,2,3,64,64,0.001,0.3,0.5992260917634051
GIN_Optimised,2,3,64,64,0.001,0.4,0.607379767827529
GIN_Optimised,2,3,64,64,0.001,0.5,0.6068269762299613
GIN_Optimised,2,3,64,64,0.0001,0.1,0.5501658374792702
GIN_Optimised,2,3,64,64,0.0001,0.2,0.5565229408512989
GIN_Optimised,2,3,64,64,0.0001,0.3,0.5558319513543394
GIN_Optimised,2,3,64,64,0.0001,0.4,0.564538419016031
GIN_Optimised,2,3,64,64,0.0001,0.5,0.554588170259812
GIN_Optimised,2,3,64,64,1e-05,0.1,0.5725538971807628
GIN_Optimised,2,3,64,64,1e-05,0.2,0.5726920950801548
GIN_Optimised,2,3,64,64,1e-05,0.3,0.5720011055831952
GIN_Optimised,2,3,64,64,1e-05,0.4,0.5720011055831952
GIN_Optimised,2,3,64,64,1e-05,0.5,0.5718629076838031
GIN_Optimised,2,3,64,128,0.001,0.1,0.615257048092869
GIN_Optimised,2,3,64,128,0.001,0.2,0.6118021006080707
GIN_Optimised,2,3,64,128,0.001,0.3,0.5919016030956329
GIN_Optimised,2,3,64,128,0.001,0.4,0.5648148148148149
GIN_Optimised,2,3,64,128,0.001,0.5,0.6419292426755113
GIN_Optimised,2,3,64,128,0.0001,0.1,0.5726920950801547
GIN_Optimised,2,3,64,128,0.0001,0.2,0.5697899391929243
GIN_Optimised,2,3,64,128,0.0001,0.3,0.5733830845771144
GIN_Optimised,2,3,64,128,0.0001,0.4,0.5873410724156991
GIN_Optimised,2,3,64,128,0.0001,0.5,0.5591487009397458
GIN_Optimised,2,3,64,128,1e-05,0.1,0.47968490878938636
GIN_Optimised,2,3,64,128,1e-05,0.2,0.4825870646766169
GIN_Optimised,2,3,64,128,1e-05,0.3,0.4860420121614151
GIN_Optimised,2,3,64,128,1e-05,0.4,0.3991155334438916
GIN_Optimised,2,3,64,128,1e-05,0.5,0.40409065782200104
GIN_Optimised,2,3,64,256,0.001,0.1,0.5478855721393034
GIN_Optimised,2,3,64,256,0.001,0.2,0.62106135986733
GIN_Optimised,2,3,64,256,0.001,0.3,0.5500276395798783
GIN_Optimised,2,3,64,256,0.001,0.4,0.5678551686014373
GIN_Optimised,2,3,64,256,0.001,0.5,0.5455362078496406
GIN_Optimised,2,3,64,256,0.0001,0.1,0.6118021006080707
GIN_Optimised,2,3,64,256,0.0001,0.2,0.605721393034826
GIN_Optimised,2,3,64,256,0.0001,0.3,0.592039800995025
GIN_Optimised,2,3,64,256,0.0001,0.4,0.6018518518518519
GIN_Optimised,2,3,64,256,0.0001,0.5,0.589828634604754
GIN_Optimised,2,3,64,256,1e-05,0.1,0.6046158098396904
GIN_Optimised,2,3,64,256,1e-05,0.2,0.6065505804311774
GIN_Optimised,2,3,64,256,1e-05,0.3,0.6115257048092869
GIN_Optimised,2,3,64,256,1e-05,0.4,0.5974295190713103
GIN_Optimised,2,3,64,256,1e-05,0.5,0.6141514648977335
GIN_Optimised,2,3,128,64,0.001,0.1,0.6102819237147594
GIN_Optimised,2,3,128,64,0.001,0.2,0.5841625207296849
GIN_Optimised,2,3,128,64,0.001,0.3,0.5930071862907684
GIN_Optimised,2,3,128,64,0.001,0.4,0.599502487562189
GIN_Optimised,2,3,128,64,0.001,0.5,0.5891376451077944
GIN_Optimised,2,3,128,64,0.0001,0.1,0.5171365395245993
GIN_Optimised,2,3,128,64,0.0001,0.2,0.5182421227197347
GIN_Optimised,2,3,128,64,0.0001,0.3,0.5243228302929795
GIN_Optimised,2,3,128,64,0.0001,0.4,0.5378662244333885
GIN_Optimised,2,3,128,64,0.0001,0.5,0.5462962962962963
GIN_Optimised,2,3,128,64,1e-05,0.1,0.4871475953565506
GIN_Optimised,2,3,128,64,1e-05,0.2,0.4871475953565506
GIN_Optimised,2,3,128,64,1e-05,0.3,0.48714759535655056
GIN_Optimised,2,3,128,64,1e-05,0.4,0.4870093974571586
GIN_Optimised,2,3,128,64,1e-05,0.5,0.4867330016583748
GIN_Optimised,2,3,128,128,0.001,0.1,0.6145660585959093
GIN_Optimised,2,3,128,128,0.001,0.2,0.5905196241017137
GIN_Optimised,2,3,128,128,0.001,0.3,0.6194029850746269
GIN_Optimised,2,3,128,128,0.001,0.4,0.6011608623548923
GIN_Optimised,2,3,128,128,0.001,0.5,0.6042012161415146
GIN_Optimised,2,3,128,128,0.0001,0.1,0.5639856274184633
GIN_Optimised,2,3,128,128,0.0001,0.2,0.603648424543947
GIN_Optimised,2,3,128,128,0.0001,0.3,0.5996406854615811
GIN_Optimised,2,3,128,128,0.0001,0.4,0.5982587064676617
GIN_Optimised,2,3,128,128,0.0001,0.5,0.5993642896627972
GIN_Optimised,2,3,128,128,1e-05,0.1,0.42620232172470973
GIN_Optimised,2,3,128,128,1e-05,0.2,0.4358761746821448
GIN_Optimised,2,3,128,128,1e-05,0.3,0.3898562741846324
GIN_Optimised,2,3,128,128,1e-05,0.4,0.3991155334438917
GIN_Optimised,2,3,128,128,1e-05,0.5,0.40312327252625757
GIN_Optimised,2,3,128,256,0.001,0.1,0.6340519624101714
GIN_Optimised,2,3,128,256,0.001,0.2,0.6616915422885572
GIN_Optimised,2,3,128,256,0.001,0.3,0.630873410724157
GIN_Optimised,2,3,128,256,0.001,0.4,0.614980652294085
GIN_Optimised,2,3,128,256,0.001,0.5,0.6101437258153675
GIN_Optimised,2,3,128,256,0.0001,0.1,0.5830569375345495
GIN_Optimised,2,3,128,256,0.0001,0.2,0.5953565505804312
GIN_Optimised,2,3,128,256,0.0001,0.3,0.6007462686567163
GIN_Optimised,2,3,128,256,0.0001,0.4,0.6127694859038143
GIN_Optimised,2,3,128,256,0.0001,0.5,0.6083471531232725
GIN_Optimised,2,3,128,256,1e-05,0.1,0.6071033720287452
GIN_Optimised,2,3,128,256,1e-05,0.2,0.6061359867330015
GIN_Optimised,2,3,128,256,1e-05,0.3,0.6126312880044222
GIN_Optimised,2,3,128,256,1e-05,0.4,0.5988114980652294
GIN_Optimised,2,3,128,256,1e-05,0.5,0.6271420674405749
GIN_Optimised,2,4,32,64,0.001,0.1,0.5105030403537867
GIN_Optimised,2,4,32,64,0.001,0.2,0.5876174682144831
GIN_Optimised,2,4,32,64,0.001,0.3,0.4933665008291874
GIN_Optimised,2,4,32,64,0.001,0.4,0.5011746821448315
GIN_Optimised,2,4,32,64,0.001,0.5,0.5867191818684355
GIN_Optimised,2,4,32,64,0.0001,0.1,0.6178828081813157
GIN_Optimised,2,4,32,64,0.0001,0.2,0.6355721393034826
GIN_Optimised,2,4,32,64,0.0001,0.3,0.6281094527363184
GIN_Optimised,2,4,32,64,0.0001,0.4,0.5986042012161416
GIN_Optimised,2,4,32,64,0.0001,0.5,0.6187119955776671
GIN_Optimised,2,4,32,64,1e-05,0.1,0.6321171918186842
GIN_Optimised,2,4,32,64,1e-05,0.2,0.6308734107241569
GIN_Optimised,2,4,32,64,1e-05,0.3,0.6299060254284135
GIN_Optimised,2,4,32,64,1e-05,0.4,0.6260364842454393
GIN_Optimised,2,4,32,64,1e-05,0.5,0.6243090105030403
GIN_Optimised,2,4,32,128,0.001,0.1,0.5109176340519624
GIN_Optimised,2,4,32,128,0.001,0.2,0.5102957435046986
GIN_Optimised,2,4,32,128,0.001,0.3,0.5129906025428412
GIN_Optimised,2,4,32,128,0.001,0.4,0.5212824765063572
GIN_Optimised,2,4,32,128,0.001,0.5,0.5180348258706466
GIN_Optimised,2,4,32,128,0.0001,0.1,0.5913488114980652
GIN_Optimised,2,4,32,128,0.0001,0.2,0.5851299060254284
GIN_Optimised,2,4,32,128,0.0001,0.3,0.5927307904919845
GIN_Optimised,2,4,32,128,0.0001,0.4,0.5695826423438364
GIN_Optimised,2,4,32,128,0.0001,0.5,0.5981896075179657
GIN_Optimised,2,4,32,128,1e-05,0.1,0.611249309010503
GIN_Optimised,2,4,32,128,1e-05,0.2,0.6087617468214483
GIN_Optimised,2,4,32,128,1e-05,0.3,0.6017136539524599
GIN_Optimised,2,4,32,128,1e-05,0.4,0.595494748479823
GIN_Optimised,2,4,32,128,1e-05,0.5,0.587893864013267
GIN_Optimised,2,4,32,256,0.001,0.1,0.5141652846876728
GIN_Optimised,2,4,32,256,0.001,0.2,0.515685461580984
GIN_Optimised,2,4,32,256,0.001,0.3,0.5176893311221669
GIN_Optimised,2,4,32,256,0.001,0.4,0.5124378109452736
GIN_Optimised,2,4,32,256,0.001,0.5,0.5011055831951354
GIN_Optimised,2,4,32,256,0.0001,0.1,0.5807075732448868
GIN_Optimised,2,4,32,256,0.0001,0.2,0.5924543946932007
GIN_Optimised,2,4,32,256,0.0001,0.3,0.5907960199004976
GIN_Optimised,2,4,32,256,0.0001,0.4,0.5807766721945827
GIN_Optimised,2,4,32,256,0.0001,0.5,0.5827805417357657
GIN_Optimised,2,4,32,256,1e-05,0.1,0.5912106135986732
GIN_Optimised,2,4,32,256,1e-05,0.2,0.5910724156992814
GIN_Optimised,2,4,32,256,1e-05,0.3,0.589690436705362
GIN_Optimised,2,4,32,256,1e-05,0.4,0.5901050304035379
GIN_Optimised,2,4,32,256,1e-05,0.5,0.5945273631840796
GIN_Optimised,2,4,64,64,0.001,0.1,0.5894140409065782
GIN_Optimised,2,4,64,64,0.001,0.2,0.5807075732448868
GIN_Optimised,2,4,64,64,0.001,0.3,0.5899668325041459
GIN_Optimised,2,4,64,64,0.001,0.4,0.5762852404643449
GIN_Optimised,2,4,64,64,0.001,0.5,0.603648424543947
GIN_Optimised,2,4,64,64,0.0001,0.1,0.624930901050304
GIN_Optimised,2,4,64,64,0.0001,0.2,0.6336373687119956
GIN_Optimised,2,4,64,64,0.0001,0.3,0.625
GIN_Optimised,2,4,64,64,0.0001,0.4,0.627003869541183
GIN_Optimised,2,4,64,64,0.0001,0.5,0.6234798231066888
GIN_Optimised,2,4,64,64,1e-05,0.1,0.6370232172470979
GIN_Optimised,2,4,64,64,1e-05,0.2,0.6371614151464897
GIN_Optimised,2,4,64,64,1e-05,0.3,0.6371614151464897
GIN_Optimised,2,4,64,64,1e-05,0.4,0.6370923161967939
GIN_Optimised,2,4,64,64,1e-05,0.5,0.6373687119955775
GIN_Optimised,2,4,64,128,0.001,0.1,0.5382808181315644
GIN_Optimised,2,4,64,128,0.001,0.2,0.5595632946379215
GIN_Optimised,2,4,64,128,0.001,0.3,0.5828496406854615
GIN_Optimised,2,4,64,128,0.001,0.4,0.5769071310116085
GIN_Optimised,2,4,64,128,0.001,0.5,0.5899668325041458
GIN_Optimised,2,4,64,128,0.0001,0.1,0.5941127694859037
GIN_Optimised,2,4,64,128,0.0001,0.2,0.5942509673852957
GIN_Optimised,2,4,64,128,0.0001,0.3,0.6007462686567164
GIN_Optimised,2,4,64,128,0.0001,0.4,0.5939054726368159
GIN_Optimised,2,4,64,128,0.0001,0.5,0.5963239358761747
GIN_Optimised,2,4,64,128,1e-05,0.1,0.5216970702045329
GIN_Optimised,2,4,64,128,1e-05,0.2,0.5035931453841902
GIN_Optimised,2,4,64,128,1e-05,0.3,0.4879767827529021
GIN_Optimised,2,4,64,128,1e-05,0.4,0.46918186843559984
GIN_Optimised,2,4,64,128,1e-05,0.5,0.45328911000552796
GIN_Optimised,2,4,64,256,0.001,0.1,0.5168601437258153
GIN_Optimised,2,4,64,256,0.001,0.2,0.4748479823106688
GIN_Optimised,2,4,64,256,0.001,0.3,0.5060807075732447
GIN_Optimised,2,4,64,256,0.001,0.4,0.5148562741846323
GIN_Optimised,2,4,64,256,0.001,0.5,0.5131978993919293
GIN_Optimised,2,4,64,256,0.0001,0.1,0.5836097291321172
GIN_Optimised,2,4,64,256,0.0001,0.2,0.585820895522388
GIN_Optimised,2,4,64,256,0.0001,0.3,0.5903814262023217
GIN_Optimised,2,4,64,256,0.0001,0.4,0.5782200110558321
GIN_Optimised,2,4,64,256,0.0001,0.5,0.6194720840243229
GIN_Optimised,2,4,64,256,1e-05,0.1,0.5771144278606966
GIN_Optimised,2,4,64,256,1e-05,0.2,0.5779436152570482
GIN_Optimised,2,4,64,256,1e-05,0.3,0.574350469872858
GIN_Optimised,2,4,64,256,1e-05,0.4,0.5732448866777224
GIN_Optimised,2,4,64,256,1e-05,0.5,0.5735212824765064
GIN_Optimised,2,4,128,64,0.001,0.1,0.5953565505804311
GIN_Optimised,2,4,128,64,0.001,0.2,0.6104201216141514
GIN_Optimised,2,4,128,64,0.001,0.3,0.5932835820895522
GIN_Optimised,2,4,128,64,0.001,0.4,0.6006771697070205
GIN_Optimised,2,4,128,64,0.001,0.5,0.5544499723604202
GIN_Optimised,2,4,128,64,0.0001,0.1,0.6397180762852406
GIN_Optimised,2,4,128,64,0.0001,0.2,0.6428966279712549
GIN_Optimised,2,4,128,64,0.0001,0.3,0.6399944720840244
GIN_Optimised,2,4,128,64,0.0001,0.4,0.6308734107241569
GIN_Optimised,2,4,128,64,0.0001,0.5,0.6281094527363185
GIN_Optimised,2,4,128,64,1e-05,0.1,0.6240326147042565
GIN_Optimised,2,4,128,64,1e-05,0.2,0.6239635157545607
GIN_Optimised,2,4,128,64,1e-05,0.3,0.6239635157545607
GIN_Optimised,2,4,128,64,1e-05,0.4,0.6240326147042565
GIN_Optimised,2,4,128,64,1e-05,0.5,0.6240326147042565
GIN_Optimised,2,4,128,128,0.001,0.1,0.5753178551686013
GIN_Optimised,2,4,128,128,0.001,0.2,0.581951354339414
GIN_Optimised,2,4,128,128,0.001,0.3,0.578220011055832
GIN_Optimised,2,4,128,128,0.001,0.4,0.5644002211166391
GIN_Optimised,2,4,128,128,0.001,0.5,0.5827805417357655
GIN_Optimised,2,4,128,128,0.0001,0.1,0.5952183526810393
GIN_Optimised,2,4,128,128,0.0001,0.2,0.5729684908789386
GIN_Optimised,2,4,128,128,0.0001,0.3,0.5749032614704257
GIN_Optimised,2,4,128,128,0.0001,0.4,0.5729684908789386
GIN_Optimised,2,4,128,128,0.0001,0.5,0.5769071310116086
GIN_Optimised,2,4,128,128,1e-05,0.1,0.42150359314538416
GIN_Optimised,2,4,128,128,1e-05,0.2,0.4210889994472084
GIN_Optimised,2,4,128,128,1e-05,0.3,0.41956882255389716
GIN_Optimised,2,4,128,128,1e-05,0.4,0.4209508015478165
GIN_Optimised,2,4,128,128,1e-05,0.5,0.4188778330569375
GIN_Optimised,2,4,128,256,0.001,0.1,0.5624654505251521
GIN_Optimised,2,4,128,256,0.001,0.2,0.5733139856274184
GIN_Optimised,2,4,128,256,0.001,0.3,0.5764234383637369
GIN_Optimised,2,4,128,256,0.001,0.4,0.5660585959093423
GIN_Optimised,2,4,128,256,0.001,0.5,0.5635710337202875
GIN_Optimised,2,4,128,256,0.0001,0.1,0.5901050304035379
GIN_Optimised,2,4,128,256,0.0001,0.2,0.5812603648424545
GIN_Optimised,2,4,128,256,0.0001,0.3,0.5931453841901603
GIN_Optimised,2,4,128,256,0.0001,0.4,0.5880320619126589
GIN_Optimised,2,4,128,256,0.0001,0.5,0.5887230514096186
GIN_Optimised,2,4,128,256,1e-05,0.1,0.5762852404643449
GIN_Optimised,2,4,128,256,1e-05,0.2,0.573935876174682
GIN_Optimised,2,4,128,256,1e-05,0.3,0.5706191265892757
GIN_Optimised,2,4,128,256,1e-05,0.4,0.5720011055831952
GIN_Optimised,2,4,128,256,1e-05,0.5,0.5706191265892758
GIN_Optimised,3,0,32,64,0.001,0.1,0.5967410653156237
GIN_Optimised,3,0,32,64,0.001,0.2,0.5907161440503903
GIN_Optimised,3,0,32,64,0.001,0.3,0.6378200739422156
GIN_Optimised,3,0,32,64,0.001,0.4,0.6328905929070245
GIN_Optimised,3,0,32,64,0.001,0.5,0.6270026016705463
GIN_Optimised,3,0,32,64,0.0001,0.1,0.6330275229357798
GIN_Optimised,3,0,32,64,0.0001,0.2,0.6383677940572369
GIN_Optimised,3,0,32,64,0.0001,0.3,0.6387785841435027
GIN_Optimised,3,0,32,64,0.0001,0.4,0.6368615637409284
GIN_Optimised,3,0,32,64,0.0001,0.5,0.6409694646035876
GIN_Optimised,3,0,32,64,1e-05,0.1,0.6491852663289059
GIN_Optimised,3,0,32,64,1e-05,0.2,0.6500068465014378
GIN_Optimised,3,0,32,64,1e-05,0.3,0.6506914966452143
GIN_Optimised,3,0,32,64,1e-05,0.4,0.6493221963576613
GIN_Optimised,3,0,32,64,1e-05,0.5,0.6498699164726826
GIN_Optimised,3,0,32,128,0.001,0.1,0.507325756538409
GIN_Optimised,3,0,32,128,0.001,0.2,0.543612214158565
GIN_Optimised,3,0,32,128,0.001,0.3,0.5046556209776805
GIN_Optimised,3,0,32,128,0.001,0.4,0.5075996165959195
GIN_Optimised,3,0,32,128,0.001,0.5,0.5793509516636999
GIN_Optimised,3,0,32,128,0.0001,0.1,0.6508284266739696
GIN_Optimised,3,0,32,128,0.0001,0.2,0.6448035054087362
GIN_Optimised,3,0,32,128,0.0001,0.3,0.6360399835683965
GIN_Optimised,3,0,32,128,0.0001,0.4,0.640284814459811
GIN_Optimised,3,0,32,128,0.0001,0.5,0.6397370943447898
GIN_Optimised,3,0,32,128,1e-05,0.1,0.607558537587293
GIN_Optimised,3,0,32,128,1e-05,0.2,0.617417499657675
GIN_Optimised,3,0,32,128,1e-05,0.3,0.6061892372997398
GIN_Optimised,3,0,32,128,1e-05,0.4,0.6070108174722717
GIN_Optimised,3,0,32,128,1e-05,0.5,0.6011228262357935
GIN_Optimised,3,0,32,256,0.001,0.1,0.51341914281802
GIN_Optimised,3,0,32,256,0.001,0.2,0.5147884431055731
GIN_Optimised,3,0,32,256,0.001,0.3,0.5103382171710257
GIN_Optimised,3,0,32,256,0.001,0.4,0.5153361632205943
GIN_Optimised,3,0,32,256,0.001,0.5,0.5086265918115843
GIN_Optimised,3,0,32,256,0.0001,0.1,0.6417910447761194
GIN_Optimised,3,0,32,256,0.0001,0.2,0.620566890319047
GIN_Optimised,3,0,32,256,0.0001,0.3,0.6490483363001507
GIN_Optimised,3,0,32,256,0.0001,0.4,0.6253594413254826
GIN_Optimised,3,0,32,256,0.0001,0.5,0.6171436396001645
GIN_Optimised,3,0,32,256,1e-05,0.1,0.6610981788306175
GIN_Optimised,3,0,32,256,1e-05,0.2,0.6605504587155965
GIN_Optimised,3,0,32,256,1e-05,0.3,0.6634259893194578
GIN_Optimised,3,0,32,256,1e-05,0.4,0.6610981788306175
GIN_Optimised,3,0,32,256,1e-05,0.5,0.6621936190606601
GIN_Optimised,3,0,64,64,0.001,0.1,0.659455018485554
GIN_Optimised,3,0,64,64,0.001,0.2,0.6457620156100233
GIN_Optimised,3,0,64,64,0.001,0.3,0.6491852663289059
GIN_Optimised,3,0,64,64,0.001,0.4,0.6538408873065864
GIN_Optimised,3,0,64,64,0.001,0.5,0.6468574558400658
GIN_Optimised,3,0,64,64,0.0001,0.1,0.6380939339997261
GIN_Optimised,3,0,64,64,0.0001,0.2,0.6361769135971519
GIN_Optimised,3,0,64,64,0.0001,0.3,0.6348076133095989
GIN_Optimised,3,0,64,64,0.0001,0.4,0.6306997124469396
GIN_Optimised,3,0,64,64,0.0001,0.5,0.6382308640284815
GIN_Optimised,3,0,64,64,1e-05,0.1,0.6400109544023006
GIN_Optimised,3,0,64,64,1e-05,0.2,0.6397370943447899
GIN_Optimised,3,0,64,64,1e-05,0.3,0.6401478844310559
GIN_Optimised,3,0,64,64,1e-05,0.4,0.6401478844310559
GIN_Optimised,3,0,64,64,1e-05,0.5,0.6400109544023005
GIN_Optimised,3,0,64,128,0.001,0.1,0.60851704778858
GIN_Optimised,3,0,64,128,0.001,0.2,0.6376831439134601
GIN_Optimised,3,0,64,128,0.001,0.3,0.6357661235108859
GIN_Optimised,3,0,64,128,0.001,0.4,0.5979734355744215
GIN_Optimised,3,0,64,128,0.001,0.5,0.6390524442010133
GIN_Optimised,3,0,64,128,0.0001,0.1,0.6420649048336301
GIN_Optimised,3,0,64,128,0.0001,0.2,0.6483636861563741
GIN_Optimised,3,0,64,128,0.0001,0.3,0.6452142954950021
GIN_Optimised,3,0,64,128,0.0001,0.4,0.6490483363001506
GIN_Optimised,3,0,64,128,0.0001,0.5,0.6217992605778446
GIN_Optimised,3,0,64,128,1e-05,0.1,0.517732438723812
GIN_Optimised,3,0,64,128,1e-05,0.2,0.49883609475557983
GIN_Optimised,3,0,64,128,1e-05,0.3,0.49185266328905924
GIN_Optimised,3,0,64,128,1e-05,0.4,0.43940846227577707
GIN_Optimised,3,0,64,128,1e-05,0.5,0.46213884704915786
GIN_Optimised,3,0,64,256,0.001,0.1,0.5045871559633027
GIN_Optimised,3,0,64,256,0.001,0.2,0.5058879912364782
GIN_Optimised,3,0,64,256,0.001,0.3,0.5130083527317542
GIN_Optimised,3,0,64,256,0.001,0.4,0.5562097768040531
GIN_Optimised,3,0,64,256,0.001,0.5,0.5162946734218814
GIN_Optimised,3,0,64,256,0.0001,0.1,0.6542516773928524
GIN_Optimised,3,0,64,256,0.0001,0.2,0.6546624674791183
GIN_Optimised,3,0,64,256,0.0001,0.3,0.6523346569902779
GIN_Optimised,3,0,64,256,0.0001,0.4,0.6612351088593729
GIN_Optimised,3,0,64,256,0.0001,0.5,0.6595919485143091
GIN_Optimised,3,0,64,256,1e-05,0.1,0.6663015199233192
GIN_Optimised,3,0,64,256,1e-05,0.2,0.663973709434479
GIN_Optimised,3,0,64,256,1e-05,0.3,0.6621936190606601
GIN_Optimised,3,0,64,256,1e-05,0.4,0.6647952896070107
GIN_Optimised,3,0,64,256,1e-05,0.5,0.663973709434479
GIN_Optimised,3,0,128,64,0.001,0.1,0.6486375462138848
GIN_Optimised,3,0,128,64,0.001,0.2,0.6509653567027249
GIN_Optimised,3,0,128,64,0.001,0.3,0.6432972750924278
GIN_Optimised,3,0,128,64,0.001,0.4,0.6413802546898534
GIN_Optimised,3,0,128,64,0.001,0.5,0.63535533342462
GIN_Optimised,3,0,128,64,0.0001,0.1,0.6107079282486649
GIN_Optimised,3,0,128,64,0.0001,0.2,0.6145419690538134
GIN_Optimised,3,0,128,64,0.0001,0.3,0.6157743393126114
GIN_Optimised,3,0,128,64,0.0001,0.4,0.6234424209229085
GIN_Optimised,3,0,128,64,0.0001,0.5,0.624127071066685
GIN_Optimised,3,0,128,64,1e-05,0.1,0.5841435026701356
GIN_Optimised,3,0,128,64,1e-05,0.2,0.5841435026701356
GIN_Optimised,3,0,128,64,1e-05,0.3,0.5842804326988909
GIN_Optimised,3,0,128,64,1e-05,0.4,0.583869642612625
GIN_Optimised,3,0,128,64,1e-05,0.5,0.5835957825551144
GIN_Optimised,3,0,128,128,0.001,0.1,0.6453512255237573
GIN_Optimised,3,0,128,128,0.001,0.2,0.637546213884705
GIN_Optimised,3,0,128,128,0.001,0.3,0.6489114062713953
GIN_Optimised,3,0,128,128,0.001,0.4,0.6282349719293441
GIN_Optimised,3,0,128,128,0.001,0.5,0.6217992605778448
GIN_Optimised,3,0,128,128,0.0001,0.1,0.6489114062713953
GIN_Optimised,3,0,128,128,0.0001,0.2,0.6475421059838423
GIN_Optimised,3,0,128,128,0.0001,0.3,0.6442557852937149
GIN_Optimised,3,0,128,128,0.0001,0.4,0.6498699164726824
GIN_Optimised,3,0,128,128,0.0001,0.5,0.6458989456387786
GIN_Optimised,3,0,128,128,1e-05,0.1,0.37696836916335746
GIN_Optimised,3,0,128,128,1e-05,0.2,0.3688894974667945
GIN_Optimised,3,0,128,128,1e-05,0.3,0.36752019717924145
GIN_Optimised,3,0,128,128,1e-05,0.4,0.3671094070929755
GIN_Optimised,3,0,128,128,1e-05,0.5,0.36122141585649736
GIN_Optimised,3,0,128,256,0.001,0.1,0.6019444064083254
GIN_Optimised,3,0,128,256,0.001,0.2,0.5886621936190607
GIN_Optimised,3,0,128,256,0.001,0.3,0.6300150623031631
GIN_Optimised,3,0,128,256,0.001,0.4,0.6157743393126114
GIN_Optimised,3,0,128,256,0.001,0.5,0.5631932082705737
GIN_Optimised,3,0,128,256,0.0001,0.1,0.6472682459263317
GIN_Optimised,3,0,128,256,0.0001,0.2,0.651923866904012
GIN_Optimised,3,0,128,256,0.0001,0.3,0.6598658085718196
GIN_Optimised,3,0,128,256,0.0001,0.4,0.6553471176228945
GIN_Optimised,3,0,128,256,0.0001,0.5,0.6443927153224703
GIN_Optimised,3,0,128,256,1e-05,0.1,0.6667123100095851
GIN_Optimised,3,0,128,256,1e-05,0.2,0.66219361906066
GIN_Optimised,3,0,128,256,1e-05,0.3,0.6636998493769685
GIN_Optimised,3,0,128,256,1e-05,0.4,0.6609612488018622
GIN_Optimised,3,0,128,256,1e-05,0.5,0.6627413391756812
GIN_Optimised,3,1,32,64,0.001,0.1,0.5946622185154296
GIN_Optimised,3,1,32,64,0.001,0.2,0.49735891020294687
GIN_Optimised,3,1,32,64,0.001,0.3,0.44015846538782316
GIN_Optimised,3,1,32,64,0.001,0.4,0.6387267167083681
GIN_Optimised,3,1,32,64,0.001,0.5,0.47928829580205734
GIN_Optimised,3,1,32,64,0.0001,0.1,0.6159299416180151
GIN_Optimised,3,1,32,64,0.0001,0.2,0.6442869057547957
GIN_Optimised,3,1,32,64,0.0001,0.3,0.6353906032805116
GIN_Optimised,3,1,32,64,0.0001,0.4,0.6346260772866278
GIN_Optimised,3,1,32,64,0.0001,0.5,0.6238532110091743
GIN_Optimised,3,1,32,64,1e-05,0.1,0.6590214067278288
GIN_Optimised,3,1,32,64,1e-05,0.2,0.6598554350847929
GIN_Optimised,3,1,32,64,1e-05,0.3,0.6587433972755075
GIN_Optimised,3,1,32,64,1e-05,0.4,0.6581873783708646
GIN_Optimised,3,1,32,64,1e-05,0.5,0.6573533500139005
GIN_Optimised,3,1,32,128,0.001,0.1,0.467333889352238
GIN_Optimised,3,1,32,128,0.001,0.2,0.5414234083958855
GIN_Optimised,3,1,32,128,0.001,0.3,0.4897831526271893
GIN_Optimised,3,1,32,128,0.001,0.4,0.4783847650820128
GIN_Optimised,3,1,32,128,0.001,0.5,0.4691409507923269
GIN_Optimised,3,1,32,128,0.0001,0.1,0.6295524047817627
GIN_Optimised,3,1,32,128,0.0001,0.2,0.6212121212121212
GIN_Optimised,3,1,32,128,0.0001,0.3,0.6145398943564082
GIN_Optimised,3,1,32,128,0.0001,0.4,0.5970252988601613
GIN_Optimised,3,1,32,128,0.0001,0.5,0.5821517931609675
GIN_Optimised,3,1,32,128,1e-05,0.1,0.5922991381706978
GIN_Optimised,3,1,32,128,1e-05,0.2,0.591326105087573
GIN_Optimised,3,1,32,128,1e-05,0.3,0.597164303586322
GIN_Optimised,3,1,32,128,1e-05,0.4,0.6023074784542675
GIN_Optimised,3,1,32,128,1e-05,0.5,0.6169029747011399
GIN_Optimised,3,1,32,256,0.001,0.1,0.5311370586599945
GIN_Optimised,3,1,32,256,0.001,0.2,0.4777592438142897
GIN_Optimised,3,1,32,256,0.001,0.3,0.530442035029191
GIN_Optimised,3,1,32,256,0.001,0.4,0.5149430080622741
GIN_Optimised,3,1,32,256,0.001,0.5,0.48575201556852937
GIN_Optimised,3,1,32,256,0.0001,0.1,0.628023352793995
GIN_Optimised,3,1,32,256,0.0001,0.2,0.6225326661106478
GIN_Optimised,3,1,32,256,0.0001,0.3,0.5681123158187378
GIN_Optimised,3,1,32,256,0.0001,0.4,0.6312204614956909
GIN_Optimised,3,1,32,256,0.0001,0.5,0.6212121212121212
GIN_Optimised,3,1,32,256,1e-05,0.1,0.662913539060328
GIN_Optimised,3,1,32,256,1e-05,0.2,0.6609674728940784
GIN_Optimised,3,1,32,256,1e-05,0.3,0.6634695579649708
GIN_Optimised,3,1,32,256,1e-05,0.4,0.6654156241312205
GIN_Optimised,3,1,32,256,1e-05,0.5,0.6626355296080066
GIN_Optimised,3,1,64,64,0.001,0.1,0.5874339727550737
GIN_Optimised,3,1,64,64,0.001,0.2,0.6583263830970253
GIN_Optimised,3,1,64,64,0.001,0.3,0.6697247706422018
GIN_Optimised,3,1,64,64,0.001,0.4,0.6371281623575202
GIN_Optimised,3,1,64,64,0.001,0.5,0.660272449263275
GIN_Optimised,3,1,64,64,0.0001,0.1,0.626633305532388
GIN_Optimised,3,1,64,64,0.0001,0.2,0.6265638031693077
GIN_Optimised,3,1,64,64,0.0001,0.3,0.6166249652488185
GIN_Optimised,3,1,64,64,0.0001,0.4,0.6330275229357799
GIN_Optimised,3,1,64,64,0.0001,0.5,0.6396997497914929
GIN_Optimised,3,1,64,64,1e-05,0.1,0.6851542952460383
GIN_Optimised,3,1,64,64,1e-05,0.2,0.6857103141506812
GIN_Optimised,3,1,64,64,1e-05,0.3,0.6852932999721991
GIN_Optimised,3,1,64,64,1e-05,0.4,0.6852932999721991
GIN_Optimised,3,1,64,64,1e-05,0.5,0.684876285793717
GIN_Optimised,3,1,64,128,0.001,0.1,0.6192660550458716
GIN_Optimised,3,1,64,128,0.001,0.2,0.5126494300806228
GIN_Optimised,3,1,64,128,0.001,0.3,0.5208507089241035
GIN_Optimised,3,1,64,128,0.001,0.4,0.6021684737281068
GIN_Optimised,3,1,64,128,0.001,0.5,0.603419516263553
GIN_Optimised,3,1,64,128,0.0001,0.1,0.6523491798721157
GIN_Optimised,3,1,64,128,0.0001,0.2,0.6403947734222964
GIN_Optimised,3,1,64,128,0.0001,0.3,0.6417848206839032
GIN_Optimised,3,1,64,128,0.0001,0.4,0.6319849874895747
GIN_Optimised,3,1,64,128,0.0001,0.5,0.6359466221851544
GIN_Optimised,3,1,64,128,1e-05,0.1,0.5341951626355297
GIN_Optimised,3,1,64,128,1e-05,0.2,0.5482346399777592
GIN_Optimised,3,1,64,128,1e-05,0.3,0.5440644981929386
GIN_Optimised,3,1,64,128,1e-05,0.4,0.5486516541562413
GIN_Optimised,3,1,64,128,1e-05,0.5,0.5440644981929386
GIN_Optimised,3,1,64,256,0.001,0.1,0.5012510425354462
GIN_Optimised,3,1,64,256,0.001,0.2,0.5323881011954407
GIN_Optimised,3,1,64,256,0.001,0.3,0.5148040033361134
GIN_Optimised,3,1,64,256,0.001,0.4,0.5245343341673617
GIN_Optimised,3,1,64,256,0.001,0.5,0.5307200444815124
GIN_Optimised,3,1,64,256,0.0001,0.1,0.6545732554906867
GIN_Optimised,3,1,64,256,0.0001,0.2,0.6458159577425633
GIN_Optimised,3,1,64,256,0.0001,0.3,0.6512371420628302
GIN_Optimised,3,1,64,256,0.0001,0.4,0.6622185154295246
GIN_Optimised,3,1,64,256,0.0001,0.5,0.6506811231581874
GIN_Optimised,3,1,64,256,1e-05,0.1,0.6510981373366694
GIN_Optimised,3,1,64,256,1e-05,0.2,0.6469279955518489
GIN_Optimised,3,1,64,256,1e-05,0.3,0.6505421184320268
GIN_Optimised,3,1,64,256,1e-05,0.4,0.6466499860995274
GIN_Optimised,3,1,64,256,1e-05,0.5,0.6484570475396164
GIN_Optimised,3,1,128,64,0.001,0.1,0.6422018348623852
GIN_Optimised,3,1,128,64,0.001,0.2,0.6476230191826523
GIN_Optimised,3,1,128,64,0.001,0.3,0.6474840144564916
GIN_Optimised,3,1,128,64,0.001,0.4,0.646371976647206
GIN_Optimised,3,1,128,64,0.001,0.5,0.6513761467889909
GIN_Optimised,3,1,128,64,0.0001,0.1,0.6046705587989992
GIN_Optimised,3,1,128,64,0.0001,0.2,0.6120378092855158
GIN_Optimised,3,1,128,64,0.0001,0.3,0.6180150125104253
GIN_Optimised,3,1,128,64,0.0001,0.4,0.6286488740617181
GIN_Optimised,3,1,128,64,0.0001,0.5,0.6374756741729218
GIN_Optimised,3,1,128,64,1e-05,0.1,0.6259382819015846
GIN_Optimised,3,1,128,64,1e-05,0.2,0.625590770086183
GIN_Optimised,3,1,128,64,1e-05,0.3,0.625173755907701
GIN_Optimised,3,1,128,64,1e-05,0.4,0.6256602724492633
GIN_Optimised,3,1,128,64,1e-05,0.5,0.6257297748123437
GIN_Optimised,3,1,128,128,0.001,0.1,0.6149569085348902
GIN_Optimised,3,1,128,128,0.001,0.2,0.6309424520433695
GIN_Optimised,3,1,128,128,0.001,0.3,0.6174589936057826
GIN_Optimised,3,1,128,128,0.001,0.4,0.5957742563247151
GIN_Optimised,3,1,128,128,0.001,0.5,0.5847233805949402
GIN_Optimised,3,1,128,128,0.0001,0.1,0.6317764804003336
GIN_Optimised,3,1,128,128,0.0001,0.2,0.6205170975813178
GIN_Optimised,3,1,128,128,0.0001,0.3,0.6216291353906034
GIN_Optimised,3,1,128,128,0.0001,0.4,0.6212121212121213
GIN_Optimised,3,1,128,128,0.0001,0.5,0.6274673338893523
GIN_Optimised,3,1,128,128,1e-05,0.1,0.4418960244648318
GIN_Optimised,3,1,128,128,1e-05,0.2,0.42882958020572703
GIN_Optimised,3,1,128,128,1e-05,0.3,0.4645537948290242
GIN_Optimised,3,1,128,128,1e-05,0.4,0.41214901306644425
GIN_Optimised,3,1,128,128,1e-05,0.5,0.4054767862107312
GIN_Optimised,3,1,128,256,0.001,0.1,0.5189046427578539
GIN_Optimised,3,1,128,256,0.001,0.2,0.5511537392271337
GIN_Optimised,3,1,128,256,0.001,0.3,0.530442035029191
GIN_Optimised,3,1,128,256,0.001,0.4,0.5167500695023631
GIN_Optimised,3,1,128,256,0.001,0.5,0.5421184320266889
GIN_Optimised,3,1,128,256,0.0001,0.1,0.6630525437864887
GIN_Optimised,3,1,128,256,0.0001,0.2,0.6483180428134556
GIN_Optimised,3,1,128,256,0.0001,0.3,0.6301084236864053
GIN_Optimised,3,1,128,256,0.0001,0.4,0.6333055323881013
GIN_Optimised,3,1,128,256,0.0001,0.5,0.6385877119822073
GIN_Optimised,3,1,128,256,1e-05,0.1,0.6392827356130109
GIN_Optimised,3,1,128,256,1e-05,0.2,0.6390047261606895
GIN_Optimised,3,1,128,256,1e-05,0.3,0.6358076174589936
GIN_Optimised,3,1,128,256,1e-05,0.4,0.6381706978037253
GIN_Optimised,3,1,128,256,1e-05,0.5,0.6385877119822074
GIN_Optimised,3,2,32,64,0.001,0.1,0.56852932999722
GIN_Optimised,3,2,32,64,0.001,0.2,0.5852793994995831
GIN_Optimised,3,2,32,64,0.001,0.3,0.5561579093689185
GIN_Optimised,3,2,32,64,0.001,0.4,0.5613705865999445
GIN_Optimised,3,2,32,64,0.001,0.5,0.5275924381428968
GIN_Optimised,3,2,32,64,0.0001,0.1,0.5586599944398111
GIN_Optimised,3,2,32,64,0.0001,0.2,0.5697803725326661
GIN_Optimised,3,2,32,64,0.0001,0.3,0.5738115095913261
GIN_Optimised,3,2,32,64,0.0001,0.4,0.5874339727550737
GIN_Optimised,3,2,32,64,0.0001,0.5,0.5519877675840978
GIN_Optimised,3,2,32,64,1e-05,0.1,0.5749235474006116
GIN_Optimised,3,2,32,64,1e-05,0.2,0.5757575757575758
GIN_Optimised,3,2,32,64,1e-05,0.3,0.5760355852098973
GIN_Optimised,3,2,32,64,1e-05,0.4,0.5763135946622185
GIN_Optimised,3,2,32,64,1e-05,0.5,0.5768696135668613
GIN_Optimised,3,2,32,128,0.001,0.1,0.5692938559911037
GIN_Optimised,3,2,32,128,0.001,0.2,0.5419794273005283
GIN_Optimised,3,2,32,128,0.001,0.3,0.5736030025020852
GIN_Optimised,3,2,32,128,0.001,0.4,0.5728384765082013
GIN_Optimised,3,2,32,128,0.001,0.5,0.567139282735613
GIN_Optimised,3,2,32,128,0.0001,0.1,0.550597720322491
GIN_Optimised,3,2,32,128,0.0001,0.2,0.5535168195718655
GIN_Optimised,3,2,32,128,0.0001,0.3,0.5708924103419517
GIN_Optimised,3,2,32,128,0.0001,0.4,0.546149569085349
GIN_Optimised,3,2,32,128,0.0001,0.5,0.5383653044203502
GIN_Optimised,3,2,32,128,1e-05,0.1,0.5195996663886572
GIN_Optimised,3,2,32,128,1e-05,0.2,0.5184876285793717
GIN_Optimised,3,2,32,128,1e-05,0.3,0.5219627467333889
GIN_Optimised,3,2,32,128,1e-05,0.4,0.5283569641367807
GIN_Optimised,3,2,32,128,1e-05,0.5,0.523769808173478
GIN_Optimised,3,2,32,256,0.001,0.1,0.5720044481512372
GIN_Optimised,3,2,32,256,0.001,0.2,0.5482346399777592
GIN_Optimised,3,2,32,256,0.001,0.3,0.5822212955240478
GIN_Optimised,3,2,32,256,0.001,0.4,0.5722824576035586
GIN_Optimised,3,2,32,256,0.001,0.5,0.5716569363358355
GIN_Optimised,3,2,32,256,0.0001,0.1,0.5492076730608841
GIN_Optimised,3,2,32,256,0.0001,0.2,0.5657492354740061
GIN_Optimised,3,2,32,256,0.0001,0.3,0.55643591882124
GIN_Optimised,3,2,32,256,0.0001,0.4,0.5542118432026689
GIN_Optimised,3,2,32,256,0.0001,0.5,0.5779816513761469
GIN_Optimised,3,2,32,256,1e-05,0.1,0.5804837364470392
GIN_Optimised,3,2,32,256,1e-05,0.2,0.5811787600778426
GIN_Optimised,3,2,32,256,1e-05,0.3,0.5799277175423965
GIN_Optimised,3,2,32,256,1e-05,0.4,0.5786766750069502
GIN_Optimised,3,2,32,256,1e-05,0.5,0.5767306088407005
GIN_Optimised,3,2,64,64,0.001,0.1,0.5442035029190992
GIN_Optimised,3,2,64,64,0.001,0.2,0.5736725048651654
GIN_Optimised,3,2,64,64,0.001,0.3,0.5319710870169586
GIN_Optimised,3,2,64,64,0.001,0.4,0.564915207117042
GIN_Optimised,3,2,64,64,0.001,0.5,0.5743675284959688
GIN_Optimised,3,2,64,64,0.0001,0.1,0.5621351125938282
GIN_Optimised,3,2,64,64,0.0001,0.2,0.5625521267723103
GIN_Optimised,3,2,64,64,0.0001,0.3,0.5696413678065054
GIN_Optimised,3,2,64,64,0.0001,0.4,0.5752015568529331
GIN_Optimised,3,2,64,64,0.0001,0.5,0.5795107033639144
GIN_Optimised,3,2,64,64,1e-05,0.1,0.5621351125938283
GIN_Optimised,3,2,64,64,1e-05,0.2,0.5621351125938282
GIN_Optimised,3,2,64,64,1e-05,0.3,0.5615790936891855
GIN_Optimised,3,2,64,64,1e-05,0.4,0.5618571031415068
GIN_Optimised,3,2,64,64,1e-05,0.5,0.5617180984153461
GIN_Optimised,3,2,64,128,0.001,0.1,0.5576869613566862
GIN_Optimised,3,2,64,128,0.001,0.2,0.5715874339727551
GIN_Optimised,3,2,64,128,0.001,0.3,0.5539338337503475
GIN_Optimised,3,2,64,128,0.001,0.4,0.5601890464275786
GIN_Optimised,3,2,64,128,0.001,0.5,0.5681123158187379
GIN_Optimised,3,2,64,128,0.0001,0.1,0.5432304698359744
GIN_Optimised,3,2,64,128,0.0001,0.2,0.5457325549068669
GIN_Optimised,3,2,64,128,0.0001,0.3,0.528634973589102
GIN_Optimised,3,2,64,128,0.0001,0.4,0.5430914651098137
GIN_Optimised,3,2,64,128,0.0001,0.5,0.5303030303030303
GIN_Optimised,3,2,64,128,1e-05,0.1,0.4823463997775924
GIN_Optimised,3,2,64,128,1e-05,0.2,0.4741451209341118
GIN_Optimised,3,2,64,128,1e-05,0.3,0.4381428968584932
GIN_Optimised,3,2,64,128,1e-05,0.4,0.43550180706144015
GIN_Optimised,3,2,64,128,1e-05,0.5,0.4249374478732277
GIN_Optimised,3,2,64,256,0.001,0.1,0.5654712260216848
GIN_Optimised,3,2,64,256,0.001,0.2,0.5881289963858771
GIN_Optimised,3,2,64,256,0.001,0.3,0.570753405615791
GIN_Optimised,3,2,64,256,0.001,0.4,0.5476786210731165
GIN_Optimised,3,2,64,256,0.001,0.5,0.561509591326105
GIN_Optimised,3,2,64,256,0.0001,0.1,0.572977481234362
GIN_Optimised,3,2,64,256,0.0001,0.2,0.563525159855435
GIN_Optimised,3,2,64,256,0.0001,0.3,0.5700583819849875
GIN_Optimised,3,2,64,256,0.0001,0.4,0.5660272449263275
GIN_Optimised,3,2,64,256,0.0001,0.5,0.5701973867111483
GIN_Optimised,3,2,64,256,1e-05,0.1,0.5824298026132889
GIN_Optimised,3,2,64,256,1e-05,0.2,0.5803447317208785
GIN_Optimised,3,2,64,256,1e-05,0.3,0.5806227411731999
GIN_Optimised,3,2,64,256,1e-05,0.4,0.5789546844592717
GIN_Optimised,3,2,64,256,1e-05,0.5,0.5765916041145399
GIN_Optimised,3,2,128,64,0.001,0.1,0.5693633583541841
GIN_Optimised,3,2,128,64,0.001,0.2,0.5738115095913261
GIN_Optimised,3,2,128,64,0.001,0.3,0.5722824576035586
GIN_Optimised,3,2,128,64,0.001,0.4,0.5717264386989158
GIN_Optimised,3,2,128,64,0.001,0.5,0.5760355852098971
GIN_Optimised,3,2,128,64,0.0001,0.1,0.5715874339727551
GIN_Optimised,3,2,128,64,0.0001,0.2,0.5739505143174868
GIN_Optimised,3,2,128,64,0.0001,0.3,0.5742285237698082
GIN_Optimised,3,2,128,64,0.0001,0.4,0.5753405615790937
GIN_Optimised,3,2,128,64,0.0001,0.5,0.5767306088407006
GIN_Optimised,3,2,128,64,1e-05,0.1,0.4915207117041979
GIN_Optimised,3,2,128,64,1e-05,0.2,0.49138170697803724
GIN_Optimised,3,2,128,64,1e-05,0.3,0.49138170697803724
GIN_Optimised,3,2,128,64,1e-05,0.4,0.4915207117041979
GIN_Optimised,3,2,128,64,1e-05,0.5,0.491520711704198
GIN_Optimised,3,2,128,128,0.001,0.1,0.567139282735613
GIN_Optimised,3,2,128,128,0.001,0.2,0.5596330275229358
GIN_Optimised,3,2,128,128,0.001,0.3,0.5740895190436475
GIN_Optimised,3,2,128,128,0.001,0.4,0.5747845426744509
GIN_Optimised,3,2,128,128,0.001,0.5,0.5129274395329441
GIN_Optimised,3,2,128,128,0.0001,0.1,0.5599110369752571
GIN_Optimised,3,2,128,128,0.0001,0.2,0.5532388101195441
GIN_Optimised,3,2,128,128,0.0001,0.3,0.5496246872393662
GIN_Optimised,3,2,128,128,0.0001,0.4,0.5419794273005282
GIN_Optimised,3,2,128,128,0.0001,0.5,0.5423964414790103
GIN_Optimised,3,2,128,128,1e-05,0.1,0.43564081178760083
GIN_Optimised,3,2,128,128,1e-05,0.2,0.4338337503475118
GIN_Optimised,3,2,128,128,1e-05,0.3,0.4311926605504587
GIN_Optimised,3,2,128,128,1e-05,0.4,0.43286071726438696
GIN_Optimised,3,2,128,128,1e-05,0.5,0.43355574089519044
GIN_Optimised,3,2,128,256,0.001,0.1,0.5664442591048096
GIN_Optimised,3,2,128,256,0.001,0.2,0.5879899916597164
GIN_Optimised,3,2,128,256,0.001,0.3,0.5813177648040033
GIN_Optimised,3,2,128,256,0.001,0.4,0.563108145676953
GIN_Optimised,3,2,128,256,0.001,0.5,0.5664442591048096
GIN_Optimised,3,2,128,256,0.0001,0.1,0.5795107033639144
GIN_Optimised,3,2,128,256,0.0001,0.2,0.579232693911593
GIN_Optimised,3,2,128,256,0.0001,0.3,0.5657492354740061
GIN_Optimised,3,2,128,256,0.0001,0.4,0.5820127884348067
GIN_Optimised,3,2,128,256,0.0001,0.5,0.5786766750069503
GIN_Optimised,3,2,128,256,1e-05,0.1,0.5842368640533779
GIN_Optimised,3,2,128,256,1e-05,0.2,0.5815957742563247
GIN_Optimised,3,2,128,256,1e-05,0.3,0.5793716986377537
GIN_Optimised,3,2,128,256,1e-05,0.4,0.5795107033639144
GIN_Optimised,3,2,128,256,1e-05,0.5,0.5758965804837366
GIN_Optimised,3,3,32,64,0.001,0.1,0.5896904367053621
GIN_Optimised,3,3,32,64,0.001,0.2,0.546779988944168
GIN_Optimised,3,3,32,64,0.001,0.3,0.6090381426202321
GIN_Optimised,3,3,32,64,0.001,0.4,0.5547954671088999
GIN_Optimised,3,3,32,64,0.001,0.5,0.4769209508015477
GIN_Optimised,3,3,32,64,0.0001,0.1,0.609452736318408
GIN_Optimised,3,3,32,64,0.0001,0.2,0.644555002763958
GIN_Optimised,3,3,32,64,0.0001,0.3,0.6379215035931454
GIN_Optimised,3,3,32,64,0.0001,0.4,0.6406854615809839
GIN_Optimised,3,3,32,64,0.0001,0.5,0.628800442233278
GIN_Optimised,3,3,32,64,1e-05,0.1,0.6242399115533444
GIN_Optimised,3,3,32,64,1e-05,0.2,0.6253454947484798
GIN_Optimised,3,3,32,64,1e-05,0.3,0.626589275843007
GIN_Optimised,3,3,32,64,1e-05,0.4,0.6272802653399667
GIN_Optimised,3,3,32,64,1e-05,0.5,0.6275566611387506
GIN_Optimised,3,3,32,128,0.001,0.1,0.5630873410724158
GIN_Optimised,3,3,32,128,0.001,0.2,0.5486456605859591
GIN_Optimised,3,3,32,128,0.001,0.3,0.6065505804311774
GIN_Optimised,3,3,32,128,0.001,0.4,0.5726229961304588
GIN_Optimised,3,3,32,128,0.001,0.5,0.5598396904367053
GIN_Optimised,3,3,32,128,0.0001,0.1,0.6217523493642897
GIN_Optimised,3,3,32,128,0.0001,0.2,0.6214759535655059
GIN_Optimised,3,3,32,128,0.0001,0.3,0.5887230514096184
GIN_Optimised,3,3,32,128,0.0001,0.4,0.5993642896627971
GIN_Optimised,3,3,32,128,0.0001,0.5,0.5834715312327252
GIN_Optimised,3,3,32,128,1e-05,0.1,0.5221116639027086
GIN_Optimised,3,3,32,128,1e-05,0.2,0.5186567164179104
GIN_Optimised,3,3,32,128,1e-05,0.3,0.5357932559425097
GIN_Optimised,3,3,32,128,1e-05,0.4,0.5265339966832504
GIN_Optimised,3,3,32,128,1e-05,0.5,0.5008291873963516
GIN_Optimised,3,3,32,256,0.001,0.1,0.5714483139856275
GIN_Optimised,3,3,32,256,0.001,0.2,0.5710337202874516
GIN_Optimised,3,3,32,256,0.001,0.3,0.564331122166943
GIN_Optimised,3,3,32,256,0.001,0.4,0.5738667772249861
GIN_Optimised,3,3,32,256,0.001,0.5,0.5541044776119404
GIN_Optimised,3,3,32,256,0.0001,0.1,0.6167772249861802
GIN_Optimised,3,3,32,256,0.0001,0.2,0.6206467661691542
GIN_Optimised,3,3,32,256,0.0001,0.3,0.6406854615809839
GIN_Optimised,3,3,32,256,0.0001,0.4,0.591901603095633
GIN_Optimised,3,3,32,256,0.0001,0.5,0.5809839690436704
GIN_Optimised,3,3,32,256,1e-05,0.1,0.6200939745715865
GIN_Optimised,3,3,32,256,1e-05,0.2,0.6246545052515201
GIN_Optimised,3,3,32,256,1e-05,0.3,0.6207849640685461
GIN_Optimised,3,3,32,256,1e-05,0.4,0.6292150359314539
GIN_Optimised,3,3,32,256,1e-05,0.5,0.6307352128247651
GIN_Optimised,3,3,64,64,0.001,0.1,0.6195411829740188
GIN_Optimised,3,3,64,64,0.001,0.2,0.625069098949696
GIN_Optimised,3,3,64,64,0.001,0.3,0.6275566611387506
GIN_Optimised,3,3,64,64,0.001,0.4,0.6131840796019902
GIN_Optimised,3,3,64,64,0.001,0.5,0.5920398009950248
GIN_Optimised,3,3,64,64,0.0001,0.1,0.6419292426755113
GIN_Optimised,3,3,64,64,0.0001,0.2,0.62893864013267
GIN_Optimised,3,3,64,64,0.0001,0.3,0.6355721393034826
GIN_Optimised,3,3,64,64,0.0001,0.4,0.6323935876174682
GIN_Optimised,3,3,64,64,0.0001,0.5,0.6430348258706468
GIN_Optimised,3,3,64,64,1e-05,0.1,0.6149806522940852
GIN_Optimised,3,3,64,64,1e-05,0.2,0.6147042564953012
GIN_Optimised,3,3,64,64,1e-05,0.3,0.6148424543946931
GIN_Optimised,3,3,64,64,1e-05,0.4,0.6148424543946932
GIN_Optimised,3,3,64,64,1e-05,0.5,0.6148424543946932
GIN_Optimised,3,3,64,128,0.001,0.1,0.6122166943062466
GIN_Optimised,3,3,64,128,0.001,0.2,0.5905196241017137
GIN_Optimised,3,3,64,128,0.001,0.3,0.6019900497512438
GIN_Optimised,3,3,64,128,0.001,0.4,0.6163626312880044
GIN_Optimised,3,3,64,128,0.001,0.5,0.529297954671089
GIN_Optimised,3,3,64,128,0.0001,0.1,0.5913488114980652
GIN_Optimised,3,3,64,128,0.0001,0.2,0.5847153123272525
GIN_Optimised,3,3,64,128,0.0001,0.3,0.5833333333333334
GIN_Optimised,3,3,64,128,0.0001,0.4,0.5606688778330569
GIN_Optimised,3,3,64,128,0.0001,0.5,0.5943891652846877
GIN_Optimised,3,3,64,128,1e-05,0.1,0.4456882255389718
GIN_Optimised,3,3,64,128,1e-05,0.2,0.4404367053620786
GIN_Optimised,3,3,64,128,1e-05,0.3,0.4253731343283582
GIN_Optimised,3,3,64,128,1e-05,0.4,0.41514648977335544
GIN_Optimised,3,3,64,128,1e-05,0.5,0.40865118850193477
GIN_Optimised,3,3,64,256,0.001,0.1,0.5691680486456605
GIN_Optimised,3,3,64,256,0.001,0.2,0.5673023770038695
GIN_Optimised,3,3,64,256,0.001,0.3,0.5757324488667772
GIN_Optimised,3,3,64,256,0.001,0.4,0.6095218352681039
GIN_Optimised,3,3,64,256,0.001,0.5,0.5150635710337204
GIN_Optimised,3,3,64,256,0.0001,0.1,0.6189883913764511
GIN_Optimised,3,3,64,256,0.0001,0.2,0.6156716417910447
GIN_Optimised,3,3,64,256,0.0001,0.3,0.6394416804864566
GIN_Optimised,3,3,64,256,0.0001,0.4,0.6437258153676063
GIN_Optimised,3,3,64,256,0.0001,0.5,0.642620232172471
GIN_Optimised,3,3,64,256,1e-05,0.1,0.6232725262576009
GIN_Optimised,3,3,64,256,1e-05,0.2,0.6224433388612493
GIN_Optimised,3,3,64,256,1e-05,0.3,0.6261746821448314
GIN_Optimised,3,3,64,256,1e-05,0.4,0.6300442233278054
GIN_Optimised,3,3,64,256,1e-05,0.5,0.632808181315644
GIN_Optimised,3,3,128,64,0.001,0.1,0.6281094527363185
GIN_Optimised,3,3,128,64,0.001,0.2,0.6337755666113875
GIN_Optimised,3,3,128,64,0.001,0.3,0.636539524599226
GIN_Optimised,3,3,128,64,0.001,0.4,0.6260364842454395
GIN_Optimised,3,3,128,64,0.001,0.5,0.6362631288004422
GIN_Optimised,3,3,128,64,0.0001,0.1,0.6177446102819236
GIN_Optimised,3,3,128,64,0.0001,0.2,0.618850193477059
GIN_Optimised,3,3,128,64,0.0001,0.3,0.6182974018794914
GIN_Optimised,3,3,128,64,0.0001,0.4,0.6206467661691543
GIN_Optimised,3,3,128,64,0.0001,0.5,0.6252072968490878
GIN_Optimised,3,3,128,64,1e-05,0.1,0.5621890547263682
GIN_Optimised,3,3,128,64,1e-05,0.2,0.5623272526257601
GIN_Optimised,3,3,128,64,1e-05,0.3,0.5620508568269762
GIN_Optimised,3,3,128,64,1e-05,0.4,0.5621890547263682
GIN_Optimised,3,3,128,64,1e-05,0.5,0.5620508568269762
GIN_Optimised,3,3,128,128,0.001,0.1,0.6084853510226644
GIN_Optimised,3,3,128,128,0.001,0.2,0.6112493090105031
GIN_Optimised,3,3,128,128,0.001,0.3,0.603372028745163
GIN_Optimised,3,3,128,128,0.001,0.4,0.605583195135434
GIN_Optimised,3,3,128,128,0.001,0.5,0.5966003316749585
GIN_Optimised,3,3,128,128,0.0001,0.1,0.5725538971807628
GIN_Optimised,3,3,128,128,0.0001,0.2,0.5791873963515755
GIN_Optimised,3,3,128,128,0.0001,0.3,0.5731066887783305
GIN_Optimised,3,3,128,128,0.0001,0.4,0.5833333333333333
GIN_Optimised,3,3,128,128,0.0001,0.5,0.5472636815920398
GIN_Optimised,3,3,128,128,1e-05,0.1,0.41224433388612497
GIN_Optimised,3,3,128,128,1e-05,0.2,0.3530956329463792
GIN_Optimised,3,3,128,128,1e-05,0.3,0.3579325594250967
GIN_Optimised,3,3,128,128,1e-05,0.4,0.3591763405196241
GIN_Optimised,3,3,128,128,1e-05,0.5,0.359452736318408
GIN_Optimised,3,3,128,256,0.001,0.1,0.5695135433941405
GIN_Optimised,3,3,128,256,0.001,0.2,0.6299060254284136
GIN_Optimised,3,3,128,256,0.001,0.3,0.5641238253178552
GIN_Optimised,3,3,128,256,0.001,0.4,0.6268656716417911
GIN_Optimised,3,3,128,256,0.001,0.5,0.5866500829187397
GIN_Optimised,3,3,128,256,0.0001,0.1,0.6192647871752348
GIN_Optimised,3,3,128,256,0.0001,0.2,0.6281094527363184
GIN_Optimised,3,3,128,256,0.0001,0.3,0.5959093421779988
GIN_Optimised,3,3,128,256,0.0001,0.4,0.632808181315644
GIN_Optimised,3,3,128,256,0.0001,0.5,0.6245163073521283
GIN_Optimised,3,3,128,256,1e-05,0.1,0.6261746821448315
GIN_Optimised,3,3,128,256,1e-05,0.2,0.6243781094527363
GIN_Optimised,3,3,128,256,1e-05,0.3,0.6265892758430073
GIN_Optimised,3,3,128,256,1e-05,0.4,0.6272802653399668
GIN_Optimised,3,3,128,256,1e-05,0.5,0.6293532338308457
GIN_Optimised,3,4,32,64,0.001,0.1,0.6067578772802653
GIN_Optimised,3,4,32,64,0.001,0.2,0.593559977888336
GIN_Optimised,3,4,32,64,0.001,0.3,0.6202321724709785
GIN_Optimised,3,4,32,64,0.001,0.4,0.6270038695411829
GIN_Optimised,3,4,32,64,0.001,0.5,0.5551409618573797
GIN_Optimised,3,4,32,64,0.0001,0.1,0.6084853510226644
GIN_Optimised,3,4,32,64,0.0001,0.2,0.6170536207849642
GIN_Optimised,3,4,32,64,0.0001,0.3,0.5935599778883361
GIN_Optimised,3,4,32,64,0.0001,0.4,0.6104201216141514
GIN_Optimised,3,4,32,64,0.0001,0.5,0.6533996683250415
GIN_Optimised,3,4,32,64,1e-05,0.1,0.609176340519624
GIN_Optimised,3,4,32,64,1e-05,0.2,0.6102819237147595
GIN_Optimised,3,4,32,64,1e-05,0.3,0.6104201216141514
GIN_Optimised,3,4,32,64,1e-05,0.4,0.6109729132117192
GIN_Optimised,3,4,32,64,1e-05,0.5,0.6118021006080707
GIN_Optimised,3,4,32,128,0.001,0.1,0.5536207849640685
GIN_Optimised,3,4,32,128,0.001,0.2,0.5793946932006633
GIN_Optimised,3,4,32,128,0.001,0.3,0.5681315644002211
GIN_Optimised,3,4,32,128,0.001,0.4,0.5536207849640684
GIN_Optimised,3,4,32,128,0.001,0.5,0.5784273079049197
GIN_Optimised,3,4,32,128,0.0001,0.1,0.6409618573797679
GIN_Optimised,3,4,32,128,0.0001,0.2,0.6433112216694306
GIN_Optimised,3,4,32,128,0.0001,0.3,0.6358485351022664
GIN_Optimised,3,4,32,128,0.0001,0.4,0.6359867330016584
GIN_Optimised,3,4,32,128,0.0001,0.5,0.638612493090105
GIN_Optimised,3,4,32,128,1e-05,0.1,0.579878385848535
GIN_Optimised,3,4,32,128,1e-05,0.2,0.5830569375345496
GIN_Optimised,3,4,32,128,1e-05,0.3,0.5782200110558319
GIN_Optimised,3,4,32,128,1e-05,0.4,0.564400221116639
GIN_Optimised,3,4,32,128,1e-05,0.5,0.5565229408512992
GIN_Optimised,3,4,32,256,0.001,0.1,0.5679242675511332
GIN_Optimised,3,4,32,256,0.001,0.2,0.5667495854063018
GIN_Optimised,3,4,32,256,0.001,0.3,0.5683388612493091
GIN_Optimised,3,4,32,256,0.001,0.4,0.568200663349917
GIN_Optimised,3,4,32,256,0.001,0.5,0.5655749032614704
GIN_Optimised,3,4,32,256,0.0001,0.1,0.6283858485351024
GIN_Optimised,3,4,32,256,0.0001,0.2,0.6413764510779436
GIN_Optimised,3,4,32,256,0.0001,0.3,0.632669983416252
GIN_Optimised,3,4,32,256,0.0001,0.4,0.63253178551686
GIN_Optimised,3,4,32,256,0.0001,0.5,0.6317025981205086
GIN_Optimised,3,4,32,256,1e-05,0.1,0.6393034825870647
GIN_Optimised,3,4,32,256,1e-05,0.2,0.636677722498618
GIN_Optimised,3,4,32,256,1e-05,0.3,0.6329463792150359
GIN_Optimised,3,4,32,256,1e-05,0.4,0.6294914317302377
GIN_Optimised,3,4,32,256,1e-05,0.5,0.632669983416252
GIN_Optimised,3,4,64,64,0.001,0.1,0.630735212824765
GIN_Optimised,3,4,64,64,0.001,0.2,0.6419292426755113
GIN_Optimised,3,4,64,64,0.001,0.3,0.6268656716417911
GIN_Optimised,3,4,64,64,0.001,0.4,0.628800442233278
GIN_Optimised,3,4,64,64,0.001,0.5,0.6598949695964622
GIN_Optimised,3,4,64,64,0.0001,0.1,0.6111111111111112
GIN_Optimised,3,4,64,64,0.0001,0.2,0.611387506909895
GIN_Optimised,3,4,64,64,0.0001,0.3,0.6134604754007741
GIN_Optimised,3,4,64,64,0.0001,0.4,0.6141514648977335
GIN_Optimised,3,4,64,64,0.0001,0.5,0.6173300165837479
GIN_Optimised,3,4,64,64,1e-05,0.1,0.6116639027086789
GIN_Optimised,3,4,64,64,1e-05,0.2,0.6120784964068546
GIN_Optimised,3,4,64,64,1e-05,0.3,0.6109729132117192
GIN_Optimised,3,4,64,64,1e-05,0.4,0.611387506909895
GIN_Optimised,3,4,64,64,1e-05,0.5,0.6115257048092868
GIN_Optimised,3,4,64,128,0.001,0.1,0.6008844665561084
GIN_Optimised,3,4,64,128,0.001,0.2,0.6279712548369264
GIN_Optimised,3,4,64,128,0.001,0.3,0.6109729132117192
GIN_Optimised,3,4,64,128,0.001,0.4,0.5963239358761747
GIN_Optimised,3,4,64,128,0.001,0.5,0.6511885019347706
GIN_Optimised,3,4,64,128,0.0001,0.1,0.6261746821448315
GIN_Optimised,3,4,64,128,0.0001,0.2,0.6261746821448314
GIN_Optimised,3,4,64,128,0.0001,0.3,0.6312880044223327
GIN_Optimised,3,4,64,128,0.0001,0.4,0.6325317855168602
GIN_Optimised,3,4,64,128,0.0001,0.5,0.6332227750138198
GIN_Optimised,3,4,64,128,1e-05,0.1,0.4998618021006081
GIN_Optimised,3,4,64,128,1e-05,0.2,0.47996130458817027
GIN_Optimised,3,4,64,128,1e-05,0.3,0.4556384742951907
GIN_Optimised,3,4,64,128,1e-05,0.4,0.43532338308457713
GIN_Optimised,3,4,64,128,1e-05,0.5,0.41404090657822
GIN_Optimised,3,4,64,256,0.001,0.1,0.5675787728026533
GIN_Optimised,3,4,64,256,0.001,0.2,0.5679933665008292
GIN_Optimised,3,4,64,256,0.001,0.3,0.5693753454947486
GIN_Optimised,3,4,64,256,0.001,0.4,0.5697208402432282
GIN_Optimised,3,4,64,256,0.001,0.5,0.5674405749032616
GIN_Optimised,3,4,64,256,0.0001,0.1,0.6336373687119956
GIN_Optimised,3,4,64,256,0.0001,0.2,0.6221669430624653
GIN_Optimised,3,4,64,256,0.0001,0.3,0.6440022111663903
GIN_Optimised,3,4,64,256,0.0001,0.4,0.6241017136539525
GIN_Optimised,3,4,64,256,0.0001,0.5,0.6308734107241569
GIN_Optimised,3,4,64,256,1e-05,0.1,0.6337755666113876
GIN_Optimised,3,4,64,256,1e-05,0.2,0.6332227750138198
GIN_Optimised,3,4,64,256,1e-05,0.3,0.6336373687119956
GIN_Optimised,3,4,64,256,1e-05,0.4,0.6372305140961858
GIN_Optimised,3,4,64,256,1e-05,0.5,0.6352957435046988
GIN_Optimised,3,4,128,64,0.001,0.1,0.6384742951907132
GIN_Optimised,3,4,128,64,0.001,0.2,0.6364013266998342
GIN_Optimised,3,4,128,64,0.001,0.3,0.6364013266998343
GIN_Optimised,3,4,128,64,0.001,0.4,0.6491155334438916
GIN_Optimised,3,4,128,64,0.001,0.5,0.5972913211719181
GIN_Optimised,3,4,128,64,0.0001,0.1,0.5681315644002211
GIN_Optimised,3,4,128,64,0.0001,0.2,0.5721393034825871
GIN_Optimised,3,4,128,64,0.0001,0.3,0.5789110005527915
GIN_Optimised,3,4,128,64,0.0001,0.4,0.5931453841901603
GIN_Optimised,3,4,128,64,0.0001,0.5,0.6026810392482035
GIN_Optimised,3,4,128,64,1e-05,0.1,0.5247374239911554
GIN_Optimised,3,4,128,64,1e-05,0.2,0.5247374239911554
GIN_Optimised,3,4,128,64,1e-05,0.3,0.5247374239911554
GIN_Optimised,3,4,128,64,1e-05,0.4,0.5245992260917635
GIN_Optimised,3,4,128,64,1e-05,0.5,0.5243228302929797
GIN_Optimised,3,4,128,128,0.001,0.1,0.6274184632393589
GIN_Optimised,3,4,128,128,0.001,0.2,0.6333609729132117
GIN_Optimised,3,4,128,128,0.001,0.3,0.622857932559425
GIN_Optimised,3,4,128,128,0.001,0.4,0.6158098396904367
GIN_Optimised,3,4,128,128,0.001,0.5,0.6377833056937535
GIN_Optimised,3,4,128,128,0.0001,0.1,0.6242399115533444
GIN_Optimised,3,4,128,128,0.0001,0.2,0.626865671641791
GIN_Optimised,3,4,128,128,0.0001,0.3,0.6126312880044223
GIN_Optimised,3,4,128,128,0.0001,0.4,0.6101437258153676
GIN_Optimised,3,4,128,128,0.0001,0.5,0.6281094527363184
GIN_Optimised,3,4,128,128,1e-05,0.1,0.3996683250414593
GIN_Optimised,3,4,128,128,1e-05,0.2,0.3957987838584853
GIN_Optimised,3,4,128,128,1e-05,0.3,0.39220563847429524
GIN_Optimised,3,4,128,128,1e-05,0.4,0.3904090657822001
GIN_Optimised,3,4,128,128,1e-05,0.5,0.3901326699834162
GIN_Optimised,3,4,128,256,0.001,0.1,0.6058595909342177
GIN_Optimised,3,4,128,256,0.001,0.2,0.613322277501382
GIN_Optimised,3,4,128,256,0.001,0.3,0.6214759535655058
GIN_Optimised,3,4,128,256,0.001,0.4,0.5923161967938086
GIN_Optimised,3,4,128,256,0.001,0.5,0.572277501381979
GIN_Optimised,3,4,128,256,0.0001,0.1,0.6341901603095634
GIN_Optimised,3,4,128,256,0.0001,0.2,0.6444168048645661
GIN_Optimised,3,4,128,256,0.0001,0.3,0.6419292426755114
GIN_Optimised,3,4,128,256,0.0001,0.4,0.6603095632946379
GIN_Optimised,3,4,128,256,0.0001,0.5,0.6304588170259813
GIN_Optimised,3,4,128,256,1e-05,0.1,0.632808181315644
GIN_Optimised,3,4,128,256,1e-05,0.2,0.6330845771144279
GIN_Optimised,3,4,128,256,1e-05,0.3,0.6304588170259813
GIN_Optimised,3,4,128,256,1e-05,0.4,0.631011608623549
GIN_Optimised,3,4,128,256,1e-05,0.5,0.6333609729132117
