,LTKBID,compound_name,DILIrank,label_section,severity_class,DILIst,roa,source,livertox_score,livertox_primary_classification,livertox_secondary_classification,molecule_chembl_id,atc_classifications,availability_type,black_box_warning,chebi_par_id,chemical_probe,chirality,dosed_ingredient,first_approval,first_in_class,helm_notation,indication_class,inorganic_flag,max_phase,molecule_type,natural_product,oral,orphan,parenteral,polymer_flag,pref_name,prodrug,structure_type,therapeutic_flag,topical,usan_stem,usan_stem_definition,usan_substem,usan_year,withdrawn_flag,smiles,mw,alogp,warning_class,warning_country,warning_description,warning_type,withdrawn_reason,target,pathway,information,CAS_number,DMSO_mM_solubility,DILI_label,DILI_label_binary,DILI_label_section,livertox_updated,livertox_iDILI,livertox_mechanism_summary,InChiKey14,label,DILIPredictor_prediction,DILIPredictor_binary,DILIPredictor_probability
Acetylcholine chloride,LT02096,Acetylcholine chloride,No-DILI-Concern,No match,0.0,,Oral,DILIrank,,,,CHEMBL1184,,1.0,0.0,2417.0,0.0,2.0,True,1973.0,0.0,,Vasodilator (peripheral); Cardiac Depressant; Miotic; Cholinergic,0.0,4.0,Small molecule,1.0,False,0.0,False,0.0,ACETYLCHOLINE CHLORIDE,0.0,MOL,True,True,,,,,False,CC(=O)OCC[N+](C)(C)C.[Cl-],181.66,0.26,,,,,,AChR,Neuronal Signaling,The chemical compound Acetylcholine Chloride(ACh chloride) is a neurotransmitter in both the peripheral nervous system (PNS) and central nervous system (CNS) in many organisms including humans.,60-31-1,198.17,No DILI,No DILI,No DILI,,,,JUGOREOARAHOCO,0,No DILI,False,0.3382606667842065
Alatrofloxacin mesylate,LT00461,Alatrofloxacin mesylate,Most-DILI-Concern,Withdrawn,8.0,,Oral,DILIrank,,,,CHEMBL1200498,,-2.0,0.0,,0.0,1.0,True,1997.0,0.0,,Antibacterial,0.0,4.0,Small molecule,0.0,False,0.0,True,0.0,ALATROFLOXACIN MESYLATE,1.0,MOL,True,False,-oxacin,antibacterials (quinolone derivatives),-oxacin,1996.0,True,CS(=O)(=O)O.C[C@H](N)C(=O)N[C@@H](C)C(=O)N[C@H]1[C@@H]2CN(c3nc4c(cc3F)c(=O)c(C(=O)O)cn4-c3ccc(F)cc3F)C[C@@H]21,654.62,0.9,hepatotoxicity,United States; European Union,Liver toxicity; Serious liver injury leading to liver transplant; Death,Withdrawn,hepatotoxicity,,,,,,DILI (withdrawn),DILI,Withdrawn,,,,CYETUYYEVKNSHZ,1,DILI,True,0.7504044838184715
Allopurinol,LT00043,Allopurinol,Most-DILI-Concern,Warnings and precautions,8.0,,Oral,DILIrank,A,Rheumatologic,Gout,CHEMBL1467,M04AA01; M04AA51,1.0,0.0,40279.0,0.0,2.0,True,1966.0,0.0,,Xanthine Oxidase Inhibitor,0.0,4.0,Small molecule,1.0,True,0.0,True,0.0,ALLOPURINOL,0.0,MOL,True,False,,,,1964.0,False,Oc1ncnc2[nH]ncc12,136.11,0.06,,,,,,ROS,Immunology & Inflammation,"Allopurinol is a purine analog inhibitor of the enzyme xanthine oxidase, used to treat gout or kidney stones, and to decrease levels of uric acid.",315-30-0,198.37,DILI (known),DILI,Known,2020 Dec 26,,"Hepatitis, Cholestasis/Biliary, Immune-mediated, Hypersensitivity",OFCNXPDARWKPPY,1,DILI,True,0.7283365728907885
Amifostine,LT01067,Amifostine,No-DILI-Concern,No match,0.0,,Intravenous,DILIrank,,Toxicology,Cisplatin antidote,CHEMBL1006,V03AF05,1.0,0.0,2636.0,0.0,2.0,True,1995.0,0.0,,Protectant (topical); Radioprotector,0.0,4.0,Small molecule,1.0,False,0.0,True,0.0,AMIFOSTINE,1.0,MOL,True,False,-fos-,phosphoro-derivatives,-fos-,1991.0,False,NCCCNCCSP(=O)(O)O,214.23,-0.25,,,,,,,,,,,No DILI,No DILI,No DILI,,,,JKOQGQFVAUAYPM,0,No DILI,False,0.49992585412698437
Amikacin,LT01068,Amikacin,No-DILI-Concern,No match,0.0,,Intravenous,DILIrank,E,Antimicrobial,Antibacterial,CHEMBL177,S01AA21; D06AX12; J01GB06,1.0,1.0,2637.0,0.0,1.0,True,1981.0,0.0,,Antibacterial,0.0,4.0,Small molecule,1.0,False,1.0,True,0.0,AMIKACIN,0.0,MOL,True,False,-kacin,antibiotics obtained from Streptomyces kanamyceticus (related to kanamycin),-kacin,1973.0,False,NCC[C@H](O)C(=O)N[C@@H]1C[C@H](N)[C@@H](O[C@H]2O[C@H](CN)[C@@H](O)[C@H](O)[C@H]2O)[C@H](O)[C@H]1O[C@H]1O[C@H](CO)[C@@H](O)[C@H](N)[C@H]1O,585.61,-8.42,,United States,,Black Box Warning,,,,,,,No DILI,No DILI,No DILI,2019 Apr 12,,,LKCWBDHBTVXHDL,0,No DILI,False,0.48674586244480567
Aminophylline,LT00711,Aminophylline,No-DILI-Concern,No match,0.0,,Oral,DILIrank,E,Respiratory,Asthma,CHEMBL1370561,R03DA55; R03DA05,1.0,0.0,,0.0,2.0,True,1940.0,0.0,,Relaxant (smooth muscle),0.0,4.0,Small molecule,0.0,True,0.0,True,0.0,AMINOPHYLLINE,0.0,MOL,True,True,,,,,False,Cn1c(=O)c2[nH]cnc2n(C)c1=O.Cn1c(=O)c2[nH]cnc2n(C)c1=O.NCCN,420.43,-1.04,,,,,,PDE,Metabolism,Aminophylline (Phyllocontin) is a competitive nonselective phosphodiesterase inhibitor with an IC50 of 0.12 mM and also a nonselective adenosine receptor antagonist.,317-34-0,126.06,No DILI,No DILI,No DILI,,,,FQPFAHBPWDRTLU,0,No DILI,False,0.5782009733945794
Ammonium chloride,LT02067,Ammonium chloride,No-DILI-Concern,No match,0.0,,Intravenous,DILIrank,,,,CHEMBL1200939,B05XA04; G04BA01,1.0,0.0,31206.0,0.0,2.0,True,,0.0,,Acidifier; Diuretic,0.0,4.0,Small molecule,0.0,False,0.0,True,0.0,AMMONIUM CHLORIDE,0.0,MOL,False,False,-ium; -onium,quaternary ammonium derivatives; quaternary ammonium derivatives,-ium; -onium,,False,Cl.N,53.49,,,,,,,,,,,,No DILI,No DILI,No DILI,,,,NLXLAEXVIDQMFP,0,DILI,True,0.6372232776440763
Anagrelide,LT00964,Anagrelide,Ambiguous DILI-concern,Warnings and precautions,3.0,,,DILIrank,E*,Hematologic,Thrombocytosis,CHEMBL760,L01XX35,1.0,0.0,142290.0,0.0,2.0,False,1997.0,0.0,,Antithrombotic,0.0,4.0,Small molecule,1.0,True,0.0,False,0.0,ANAGRELIDE,0.0,MOL,True,False,-grel-,"platelet aggregation inhibitors, primarily platelet P2Y12 receptor antagonists",-grel-,1979.0,False,O=C1CN2Cc3c(ccc(Cl)c3Cl)N=C2N1,256.09,1.93,,,,,,,,,,,No DILI,No DILI,No DILI,2017 Jul 5,,,OTBXOEAOVRKTNQ,0,DILI,True,0.7810926747670023
Aprepitant,LT01195,Aprepitant,Ambiguous DILI-concern,Adverse reactions,3.0,,,DILIrank,E,Gastrointestinal,Antiemetic,CHEMBL1471,A04AD12,1.0,0.0,499361.0,1.0,1.0,True,2003.0,1.0,,,0.0,4.0,Small molecule,0.0,True,0.0,False,0.0,APREPITANT,0.0,MOL,True,False,-tant,tachykinin (neurokinin) receptor antagonists: NK1 receptor antagonists,-tant (-pitant),2000.0,False,C[C@@H](O[C@H]1OCCN(Cc2n[nH]c(=O)[nH]2)[C@H]1c1ccc(F)cc1)c1cc(C(F)(F)F)cc(C(F)(F)F)c1,534.43,4.95,,,,,,"CSF-1R,HIV,Interleukins,Neurokinin Receptor,TNF-alpha",Neuronal Signaling,"Aprepitant (MK-0869, L-754030, Emend) is a potent and selective neurokinin-1 receptor antagonist with IC50 of 0.1 nM. Aprepitant reduces levels of pro-inflammatory cytokines including G-CSF, IL-6, IL-8 and TNFα. Aprepitant inhibits HIV infection of human macrophages.",170729-80-3,200.21,No DILI,No DILI,No DILI,2024 Feb 28,,,ATALOFNDEOCMKK,0,DILI,True,0.7342626234579888
Aztreonam,LT01110,Aztreonam,Ambiguous DILI-concern,Adverse reactions,5.0,,Intravenous,DILIrank,E*,Antimicrobial,Antibacterial,CHEMBL158,J01DF01,1.0,0.0,161680.0,0.0,1.0,True,1986.0,0.0,,Antimicrobial,0.0,4.0,Small molecule,1.0,False,0.0,True,0.0,AZTREONAM,0.0,MOL,True,True,,,,1983.0,False,C[C@H]1[C@H](NC(=O)/C(=N\OC(C)(C)C(=O)O)c2csc(N)n2)C(=O)N1S(=O)(=O)O,435.44,-1.17,,,,,,"Antibiotics,Bacterial",Microbiology,"Aztreonam (SQ 26776) is a synthetic monocyclic beta-lactam antibiotic, used to treat Gram-negative aerobic bacteria infection.",78110-38-0,199.8,No DILI,No DILI,No DILI,2017 Aug 2,,,WZPBZJONDBGPKJ,0,DILI,True,0.7072072733378508
Bortezomib,LT01202,Bortezomib,Most-DILI-Concern,Warnings and precautions,7.0,,Intravenous,DILIrank,C,Antineoplastic,Multiple myeloma,CHEMBL325041,L01XG01,1.0,0.0,52717.0,0.0,1.0,True,2003.0,1.0,,,0.0,4.0,Small molecule,1.0,False,0.0,True,0.0,BORTEZOMIB,0.0,MOL,True,False,-zomib,proteozome inhibitors,-zomib,2002.0,False,CC(C)C[C@H](NC(=O)[C@H](Cc1ccccc1)NC(=O)c1cnccn1)B(O)O,384.25,,,,,,,"Autophagy,Cathepsin B,Cysteine Protease,ERK,NF-κB,Proteasome",Proteases,"Bortezomib (PS-341, Velcade, LDP-341, MLM341, NSC 681239) is a potent 20S proteasome inhibitor with Ki of 0.6 nM. It exhibits favorable selectivity towards tumor cells over normal cells. Bortezomib (PS-341) inhibits NF-κB and induces ERK phosphorylation to suppress cathepsin B and inhibit the catalytic process of autophagy in ovarian cancer and other solid tumors.",179324-69-7,197.79,DILI (likely),DILI,Likely,2017 Sep 30,,"Hepatitis, Necrosis, CYP, Cholestasis/Biliary",GXJABQQUPOEUTA,1,No DILI,False,0.5987623352492188
Butabarbital,LT00707,Butabarbital,Ambiguous DILI-concern,Adverse reactions,3.0,,,DILIrank,E,CNS,Sedative/Hypnotic,CHEMBL449,,1.0,0.0,3228.0,0.0,0.0,False,1939.0,0.0,,Sedative-Hypnotic,0.0,4.0,Small molecule,1.0,True,0.0,False,0.0,BUTABARBITAL,0.0,MOL,True,False,-barb-,barbituric acid derivatives,-barb-,,False,CCC(C)C1(CC)C(=O)NC(=O)NC1=O,212.25,0.79,,,,,,,,,,,No DILI,No DILI,No DILI,,,,ZRIHAIZYIMGOAB,0,No DILI,False,0.43585037248699443
Calcitonin salmon,LT00878,Calcitonin salmon,No-DILI-Concern,No match,0.0,,Subcutaneous,DILIrank,,,,CHEMBL3989767,H05BA01,1.0,0.0,,0.0,1.0,True,1978.0,0.0,,,0.0,4.0,Protein,1.0,False,0.0,True,0.0,CALCITONIN SALMON,0.0,BOTH,True,True,calci-; sal-,vitamin D analogs; anti-inflammatory agents (salicylic acid derivatives),calci-; sal-,,False,CC(C)C[C@H](NC(=O)[C@H](CCCCN)NC(=O)CNC(=O)[C@H](CC(C)C)NC(=O)[C@@H](NC(=O)[C@@H]1CSSC[C@H](N)C(=O)N[C@@H](CO)C(=O)N[C@@H](CC(N)=O)C(=O)N[C@@H](CC(C)C)C(=O)N[C@@H](CO)C(=O)N[C@@H]([C@@H](C)O)C(=O)N1)C(C)C)C(=O)N[C@@H](CO)C(=O)N[C@@H](CCC(N)=O)C(=O)N[C@@H](CCC(=O)O)C(=O)N[C@@H](CC(C)C)C(=O)N[C@@H](Cc1c[nH]cn1)C(=O)N[C@@H](CCCCN)C(=O)N[C@@H](CC(C)C)C(=O)N[C@@H](CCC(N)=O)C(=O)N[C@H](C(=O)N[C@@H](Cc1ccc(O)cc1)C(=O)N1CCC[C@H]1C(=O)N[C@@H](CCCNC(=N)N)C(=O)N[C@H](C(=O)N[C@@H](CC(N)=O)C(=O)N[C@H](C(=O)NCC(=O)N[C@@H](CO)C(=O)NCC(=O)N[C@H](C(=O)N1CCC[C@H]1C(N)=O)[C@@H](C)O)[C@@H](C)O)[C@@H](C)O)[C@@H](C)O,3431.91,,,,,,,,,,,,No DILI,No DILI,No DILI,,,,BBBFJLBPOGFECG,0,No DILI,False,0.5484551036794938
Calcium acetate,LT00947,Calcium acetate,No-DILI-Concern,No match,0.0,,Oral,DILIrank,,,,CHEMBL1200800,V03AE07,1.0,0.0,3310.0,0.0,2.0,True,1982.0,0.0,,Pharmaceutic Aid (buffering agent),0.0,4.0,Small molecule,0.0,True,0.0,True,0.0,CALCIUM ACETATE,0.0,MOL,True,False,,,,,False,CC(=O)[O-].CC(=O)[O-].[Ca+2],158.17,,,,,,,,,,,,No DILI,No DILI,No DILI,,,,VSGNNIFQASZAOI,0,No DILI,False,0.6070317966399966
Capreomycin,LT01889,Capreomycin,Ambiguous DILI-concern,Adverse reactions,3.0,,Intravenous,DILIrank,E,Antimicrobial,Antituberculosis,CHEMBL2221250,J04AB30,1.0,1.0,,0.0,-1.0,True,1971.0,0.0,,Antibacterial (tuberculostatic),0.0,4.0,Protein,1.0,False,0.0,True,0.0,CAPREOMYCIN,0.0,MOL,True,False,-mycin,antibiotics (Streptomyces strain),-mycin,1962.0,False,C[C@@H]1NC(=O)[C@@H](N)CNC(=O)[C@H](C2CCNC(=N)N2)NC(=O)/C(=C/NC(N)=O)NC(=O)[C@H](CNC(=O)CC(N)CCCN)NC1=O.N=C1NCCC([C@@H]2NC(=O)/C(=C/NC(N)=O)NC(=O)[C@H](CNC(=O)CC(N)CCCN)NC(=O)[C@H](CO)NC(=O)[C@@H](N)CNC2=O)N1,1321.44,,,,,,,,,,,,No DILI,No DILI,No DILI,2021 Sep 20,,,VCOPTHOUUNAYKQ,0,No DILI,False,0.4909218164433018
Carbidopa,LT01160,Carbidopa,Ambiguous DILI-concern,Warnings and precautions,3.0,,Oral,DILIrank,E,CNS,Parkinson disease,CHEMBL1200748,,1.0,0.0,3395.0,0.0,1.0,True,1975.0,0.0,,Inhibitor (decarboxylase),0.0,4.0,Small molecule,0.0,True,0.0,False,0.0,CARBIDOPA,0.0,MOL,True,False,-dopa,dopamine receptor agonists,-dopa,1972.0,False,C[C@@](Cc1ccc(O)c(O)c1)(NN)C(=O)O.O,244.25,-0.05,,,,,,Decarboxylase,Metabolism,Carbidopa is an aromatic-L-amino-acid decarboxylase inhibitor with an IC50 of 29 ± 2 μM.,28860-95-9,17.68,No DILI,No DILI,No DILI,,,,QTAOMKOIBXZKND,0,No DILI,False,0.44043760491094586
Carboprost tromethamine,LT00898,Carboprost tromethamine,No-DILI-Concern,No match,0.0,,Intramuscular,DILIrank,,,,CHEMBL1237105,,1.0,1.0,,0.0,1.0,True,1979.0,0.0,,Oxytocic,0.0,4.0,Small molecule,1.0,False,0.0,True,0.0,CARBOPROST TROMETHAMINE,0.0,MOL,True,False,-prost,prostaglandins,-prost,1977.0,False,CCCCC[C@](C)(O)/C=C/[C@@H]1[C@@H](C/C=C\CCCC(=O)O)[C@@H](O)C[C@H]1O.NC(CO)(CO)CO,489.65,3.43,,United States,,Black Box Warning,,,,,,,No DILI,No DILI,No DILI,,,,UMMADZJLZAPZAW,0,No DILI,False,0.4308338485925043
Cefazolin,LT01171,Cefazolin,Less-DILI-Concern,Adverse reactions,3.0,,Intravenous,DILIrank,B,Antimicrobial,Antibacterial,CHEMBL1435,J01DB04,1.0,0.0,474053.0,0.0,1.0,False,1973.0,0.0,,Antibacterial (systemic),0.0,4.0,Small molecule,1.0,False,0.0,True,0.0,CEFAZOLIN,0.0,MOL,True,False,cef-,cephalosporins,cef-,1972.0,False,Cc1nnc(SCC2=C(C(=O)O)N3C(=O)[C@@H](NC(=O)Cn4cnnn4)[C@H]3SC2)s1,454.52,-0.64,,,,,,"Antibiotics,Bacterial",Microbiology,Cefazolin(Cephazolin) is a semisynthetic cephalosporin analog with broad-spectrum antibiotic action due to inhibition of bacterial cell wall synthesis. It attains high serum levels and is excreted quickly via the urine.,25953-19-9,200.22,DILI (likely),DILI,Likely,,,,MLYYVTUWGNIJIB,1,DILI,True,0.7663330697258786
Cephalexin,LT01189,Cephalexin,Less-DILI-Concern,Adverse reactions,4.0,,Oral,DILIrank,B,Antimicrobial,Antibacterial,CHEMBL1200544,J01DB01,1.0,0.0,3535.0,0.0,1.0,True,1971.0,0.0,,Antibacterial,0.0,4.0,Small molecule,0.0,True,0.0,False,0.0,CEPHALEXIN,0.0,MOL,True,False,,,,1967.0,False,CC1=C(C(=O)O)N2C(=O)[C@@H](NC(=O)[C@H](N)c3ccccc3)[C@H]2SC1.O,365.41,0.44,,,,,,"Antibiotics,Bacterial",Microbiology,Cephalexin (Cefalexin) is an antibiotic that can treat a number of bacterial infections.,15686-71-2,2,DILI (likely),DILI,Likely,,,,AVGYWQBCYZHHPN,1,DILI,True,0.7513706531453144
Cephradine,LT01279,Cephradine,Ambiguous DILI-concern,Adverse reactions,4.0,,Oral,DILIrank,E*,Antimicrobial,Antibacterial,CHEMBL1604,J01DB09,0.0,0.0,3547.0,0.0,1.0,True,1974.0,0.0,,Antibacterial,0.0,4.0,Small molecule,1.0,True,0.0,True,0.0,CEPHRADINE,0.0,MOL,True,False,,,,1971.0,False,CC1=C(C(=O)O)N2C(=O)[C@@H](NC(=O)[C@H](N)C3=CCC=CC3)[C@H]2SC1,349.41,0.35,,,,,,,,,,,No DILI,No DILI,No DILI,,,,RDLPVSKMFDYCOR,0,DILI,True,0.6657578597274313
Cevimeline,LT01048,Cevimeline,Ambiguous DILI-concern,Adverse reactions,3.0,,,DILIrank,E,Opthalmologic,Sjogren syndrome,CHEMBL168815,N07AX03,1.0,0.0,,0.0,0.0,False,2000.0,0.0,,Alzheimer's Disease Treatment (adjunct),0.0,4.0,Small molecule,1.0,True,0.0,False,0.0,CEVIMELINE,0.0,MOL,True,False,-meline,cholinergic agonists (arecoline derivatives used in treatment of Alzheimer's disease,-meline,1997.0,False,CC1OC2(CS1)CN1CCC2CC1,199.32,1.56,,,,,,,,,,,No DILI,No DILI,No DILI,2017 Jan 23,,,WUTYZMFRCNBCHQ,0,No DILI,False,0.5858185692685399
Chenodiol,LT00065,Chenodiol,Ambiguous DILI-concern,Warnings and precautions,8.0,,,DILIrank,E*,Gastrointestinal,Gallstones,CHEMBL240597,A05AA01,1.0,1.0,16755.0,0.0,1.0,True,1983.0,0.0,,Anticholelithogenic,0.0,4.0,Small molecule,1.0,True,1.0,False,0.0,CHENODIOL,0.0,MOL,True,False,,,,1978.0,False,C[C@H](CCC(=O)O)[C@H]1CC[C@H]2[C@@H]3[C@H](O)C[C@@H]4C[C@H](O)CC[C@]4(C)[C@H]3CC[C@]12C,392.58,4.48,hepatotoxicity,United States,,Black Box Warning,,,,,,,No DILI,No DILI,No DILI,2016 Sep 9,,,RUDATBOHQWOJDD,0,No DILI,False,0.5862837665853369
Chlorzoxazone,LT00067,Chlorzoxazone,Most-DILI-Concern,Warnings and precautions,8.0,,Oral,DILIrank,B,CNS,Muscle relaxant,CHEMBL1371,M03BB53; M03BB03; M03BB73,1.0,0.0,3655.0,0.0,2.0,True,1958.0,0.0,,Relaxant (skeletal muscle),0.0,4.0,Small molecule,1.0,True,0.0,False,0.0,CHLORZOXAZONE,0.0,MOL,True,False,,,,,False,O=c1[nH]c2cc(Cl)ccc2o1,169.57,1.77,,,,,,P450 (e.g. CYP17),Metabolism,"Chlorzoxazone(Chlorzoxazon,Paraflex) is a muscle-relaxing drug,and a probe for human liver cytochrome P-450IIE1.",95-25-0,200.51,DILI (likely),DILI,Likely,2017 Jan 30,,"Cholestasis/Biliary, Hypersensitivity",TZFWDZFKRBELIQ,1,DILI,True,0.7944024200636947
Cidofovir,LT01216,Cidofovir,Ambiguous DILI-concern,Adverse reactions,5.0,,Intravenous,DILIrank,E,Antimicrobial,Antiviral: CMV,CHEMBL152,,1.0,1.0,3696.0,0.0,1.0,False,1996.0,0.0,,Antiviral,0.0,4.0,Small molecule,1.0,False,0.0,True,0.0,CIDOFOVIR ANHYDROUS,1.0,MOL,True,False,-vir,antivirals,-vir,1994.0,False,Nc1ccn(C[C@@H](CO)OCP(=O)(O)O)c(=O)n1,279.19,-1.66,,,,,,"CMV,DNA/RNA Synthesis",DNA Damage/DNA Repair,"Cidofovir (HPMPC,Vistide,GS 0504) suppresses virus replication by selective inhibition of viral DNA synthesis.",113852-37-2,7.16,No DILI,No DILI,No DILI,2017 Oct 10,,,VWFCHDSQECPREK,0,No DILI,False,0.5262632262828597
Cisatracurium besylate,LT00978,Cisatracurium besylate,No-DILI-Concern,No match,0.0,,Intravenous,DILIrank,,,,CHEMBL1200641,,1.0,0.0,3721.0,0.0,1.0,True,1995.0,0.0,,Neuromuscular Blocking Agent,0.0,4.0,Small molecule,0.0,False,0.0,True,0.0,CISATRACURIUM BESYLATE,0.0,MOL,True,False,-ium,quaternary ammonium derivatives: neuromuscular blocking agents,-ium (-curium),1995.0,False,COc1ccc(C[C@@H]2c3cc(OC)c(OC)cc3CC[N@+]2(C)CCC(=O)OCCCCCOC(=O)CC[N@@+]2(C)CCc3cc(OC)c(OC)cc3[C@H]2Cc2ccc(OC)c(OC)c2)cc1OC.O=S(=O)([O-])c1ccccc1.O=S(=O)([O-])c1ccccc1,1243.5,8.07,,,,,,Adrenergic Receptor,Neuronal Signaling,"Cisatracurium Besylate(51W89) is a nondepolarizing neuromuscular blocking agent, antagonizing the action of acetylcholine by inhibiting neuromuscular transmission.",96946-42-8,200.24,No DILI,No DILI,No DILI,,,,XXZSQOVSEBAPGS,0,No DILI,False,0.420290011704506
Clevidipine,LT00644,Clevidipine,No-DILI-Concern,No match,0.0,,Intravenous,DILIrank,,,,CHEMBL1237132,C08CA16,1.0,0.0,,0.0,0.0,True,2008.0,0.0,,,0.0,4.0,Small molecule,1.0,False,0.0,True,0.0,CLEVIDIPINE,0.0,MOL,True,False,-dipine; -pine,phenylpyridine vasodilators; tricyclic compounds,-dipine; -pine,2009.0,False,CCCC(=O)OCOC(=O)C1=C(C)NC(C)=C(C(=O)OC)C1c1cccc(Cl)c1Cl,456.32,4.25,,,,,,,,,,,No DILI,No DILI,No DILI,,,,KPBZROQVTHLCDU,0,DILI,True,0.6643233931913355
Clomacran,LT00694,Clomacran,Most-DILI-Concern,Withdrawn,8.0,,Oral,DILIrank,,,,CHEMBL1615350,,-2.0,0.0,,0.0,0.0,False,,0.0,,Antipsychotic,0.0,4.0,Small molecule,0.0,False,0.0,False,0.0,CLOMACRAN,0.0,MOL,False,False,,,,1968.0,True,CN(C)CCCC1c2ccccc2Nc2ccc(Cl)cc21,300.83,4.87,,,,,,,,,,,DILI (withdrawn),DILI,Withdrawn,,,,JFRLWWDJCFYFSU,1,DILI,True,0.7842698798066131
Colistimethate,LT01275,Colistimethate,No-DILI-Concern,No match,0.0,,Intravenous,DILIrank,,,,CHEMBL2304327,,,0.0,,0.0,-1.0,False,,0.0,,,0.0,3.0,Unknown,0.0,False,0.0,False,0.0,COLISTIMETHATE,1.0,MOL,False,False,,,,,False,CCC(C)CCCCC(=O)N(CS(=O)(=O)O)[C@@H](CCNCS(=O)(=O)O)C(=O)N[C@@H](CN[C@@H](CCNCS(=O)(=O)O)C(=O)N[C@H]1CCNC(=O)[C@H]([C@@H](C)O)NC(=O)[C@@H](CCNCS(=O)(=O)O)NC(=O)[C@H](CCNCS(=O)(=O)O)NC(=O)[C@H](CC(C)C)NC(=O)[C@@H](CC(C)C)NC(=O)[C@H](CCNCS(=O)(=O)O)NC1=O)[C@@H](C)O,1720.05,,,,,,,,,,,,No DILI,No DILI,No DILI,,,,RRDRHWJDBOGQHN,0,No DILI,False,0.517649885256014
Cortisone acetate,LT00734,Cortisone acetate,No-DILI-Concern,No match,0.0,,Oral,DILIrank,,,,CHEMBL1650,S01BA03; H02AB10,1.0,0.0,3897.0,0.0,1.0,True,1950.0,0.0,,Glucocorticoid,0.0,4.0,Small molecule,1.0,True,0.0,True,0.0,CORTISONE ACETATE,0.0,MOL,True,False,,,,,False,CC(=O)OCC(=O)[C@@]1(O)CC[C@H]2[C@@H]3CCC4=CC(=O)CC[C@]4(C)[C@H]3C(=O)C[C@@]21C,402.49,2.56,,,,,,Glucocorticoid Receptor,Endocrinology & Hormones,"Cortisone acetate (Cortone, NSC 49420) is an acetate salt form of cortisone that is a steroid hormone and a glucocorticoid.",50-04-4,17.39,No DILI,No DILI,No DILI,,,,ITRJWOMZKQRYTA,0,No DILI,False,0.5479364833588204
Cosyntropin,LT00855,Cosyntropin,No-DILI-Concern,No match,0.0,,Intravenous,DILIrank,,,,CHEMBL2103784,H01AA02,1.0,0.0,3901.0,0.0,1.0,True,1970.0,0.0,PEPTIDE1{S.Y.S.M.E.H.F.R.W.G.K.P.V.G.K.K.R.R.P.V.K.V.Y.P}$$$$,Hormone (adrenocorticotropic),0.0,4.0,Protein,1.0,False,0.0,True,0.0,COSYNTROPIN,0.0,BOTH,True,False,-pin; -trop-,tricyclic compounds; atropine derivatives,-pin; -trop-,1968.0,False,CSCC[C@H](NC(=O)[C@H](CO)NC(=O)[C@H](Cc1ccc(O)cc1)NC(=O)[C@@H](N)CO)C(=O)N[C@@H](CCC(=O)O)C(=O)N[C@@H](Cc1c[nH]cn1)C(=O)N[C@@H](Cc1ccccc1)C(=O)N[C@@H](CCCNC(=N)N)C(=O)N[C@@H](Cc1c[nH]c2ccccc12)C(=O)NCC(=O)N[C@@H](CCCCN)C(=O)N1CCC[C@H]1C(=O)N[C@H](C(=O)NCC(=O)N[C@@H](CCCCN)C(=O)N[C@@H](CCCCN)C(=O)N[C@@H](CCCNC(=N)N)C(=O)N[C@@H](CCCNC(=N)N)C(=O)N1CCC[C@H]1C(=O)N[C@H](C(=O)N[C@@H](CCCCN)C(=O)N[C@H](C(=O)N[C@@H](Cc1ccc(O)cc1)C(=O)N1CCC[C@H]1C(=O)O)C(C)C)C(C)C)C(C)C,2933.49,,,,,,,,,,,,No DILI,No DILI,No DILI,,,,ZOEFCCMDUURGSE,0,No DILI,False,0.5286154771028165
Cycloserine,LT01253,Cycloserine,Ambiguous DILI-concern,Warnings and precautions,3.0,,,DILIrank,E*,Antimicrobial,Antituberculosis,CHEMBL771,J04AB01,1.0,0.0,40009.0,0.0,1.0,True,1964.0,0.0,,Antibacterial (tuberculostatic),0.0,4.0,Small molecule,1.0,True,0.0,False,0.0,CYCLOSERINE,0.0,MOL,True,False,,,,,False,N[C@@H]1CONC1=O,102.09,-1.62,,,,,,,,,,,No DILI,No DILI,No DILI,2017 Nov 3,,,DYDCUQKUCUHJBH,0,No DILI,False,0.5849611545348402
Dactinomycin,LT00079,Dactinomycin,Most-DILI-Concern,Warnings and precautions,8.0,,Subcutaneous,DILIrank,C,Antineoplastic,Solid tumors,CHEMBL1554,L01DA01,1.0,0.0,27666.0,0.0,1.0,True,1964.0,0.0,,Antineoplastic,0.0,4.0,Protein,1.0,False,0.0,True,0.0,DACTINOMYCIN,0.0,MOL,True,False,-mycin,antibiotics (Streptomyces strain),-mycin,1964.0,False,Cc1c2oc3c(C)ccc(C(=O)N[C@@H]4C(=O)N[C@H](C(C)C)C(=O)N5CCC[C@H]5C(=O)N(C)CC(=O)N(C)[C@@H](C(C)C)C(=O)O[C@@H]4C)c3nc-2c(C(=O)N[C@@H]2C(=O)N[C@H](C(C)C)C(=O)N3CCC[C@H]3C(=O)N(C)CC(=O)N(C)[C@@H](C(C)C)C(=O)O[C@@H]2C)c(N)c1=O,1255.44,,,,,,,,,,,,DILI (likely),DILI,Likely,2017 Nov 14,,"Necrosis, Sinusoidal",RJURFGZVJUQBHK,1,DILI,True,0.6468416272526643
Dantrolene,LT00080,Dantrolene,Most-DILI-Concern,Box warning,8.0,,Oral,DILIrank,A,CNS,Muscle relaxant,CHEMBL1201288,M03CA01,1.0,1.0,,0.0,2.0,False,1974.0,0.0,,Relaxant (skeletal muscle),0.0,4.0,Small molecule,1.0,True,0.0,True,0.0,DANTROLENE,0.0,MOL,True,False,,,,1966.0,False,O=C1CN(/N=C/c2ccc(-c3ccc([N+](=O)[O-])cc3)o2)C(=O)N1,314.26,1.74,,,,,,,,,,,DILI (known),DILI,Known,2017 Jan 30,,"Hepatitis, Immune-mediated, Hypersensitivity",OZOMQRBLCMDCEG,1,DILI,True,0.8755956682249242
Dapsone,LT00289,Dapsone,Less-DILI-Concern,Warnings and precautions,3.0,,Oral,DILIrank,A,Antimicrobial,Antileprosy,CHEMBL1043,J04BA02; D10AX05,1.0,0.0,4325.0,0.0,2.0,True,1979.0,0.0,,Antibacterial (leprostatic); Suppressant (dermatitis herpetiformis),0.0,4.0,Small molecule,1.0,True,0.0,False,0.0,DAPSONE,0.0,MOL,True,True,,,,1963.0,False,Nc1ccc(S(=O)(=O)c2ccc(N)cc2)cc1,248.31,1.68,,,,,,,,,,,DILI (likely),DILI,Likely,2017 Dec 5,,"Cholestasis/Biliary, Hypersensitivity",MQJKPEGWNLWLTK,1,DILI,True,0.7104704927300859
Daunorubicin,LT00540,Daunorubicin,No-DILI-Concern,No match,0.0,,Intravenous,DILIrank,E*,Antineoplastic,"Solid tumors, Leukemia",CHEMBL178,L01DB02,1.0,1.0,41977.0,0.0,1.0,True,1979.0,0.0,,Antineoplastic,0.0,4.0,Small molecule,1.0,False,0.0,True,0.0,DAUNORUBICIN,0.0,MOL,True,False,-rubicin,antineoplastic antibiotics (daunorubicin type),-rubicin,1976.0,False,COc1cccc2c1C(=O)c1c(O)c3c(c(O)c1C2=O)C[C@@](O)(C(C)=O)C[C@@H]3O[C@H]1C[C@H](N)[C@H](O)[C@H](C)O1,527.53,1.03,,,,,,"ADC Cytotoxin,Antineoplastic and Immunosuppressive Antibiotics,Apoptosis related,COVID-19,DNA/RNA Synthesis,Topoisomerase",DNA Damage/DNA Repair,"Daunorubicin HCl (Daunomycin, RP 13057, Rubidomycin) inhibits both DNA and RNA synthesis and inhibits DNA synthesis with Ki of 0.02 μM in a cell-free assay. Daunorubicin is a topoisomerase II inhibitor that induces apoptosis.",23541-50-6,177.31,No DILI,No DILI,No DILI,2017 Dec 27,,,STQGQHZAVUOBTE,0,No DILI,False,0.5501769433379835
Degarelix,LT00655,Degarelix,Ambiguous DILI-concern,Adverse reactions,3.0,,,DILIrank,E,Antineoplastic,Prostate cancer,CHEMBL415606,L02BX02,1.0,0.0,,0.0,1.0,False,2008.0,0.0,,,0.0,4.0,Protein,1.0,False,0.0,True,0.0,DEGARELIX,0.0,MOL,True,False,-relix,hormone-release inhibiting peptides,-relix,2007.0,False,CC(=O)N[C@H](Cc1ccc2ccccc2c1)C(=O)N[C@H](Cc1ccc(Cl)cc1)C(=O)N[C@H](Cc1cccnc1)C(=O)N[C@@H](CO)C(=O)N[C@@H](Cc1ccc(NC(=O)[C@@H]2CC(=O)NC(=O)N2)cc1)C(=O)N[C@H](Cc1ccc(NC(N)=O)cc1)C(=O)N[C@@H](CC(C)C)C(=O)N[C@@H](CCCCNC(C)C)C(=O)N1CCC[C@H]1C(=O)N[C@H](C)C(N)=O,1632.29,,,,,,,,,,,,No DILI,No DILI,No DILI,2023 May 28,,,MEUCPCLKGZSHTA,0,No DILI,False,0.5641890823526792
Demeclocycline,LT00081,Demeclocycline,Ambiguous DILI-concern,Warnings and precautions,3.0,,Oral,DILIrank,E*,Antimicrobial,Antibacterial,CHEMBL1591,D06AA01; J01AA01,1.0,0.0,4392.0,0.0,1.0,False,1960.0,0.0,,Antibacterial,0.0,4.0,Small molecule,1.0,True,0.0,False,0.0,DEMECLOCYCLINE,0.0,MOL,True,False,-cycline,antibiotics (tetracycline derivatives),-cycline,,False,CN(C)[C@@H]1C(O)=C(C(N)=O)C(=O)[C@@]2(O)C(O)=C3C(=O)c4c(O)ccc(Cl)c4[C@@H](O)[C@H]3C[C@@H]12,464.86,0.26,,,,,,,,,,,No DILI,No DILI,No DILI,,,,FMTDIUIBLCQGJB,0,DILI,True,0.7007784129092142
Dermatan,LT00695,Dermatan,Most-DILI-Concern,Discontinued,8.0,,Intravenous,DILIrank,,,,CHEMBL1909290,,-1.0,0.0,,0.0,-1.0,False,,-1.0,,,-1.0,,Small molecule,1.0,False,-1.0,False,0.0,DERMATAN,-1.0,MOL,False,False,,,,,False,CO[C@@H]1O[C@H](CO)[C@H](O)[C@H](O[C@@H]2O[C@@H](C(=O)O)[C@@H](OC)[C@H](O)[C@H]2O)[C@H]1NC(C)=O,425.39,-3.85,,,,,,,,,,,DILI (likely),DILI,Likely,,,,OEANUJAFZLQYOD,1,No DILI,False,0.5232949777878317
Dexamethasone,LT00082,Dexamethasone,Ambiguous DILI-concern,Adverse reactions,3.0,,,DILIrank,A [HD],Endocrine,Immune suppression,CHEMBL384467,A01AC02; R01AD03; S02BA06; S03BA01; D07AB19; D10AA03; S01CB01; C05AA09; D07XB05; H02AB02; S01BA01,1.0,0.0,41879.0,0.0,1.0,True,1958.0,0.0,,Glucocorticoid,0.0,4.0,Small molecule,0.0,True,0.0,True,0.0,DEXAMETHASONE,0.0,MOL,True,True,,,,,False,C[C@@H]1C[C@H]2[C@@H]3CCC4=CC(=O)C=C[C@]4(C)[C@@]3(F)[C@@H](O)C[C@]2(C)[C@@]1(O)C(=O)CO,392.47,1.9,,,,,,"Autophagy,Complement System,COVID-19,Glucocorticoid Receptor,IL Receptor,Mitophagy",Immunology & Inflammation,"Dexamethasone (MK-125, NSC 34521, Hexadecadrol, Prednisolone F) is a potent synthetic member of the glucocorticoid class of steroid drugs, and an interleukin receptor modulator that has anti-inflammatory and immunosuppressant effects. Dexamethasone induces autophagy and mitophagy. Dexamethasone is tested in hospitalized patients with COVID-19 and is found to have benefits for critically ill patients.",50-02-2,201.29,DILI (likely),DILI,Likely,,,,UREBDLICKHMUKA,1,No DILI,False,0.5959236681687252
Dexpanthenol,LT01972,Dexpanthenol,No-DILI-Concern,No match,0.0,,Intravenous,DILIrank,,,,CHEMBL1200979,D03AX03; A11HA30; S01XA12,1.0,0.0,27373.0,0.0,1.0,True,1985.0,0.0,,Cholinergic,0.0,4.0,Small molecule,1.0,False,0.0,True,0.0,DEXPANTHENOL,0.0,MOL,False,False,,,,1970.0,False,CC(C)(CO)[C@@H](O)C(=O)NCCCO,205.25,-1.14,,,,,,,,,,,No DILI,No DILI,No DILI,,,,SNPLKNRPJHDVJA,0,No DILI,False,0.31286244444890654
Dextrose,LT00327,Dextrose,No-DILI-Concern,No match,0.0,,Intravenous,DILIrank,,,,CHEMBL1222250,B05CX01; C05BB56; V06DC01; V04CA02,1.0,0.0,4167.0,0.0,1.0,True,,0.0,,Pharmaceutic Aid (tablet coating agent); Pharmaceutic Aid (tablet binder),0.0,4.0,Small molecule,1.0,False,0.0,True,0.0,DEXTROSE,0.0,MOL,False,False,,,,,False,OC[C@H]1OC(O)[C@H](O)[C@@H](O)[C@@H]1O,180.16,-3.22,,,,,,Others,Others,"Dextrose (D-glucose), a simple sugar (monosaccharide), is an important carbohydrate in biology.",50-99-7,199.82,No DILI,No DILI,No DILI,,,,WQZGKKKJIJFFOK,0,No DILI,False,0.35165936929362307
Dichlorphenamide,LT00802,Dichlorphenamide,No-DILI-Concern,No match,0.0,,Oral,DILIrank,,,,CHEMBL17,S01EC02,1.0,0.0,101085.0,0.0,2.0,True,1958.0,0.0,,Carbonic Anhydrase Inhibitor,0.0,4.0,Small molecule,1.0,True,0.0,False,0.0,DICHLORPHENAMIDE,0.0,MOL,True,False,,,,,False,NS(=O)(=O)c1cc(Cl)c(Cl)c(S(N)(=O)=O)c1,305.16,0.29,,,,,,Carbonic Anhydrase,Metabolism,Dichlorphenamide (Diclofenamide) is a sulfonamide and a carbonic anhydrase inhibitor of the meta-Disulfamoylbenzene class.,120-97-8,199.89,No DILI,No DILI,No DILI,,,,GJQPMPFPNINLKP,0,DILI,True,0.6486831077610885
Digoxin,LT00292,Digoxin,No-DILI-Concern,No match,0.0,,Oral,DILIrank,E,Cardiovascular,Heart failure,CHEMBL1751,C01AA05,1.0,0.0,4551.0,0.0,1.0,True,1975.0,0.0,,Cardiotonic,0.0,4.0,Small molecule,1.0,True,0.0,True,0.0,DIGOXIN,0.0,MOL,True,False,-oxin,"fluoroquinolone derivatives, nonantibacterial indication (e.g., antineoplastic antibiotics)",-oxin,,False,C[C@H]1O[C@@H](O[C@H]2[C@@H](O)C[C@H](O[C@H]3[C@@H](O)C[C@H](O[C@H]4CC[C@@]5(C)[C@H](CC[C@@H]6[C@@H]5C[C@@H](O)[C@]5(C)[C@@H](C7=CC(=O)OC7)CC[C@]65O)C4)O[C@@H]3C)O[C@@H]2C)C[C@H](O)[C@@H]1O,780.95,2.22,,,,,,,,,,,No DILI,No DILI,No DILI,,,,LTMHDMANZUZIPE,0,No DILI,False,0.5065865025942035
Dimenhydrinate,LT00545,Dimenhydrinate,No-DILI-Concern,No match,0.0,,Intravenous,DILIrank,E,CNS,Sedative/Hypnotic,CHEMBL1200406,R06AA11,1.0,0.0,,0.0,2.0,True,1972.0,0.0,,Anti-Emetic,0.0,4.0,Small molecule,0.0,True,0.0,True,0.0,DIMENHYDRINATE,0.0,MOL,True,False,,,,,False,CN(C)CCOC(c1ccccc1)c1ccccc1.Cn1c(=O)c2[nH]c(Cl)nc2n(C)c1=O,469.97,,,,,,,Histamine Receptor,Neuronal Signaling,"Dimenhydrinate is an over-the-counter drug used to prevent nausea, vomiting, and dizziness caused by motion sickness.",523-87-5,200.02,No DILI,No DILI,No DILI,,,,NFLLKCVHYJRNRH,0,No DILI,False,0.4925024426750814
Divalproex sodium,LT00684,Divalproex sodium,Most-DILI-Concern,Box warning,8.0,,Oral,DILIrank,,,,CHEMBL2105613,,1.0,1.0,4667.0,0.0,2.0,True,1983.0,0.0,,Anticonvulsant,0.0,4.0,Small molecule,0.0,True,0.0,False,0.0,DIVALPROEX SODIUM,0.0,MOL,True,False,,,,1983.0,False,CCCC(CCC)C(=O)O.CCCC(CCC)C(=O)[O-].[Na+],310.41,2.29,"hepatotoxicity, teratogenicity, gastrointestinal toxicity",United States,,Black Box Warning,,HDAC,Epigenetics,"Divalproex Sodium, consisting of a compound of sodium valproate and valproic acid in a 1:1 molar relationship in an enteric coated form, is a HDAC inhibitor, used in the treatment for epilepsy.",76584-70-8,199.74,DILI (likely),DILI,Likely,,,,MSRILKIQRXUYCT,1,DILI,True,0.6600474741674499
Doripenem,LT00623,Doripenem,Ambiguous DILI-concern,Adverse reactions,3.0,,,DILIrank,E*,Antimicrobial,Antibacterial,CHEMBL491571,J01DH04,1.0,0.0,,0.0,1.0,True,2007.0,0.0,,,0.0,4.0,Small molecule,1.0,False,0.0,True,0.0,DORIPENEM,0.0,MOL,True,False,-penem,"antibacterial antibiotics, carbapenem derivatives",-penem,2005.0,False,C[C@@H](O)[C@H]1C(=O)N2C(C(=O)O)=C(S[C@@H]3CN[C@H](CNS(N)(=O)=O)C3)[C@H](C)[C@H]12,420.51,-1.6,,,,,,Antibiotics,Microbiology,Doripenem(S 4661) is a new parenteral carbapenem antibiotic with broad-spectrum activity against gram-negative and gram-positive pathogens.,148016-81-3,142.69,No DILI,No DILI,No DILI,2017 Jan 17,,,AVAACINZEOAHHE,0,DILI,True,0.6739021873880525
Doxorubicin,LT00335,Doxorubicin,Less-DILI-Concern,Adverse reactions,3.0,,Intravenous,DILIrank,B,Antineoplastic,Solid tumors,CHEMBL53463,L01DB01,-1.0,0.0,28748.0,0.0,1.0,False,,0.0,,Antineoplastic,0.0,4.0,Small molecule,1.0,False,0.0,False,0.0,DOXORUBICIN,0.0,MOL,True,False,-rubicin,antineoplastic antibiotics (daunorubicin type),-rubicin,1973.0,False,COc1cccc2c1C(=O)c1c(O)c3c(c(O)c1C2=O)C[C@@](O)(C(=O)CO)C[C@@H]3O[C@H]1C[C@H](N)[C@H](O)[C@H](C)O1,543.53,0.0,,,,,,"ADC Cytotoxin,AMPK,Antibiotics,Antineoplastic and Immunosuppressive Antibiotics,Apoptosis related,HIV,Mitophagy,Topoisomerase",DNA Damage/DNA Repair,"Doxorubicin (Adriamycin, NSC 123127, DOX, Hydroxydaunorubicin) HCl is an antibiotic agent that inhibits DNA topoisomerase II and induces DNA damage, mitophagy and apoptosis in tumor cells. Doxorubicin reduces basal phosphorylation of AMPK. Doxorubicin is used in the concomitant treatment of HIV-infected patients but is found to be at high risk of HBV reactivation.",25316-40-9,172.42,DILI (likely),DILI,Likely,,,,AOJJSUZBOXZQNB,1,DILI,True,0.6465642066189956
Doxycycline,LT00393,Doxycycline,Less-DILI-Concern,Adverse reactions,3.0,,Oral,DILIrank,B,Antimicrobial,Antibacterial,CHEMBL1200699,A01AB22; J01AA02,1.0,0.0,60648.0,0.0,1.0,True,1967.0,0.0,,Antibacterial,0.0,4.0,Small molecule,0.0,True,0.0,False,0.0,DOXYCYCLINE,0.0,MOL,True,False,-cycline,antibiotics (tetracycline derivatives),-cycline,1966.0,False,C[C@H]1c2cccc(O)c2C(=O)C2=C(O)[C@]3(O)C(=O)C(C(N)=O)=C(O)[C@@H](N(C)C)[C@@H]3[C@@H](O)[C@@H]21.O,462.46,-0.35,,,,,,"Antibiotics,Antineoplastic and Immunosuppressive Antibiotics,Bacterial,MMP",Microbiology,"Doxycycline (Vibramycin, Doxytetracycline, Doxiciclina, Doxycyclinum) is an antibiotic that is used in the treatment of a number of types of infections caused by bacteria and protozoa. Doxycycline is also a nonspecific matrix metalloproteinase (MMP) inhibitor.",564-25-0,198.01,DILI (likely),DILI,Likely,2019 Jan 23,,"Hepatitis, Cholestasis/Biliary, Steatosis, Immune-mediated, Hypersensitivity",XQTWDDCIUJNLTR,1,DILI,True,0.6560019565062682
Edrophonium,LT02093,Edrophonium,No-DILI-Concern,No match,0.0,,,DILIrank,,,,CHEMBL60745,,-1.0,0.0,,0.0,-1.0,False,,-1.0,,,-1.0,,Small molecule,1.0,False,-1.0,False,0.0,EDROPHONIUM BROMIDE,-1.0,MOL,False,False,,,,,False,CC[N+](C)(C)c1cccc(O)c1.[Br-],246.15,1.98,,,,,,,,,,,No DILI,No DILI,No DILI,,,,CAEPIUXAUPYIIJ,0,No DILI,False,0.4734557181169753
Eltrombopag olamine,LT00663,Eltrombopag olamine,Most-DILI-Concern,Box warning,4.0,,Oral,DILIrank,,,,CHEMBL461806,,-1.0,0.0,,0.0,-1.0,False,,-1.0,,,-1.0,,Small molecule,0.0,False,-1.0,False,0.0,ELTROMBOPAG OLAMINE,-1.0,MOL,False,False,,,,,False,CC1=NN(c2ccc(C)c(C)c2)C(=O)/C1=N\Nc1cccc(-c2cccc(C(=O)O)c2)c1O.NCCO,503.56,4.56,,,,,,,,,,,DILI (likely),DILI,Likely,,,,LQQUHOUXABUDJA,1,DILI,True,0.8457038223061061
Enalaprilat,LT00381,Enalaprilat,Ambiguous DILI-concern,Adverse reactions,7.0,,,DILIrank,B,Cardiovascular,Antihypertensive,CHEMBL3989406,,1.0,1.0,,0.0,1.0,True,1988.0,0.0,,,0.0,4.0,Small molecule,0.0,False,0.0,True,0.0,ENALAPRILAT,0.0,MOL,True,False,-nal-; -pril-,"narcotic agonists/antagonists (normorphine type); antihypertensives (ACE inhibitors): antihypertensives (ACE inhibitors), diacid analogs",-nal-; -pril- (-prilat),1984.0,False,C[C@H](N[C@@H](CCc1ccccc1)C(=O)O)C(=O)N1CCC[C@H]1C(=O)O.O.O,384.43,1.13,teratogenicity,United States,,Black Box Warning,,,,,,,DILI (likely),DILI,Likely,,,,MZYVOFLIPYDBGD,1,DILI,True,0.6583801237825798
Enfuvirtide,LT01169,Enfuvirtide,Ambiguous DILI-concern,Warnings and precautions,3.0,,Subcutaneous,DILIrank,E,Antimicrobial,Antiviral: HIV,CHEMBL525076,J05AX07,1.0,0.0,608828.0,0.0,1.0,True,2003.0,1.0,PEPTIDE1{[ac].Y.T.S.L.I.H.S.L.I.E.E.S.Q.N.Q.Q.E.K.N.E.Q.E.L.L.E.L.D.K.W.A.S.L.W.N.W.F.[am]}$$$$,,0.0,4.0,Protein,0.0,False,0.0,True,0.0,ENFUVIRTIDE,0.0,BOTH,True,False,-tide; -vir-,peptides: antiviral peptides; antivirals,-tide (-virtide); -vir-,2001.0,False,CC[C@H](C)[C@H](NC(=O)[C@H](CC(C)C)NC(=O)[C@H](CO)NC(=O)[C@H](Cc1cnc[nH]1)NC(=O)[C@@H](NC(=O)[C@H](CC(C)C)NC(=O)[C@H](CO)NC(=O)[C@@H](NC(=O)[C@H](Cc1ccc(O)cc1)NC(C)=O)[C@@H](C)O)[C@@H](C)CC)C(=O)N[C@@H](CCC(=O)O)C(=O)N[C@@H](CCC(=O)O)C(=O)N[C@@H](CO)C(=O)N[C@@H](CCC(N)=O)C(=O)N[C@@H](CC(N)=O)C(=O)N[C@@H](CCC(N)=O)C(=O)N[C@@H](CCC(N)=O)C(=O)N[C@@H](CCC(=O)O)C(=O)N[C@@H](CCCCN)C(=O)N[C@@H](CC(N)=O)C(=O)N[C@@H](CCC(=O)O)C(=O)N[C@@H](CCC(N)=O)C(=O)N[C@@H](CCC(=O)O)C(=O)N[C@@H](CC(C)C)C(=O)N[C@@H](CC(C)C)C(=O)N[C@@H](CCC(=O)O)C(=O)N[C@@H](CC(C)C)C(=O)N[C@@H](CC(=O)O)C(=O)N[C@@H](CCCCN)C(=O)N[C@@H](Cc1c[nH]c2ccccc12)C(=O)N[C@@H](C)C(=O)N[C@@H](CO)C(=O)N[C@@H](CC(C)C)C(=O)N[C@@H](Cc1c[nH]c2ccccc12)C(=O)N[C@@H](CC(N)=O)C(=O)N[C@@H](Cc1c[nH]c2ccccc12)C(=O)N[C@@H](Cc1ccccc1)C(N)=O,4491.94,,,,,,,,,,,,No DILI,No DILI,No DILI,2018 Feb 10,,,PEASPLKKXBYDKL,0,No DILI,False,0.5450913344134299
Entecavir,LT00538,Entecavir,Ambiguous DILI-concern,Warnings and precautions,7.0,,Oral,DILIrank,E*,Antimicrobial,Antiviral: HBV,CHEMBL5314362,J05AF10,1.0,1.0,,0.0,1.0,True,2005.0,0.0,,,0.0,4.0,Small molecule,0.0,True,0.0,False,0.0,ENTECAVIR,1.0,MOL,True,False,-vir,antivirals: carbocyclic nucleosides,-vir (-cavir),1999.0,False,C=C1[C@H](CO)[C@@H](O)C[C@@H]1n1cnc2c(=O)[nH]c(N)nc21.O,295.3,-0.83,"hepatotoxicity, metabolic toxicity",United States,,Black Box Warning,,Reverse Transcriptase,Microbiology,"Entecavir(BMS200475,SQ34676), a new deoxyguanine nucleoside analogue, is a selective inhibitor of the replication of the hepatitis B virus (HBV).",142217-69-4,198.36,No DILI,No DILI,No DILI,2018 Feb 10,,,YXPVEXCTPGULBZ,0,No DILI,False,0.526328856699029
Epirubicin,LT00091,Epirubicin,Ambiguous DILI-concern,Warnings and precautions,3.0,,Intravenous,DILIrank,E*,Antineoplastic,Breast cancer,CHEMBL417,L01DB03,1.0,1.0,47898.0,0.0,1.0,False,1999.0,0.0,,Antineoplastic,0.0,4.0,Small molecule,1.0,False,0.0,True,0.0,EPIRUBICIN,0.0,MOL,True,False,-rubicin,antineoplastic antibiotics (daunorubicin type),-rubicin,1984.0,False,COc1cccc2c1C(=O)c1c(O)c3c(c(O)c1C2=O)C[C@@](O)(C(=O)CO)C[C@@H]3O[C@H]1C[C@H](N)[C@@H](O)[C@H](C)O1,543.53,0.0,,,,,,"Apoptosis related,Topoisomerase",DNA Damage/DNA Repair,"Epirubicin HCl (Ellence, Pharmorubicin, Epirubicin Ebewe,IMI 28, NSC 256942, 4'-epidoxorubicin,Epirubicin hydrochloride), a semisynthetic L-arabino derivative of doxorubicin, is an antineoplastic agent by inhibiting Topoisomerase. Epirubicin induces apoptosis.",56390-09-1,172.42,No DILI,No DILI,No DILI,,,,AOJJSUZBOXZQNB,0,DILI,True,0.6465642066189954
Eplerenone,LT01149,Eplerenone,Ambiguous DILI-concern,Adverse reactions,4.0,,Oral,DILIrank,E*,Cardiovascular,Diuretic,CHEMBL1095097,C03DA04,1.0,0.0,31547.0,0.0,1.0,True,2002.0,0.0,,Antihypertensive; Aldosterone Antagonist,0.0,4.0,Small molecule,1.0,True,0.0,False,0.0,EPLERENONE,0.0,MOL,True,False,-renone,aldosterone antagonists (spironolactone type),-renone,1997.0,False,COC(=O)[C@@H]1CC2=CC(=O)CC[C@]2(C)[C@@]23O[C@@H]2C[C@@]2(C)[C@@H](CC[C@@]24CCC(=O)O4)[C@H]13,414.5,3.12,,,,,,Mineralocorticoid Receptor,Endocrinology & Hormones,"Eplerenone (CGP 30083, SC-66110) is a mineralocorticoid receptor antagonist, and blocks the action of aldosterone, used to control high blood pressure.",107724-20-9,9.65,No DILI,No DILI,No DILI,2021 Oct 13,,,JUKPWJGBANNWMW,0,No DILI,False,0.46778511636433534
Epoprostenol,LT00971,Epoprostenol,Ambiguous DILI-concern,Adverse reactions,7.0,,,DILIrank,E,Respiratory,Pulmonary hypertension,CHEMBL1139,B01AC09,1.0,0.0,15552.0,0.0,1.0,False,1995.0,0.0,,Inhibitor (platelet),0.0,4.0,Small molecule,1.0,False,0.0,True,0.0,EPOPROSTENOL,0.0,MOL,True,False,-prost-,prostaglandins,-prost-,1979.0,False,CCCCC[C@H](O)/C=C/[C@@H]1[C@H]2C/C(=C/CCCC(=O)O)O[C@H]2C[C@H]1O,352.47,3.41,,,,,,,,,,,No DILI,No DILI,No DILI,,,,KAQKFAOMNZTLHT,0,No DILI,False,0.5703480713886652
Eprosartan,LT01001,Eprosartan,Ambiguous DILI-concern,Adverse reactions,3.0,,Oral,DILIrank,E*,Cardiovascular,Antihypertensive,CHEMBL813,C09CA02,1.0,1.0,4814.0,0.0,2.0,True,1997.0,0.0,,Antihypertensive,0.0,4.0,Small molecule,1.0,True,0.0,False,0.0,EPROSARTAN,0.0,MOL,True,False,-sartan,angiotensin II receptor antagonists,-sartan,1994.0,False,CCCCc1ncc(/C=C(\Cc2cccs2)C(=O)O)n1Cc1ccc(C(=O)O)cc1,424.52,4.74,,,,,,,,,,,No DILI,No DILI,No DILI,2017 Jan 13,,,OROAFUQRIXKEMV,0,DILI,True,0.7403864004750056
Estropipate,LT00677,Estropipate,Ambiguous DILI-concern,Adverse reactions,2.0,,,DILIrank,A,Gynecological,Birth control,CHEMBL1200980,,1.0,1.0,,0.0,1.0,True,1977.0,0.0,,Estrogen,0.0,4.0,Small molecule,0.0,True,0.0,False,0.0,ESTROPIPATE,0.0,MOL,True,True,estr-; -trop-,estrogens; atropine derivatives,estr-; -trop-,,False,C1CNCCN1.C[C@]12CC[C@@H]3c4ccc(OS(=O)(=O)O)cc4CC[C@H]3[C@@H]1CCC2=O,436.57,3.29,"neurotoxicity, carcinogenicity, cardiotoxicity, vascular toxicity",United States,,Black Box Warning,,Estrogen/progestogen Receptor,Endocrinology & Hormones,"Estropipate (Piperazine estrone sulfate, Estrone sulfate piperazine salt, Pipestrone) is a natural estrogenic substance composed of estrone sulfate and piperazine and is used mainly in menopausal hormone therapy in the treatment of menopausal symptoms.",7280-37-7,199.28,DILI (likely),DILI,Likely,,,,HZEQBCVBILBTEP,1,DILI,True,0.8005152929032731
Eszopiclone,LT01161,Eszopiclone,Ambiguous DILI-concern,Adverse reactions,3.0,,Oral,DILIrank,E,CNS,Sedative/Hypnotic,CHEMBL1522,N05CF04,1.0,1.0,53760.0,0.0,1.0,True,2004.0,0.0,,,0.0,4.0,Small molecule,1.0,True,0.0,False,0.0,ESZOPICLONE,0.0,MOL,True,False,-clone,hypnotics/tranquilizers (zopiclone type),-clone,2002.0,False,CN1CCN(C(=O)O[C@H]2c3nccnc3C(=O)N2c2ccc(Cl)cn2)CC1,388.82,1.57,misuse,United States,,Black Box Warning,,,,,,,No DILI,No DILI,No DILI,,,,GBBSUAFBMRNDJC,0,DILI,True,0.82363395339156
Ethanolamine oleate,LT00926,Ethanolamine oleate,No-DILI-Concern,No match,0.0,,Intravenous,DILIrank,,,,CHEMBL3989529,,1.0,0.0,,0.0,2.0,True,1988.0,0.0,,,0.0,4.0,Small molecule,0.0,False,0.0,True,0.0,ETHANOLAMINE OLEATE,0.0,MOL,True,False,,,,1987.0,False,CCCCCCCC/C=C\CCCCCCCC(=O)O.NCCO,343.55,,,,,,,,,,,,No DILI,No DILI,No DILI,,,,KGWDUNBJIMUFAP,0,No DILI,False,0.4821930966216504
Etidronic acid,LT01355,Etidronic acid,No-DILI-Concern,No match,0.0,,Oral,DILIrank,,,,CHEMBL871,M05BA01,1.0,0.0,4907.0,0.0,2.0,False,1977.0,0.0,,"Bone Resorption Inhibitor,Regulator (calcium)",0.0,4.0,Small molecule,1.0,True,0.0,True,0.0,ETIDRONIC ACID,0.0,MOL,True,False,-dronate,calcium metabolism regulators,-dronate,1970.0,False,CC(O)(P(=O)(O)O)P(=O)(O)O,206.03,-0.99,,,,,,,,,,,No DILI,No DILI,No DILI,,,,DBVJJBKOTRCVKF,0,No DILI,False,0.4526678003170279
Etonogestrel,LT01193,Etonogestrel,Ambiguous DILI-concern,Warnings and precautions,5.0,,,DILIrank,A ,Gynecological,Birth control,CHEMBL1531,G03AC08,1.0,0.0,50777.0,0.0,1.0,True,2001.0,0.0,,Progestin,0.0,4.0,Small molecule,1.0,False,0.0,True,0.0,ETONOGESTREL,0.0,MOL,True,True,-estr-; -gest-,estrogens; progestins,-estr-; -gest-,1993.0,False,C#C[C@]1(O)CC[C@H]2[C@@H]3CCC4=CC(=O)CC[C@@H]4[C@H]3C(=C)C[C@@]21CC,324.46,4.05,,,,,,Estrogen/progestogen Receptor,Endocrinology & Hormones,"Etonogestrel (Implanon, Nexplanon, 3-Oxodesogestrel, 3-keto-Desogestrel) is a synthetic form of the naturally occurring female sex hormone progesterone. It binds to the cytoplasmic progesterone receptors in the reproductive system and subsequently activates progesterone receptor mediated gene expression.",54048-10-1,197.25,DILI (likely),DILI,Likely,,,,GCKFUYQCUCGESZ,1,DILI,True,0.7957166291370908
Everolimus,LT01267,Everolimus,Ambiguous DILI-concern,Adverse reactions,4.0,,Oral,DILIrank,E*,Immunomodulatory,Rejection,CHEMBL1908360,L01EG02; L04AA18,1.0,1.0,68478.0,0.0,1.0,True,2009.0,0.0,,,0.0,4.0,Small molecule,1.0,True,1.0,False,0.0,EVEROLIMUS,0.0,MOL,True,False,-imus,immunosuppressives,-imus,2003.0,False,CO[C@H]1C[C@@H]2CC[C@@H](C)[C@@](O)(O2)C(=O)C(=O)N2CCCC[C@H]2C(=O)O[C@H]([C@H](C)C[C@@H]2CC[C@@H](OCCO)[C@H](OC)C2)CC(=O)[C@H](C)/C=C(\C)[C@@H](O)[C@@H](OC)C(=O)[C@H](C)C[C@H](C)/C=C/C=C/C=C/1C,958.24,6.2,"infectious disease, carcinogenicity, nephrotoxicity, immune system toxicity, vascular toxicity",United States,,Black Box Warning,,"Apoptosis related,Autophagy,FKBP,mTOR",PI3K/Akt/mTOR,"Everolimus (RAD001, SDZ-RAD, Afinitor) is an mTOR inhibitor of FKBP12 with IC50 of 1.6-2.4 nM in a cell-free assay. Everolimus induces cell apoptosis and autophagy and inhibits tumor cells proliferation.",159351-69-6,104.36,No DILI,No DILI,No DILI,2018 Feb 26,,,HKVAMNSJSFKALM,0,DILI,True,0.6180245343892051
Fialuridine,LT01371,Fialuridine,Most-DILI-Concern,Discontinued,8.0,,Oral,DILIrank,,,,CHEMBL271475,,,0.0,,0.0,1.0,False,,0.0,,Antiviral,0.0,2.0,Small molecule,0.0,False,0.0,False,0.0,FIALURIDINE,0.0,MOL,False,False,-uridine,antivirals; antineoplastics (uridine derivatives),-uridine,1992.0,False,O=c1[nH]c(=O)n([C@@H]2O[C@H](CO)[C@@H](O)[C@@H]2F)cc1I,372.09,-1.27,,,,,,CMV,Microbiology,"Fialuridine(FIAU, DRG-0098, NSC 678514) is a nucleoside analog with antiviral activity. It blocks DNAsynthesis in human cytomegalovirus and hepatitis B, as well as herpes simplex.",69123-98-4,198.88,DILI (likely),DILI,Likely,,,,IPVFGAYTKQKGBM,1,DILI,True,0.6844823136356892
Fluorescein,LT00894,Fluorescein,No-DILI-Concern,No match,0.0,,Intravenous,DILIrank,,,,CHEMBL177756,,-1.0,0.0,,0.0,-1.0,False,,-1.0,,,-1.0,,Small molecule,1.0,False,-1.0,False,0.0,FLUORESCEIN,-1.0,MOL,False,False,,,,,False,O=C(O)c1ccccc1-c1c2ccc(=O)cc-2oc2cc(O)ccc12,332.31,3.97,,,,,,Dyes,Others,"Fluorescein (Solvent Yellow 94, Resorcinolphthalein, Yellow fluorescein) is a manufactured organic compound and dye.",2321-07-5,201.62,No DILI,No DILI,No DILI,,,,YKGGGCXBWXHKIZ,0,DILI,True,0.7955715659172228
Fluoxymesterone,LT02031,Fluoxymesterone,Ambiguous DILI-concern,Warnings and precautions,8.0,,,DILIrank,A,Endocrine,Hormone replacement,CHEMBL1445,G03BA01,1.0,0.0,5120.0,0.0,1.0,True,1956.0,0.0,,Androgen,0.0,4.0,Small molecule,0.0,True,0.0,False,0.0,FLUOXYMESTERONE,0.0,MOL,True,False,-ster-; -terone,"steroids (androgens, anabolics); antiandrogens",-ster-; -terone,,False,C[C@]1(O)CC[C@H]2[C@@H]3CCC4=CC(=O)CC[C@]4(C)[C@@]3(F)[C@@H](O)C[C@@]21C,336.45,3.33,,,,,,,,,,,DILI (likely),DILI,Likely,,,,YLRFCQOZQXIBAB,1,DILI,True,0.6535267103551448
Fosaprepitant,LT01257,Fosaprepitant,Ambiguous DILI-concern,Adverse reactions,3.0,,,DILIrank,E,Gastrointestinal,Antiemetic,CHEMBL1199324,,1.0,0.0,64321.0,0.0,1.0,False,2008.0,0.0,,,0.0,4.0,Small molecule,0.0,False,0.0,True,0.0,FOSAPREPITANT,1.0,MOL,True,False,fos-; -tant,phosphoro-derivatives; tachykinin (neurokinin) receptor antagonists: NK1 receptor antagonists,fos-; -tant (-pitant),2005.0,False,C[C@@H](O[C@H]1OCCN(Cc2nn(P(=O)(O)O)c(=O)[nH]2)[C@H]1c1ccc(F)cc1)c1cc(C(F)(F)F)cc(C(F)(F)F)c1,614.41,4.37,,,,,,,,,,,No DILI,No DILI,No DILI,,,,BARDROPHSZEBKC,0,DILI,True,0.7428702369472524
Fosphenytoin,LT01400,Fosphenytoin,Most-DILI-Concern,Warnings and precautions,8.0,,Intramuscular,DILIrank,A,CNS,Anticonvulsant,CHEMBL1201336,N03AB05,1.0,1.0,5165.0,0.0,2.0,False,1996.0,0.0,,Anticonvulsant,0.0,4.0,Small molecule,1.0,False,0.0,True,0.0,FOSPHENYTOIN,1.0,MOL,True,False,fos-; -toin,phosphoro-derivatives; antiepileptics (hydantoin derivatives),fos-; -toin,1993.0,False,O=C1NC(c2ccccc2)(c2ccccc2)C(=O)N1COP(=O)(O)O,362.28,1.55,,,,,,Others,Others,"Fosphenytoin (disodium) is the sodium salt form of fosphenytoin, a prodrug that is hydrolyzed to the anticonvulsant phenytoin upon parental administration.",92134-98-0,,DILI (known),DILI,Known,2020 Nov 8,,"Hepatitis, Immune-mediated, Hypersensitivity",XWLUWCNOOVRFPX,1,DILI,True,0.7625403030619884
Fulvestrant,LT00401,Fulvestrant,Ambiguous DILI-concern,Adverse reactions,7.0,,,DILIrank,E*,Antineoplastic,Breast cancer,CHEMBL1358,L02BA03,1.0,0.0,31638.0,0.0,1.0,True,2002.0,0.0,,,0.0,4.0,Small molecule,0.0,False,0.0,True,0.0,FULVESTRANT,0.0,MOL,True,False,-estr-; -estrant,estrogens; estrogen antagonists,-estr-; -estrant,1998.0,False,C[C@]12CC[C@@H]3c4ccc(O)cc4C[C@@H](CCCCCCCCC[S+]([O-])CCCC(F)(F)C(F)(F)F)[C@H]3[C@@H]1CC[C@@H]2O,606.78,8.68,,,,,,"Apoptosis related,Autophagy,Estrogen/progestogen Receptor",Endocrinology & Hormones,"Fulvestrant (ICI-182780, ZD 9238, ZM 182780) is an estrogen receptor (ER) antagonist with IC50 of 0.94 nM in a cell-free assay. Fulvestrant also induces autophagy and apoptosis and has antitumor activity.",129453-61-8,164.81,No DILI,No DILI,No DILI,2018 Feb 6,,,VWUXBMIQPBEWFH,0,No DILI,False,0.5547681625943163
Ganciclovir,LT01406,Ganciclovir,Ambiguous DILI-concern,Adverse reactions,7.0,,,DILIrank,E,Antimicrobial,Antiviral: CMV,CHEMBL182,S01AD09; J05AB06,1.0,1.0,465284.0,0.0,2.0,True,1989.0,0.0,,Antiviral,0.0,4.0,Small molecule,1.0,True,0.0,True,0.0,GANCICLOVIR,1.0,MOL,True,True,-vir,antivirals: antivirals (acyclovir type),-vir (-ciclovir),1987.0,False,Nc1nc2c(ncn2COC(CO)CO)c(=O)[nH]1,255.23,-1.97,"teratogenicity, hematological toxicity, carcinogenicity",United States,,Black Box Warning,,CMV,Microbiology,"Ganciclovir (RS-21592, BW-759, 2'-Nor-2'-deoxyguanosine) is an antiviral drug for feline herpesvirus type-1 with IC50 of 5.2 μM in a cell-free assay.",82410-32-0,105.79,No DILI,No DILI,No DILI,,,,IRSCQMHQWWYFCW,0,No DILI,False,0.5930814629453658
Ganirelix acetate,LT00475,Ganirelix acetate,No-DILI-Concern,No match,0.0,,Subcutaneous,DILIrank,,,,CHEMBL5314377,H01CC01,1.0,0.0,,0.0,1.0,True,1999.0,0.0,,,0.0,4.0,Protein,0.0,False,0.0,True,0.0,GANIRELIX ACETATE,0.0,MOL,True,False,-relix,hormone-release inhibiting peptides,-relix,1991.0,False,CC(=O)O.CC(=O)O.CC/N=C(\NCC)NCCCC[C@H](NC(=O)[C@H](CC(C)C)NC(=O)[C@@H](CCCCN/C(=N/CC)NCC)NC(=O)[C@H](Cc1ccc(O)cc1)NC(=O)[C@H](CO)NC(=O)[C@@H](Cc1cccnc1)NC(=O)[C@@H](Cc1ccc(Cl)cc1)NC(=O)[C@@H](Cc1ccc2ccccc2c1)NC(C)=O)C(=O)N1CCC[C@H]1C(=O)N[C@H](C)C(N)=O,1690.45,,,,,,,Others,Endocrinology & Hormones,"Ganirelix acetate (Antagon,Orgalutran) is a synthetic decapeptide with high antagonistic activity against naturally occurring gonadotropin-releasing hormone (GnRH).",123246-29-7,59.16,No DILI,No DILI,No DILI,,,,OVBICQMTCPFEBS,0,No DILI,False,0.5679928629608425
Hydralazine,LT00559,Hydralazine,Less-DILI-Concern,Adverse reactions,3.0,,Oral,DILIrank,A,Cardiovascular,Antihypertensive,CHEMBL276832,C02DB02,1.0,0.0,5775.0,0.0,2.0,False,1953.0,0.0,,Antihypertensive,0.0,4.0,Small molecule,1.0,True,0.0,True,0.0,HYDRALAZINE,0.0,MOL,True,False,-dralazine; -lazine,"antihypertensives (hydrazine-phthalazines); antiarrhythmic/antianginal/antihypertensive agents, phthalazine like structure",-dralazine; -lazine,,False,NNc1nncc2ccccc12,160.18,0.92,,,,,,,,,,,DILI (likely),DILI,Likely,2018 Mar 24,,"Hepatitis, CYP, Cholestasis/Biliary, Fibrosis, Immune-mediated, Hypersensitivity",RPTUSVTUFVMDQK,1,DILI,True,0.7889645956744198
Ibandronate,LT01156,Ibandronate,No-DILI-Concern,No match,0.0,,Oral,DILIrank,D,Endocrine,Osteoporosis,CHEMBL997,M05BA06,1.0,0.0,,0.0,2.0,False,2003.0,0.0,,Antihypercalcemic; Bone Resorption Inhibitor,0.0,4.0,Small molecule,1.0,True,0.0,True,0.0,IBANDRONIC ACID,0.0,MOL,True,False,-andr-,androgens,-andr-,1997.0,False,CCCCCN(C)CCC(O)(P(=O)(O)O)P(=O)(O)O,319.23,0.5,,,,,,,,,,,No DILI,No DILI,No DILI,,,,MPBVHIBUJCELCL,0,No DILI,False,0.41694395351817765
Idarubicin,LT01440,Idarubicin,Ambiguous DILI-concern,Warnings and precautions,3.0,,Intravenous,DILIrank,E*,Antineoplastic,"Leukemia, Lymphoma",CHEMBL1117,L01DB06,1.0,1.0,42068.0,0.0,1.0,False,1990.0,0.0,,Antineoplastic,0.0,4.0,Small molecule,1.0,False,0.0,True,0.0,IDARUBICIN,0.0,MOL,True,False,-rubicin,antineoplastic antibiotics (daunorubicin type),-rubicin,1987.0,False,CC(=O)[C@]1(O)Cc2c(O)c3c(c(O)c2[C@@H](O[C@H]2C[C@H](N)[C@H](O)[C@H](C)O2)C1)C(=O)c1ccccc1C3=O,497.5,1.02,,,,,,,,,,,No DILI,No DILI,No DILI,,,,XDXDZDZNSLXDNA,0,No DILI,False,0.5438056886186999
Iloperidone,LT00654,Iloperidone,Ambiguous DILI-concern,Adverse reactions,2.0,,,DILIrank,E,CNS,Antipsychotic,CHEMBL14376,N05AX14,1.0,1.0,65173.0,0.0,2.0,True,2009.0,0.0,,Antipsychotic,0.0,4.0,Small molecule,0.0,True,0.0,False,0.0,ILOPERIDONE,0.0,MOL,True,False,,,,1993.0,False,COc1cc(C(C)=O)ccc1OCCCN1CCC(c2noc3cc(F)ccc23)CC1,426.49,4.83,psychiatric toxicity,United States,,Black Box Warning,,5-HT Receptor,Neuronal Signaling,"Iloperidone (HP873) is a dopamine (D2)/serotonin (5-HT2) receptor antagonist, used for the treatment of schizophrenia.",133454-47-4,63.31,No DILI,No DILI,No DILI,2023 Jun 5,,,XMXHEBAFVSFQEX,0,DILI,True,0.7244985995275097
Indocyanine green,LT00141,Indocyanine green,No-DILI-Concern,No match,0.0,,Intravenous,DILIrank,,,,CHEMBL1646,,1.0,0.0,31696.0,0.0,2.0,True,1959.0,0.0,,Diagnostic Aid (hepatic function determination); Diagnostic Aid (cardiac output determination),0.0,4.0,Small molecule,0.0,False,0.0,True,0.0,INDOCYANINE GREEN,0.0,MOL,False,False,,,,,False,CC1(C)C(/C=C/C=C/C=C/C=C2\N(CCCCS(=O)(=O)[O-])c3ccc4ccccc4c3C2(C)C)=[N+](CCCCS(=O)(=O)[O-])c2ccc3ccccc3c21.[Na+],774.98,8.71,,,,,,Others,Others,"Indocyanine green(Cardiogreen) is a cyanine dye used in medical diagnostics. It is used for determining cardiac output, hepatic function, and liver blood flow, and for ophthalmic angiography.",3599-32-4,200.01,No DILI,No DILI,No DILI,,,,MOFVSTNWEDAEEK,0,No DILI,False,0.5605622923561813
Iodipamide meglumine,LT01454,Iodipamide meglumine,No-DILI-Concern,No match,0.0,,Intravenous,DILIrank,,,,CHEMBL3989806,,1.0,0.0,,0.0,2.0,True,,0.0,,,0.0,4.0,Small molecule,0.0,False,0.0,True,0.0,IODIPAMIDE MEGLUMINE,0.0,MOL,False,True,io-; -pamide,iodine-containing contrast media; diuretics (sulfamoylbenzoic acid derivatives),io-; -pamide,,False,CNC[C@H](O)[C@@H](O)[C@H](O)[C@H](O)CO.CNC[C@H](O)[C@@H](O)[C@H](O)[C@H](O)CO.O=C(CCCCC(=O)Nc1c(I)cc(I)c(C(=O)O)c1I)Nc1c(I)cc(I)c(C(=O)O)c1I,1530.19,,,,,,,,,,,,No DILI,No DILI,No DILI,,,,DGIAUNUPXILTJW,0,DILI,True,0.6151706427169238
Iothalamate sodium,LT00257,Iothalamate sodium,No-DILI-Concern,No match,0.0,,Intravenous,DILIrank,,,,CHEMBL1097620,,0.0,0.0,,0.0,2.0,True,,0.0,,Diagnostic Aid (radiopaque medium),0.0,4.0,Small molecule,0.0,False,0.0,True,0.0,IOTHALAMATE SODIUM,0.0,MOL,False,False,io-,iodine-containing contrast media,io-,,False,CNC(=O)c1c(I)c(NC(C)=O)c(I)c(C(=O)[O-])c1I.[Na+],635.9,2.52,,,,,,Others,Others,"Iothalamate sodium is the sodium salt form of iothalamate, an organic iodine compound and a radiographic contrast medium.",1225-20-3,157.01,No DILI,No DILI,No DILI,,,,WCIMWHNSWLLELS,0,No DILI,False,0.5143359017003984
Ixabepilone,LT02203,Ixabepilone,Ambiguous DILI-concern,Adverse reactions,7.0,,,DILIrank,E*,Antineoplastic,Breast cancer,CHEMBL1201752,L01DC04,1.0,1.0,63605.0,0.0,1.0,True,2007.0,0.0,,,0.0,4.0,Small molecule,1.0,False,0.0,True,0.0,IXABEPILONE,0.0,MOL,True,False,,,,2003.0,False,C/C(=C\c1csc(C)n1)[C@@H]1C[C@@H]2O[C@]2(C)CCC[C@H](C)[C@H](O)[C@@H](C)C(=O)C(C)(C)[C@@H](O)CC(=O)N1,506.71,4.05,,United States,,Black Box Warning,,Microtubule Associated,Cytoskeletal Signaling,"Ixabepilone (Azaepothilone B, BMS-247550, Ixempra, Aza-epothilone B) is an orally bioavailable microtubule inhibitor. It binds to tubulin and promotes tubulin polymerization and microtubule stabilization, thereby arresting cells in the G2-M phase of the cell cycle and inducing tumor cell apoptosis.",219989-84-1,197.36,No DILI,No DILI,No DILI,2017 Jan 5,,,FABUFPQFXZVHFB,0,DILI,True,0.6596670881809455
L-glutamine,LT00482,L-glutamine,Ambiguous DILI-concern,Adverse reactions,3.0,,,DILIrank,E,Hematologic,Sickle cell disease,CHEMBL930,A16AA03,1.0,0.0,18050.0,0.0,1.0,True,2004.0,0.0,,,0.0,4.0,Small molecule,1.0,True,0.0,False,0.0,GLUTAMINE,0.0,MOL,True,False,,,,2002.0,False,NC(=O)CC[C@H](N)C(=O)O,146.15,-1.34,,,,,,Others,Others,L-Glutamine (Gln) is one of the 20 amino acids encoded by the standard genetic code and also a major respiratory fuel and substrate for nucleic acid synthesis in mammalian intestinal cells.,56-85-9,,No DILI,No DILI,No DILI,2021 Jul 12,,,ZDXPYRJPNDTMRX,0,No DILI,False,0.5228141993853028
Lamotrigine,LT01481,Lamotrigine,Most-DILI-Concern,Warnings and precautions,7.0,,Oral,DILIrank,A,CNS,Anticonvulsant,CHEMBL741,N03AX09,1.0,1.0,6367.0,0.0,2.0,True,1994.0,0.0,,Anticonvulsant,0.0,4.0,Small molecule,1.0,True,0.0,False,0.0,LAMOTRIGINE,0.0,MOL,True,False,-trigine,"sodium channel blockers, signal transduction modulators",-trigine,1985.0,False,Nc1nnc(-c2cccc(Cl)c2Cl)c(N)n1,256.1,2.01,dermatological toxicity,United States,,Black Box Warning,,"5-HT Receptor,Sodium Channel",Transmembrane Transporters,"Lamotrigine (BW-430C,LTG) is a novel anticonvulsant drug for inhibition of 5-HT with IC50 of 240 μM and 474 μM in human platelets and rat brain synaptosomes, and also is a sodium channel blocker.",84057-84-1,39.05,DILI (known),DILI,Known,2019 Apr 18,,"Hepatitis, Necrosis, Cholestasis/Biliary, Immune-mediated, Hypersensitivity Syndrome",PYZRQGJRPPTADH,1,DILI,True,0.7841845127717837
Levomefolate calcium,LT02442,Levomefolate calcium,No-DILI-Concern,No match,0.0,,Oral,DILIrank,,,,CHEMBL1615371,,1.0,0.0,,0.0,1.0,True,2010.0,0.0,,,0.0,4.0,Small molecule,1.0,True,0.0,False,0.0,LEVOMEFOLATE CALCIUM,0.0,MOL,True,False,,,,2008.0,False,CN1c2c([nH]c(N)nc2=O)NC[C@@H]1CNc1ccc(C(=O)N[C@@H](CCC(=O)[O-])C(=O)[O-])cc1.[Ca+2],497.53,-0.26,,,,,,,,,,,No DILI,No DILI,No DILI,,,,VWBBRFHSPXRJQD,0,No DILI,False,0.612421606559025
Levonorgestrel,LT01489,Levonorgestrel,No-DILI-Concern,No match,0.0,,Oral,DILIrank,E,Gynecological,Emergency Contracept,CHEMBL1389,G03AD01; G03AC03,2.0,0.0,6443.0,0.0,1.0,True,1982.0,0.0,,Progestin,0.0,4.0,Small molecule,1.0,True,0.0,True,0.0,LEVONORGESTREL,0.0,MOL,True,True,-estr-; -gest-,estrogens; progestins,-estr-; -gest-,1980.0,False,C#C[C@]1(O)CC[C@H]2[C@@H]3CCC4=CC(=O)CC[C@@H]4[C@H]3CC[C@@]21CC,312.45,3.88,,,,,,Estrogen/progestogen Receptor,Endocrinology & Hormones,Levonorgestrel (D-Norgestrel) is a female hormone that prevents ovulation.,797-63-7,144.02,No DILI,No DILI,No DILI,,,,WWYNJERNGUHSAO,0,DILI,True,0.8627923769061578
Lisdexamfetamine,LT00571,Lisdexamfetamine,Ambiguous DILI-concern,Adverse reactions,3.0,,,DILIrank,A [HD],CNS,ADHD,CHEMBL1201222,N06BA12,1.0,1.0,,0.0,1.0,False,2007.0,0.0,,,0.0,4.0,Small molecule,1.0,True,0.0,False,0.0,LISDEXAMFETAMINE,1.0,MOL,True,False,-fetamine,amfetamine derivatives,-fetamine,2005.0,False,C[C@@H](Cc1ccccc1)NC(=O)[C@@H](N)CCCCN,263.38,1.19,,,,,,,,,,,DILI (likely),DILI,Likely,,,,VOBHXZCDAVEXEY,1,No DILI,False,0.5513670132462546
Lisinopril,LT01492,Lisinopril,Less-DILI-Concern,Adverse reactions,3.0,,Oral,DILIrank,B,Cardiovascular,Antihypertensive,CHEMBL419213,C09AA03,1.0,1.0,6503.0,0.0,1.0,True,1987.0,0.0,,,0.0,4.0,Small molecule,0.0,True,0.0,False,0.0,LISINOPRIL,0.0,MOL,True,False,-pril,antihypertensives (ACE inhibitors),-pril,1984.0,False,NCCCC[C@H](N[C@@H](CCc1ccccc1)C(=O)O)C(=O)N1CCC[C@H]1C(=O)O.O.O,441.53,1.24,teratogenicity,United States,,Black Box Warning,,,,,,,DILI (likely),DILI,Likely,2018 Feb 11,,"Cholestasis/Biliary, Immune-mediated, Hypersensitivity",CZRQXSDBMCMPNJ,1,DILI,True,0.6777239976250476
Medroxyprogesterone,LT01513,Medroxyprogesterone,Ambiguous DILI-concern,Adverse reactions,2.0,,,DILIrank,A,Gynecological,Birth control,CHEMBL717,L02AB02; G03AC06; G03DA02,1.0,1.0,6716.0,0.0,1.0,True,1959.0,0.0,,Progestin,0.0,4.0,Small molecule,1.0,True,0.0,True,0.0,MEDROXYPROGESTERONE ACETATE,0.0,MOL,True,False,-gest-; -ster-; -terone,"progestins; steroids (androgens, anabolics); antiandrogens",-gest-; -ster-; -terone,,False,CC(=O)O[C@]1(C(C)=O)CC[C@H]2[C@@H]3C[C@H](C)C4=CC(=O)CC[C@]4(C)[C@H]3CC[C@@]21C,386.53,4.66,"carcinogenicity, respiratory toxicity, neurotoxicity, cardiotoxicity, musculoskeletal toxicity, vascular toxicity",United States,,Black Box Warning,,Estrogen/progestogen Receptor,Endocrinology & Hormones,Medroxyprogesterone (MP) is a synthetic pregnane steroid and a derivative of progesterone. It is a potent progesterone receptor agonist.,520-85-4,197.39,DILI (likely),DILI,Likely,,,,PSGAAPLEWMOORI,1,DILI,True,0.7065841696279542
Megestrol,LT00220,Megestrol,Ambiguous DILI-concern,Adverse reactions,1.0,,,DILIrank,A,Gynecological,Birth control,CHEMBL1201139,L02AB01; G03DB02; G03AC05,1.0,0.0,,0.0,1.0,True,1971.0,0.0,,Antineoplastic,0.0,4.0,Small molecule,1.0,True,0.0,False,0.0,MEGESTROL ACETATE,0.0,MOL,True,False,-estr-; -gest-,estrogens; progestins,-estr-; -gest-,1963.0,False,CC(=O)O[C@]1(C(C)=O)CC[C@H]2[C@@H]3C=C(C)C4=CC(=O)CC[C@]4(C)[C@H]3CC[C@@]21C,384.52,4.58,,,,,,Estrogen/progestogen Receptor,Endocrinology & Hormones,"Megestrol, a synthetic progestin, is approved for the treatment of anorexia, cachexia, or an unexplained significant weight loss in patients with an acquired immunodeficiency syndrome diagnosis. Megestrol acetate (Megace) is one of the first progestational agents to be evaluated for use in the hormonal therapy of advanced breast cancer.",3562-63-8,198.56,DILI (likely),DILI,Likely,,,,RQZAXGRLVPAYTJ,1,DILI,True,0.7026272346086315
Mercaptopurine,LT00003,Mercaptopurine,Most-DILI-Concern,Warnings and precautions,8.0,,Oral,DILIrank,A,Antineoplastic,"Leukemia, Lymphoma",CHEMBL1200751,L01BB02,1.0,0.0,31822.0,0.0,2.0,True,1953.0,0.0,,Antineoplastic,0.0,4.0,Small molecule,0.0,True,0.0,False,0.0,MERCAPTOPURINE,0.0,MOL,True,False,-apt-,"aptamers, classical and mirror",-apt-,,False,O.S=c1[nH]cnc2nc[nH]c12,170.2,0.64,,,,,,DNA/RNA Synthesis,DNA Damage/DNA Repair,Mercaptopurine(6-MP) is a widely used antileukemic agent and immunosuppressive drug that inhibits de novo purine synthesis through incorporation of thiopurine methyltransferase metabolites into DNA and RNA.,50-44-2,197.13,DILI (known),DILI,Known,2017 Aug 17,,"Hepatitis, Necrosis, Cholestasis/Biliary, Sinusoidal, Steatosis, Fibrosis, Cirrhosis, Hypersensitivity",WFFQYWAAEWLHJC,1,DILI,True,0.7489505369279528
Methyclothiazide,LT00833,Methyclothiazide,Ambiguous DILI-concern,Adverse reactions,2.0,,,DILIrank,E,Cardiovascular,Diuretic,CHEMBL1577,C03AA08,1.0,0.0,6847.0,0.0,0.0,True,1960.0,0.0,,Diuretic; Antihypertensive,0.0,4.0,Small molecule,1.0,True,0.0,False,0.0,METHYCLOTHIAZIDE,0.0,MOL,True,False,-thiazide,diuretics (thiazide derivatives),-thiazide,1963.0,False,CN1C(CCl)Nc2cc(Cl)c(S(N)(=O)=O)cc2S1(=O)=O,360.24,0.6,,,,,,Others,Others,"Methyclothiazide is a substituted benzothiadiazide, used to treat high blood pressure and fluid retention caused by various conditions including heart disease.",135-07-9,199.87,No DILI,No DILI,No DILI,,,,CESYKOGBSMNBPD,0,DILI,True,0.6736086460796885
Methylergonovine,LT02074,Methylergonovine,No-DILI-Concern,No match,0.0,,Oral,DILIrank,,,,CHEMBL1201356,G02AB01,1.0,0.0,,0.0,1.0,False,1946.0,0.0,,Oxytocic,0.0,4.0,Small molecule,1.0,True,0.0,True,0.0,METHYLERGONOVINE,0.0,MOL,True,False,-erg-; -vin-,ergot alkaloid derivatives; vinca alkaloids,-erg-; -vin-,,False,CC[C@@H](CO)NC(=O)[C@@H]1C=C2c3cccc4[nH]cc(c34)C[C@H]2N(C)C1,339.44,1.92,,,,,,,,,,,No DILI,No DILI,No DILI,,,,UNBRKDKAWYKMIV,0,No DILI,False,0.4396445819691687
Methylnaltrexone bromide,LT00570,Methylnaltrexone bromide,No-DILI-Concern,No match,0.0,,Subcutaneous,DILIrank,,,,CHEMBL1201770,A06AH01,1.0,0.0,,0.0,0.0,True,2008.0,0.0,,,0.0,4.0,Small molecule,1.0,True,0.0,True,0.0,METHYLNALTREXONE BROMIDE,0.0,MOL,True,False,-nal-,narcotic agonists/antagonists (normorphine type),-nal-,2006.0,False,C[N+]1(CC2CC2)CC[C@]23c4c5ccc(O)c4O[C@H]2C(=O)CC[C@@]3(O)[C@H]1C5.[Br-],436.35,1.67,,,,,,Opioid Receptor,Neuronal Signaling,Methylnaltrexone bromide is an antagonist of µ-opioid receptor that reduces the viability of lung cancer cells by inhibiting Src activation.,73232-52-7,229.18,No DILI,No DILI,No DILI,,,,IFGIYSGOEZJNBE,0,No DILI,False,0.3670332323136032
Methylprednisolone,LT00478,Methylprednisolone,Less-DILI-Concern,Adverse reactions,3.0,,Oral,DILIrank,A [HD],Endocrine,Hormone replacement,CHEMBL650,H02BX01; D07AA01; D10AA02; H02AB04,1.0,0.0,6888.0,0.0,1.0,True,1957.0,0.0,,Glucocorticoid,0.0,4.0,Small molecule,1.0,True,0.0,False,0.0,METHYLPREDNISOLONE,0.0,MOL,True,True,-olone; -pred-,steroids (not prednisolone derivatives); prednisone and prednisolone derivatives,-olone; -pred-,,False,C[C@H]1C[C@@H]2[C@H]([C@@H](O)C[C@@]3(C)[C@H]2CC[C@]3(O)C(=O)CO)[C@@]2(C)C=CC(=O)C=C12,374.48,1.8,,,,,,"ACE,Apoptosis related,Autophagy,Glucocorticoid Receptor,Immunology & Inflammation related,Interleukins",Endocrinology & Hormones,"Methylprednisolone (NSC-19987,U 7532) is a synthetic glucocorticoid receptor agonist, used to achieve prompt suppression of inflammation. Methylprednisolone activates ACE2 and reduces IL-6 levels, thus improves severe or critical COVID-19. Methylprednisolone markedly reduces autophagy and apoptosis.",83-43-2,200.28,DILI (likely),DILI,Likely,,,,VHRSUDSXCMQTMA,1,DILI,True,0.6277448612531781
Methylscopolamine bromide,LT01547,Methylscopolamine bromide,No-DILI-Concern,No match,0.0,,Oral,DILIrank,,,,CHEMBL1354199,,1.0,0.0,61276.0,0.0,1.0,True,1953.0,0.0,,,0.0,4.0,Small molecule,1.0,True,0.0,False,0.0,METHSCOPOLAMINE BROMIDE,0.0,MOL,True,False,,,,,False,C[N+]1(C)[C@@H]2C[C@@H](OC(=O)[C@H](CO)c3ccccc3)C[C@H]1[C@@H]1O[C@@H]12.[Br-],398.3,1.06,,,,,,,,,,,No DILI,No DILI,No DILI,,,,CXYRUNPLKGGUJF,0,No DILI,False,0.39115878013818284
Methysergide,LT02072,Methysergide,No-DILI-Concern,No match,0.0,,Oral,DILIrank,,CNS,Migraine,CHEMBL1065,,-1.0,0.0,,0.0,-1.0,False,,-1.0,,Vasoconstrictor (specific in migraine),-1.0,,Small molecule,1.0,False,-1.0,False,0.0,METHYSERGIDE,-1.0,MOL,False,False,,,,,False,CC[C@@H](CO)NC(=O)[C@@H]1C=C2c3cccc4c3c(cn4C)C[C@H]2N(C)C1,353.47,1.94,,,,,,,,,,,No DILI,No DILI,No DILI,,,,KPJZHOPZRAFDTN,0,No DILI,False,0.4235336681979797
Mifepristone,LT00184,Mifepristone,No-DILI-Concern,No match,0.0,,Oral,DILIrank,D,Gynecological,Abortion,CHEMBL1276308,G03XB01; G03XB51,1.0,1.0,50692.0,0.0,1.0,True,2000.0,0.0,,,0.0,4.0,Small molecule,1.0,True,0.0,False,0.0,MIFEPRISTONE,0.0,MOL,True,False,-pris-; -pristone,steriodal compounds acting on progesterone receptors (excluding-gest- compounds); progesterone receptor antagonists,-pris-; -pristone,1998.0,False,CC#C[C@]1(O)CC[C@H]2[C@@H]3CCC4=CC(=O)CCC4=C3[C@@H](c3ccc(N(C)C)cc3)C[C@@]21C,429.6,5.41,"hematological toxicity, cardiotoxicity, gastrointestinal toxicity, infectious disease",United States,,Black Box Warning,,"Apoptosis related,Autophagy,Bcl-2,Estrogen/progestogen Receptor,Glucocorticoid Receptor",Endocrinology & Hormones,"Mifepristone (RU486, C-1073, RU 38486, Mifegyne) is a remarkably active antagonist of progesterone receptor and glucocorticoid receptor with IC50 of 0.2 nM and 2.6 nM, respectively. Mifepristone promotes cell autophagy and apoptosis, decreases Bcl-2 level and increases Beclin1 level, accompanied by weakened interaction between Bcl-2 and Beclin1.",84371-65-3,197.86,No DILI,No DILI,No DILI,2018 Mar 10,,,VKHAHZOOUSRJNA,0,No DILI,False,0.5102743217929169
Minocycline,LT00416,Minocycline,Most-DILI-Concern,Warnings and precautions,8.0,,Oral,DILIrank,A,Antimicrobial,Antibacterial,CHEMBL1434,A01AB23; D10AF07; J01AA08,1.0,0.0,50694.0,0.0,1.0,False,1971.0,0.0,,Antibacterial,0.0,4.0,Small molecule,1.0,True,0.0,True,0.0,MINOCYCLINE,0.0,MOL,True,True,-cycline,antibiotics (tetracycline derivatives),-cycline,1966.0,False,CN(C)c1ccc(O)c2c1C[C@H]1C[C@H]3[C@H](N(C)C)C(O)=C(C(N)=O)C(=O)[C@@]3(O)C(O)=C1C2=O,457.48,0.19,,,,,,Antibiotics,Microbiology,"Minocycline (CL 59806,Minocin) HCl is the most lipid soluble and most active tetracycline antibiotic, binds to the 30S ribosomal subunit, preventing the binding of tRNA to the mRNA-ribosome complex and interfering with protein synthesis.",13614-98-7,,DILI (known),DILI,Known,2019 Jan 23,,"Hepatitis, Necrosis, Fibrosis, Immune-mediated, Hypersensitivity",DYKFCLLONBREIL,1,DILI,True,0.6636515950190885
Misoprostol,LT00922,Misoprostol,Ambiguous DILI-concern,Adverse reactions,3.0,,,DILIrank,E,Gastrointestinal,Acid peptic disease,CHEMBL606,G02AD06; A02BB01,1.0,1.0,,0.0,0.0,True,1988.0,0.0,,Anti-Ulcerative,0.0,4.0,Small molecule,1.0,True,0.0,False,0.0,MISOPROSTOL,1.0,MOL,True,False,-prost-,prostaglandins,-prost-,1981.0,False,CCCCC(C)(O)C/C=C/[C@H]1[C@H](O)CC(=O)[C@@H]1CCCCCCC(=O)OC,382.54,3.95,teratogenicity,United States,,Black Box Warning,,"PGES,Prostaglandin Receptor",GPCR & G Protein,"Misoprostol(SC29333) is a synthetic prostaglandin E1 (PGE1) analog that is used to prevent gastric ulcers, to treat missed miscarriage, to induce labor, and to induce abortion.",59122-46-2,198.67,No DILI,No DILI,No DILI,,,,OJLOPKGSLYJEMD,0,No DILI,False,0.4956921694941435
Mitomycin,LT00588,Mitomycin,Less-DILI-Concern,No match,0.0,,Intravenous,DILIrank,B[HD],Antineoplastic,Solid tumors,CHEMBL105,L01DC03,1.0,1.0,27504.0,0.0,1.0,True,1981.0,0.0,,Antineoplastic,0.0,4.0,Small molecule,1.0,False,0.0,True,0.0,MITOMYCIN,0.0,MOL,True,True,-mycin,antibiotics (Streptomyces strain),-mycin,1972.0,False,CO[C@@]12[C@H](COC(N)=O)C3=C(C(=O)C(C)=C(N)C3=O)N1C[C@@H]1N[C@@H]12,334.33,-1.65,"hematological toxicity, nephrotoxicity",United States,,Black Box Warning,,,,,,,DILI (likely),DILI,Likely,2020 Feb 19,,Sinusoidal,NWIBSHFKIJFRCO,1,DILI,True,0.6968939057320518
Mivacurium,LT00950,Mivacurium,No-DILI-Concern,No match,0.0,,Intravenous,DILIrank,,,,CHEMBL984,M03AC10,1.0,0.0,,0.0,0.0,True,1992.0,0.0,,Neuromuscular Blocking Agent,0.0,4.0,Small molecule,0.0,False,0.0,True,0.0,MIVACURIUM CHLORIDE,0.0,MOL,True,False,-ium,quaternary ammonium derivatives: neuromuscular blocking agents,-ium (-curium),1990.0,False,COc1cc2c(cc1OC)[C@@H](Cc1cc(OC)c(OC)c(OC)c1)[N+](C)(CCCOC(=O)CC/C=C/CCC(=O)OCCC[N+]1(C)CCc3cc(OC)c(OC)cc3[C@H]1Cc1cc(OC)c(OC)c(OC)c1)CC2.[Cl-].[Cl-],1100.18,,,,,,,,,,,,No DILI,No DILI,No DILI,,,,WMSYWJSZGVOIJW,0,No DILI,False,0.4307794948624776
Nandrolone decanoate,LT02121,Nandrolone decanoate,Most-DILI-Concern,Warnings and precautions,7.0,,Intramuscular,DILIrank,,,,CHEMBL1200946,,1.0,0.0,7467.0,0.0,1.0,True,1983.0,0.0,,Androgen,0.0,4.0,Small molecule,1.0,False,0.0,True,0.0,NANDROLONE DECANOATE,1.0,MOL,True,False,-andr-; -olone,androgens; steroids (not prednisolone derivatives),-andr-; -olone,1965.0,False,CCCCCCCCCC(=O)O[C@H]1CC[C@H]2[C@@H]3CCC4=CC(=O)CC[C@@H]4[C@H]3CC[C@]12C,428.66,7.18,,,,,,,,,,,DILI (likely),DILI,Likely,,,,JKWKMORAXJQQSR,1,DILI,True,0.6216148844804575
Nicardipine,LT01595,Nicardipine,Ambiguous DILI-concern,Adverse reactions,3.0,,Oral,DILIrank,E,Cardiovascular,Antihypertensive,CHEMBL1484,C08CA04,1.0,0.0,7550.0,0.0,0.0,False,1988.0,0.0,,Vasodilator,0.0,4.0,Small molecule,1.0,True,0.0,True,0.0,NICARDIPINE,0.0,MOL,True,False,-dipine; -pine,phenylpyridine vasodilators; tricyclic compounds,-dipine; -pine,1979.0,False,COC(=O)C1=C(C)NC(C)=C(C(=O)OCCN(C)Cc2ccccc2)C1c1cccc([N+](=O)[O-])c1,479.53,3.68,,,,,,Calcium Channel,Transmembrane Transporters,Nicardipine is a potent calcium channel blockader with marked vasodilator action.,55985-32-5,198.11,No DILI,No DILI,No DILI,,,,ZBBHBTPTTSWHBA,0,DILI,True,0.8233094921958798
Nimodipine,LT01601,Nimodipine,Ambiguous DILI-concern,Adverse reactions,3.0,,Oral,DILIrank,E,Cardiovascular,Antihypertensive,CHEMBL1428,C08CA06,1.0,1.0,7575.0,0.0,0.0,True,1988.0,0.0,,Vasodilator,0.0,4.0,Small molecule,1.0,True,0.0,False,0.0,NIMODIPINE,0.0,MOL,True,False,-dipine; -pine,phenylpyridine vasodilators; tricyclic compounds,-dipine; -pine,1979.0,False,COCCOC(=O)C1=C(C)NC(C)=C(C(=O)OC(C)C)C1c1cccc([N+](=O)[O-])c1,418.45,2.97,misuse,United States,,Black Box Warning,,"Autophagy,Calcium Channel",Transmembrane Transporters,"Nimodipine (BAY E 9736) is a dihydropyridine calcium channel blocker and an autophagy inhibitor, used in the treatment of high blood pressure.",66085-59-4,200.75,No DILI,No DILI,No DILI,,,,UIAGMCDKSXEBJQ,0,DILI,True,0.8170917993539623
Niperotidine,LT01602,Niperotidine,Most-DILI-Concern,Withdrawn,8.0,,Oral,DILIrank,,,,CHEMBL1909284,,-1.0,0.0,,0.0,-1.0,False,,-1.0,,,-1.0,,Small molecule,1.0,False,-1.0,False,0.0,NIPEROTIDINE,-1.0,MOL,False,False,,,,,False,CN(C)Cc1ccc(CSCCN/C(=C\[N+](=O)[O-])NCc2ccc3c(c2)OCO3)o1,434.52,2.76,,,,,,,,,,,DILI (withdrawn),DILI,Withdrawn,,,,HXRSXEDVVARPHP,1,DILI,True,0.7858772588467362
Nisoldipine,LT00217,Nisoldipine,Ambiguous DILI-concern,Adverse reactions,3.0,,Oral,DILIrank,E,Cardiovascular,Antihypertensive,CHEMBL1726,C08CA07,1.0,0.0,76917.0,0.0,0.0,True,1995.0,0.0,,Vasodilator (coronary),0.0,4.0,Small molecule,1.0,True,0.0,False,0.0,NISOLDIPINE,0.0,MOL,True,False,-dipine; -pine,phenylpyridine vasodilators; tricyclic compounds,-dipine; -pine,1981.0,False,COC(=O)C1=C(C)NC(C)=C(C(=O)OCC(C)C)C1c1ccccc1[N+](=O)[O-],388.42,3.2,,,,,,Calcium Channel,Transmembrane Transporters,"Nisoldipine (Sular, BAY K 5552) is a calcium channel blocker belonging to the dihydropyridines class, specific for L-type Cav1.2 with IC50 of 10 nM.",63675-72-9,198.24,No DILI,No DILI,No DILI,,,,VKQFCGNPDRICFG,0,DILI,True,0.6981424068400428
Nitisinone,LT01092,Nitisinone,Ambiguous DILI-concern,Adverse reactions,7.0,,,DILIrank,E,Genetic,Tyrosinemia,CHEMBL1337,A16AX04,1.0,0.0,50378.0,0.0,2.0,True,2002.0,1.0,,,0.0,4.0,Small molecule,0.0,True,0.0,False,0.0,NITISINONE,0.0,MOL,True,False,,,,2002.0,False,O=C1CCCC(=O)C1C(=O)c1ccc(C(F)(F)F)cc1[N+](=O)[O-],329.23,2.73,,,,,,Others,Metabolism,"Nitisinone (NTBC, Nitisone, SC0735) is a synthetic reversible inhibitor of 4-hydroxyphenylpyruvate dioxygenase used in the treatment of hereditary tyrosinemia type 1.",104206-65-7,197.43,No DILI,No DILI,No DILI,2016 Oct 5,,,OUBCNLGXQFSTLU,0,DILI,True,0.8065468428050842
Nitrofurantoin,LT00125,Nitrofurantoin,Most-DILI-Concern,Warnings and precautions,8.0,,Oral,DILIrank,A,Antimicrobial,Antibacterial,CHEMBL572,J01XE01; J01XE51,1.0,0.0,71415.0,0.0,2.0,True,1953.0,0.0,,Antibacterial (urinary),0.0,4.0,Small molecule,1.0,True,0.0,True,0.0,NITROFURANTOIN,0.0,MOL,True,False,-toin,antiepileptics (hydantoin derivatives),-toin,,False,O=C1CN(/N=C/c2ccc([N+](=O)[O-])o2)C(=O)N1,238.16,0.07,,,,,,"Antibiotics,Bacterial",Microbiology,"Nitrofurantoin (Macrodantin, Furadantine, Furadonine) is an antibiotic used to treat bladder infections.It inhibits bacterial DNA, RNA, and cell wall protein synthesis.",67-20-9,197.35,DILI (known),DILI,Known,2020 May 1,,"Hepatitis, Necrosis, Oxidative stress, Fibrosis, Cirrhosis, Immune-mediated, Hypersensitivity",NXFQHRVNIOXGAQ,1,DILI,True,0.8661217936777348
Norethindrone acetate,LT02269,Norethindrone acetate,No-DILI-Concern,No match,0.0,,Oral,DILIrank,,,,CHEMBL1201146,,1.0,0.0,7628.0,0.0,1.0,True,1973.0,0.0,,Progestin,0.0,4.0,Small molecule,1.0,True,0.0,True,0.0,NORETHINDRONE ACETATE,1.0,MOL,True,True,,,,,False,C#C[C@]1(OC(C)=O)CC[C@H]2[C@@H]3CCC4=CC(=O)CC[C@@H]4[C@H]3CC[C@@]21C,340.46,4.06,,,,,,Estrogen/progestogen Receptor,Endocrinology & Hormones,"Norethindrone acetate (19-Norethindrone acetate, NA) is a common synthetic hormone used in oral contraceptives. Norethindrone acetate is a well-tolerated, effective option to manage pain and bleeding for all stages of endometriosis.",51-98-9,199.73,No DILI,No DILI,No DILI,,,,IMONTRJLAWHYGT,0,DILI,True,0.6814541104634277
Oxazepam,LT00847,Oxazepam,Ambiguous DILI-concern,Adverse reactions,5.0,,Oral,DILIrank,E,CNS,Sedative/Hypnotic,CHEMBL568,N05BA04,1.0,1.0,7823.0,0.0,0.0,True,1965.0,0.0,,Tranquilizer (minor),0.0,4.0,Small molecule,1.0,True,0.0,False,0.0,OXAZEPAM,0.0,MOL,True,False,-azepam,antianxiety agents (diazepam type),-azepam,1965.0,False,O=C1Nc2ccc(Cl)cc2C(c2ccccc2)=NC1O,286.72,2.45,misuse,United States,,Black Box Warning,,,,,,,No DILI,No DILI,No DILI,2023 Jun 22,,,ADIMAYPTOBDMTL,0,No DILI,False,0.6116380779824364
Oxymetholone,LT00235,Oxymetholone,Most-DILI-Concern,Box warning,7.0,,Oral,DILIrank,A,Endocrine,Hormone replacement,CHEMBL1200585,A14AA05,1.0,1.0,,0.0,1.0,True,1972.0,0.0,,Androgen,0.0,4.0,Small molecule,1.0,True,0.0,False,0.0,OXYMETHOLONE,0.0,MOL,True,False,-olone,steroids (not prednisolone derivatives),-olone,1963.0,False,C[C@]12C/C(=C/O)C(=O)C[C@@H]1CC[C@@H]1[C@@H]2CC[C@@]2(C)[C@H]1CC[C@]2(C)O,332.48,4.4,hepatotoxicity,United States,,Black Box Warning,,,,,,,DILI (known),DILI,Known,,,,ICMWWNHDUZJFDW,1,DILI,True,0.7474958723744157
Oxytetracycline,LT00605,Oxytetracycline,Ambiguous DILI-concern,Warnings and precautions,2.0,,Oral,DILIrank,E*,Antimicrobial,Antibacterial,CHEMBL1517,J01AA06; D06AA03; A01AB25; S01AA04; G01AA07; J01AA56,1.0,0.0,27701.0,0.0,1.0,True,1964.0,0.0,,"Antibacterial,Antirickettsial; Antibacterial",0.0,4.0,Small molecule,1.0,True,0.0,True,0.0,OXYTETRACYCLINE,0.0,MOL,True,True,-cycline,antibiotics (tetracycline derivatives),-cycline,,False,CN(C)[C@@H]1C(O)=C(C(N)=O)C(=O)[C@@]2(O)C(O)=C3C(=O)c4c(O)cccc4[C@@](C)(O)[C@H]3[C@H](O)[C@@H]12,460.44,-1.24,,,,,,"Antibiotics,Bacterial,Selection Antibiotics for Transfected Cell",Others,"Oxytetracycline(Terramycin) is a broad-spectrum tetracycline antibiotic, used to treat infections with bacteria.",79-57-2,199.81,No DILI,No DILI,No DILI,,,,IWVCMVBTMGNXQD,0,No DILI,False,0.558836246282111
Pamabrom,LT02055,Pamabrom,No-DILI-Concern,No match,0.0,,Oral,DILIrank,E,Cardiovascular,Diruetic,CHEMBL316160,,,0.0,,0.0,2.0,False,,0.0,,,0.0,-1.0,Small molecule,1.0,False,0.0,False,0.0,PAMABROM,0.0,MOL,False,False,,,,1988.0,False,Cn1c(=O)c2[nH]c(Br)nc2n(C)c1=O,259.06,-0.28,,,,,,Others,Others,Pamabrom is a diuretic agent.,606-04-2,,No DILI,No DILI,No DILI,,,,SKTFQHRVFFOHTQ,0,DILI,True,0.7496849010859064
Pamidronate,LT01916,Pamidronate,Ambiguous DILI-concern,Adverse reactions,3.0,,Intravenous,DILIrank,E*,Endocrine,Hypercalcemia,CHEMBL834,M05BA03,1.0,0.0,,0.0,2.0,False,1991.0,0.0,,Bone Resorption Inhibitor,0.0,4.0,Small molecule,1.0,False,0.0,True,0.0,PAMIDRONIC ACID,0.0,MOL,True,False,-dronate,calcium metabolism regulators,-dronate,1990.0,False,NCCC(O)(P(=O)(O)O)P(=O)(O)O,235.07,-1.66,,,,,,,,,,,No DILI,No DILI,No DILI,,,,WRUUGTRCQOWXEG,0,No DILI,False,0.4738533380605721
Pemetrexed,LT01157,Pemetrexed,Ambiguous DILI-concern,Adverse reactions,3.0,,,DILIrank,E*,Antineoplastic,Solid tumors,CHEMBL225072,L01BA04,1.0,0.0,63616.0,0.0,1.0,True,2004.0,0.0,,,0.0,4.0,Small molecule,1.0,False,0.0,True,0.0,PEMETREXED,0.0,MOL,True,False,-trexed,antineoplastic thymidylate synthetase inhibitors,-trexed,1997.0,False,Nc1nc2[nH]cc(CCc3ccc(C(=O)N[C@@H](CCC(=O)O)C(=O)O)cc3)c2c(=O)[nH]1,427.42,0.67,,,,,,"Apoptosis related,Autophagy,DHFR,DNA/RNA Synthesis,Thymidylate Synthase",Apoptosis,"Pemetrexed (LY231514, Alimta) is a novel antifolate and antimetabolite for thymidylate synthase (TS), dihydrofolate reductase (DHFR) and glycinamide ribonucleotide formyltransferase (GARFT) with Ki of 1.3 nM, 7.2 nM and 65 nM in cell-free assays, respectively. Pemetrexed induces autophagy and apoptosis.",137281-23-3,198.87,No DILI,No DILI,No DILI,2016 Apr 18,,,WBXPDJSOTKVWSJ,0,DILI,True,0.7034923109622782
Pemoline,LT00246,Pemoline,Most-DILI-Concern,Withdrawn,8.0,,Oral,DILIrank,,CNS,ADHD,CHEMBL1177,N06BA05,-2.0,1.0,7953.0,0.0,0.0,True,1975.0,0.0,,Stimulant (central),0.0,4.0,Small molecule,1.0,True,0.0,False,0.0,PEMOLINE,0.0,MOL,True,False,,,,1966.0,True,NC1=NC(=O)C(c2ccccc2)O1,176.18,0.6,hepatotoxicity,United States; United Kingdom; Canada,Hepatic toxicity,Withdrawn,hepatotoxicity,,,,,,DILI (withdrawn),DILI,Withdrawn,,,,NRNCYVBFPDDJNE,1,DILI,True,0.8352992722739606
Phytonadione,LT00780,Phytonadione,No-DILI-Concern,No match,0.0,,Oral,DILIrank,E,HDS: Nutritional Suppl,General health,CHEMBL1550,B02BA01,1.0,1.0,18067.0,0.0,1.0,True,,0.0,,Vitamin (prothrombogenic),0.0,4.0,Small molecule,1.0,True,0.0,True,0.0,PHYTONADIONE,0.0,MOL,False,False,,,,,False,CC1=C(C/C=C(\C)CCC[C@H](C)CCC[C@H](C)CCCC(C)C)C(=O)c2ccccc2C1=O,450.71,9.16,"respiratory toxicity, immune system toxicity, vascular toxicity",United States,,Black Box Warning,,,,,,,No DILI,No DILI,No DILI,,,,MBWXNTAXLNYFJB,0,No DILI,False,0.5082378095428173
Piroxicam,LT01679,Piroxicam,Less-DILI-Concern,Warnings and precautions,3.0,,Oral,DILIrank,B,Analgesic,Mild-Moderate Pain,CHEMBL527,M01AC01; M02AA07; S01BC06,1.0,1.0,8249.0,0.0,2.0,True,1982.0,0.0,,"Anti-Inflammatory,Anti-Inflammatory; Analgesic",0.0,4.0,Small molecule,1.0,True,0.0,False,0.0,PIROXICAM,0.0,MOL,True,False,-icam,anti-inflammatory agents (isoxicam type),-icam,1974.0,False,CN1C(C(=O)Nc2ccccn2)=C(O)c2ccccc2S1(=O)=O,331.35,1.58,"neurotoxicity, gastrointestinal toxicity, cardiotoxicity",United States,,Black Box Warning,,COX,Neuronal Signaling,"Piroxicam (CP 16171) is a non-selective COX inhibitor, used in the treatment of rheumatoid and osteoarthritis.",36322-90-4,199.19,DILI (likely),DILI,Likely,2020 Mar 20,,"Hepatitis, Cholestasis/Biliary, Hypersensitivity",QYSPLQLAKJAUJT,1,DILI,True,0.8158759522882502
Pralatrexate,LT00673,Pralatrexate,Ambiguous DILI-concern,Warnings and precautions,3.0,,,DILIrank,E*,Antineoplastic,Solid tumors,CHEMBL1201746,L01BA05,1.0,0.0,71223.0,0.0,0.0,True,2009.0,0.0,,,0.0,4.0,Small molecule,1.0,False,0.0,True,0.0,PRALATREXATE,0.0,MOL,True,False,-trexate,antimetabolites (folic acid derivatives),-trexate,2004.0,False,C#CCC(Cc1cnc2nc(N)nc(N)c2n1)c1ccc(C(=O)N[C@@H](CCC(=O)O)C(=O)O)cc1,477.48,0.98,,,,,,"Apoptosis related,DHFR",Metabolism,"Pralatrexate (NSC 754230) is an antifolate, and structurally a folate analog. Its IC50 is < 300 nM in some cell lines. Pralatrexate induces tumor cell apoptosis.",146464-95-1,58.64,No DILI,No DILI,No DILI,2016 May 1,,,OGSBUKJUDHAQEA,0,DILI,True,0.6864891367369869
Pramlintide,LT00492,Pramlintide,No-DILI-Concern,No match,0.0,,Subcutaneous,DILIrank,E,Endocrine,Diabetes,CHEMBL2103758,A10BX05,1.0,1.0,,0.0,1.0,False,2005.0,0.0,"PEPTIDE1{K.C.N.T.A.T.C.A.T.Q.R.L.A.N.F.L.V.H.S.S.N.N.F.G.P.I.L.P.P.T.N.V.G.S.N.T.Y.[am]}$PEPTIDE1,PEPTIDE1,7:R3-2:R3$$$",Antidiabetic,0.0,4.0,Protein,0.0,False,0.0,True,0.0,PRAMLINTIDE,0.0,BOTH,True,False,-tide,peptides: amylin derivatives or mimics,-tide (-lintide),1996.0,False,CC[C@H](C)[C@H](NC(=O)[C@@H]1CCCN1C(=O)CNC(=O)[C@H](Cc1ccccc1)NC(=O)[C@H](CC(N)=O)NC(=O)[C@H](CC(N)=O)NC(=O)[C@H](CO)NC(=O)[C@H](CO)NC(=O)[C@H](Cc1c[nH]cn1)NC(=O)[C@@H](NC(=O)[C@H](CC(C)C)NC(=O)[C@H](Cc1ccccc1)NC(=O)[C@H](CC(N)=O)NC(=O)[C@H](C)NC(=O)[C@H](CC(C)C)NC(=O)[C@H](CCCNC(=N)N)NC(=O)[C@H](CCC(N)=O)NC(=O)[C@@H](NC(=O)[C@H](C)NC(=O)[C@@H]1CSSC[C@H](NC(=O)[C@@H](N)CCCCN)C(=O)N[C@@H](CC(N)=O)C(=O)N[C@@H]([C@@H](C)O)C(=O)N[C@@H](C)C(=O)N[C@@H]([C@@H](C)O)C(=O)N1)[C@@H](C)O)C(C)C)C(=O)N[C@@H](CC(C)C)C(=O)N1CCC[C@H]1C(=O)N1CCC[C@H]1C(=O)N[C@H](C(=O)N[C@@H](CC(N)=O)C(=O)N[C@H](C(=O)NCC(=O)N[C@@H](CO)C(=O)N[C@@H](CC(N)=O)C(=O)N[C@H](C(=O)N[C@@H](Cc1ccc(O)cc1)C(N)=O)[C@@H](C)O)C(C)C)[C@@H](C)O,3949.45,,,,,,,,,,,,No DILI,No DILI,No DILI,2016 Jun 6,,,TZIRZGBAFTZREM,0,No DILI,False,0.5508910557622954
Progesterone,LT00192,Progesterone,Less-DILI-Concern,Adverse reactions,2.0,,Oral,DILIrank,A,Gynecological,Birth control,CHEMBL103,G03DA04,1.0,1.0,17026.0,0.0,1.0,True,1976.0,0.0,,Progestin,0.0,4.0,Small molecule,1.0,True,0.0,True,0.0,PROGESTERONE,0.0,MOL,True,True,-gest-; -ster-; -terone,"progestins; steroids (androgens, anabolics); antiandrogens",-gest-; -ster-; -terone,,False,CC(=O)[C@H]1CC[C@H]2[C@@H]3CCC4=CC(=O)CC[C@]4(C)[C@H]3CC[C@]12C,314.47,4.72,"carcinogenicity, respiratory toxicity, neurotoxicity, cardiotoxicity, vascular toxicity",United States,,Black Box Warning,,Estrogen/progestogen Receptor,Endocrinology & Hormones,"Progesterone (NSC 9704, NSC 64377, Pregn-4-ene-3,20-dione) is an endogenous steroid hormone involved in the menstrual cycle, pregnancy, and embryogenesis of humans and other species. A potent agonist of the nuclear progesterone receptor (nPR) with Kd of 1 nM; An agonist of the membrane progesterone receptors(mPRs); An antagonist of the σ1 receptor.",57-83-0,69.96,DILI (likely),DILI,Likely,,,,RJKFOVLPORLFTN,1,DILI,True,0.8507070312756818
Protirelin,LT00349,Protirelin,No-DILI-Concern,No match,0.0,,Intravenous,DILIrank,,,,CHEMBL1472,V04CJ02,0.0,0.0,35940.0,0.0,1.0,True,1976.0,0.0,PEPTIDE1{[Glp].H.P.[am]}$$$$,Prothyrotropin,0.0,4.0,Protein,1.0,False,0.0,True,0.0,PROTIRELIN,0.0,BOTH,True,False,-relin,prehormones or hormone-release stimulating peptides: thyrotropin releasing hormone analogues,-relin (-tirelin),1974.0,False,NC(=O)[C@@H]1CCCN1C(=O)[C@H](Cc1c[nH]cn1)NC(=O)[C@@H]1CCC(=O)N1,362.39,-1.81,,,,,,,,,,,No DILI,No DILI,No DILI,,,,XNSAINXGIQZQOO,0,No DILI,False,0.5590083632587705
Ranitidine,LT00138,Ranitidine,Less-DILI-Concern,Adverse reactions,5.0,,Oral,DILIrank,B,Gastrointestinal,Acid peptic disease,CHEMBL1790041,A02BA02,2.0,0.0,,0.0,2.0,True,1983.0,0.0,,Antagonist (to histamine-H2 receptors),0.0,4.0,Small molecule,1.0,True,0.0,True,0.0,RANITIDINE,0.0,MOL,True,False,-tidine,H2-receptor antagonists (cimetidine type),-tidine,1979.0,False,CNC(=C[N+](=O)[O-])NCCSCc1ccc(CN(C)C)o1,314.41,1.46,,,,,,Histamine Receptor,Neuronal Signaling,Ranitidine(AH-19065) is an H2 histamine receptor antagonist that works by blocking histamine and thus decreasing the amount of acid released by cells of the stomach.,66357-35-5,200.38,DILI (likely),DILI,Likely,2018 Jan 25,,"Necrosis, CYP, Cholestasis/Biliary, Immune-mediated, Hypersensitivity",VMXUWOKSQNHOCA,1,DILI,True,0.7491526326684312
Regadenoson,LT00646,Regadenoson,No-DILI-Concern,No match,0.0,,Intravenous,DILIrank,,,,CHEMBL3989695,C01EB21,1.0,0.0,,0.0,1.0,True,2008.0,0.0,,,0.0,4.0,Small molecule,0.0,False,0.0,True,0.0,REGADENOSON,0.0,MOL,True,False,-denoson,adenosine A receptor agonists,-denoson,2004.0,False,CNC(=O)c1cnn(-c2nc(N)c3ncn([C@@H]4O[C@H](CO)[C@@H](O)[C@H]4O)c3n2)c1.O,408.38,-2.43,,,,,,Adenosine Receptor,GPCR & G Protein,"Regadenoson (CVT-3146, Lexiscan) is a selective A2A adenosine receptor agonist with coronary vasodilating activity.",313348-27-5,143.46,No DILI,No DILI,No DILI,,,,CDQVVPUXSPZONN,0,No DILI,False,0.536756682861298
Rifampin,LT00034,Rifampin,Most-DILI-Concern,Warnings and precautions,8.0,,Oral,DILIrank,A,Antimicrobial,Antituberculosis,CHEMBL374478,J04AB02,1.0,0.0,28077.0,0.0,1.0,True,1971.0,0.0,,Antibacterial,0.0,4.0,Small molecule,1.0,True,0.0,True,0.0,RIFAMPIN,0.0,MOL,True,False,-pin; rifa-,tricyclic compounds; antibiotics (rifamycin derivatives),-pin; rifa-,1968.0,False,CO[C@H]1/C=C/O[C@@]2(C)Oc3c(C)c(O)c4c(O)c(c(/C=N/N5CCN(C)CC5)c(O)c4c3C2=O)NC(=O)/C(C)=C\C=C\[C@H](C)[C@H](O)[C@@H](C)[C@@H](O)[C@@H](C)[C@H](OC(C)=O)[C@@H]1C,822.95,4.34,,,,,,"Antibiotics for Plant Cell Culture,Antineoplastic and Immunosuppressive Antibiotics,DNA/RNA Synthesis,Selection Antibiotics for Transfected Cell",DNA Damage/DNA Repair,"Rifampin (NSC-113926, Rimactane, Rifampicin) is a DNA-dependent RNA polymerase inhibitor, used to treat a number of bacterial infections.",13292-46-1,121.52,DILI (known),DILI,Known,2018 Jun 10,,"CYP, Cholestasis/Biliary, Cirrhosis",JQXXHWHPUNPDRT,1,DILI,True,0.634055218727255
Rifapentine,LT01057,Rifapentine,Ambiguous DILI-concern,Warnings and precautions,4.0,,Oral,DILIrank,E*,Antimicrobial,Antituberculosis,CHEMBL1660,J04AB05,1.0,0.0,45304.0,0.0,1.0,True,1998.0,0.0,,Antibacterial,0.0,4.0,Small molecule,1.0,True,0.0,False,0.0,RIFAPENTINE,0.0,MOL,True,False,rifa-,antibiotics (rifamycin derivatives),rifa-,1985.0,False,CO[C@H]1/C=C/O[C@@]2(C)Oc3c(C)c(O)c4c(O)c(c(/C=N/N5CCN(C6CCCC6)CC5)c(O)c4c3C2=O)NC(=O)/C(C)=C\C=C\[C@H](C)[C@H](O)[C@@H](C)[C@@H](O)[C@@H](C)[C@H](OC(C)=O)[C@@H]1C,877.04,5.65,,,,,,DNA/RNA Synthesis,DNA Damage/DNA Repair,"Rifapentine (MDL473) is an antibiotic, which inhibits DNA-dependent RNA polymerase activity, used to treat tuberculosis.",61379-65-5,114.02,No DILI,No DILI,No DILI,2018 Jun 14,,,WDZCUPBHRAEYDL,0,No DILI,False,0.6086353650245848
Romidepsin,LT00669,Romidepsin,No-DILI-Concern,No match,0.0,,Intravenous,DILIrank,C,Antineoplastic,Lymphoma ,CHEMBL343448,L01XH02,1.0,0.0,61080.0,1.0,1.0,True,2009.0,0.0,,,0.0,4.0,Protein,1.0,False,0.0,True,0.0,ROMIDEPSIN,0.0,MOL,True,False,-depsin,depsipeptide derivatives,-depsin,2006.0,False,C/C=C1\NC(=O)[C@H]2CSSCC/C=C/[C@H](CC(=O)N[C@H](C(C)C)C(=O)N2)OC(=O)[C@H](C(C)C)NC1=O,540.71,1.43,,,,,,"Apoptosis related,HDAC",Cytoskeletal Signaling,"Romidepsin (FK228, Depsipeptide, FR 901228, NSC 630176) is a potent HDAC1 and HDAC2 inhibitor with IC50 of 36 nM and 47 nM in cell-free assays, respectively. Romidepsin (FK228/depsipeptide) controls growth and induces apoptosis in neuroblastoma tumor cells.",128517-07-7,18.49,No DILI,No DILI,No DILI,2020 Sep 25,,,OHRURASPPZQGQM,0,No DILI,False,0.5635300149807043
Rosuvastatin,LT01928,Rosuvastatin,Less-DILI-Concern,Warnings and precautions,3.0,,Oral,DILIrank,A,Cardiovascular,Lipid lowering agent,CHEMBL1496,C10AA07,1.0,0.0,38545.0,0.0,1.0,False,2003.0,0.0,,,0.0,4.0,Small molecule,0.0,True,0.0,False,0.0,ROSUVASTATIN,0.0,MOL,True,False,-stat-,enzyme inhibitors: antihyperlipidemics (HMG-CoA inhibitors),-stat- (-statin),2000.0,False,CC(C)c1nc(N(C)S(C)(=O)=O)nc(-c2ccc(F)cc2)c1/C=C/[C@@H](O)C[C@@H](O)CC(=O)O,481.55,2.4,,,,,,"COVID-19,HMG-CoA Reductase",Metabolism,Rosuvastatin Calcium (ZD4522 calcium) is a competitive inhibitor of HMG-CoA reductase with IC50 of 11 nM in a cell-free assay.,147098-20-2,199.77,DILI (likely),DILI,Likely,2025 Mar 21,,"Hepatitis, CYP, Cholestasis/Biliary, Immune-mediated",BPRHUIZQVSMCRT,1,DILI,True,0.7835301134847413
Rufinamide,LT00564,Rufinamide,Ambiguous DILI-concern,Warnings and precautions,3.0,,,DILIrank,E*,CNS,Anticonvulsant,CHEMBL1201754,N03AF03,1.0,0.0,,0.0,2.0,True,2007.0,0.0,,,0.0,4.0,Small molecule,0.0,True,0.0,False,0.0,RUFINAMIDE,0.0,MOL,True,False,,,,2000.0,False,NC(=O)c1cn(Cc2c(F)cccc2F)nn1,238.2,0.7,,,,,,Sodium Channel,Transmembrane Transporters,"Rufinamide (CGP 33101,E 2080,RUF 331,Banzel) is a voltage-gated sodium channel blocker, used an anticonvulsant medication.",106308-44-5,75.57,No DILI,No DILI,No DILI,2018 Jun 6,,,POGQSBRIGCQNEG,0,DILI,True,0.8391651656855419
Secretin,LT00355,Secretin,No-DILI-Concern,No match,0.0,,Intravenous,DILIrank,,,,CHEMBL3039582,V04CK01,0.0,0.0,,0.0,1.0,True,2002.0,0.0,PEPTIDE1{H.S.D.G.T.F.T.S.E.L.S.R.L.R.E.G.A.R.L.Q.R.L.L.Q.G.L.V.[am]}$$$$,,0.0,4.0,Protein,0.0,False,0.0,True,0.0,SECRETIN,0.0,BOTH,True,False,-retin,retinol derivatives,-retin,2004.0,False,CC(C)C[C@H](NC(=O)CNC(=O)[C@H](CCC(N)=O)NC(=O)[C@H](CC(C)C)NC(=O)[C@H](CC(C)C)NC(=O)[C@H](CCCNC(=N)N)NC(=O)[C@H](CCC(N)=O)NC(=O)[C@H](CC(C)C)NC(=O)[C@H](CCCNC(=N)N)NC(=O)[C@H](C)NC(=O)CNC(=O)[C@H](CCC(=O)O)NC(=O)[C@H](CCCNC(=N)N)NC(=O)[C@H](CC(C)C)NC(=O)[C@H](CCCNC(=N)N)NC(=O)[C@H](CO)NC(=O)[C@H](CC(C)C)NC(=O)[C@H](CCC(=O)O)NC(=O)[C@H](CO)NC(=O)[C@@H](NC(=O)[C@H](Cc1ccccc1)NC(=O)[C@@H](NC(=O)CNC(=O)[C@H](CC(=O)O)NC(=O)[C@H](CO)NC(=O)[C@@H](N)Cc1cnc[nH]1)[C@@H](C)O)[C@@H](C)O)C(=O)N[C@H](C(N)=O)C(C)C,3039.46,,,,,,,,,,,,No DILI,No DILI,No DILI,,,,OWMZNFCDEHGFEP,0,No DILI,False,0.5333720898103705
Sitaxsentan,LT02449,Sitaxsentan,Most-DILI-Concern,Withdrawn,8.0,,Oral,DILIrank,,,,CHEMBL282724,C02KX03,-2.0,0.0,,0.0,2.0,False,2006.0,0.0,,,0.0,4.0,Small molecule,1.0,True,0.0,False,0.0,SITAXENTAN,0.0,MOL,True,False,-entan,endothelin receptor antagonists,-entan,2011.0,True,Cc1cc2c(cc1CC(=O)c1sccc1S(=O)(=O)Nc1onc(C)c1Cl)OCO2,454.91,3.96,hepatotoxicity,Canada; Worldwide; Australia; European Union,"Liver toxicity, Risk of acute liver failure",Withdrawn,hepatotoxicity,,,,,,DILI (withdrawn),DILI,Withdrawn,,,idiosyncratic (manual annotation),PHWXUGHIIBDVKD,1,DILI,True,0.8165696827956019
Sodium bicarbonate,LT02337,Sodium bicarbonate,No-DILI-Concern,No match,0.0,,Intravenous,DILIrank,,,,CHEMBL1353,B05XA02; B05CB04,2.0,0.0,32139.0,0.0,2.0,True,1985.0,0.0,,Alkalizer (systemic); Replenisher (electrolyte),0.0,4.0,Small molecule,0.0,True,0.0,True,0.0,SODIUM BICARBONATE,0.0,MOL,False,False,,,,,False,O=C([O-])O.[Na+],84.01,,,,,,,Others,Others,"Sodium bicarbonate(Armex Blast Media Flow Formula XL, BI-CF 40E, BI-H 40E, Bakeshure 180, Sodium Hydrogen Carbonate, Sodium hydrogen carbonate) is a biochemical reagent used as a pH buffering agent, an electrolyte replenisher, systemic alkalizer and in topical cleansing solutions.",144-55-8,,No DILI,No DILI,No DILI,,,,UIIMBOGNXHQVGW,0,No DILI,False,0.5394061871656451
Sodium lactate,LT00330,Sodium lactate,No-DILI-Concern,No match,0.0,,Intravenous,DILIrank,,,,CHEMBL1357,,1.0,0.0,75228.0,0.0,0.0,True,,0.0,,Replenisher (electrolyte),0.0,4.0,Small molecule,1.0,False,0.0,True,0.0,SODIUM LACTATE,0.0,MOL,False,False,,,,,False,CC(O)C(=O)[O-].[Na+],112.06,,,,,,,,,,,,No DILI,No DILI,No DILI,,,,NGSFWBMYFKHRBD,0,No DILI,False,0.46296856696052213
Sodium thiosulfate,LT00439,Sodium thiosulfate,No-DILI-Concern,No match,0.0,,Intravenous,DILIrank,,,,CHEMBL2096650,,1.0,0.0,32150.0,0.0,2.0,True,1992.0,0.0,,Antidote (to cyanide poisoning),0.0,4.0,Small molecule,0.0,False,0.0,True,0.0,SODIUM THIOSULFATE,0.0,MOL,False,False,,,,,False,O.O.O.O.O.O=S([O-])([O-])=S.[Na+].[Na+],248.19,-0.32,,,,,,,,,,,No DILI,No DILI,No DILI,,,,PODWXQQNRWNDGD,0,DILI,True,0.6521488250567322
Sterile water,LT01294,Sterile water,No-DILI-Concern,No match,0.0,,Intravenous,DILIrank,,,,CHEMBL1098659,,2.0,0.0,15377.0,0.0,2.0,True,2011.0,0.0,,"Diagnostic Aid (radioactive, vascular disorders); Radioactive Agent,Radioactive Agent",0.0,4.0,Small molecule,1.0,False,0.0,False,0.0,WATER,0.0,MOL,False,True,deu-,deuterated compounds,deu-,1963.0,False,O,18.02,-0.82,,,,,,,,,,,No DILI,No DILI,No DILI,,,,XLYOFNOQVPJJNP,0,DILI,True,0.6320051470215787
Sucralfate,LT00358,Sucralfate,No-DILI-Concern,No match,0.0,,Oral,DILIrank,E,Gastrointestinal,Acid peptic disease,CHEMBL2367706,,1.0,0.0,,0.0,1.0,False,1981.0,0.0,,Anti-Ulcerative (gastrointestinal),0.0,4.0,Unknown,0.0,True,0.0,False,0.0,SUCRALFATE,0.0,MOL,True,False,,,,1976.0,False,O=S(=O)(OC[C@H]1O[C@@H](O[C@]2(COS(=O)(=O)O[Al](O)O)O[C@H](OS(=O)(=O)O[Al](O)O)[C@@H](OS(=O)(=O)O[Al](O)O)[C@@H]2OS(=O)(=O)O[Al](O)O)[C@H](OS(=O)(=O)O[Al](O)O)[C@@H](OS(=O)(=O)O[Al](O)O)[C@@H]1OS(=O)(=O)O[Al](O)O)O[Al](O)O.O[Al](O)O.O[Al](O)O.O[Al](O)O.O[Al](O)O.O[Al](O)O.O[Al](O)O.O[Al](O)O.O[Al](O)O,2072.71,,,,,,,,,,,,No DILI,No DILI,No DILI,,,,JTZPPHUZZDKEOC,0,No DILI,False,0.5597023920569532
Sulfadiazine,LT00146,Sulfadiazine,Less-DILI-Concern,Adverse reactions,3.0,,Oral,DILIrank,A,Antimicrobial,Antibacterial,CHEMBL439,J01EC02,1.0,0.0,9328.0,0.0,2.0,True,1941.0,0.0,,"Anti-Infective, Topical,Antibacterial",0.0,4.0,Small molecule,1.0,True,0.0,True,0.0,SULFADIAZINE,0.0,MOL,True,True,sulfa-,antimicrobials (sulfonamides derivatives),sulfa-,1975.0,False,Nc1ccc(S(=O)(=O)Nc2ncccn2)cc1,250.28,0.86,,,,,,Antibiotics,Microbiology,Sulfadiazine is a sulfonamide antibiotic.,68-35-9,199.78,DILI (likely),DILI,Likely,2017 Dec 5,,"Cholestasis/Biliary, Hypersensitivity",SEEPANYCNGTZFQ,1,DILI,True,0.8073995235338993
Sulfathiazole,LT00632,Sulfathiazole,Most-DILI-Concern,Withdrawn,8.0,,Oral,DILIrank,,,,CHEMBL437,D06BA02; J01EB07,-2.0,0.0,9337.0,0.0,2.0,True,1945.0,0.0,,Antibacterial,0.0,4.0,Small molecule,1.0,False,0.0,False,0.0,SULFATHIAZOLE,0.0,MOL,True,True,sulfa-,antimicrobials (sulfonamides derivatives),sulfa-,,True,Nc1ccc(S(=O)(=O)Nc2nccs2)cc1,255.32,1.53,"hematological toxicity, nephrotoxicity, dermatological toxicity",United States,"renal complications, rash, fever, blood dyscrasias, and liver damage",Withdrawn,"hematological toxicity, nephrotoxicity, dermatological toxicity",Anti-infection,Microbiology,Sulfathiazole is an organosulfur compound that has been used as a short-acting sulfa drug.,72-14-0,199.75,DILI (withdrawn),DILI,Withdrawn,,,,JNMRHUJNCSQMMB,1,DILI,True,0.7822793539883985
Sunitinib,LT00565,Sunitinib,Most-DILI-Concern,Box warning,8.0,,Oral,DILIrank,B,Antineoplastic,"Solid tumors, Leukemia",CHEMBL535,L01EX01,1.0,1.0,38940.0,0.0,2.0,True,2006.0,0.0,,,0.0,4.0,Small molecule,0.0,True,0.0,False,0.0,SUNITINIB,0.0,MOL,True,False,-tinib,tyrosine kinase inhibitors,-tinib,,False,CCN(CC)CCNC(=O)c1c(C)[nH]c(/C=C2\C(=O)Nc3ccc(F)cc32)c1C,398.48,3.33,,,,,,"Apoptosis related,c-Kit,IRE1,Mitophagy,PDGFR,VEGFR",Protein Tyrosine Kinase,"Sunitinib (SU11248) malate is a multi-targeted RTK inhibitor targeting VEGFR2 (Flk-1) and PDGFRβ with IC50 of 80 nM and 2 nM in cell-free assays, and also inhibits c-Kit. Sunitinib Malate effectively inhibits autophosphorylation of Ire1α. Sunitinib Malate increases both death receptor and mitochondrial-dependent apoptosis.",341031-54-7,28.17,DILI (likely),DILI,Likely,2018 Jun 27,,"Necrosis, CYP, Encephalopathy, Immune-mediated, Hypersensitivity",WINHZLLDWRZWRT,1,DILI,True,0.7513164457182773
Temsirolimus,LT01261,Temsirolimus,No-DILI-Concern,No match,0.0,,Intravenous,DILIrank,E*,Antineoplastic,Solid tumors,CHEMBL1201182,L01EG01,1.0,0.0,79699.0,0.0,1.0,True,2007.0,0.0,,,0.0,4.0,Small molecule,1.0,False,0.0,True,0.0,TEMSIROLIMUS,0.0,MOL,True,False,-imus,immunosuppressives,-imus,2004.0,False,CO[C@H]1C[C@@H]2CC[C@@H](C)[C@@](O)(O2)C(=O)C(=O)N2CCCC[C@H]2C(=O)O[C@H]([C@H](C)C[C@@H]2CC[C@@H](OC(=O)C(C)(CO)CO)[C@H](OC)C2)CC(=O)[C@H](C)/C=C(\C)[C@@H](O)[C@@H](OC)C(=O)[C@H](C)C[C@H](C)/C=C/C=C/C=C/1C,1030.3,,,,,,,"Apoptosis related,Autophagy,mTOR",PI3K/Akt/mTOR,"Temsirolimus (CCI-779, NSC 683864) is a specific mTOR inhibitor with IC50 of 1.76 μM in a cell-free assay. Temsirolimus induces autophagy and apoptosis.",162635-04-3,65.03,No DILI,No DILI,No DILI,2020 Nov 4,,,CBPNZQVSJQDFBE,0,No DILI,False,0.6076211327227568
Teriparatide,LT00932,Teriparatide,No-DILI-Concern,No match,0.0,,Subcutaneous,DILIrank,E,Endocrine,Osteoporosis,CHEMBL525610,H05AA02,1.0,1.0,,0.0,1.0,True,2002.0,0.0,PEPTIDE1{S.V.S.E.I.Q.L.M.H.N.L.G.K.H.L.N.S.M.E.R.V.E.W.L.R.K.K.L.Q.D.V.H.N.F}$$$$,Bone Resorption Inhibitor; Osteoporosis Therapy Adjunct,0.0,4.0,Protein,0.0,False,0.0,True,0.0,TERIPARATIDE,0.0,BOTH,True,False,-tide,peptides: parathyroid hormone related peptide,-tide (-paratide),1996.0,False,CC[C@H](C)[C@H](NC(=O)[C@H](CCC(=O)O)NC(=O)[C@H](CO)NC(=O)[C@@H](NC(=O)[C@@H](N)CO)C(C)C)C(=O)N[C@@H](CCC(N)=O)C(=O)N[C@@H](CC(C)C)C(=O)N[C@@H](CCSC)C(=O)N[C@@H](Cc1cnc[nH]1)C(=O)N[C@@H](CC(N)=O)C(=O)N[C@@H](CC(C)C)C(=O)NCC(=O)N[C@@H](CCCCN)C(=O)N[C@@H](Cc1cnc[nH]1)C(=O)N[C@@H](CC(C)C)C(=O)N[C@@H](CC(N)=O)C(=O)N[C@@H](CO)C(=O)N[C@@H](CCSC)C(=O)N[C@@H](CCC(=O)O)C(=O)N[C@@H](CCCNC(=N)N)C(=O)N[C@H](C(=O)N[C@@H](CCC(=O)O)C(=O)N[C@@H](Cc1c[nH]c2ccccc12)C(=O)N[C@@H](CC(C)C)C(=O)N[C@@H](CCCNC(=N)N)C(=O)N[C@@H](CCCCN)C(=O)N[C@@H](CCCCN)C(=O)N[C@@H](CC(C)C)C(=O)N[C@@H](CCC(N)=O)C(=O)N[C@@H](CC(=O)O)C(=O)N[C@H](C(=O)N[C@@H](Cc1cnc[nH]1)C(=O)N[C@@H](CC(N)=O)C(=O)N[C@@H](Cc1ccccc1)C(=O)O)C(C)C)C(C)C,4117.79,,carcinogenicity,United States,,Black Box Warning,,,,,,,No DILI,No DILI,No DILI,2016 Mar 31,,,OGBMKVWORPGQRR,0,No DILI,False,0.5344350202631958
Tetrabamate,LT01858,Tetrabamate,Most-DILI-Concern,Withdrawn,8.0,,Oral,DILIrank,,,,CHEMBL1909287,,-1.0,0.0,,0.0,-1.0,False,,-1.0,,,-1.0,,Small molecule,0.0,False,-1.0,False,0.0,TETRABAMATE,-1.0,MOL,False,False,,,,,False,CCC1(c2ccccc2)C(=O)NC(=O)NC1=O.CCCCCOC(CN1C(=O)N(CC(COCCCC)OC(N)=O)C(=O)C(CC)(c2ccccc2)C1=O)OC(N)=O.CCCCOCC(CN1C(=O)NC(=O)C(CC)(c2ccccc2)C1=O)OC(N)=O,1216.35,,,,,,,,,,,,DILI (withdrawn),DILI,Withdrawn,,,,YADPKIAGCVAODE,1,DILI,True,0.6716951498506286
Tetracycline,LT00036,Tetracycline,Less-DILI-Concern,Warnings and precautions,2.0,,Oral,DILIrank,A [HD],Antimicrobial,Antibacterial,CHEMBL1440,D06AA04; S03AA02; S01AA09; S02AA08; A01AB13; J01AA07,1.0,0.0,27902.0,0.0,1.0,True,2006.0,0.0,,"Anti-Amebic; Antirickettsial; Antibacterial,Antibacterial,Antibacterial; Anti-Amebic; Antirickettsial",0.0,4.0,Small molecule,1.0,True,0.0,False,0.0,TETRACYCLINE,0.0,MOL,True,False,-cycline,antibiotics (tetracycline derivatives),-cycline,,False,CN(C)[C@@H]1C(O)=C(C(N)=O)C(=O)[C@@]2(O)C(O)=C3C(=O)c4c(O)cccc4[C@@](C)(O)[C@H]3C[C@@H]12,444.44,-0.21,,,,,,"Antibiotics,Antineoplastic and Immunosuppressive Antibiotics,Bacterial",Microbiology,"Tetracycline (TC) is a broad-spectrum antibiotic that exhibits activity against a wide range of microorganisms including gram-positive and gram-negative bacteria, chlamydiae, mycoplasmas, rickettsiae, and protozoan parasites.",60-54-8,200.26,DILI (likely),DILI,Likely,,,,OFVLGDICTFRJMM,1,DILI,True,0.653224928262166
Thiabendazole,LT00635,Thiabendazole,Most-DILI-Concern,Warnings and precautions,7.0,,Oral,DILIrank,B,Antimicrobial,Antihelmintic,CHEMBL625,D01AC06; P02CA02,0.0,0.0,45979.0,0.0,2.0,True,1967.0,0.0,,Anthelmintic,0.0,4.0,Small molecule,1.0,True,0.0,False,0.0,THIABENDAZOLE,0.0,MOL,True,False,-bendazole,antithelmintics (tibendazole type),-bendazole,1962.0,False,c1ccc2[nH]c(-c3cscn3)nc2c1,201.25,2.69,,,,,,P450 (e.g. CYP17),Metabolism,"Thiabendazole inhibits the mitochondrial helminth-specific enzyme, fumarate reductase, with anthelminthic property, used as an anthelmintic and fungicide agent. It is a potent inhibitor of  cytochrome P450 1A2 (CYP1A2).",148-79-8,198.76,DILI (likely),DILI,Likely,2021 Sep 18,,"Cholestasis/Biliary, Immune-mediated, Hypersensitivity",WJCNZQLZVWNLKY,1,DILI,True,0.8186238272094061
Thioguanine,LT00452,Thioguanine,Less-DILI-Concern,Warnings and precautions,2.0,,Oral,DILIrank,A,Antineoplastic,Leukemia,CHEMBL727,L01BB03,1.0,0.0,9555.0,0.0,2.0,True,1966.0,0.0,,Antineoplastic,0.0,4.0,Small molecule,1.0,True,0.0,False,0.0,THIOGUANINE,1.0,MOL,True,False,,,,1965.0,False,Nc1nc2[nH]cnc2c(=S)[nH]1,167.2,0.6,,,,,,DNA Methyltransferase,Epigenetics,"Thioguanine (NSC 752, 6-Thioguanine, 2-Amino-6-purinethiol), a purine antimetabolite, inhibits DNMT1 activity through ubiquitin-targeted degradation, used in the treatment of acute lymphoblastic leukemia, autoimmune disorders (e.g., Crohn's disease, rheumatoid arthritis) and organ transplant recipients.",154-42-7,53.83,DILI (likely),DILI,Likely,2017 Aug 17,,"Hepatitis, Necrosis, Cholestasis/Biliary, Sinusoidal, Cirrhosis, Immune-mediated",WYWHKKSPHMUBEB,1,DILI,True,0.751229881312209
Tigecycline,LT01222,Tigecycline,Ambiguous DILI-concern,Warnings and precautions,8.0,,Intravenous,DILIrank,E*,Antimicrobial,Antibacterial,CHEMBL376140,J01AA12,1.0,1.0,149836.0,0.0,1.0,True,2005.0,0.0,,,0.0,4.0,Small molecule,1.0,False,0.0,True,0.0,TIGECYCLINE,0.0,MOL,True,False,-cycline,antibiotics (tetracycline derivatives),-cycline,2002.0,False,CN(C)c1cc(NC(=O)CNC(C)(C)C)c(O)c2c1C[C@H]1C[C@H]3[C@H](N(C)C)C(O)=C(C(N)=O)C(=O)[C@@]3(O)C(O)=C1C2=O,585.66,0.51,,United States,,Black Box Warning,,"Antineoplastic and Immunosuppressive Antibiotics,Autophagy,Bacterial",Microbiology,"Tigecycline (Tygacil, GAR-936, WAY-GAR-936, TBG-MINO) is bacteriostatic and is a protein synthesis inhibitor by binding to the 30S ribosomal subunit of bacteria and thereby blocking entry of Aminoacyl-tRNA into the A site of the ribosome during prokaryotic translation. Tigecycline induces autophagy by downregulating the PI3K-AKT-mTOR pathway.",220620-09-7,170.75,No DILI,No DILI,No DILI,2025 Apr 15,,,FPZLLRFZJZRHSY,0,No DILI,False,0.5243992311484225
Tiludronate,LT00998,Tiludronate,No-DILI-Concern,No match,0.0,,Oral,DILIrank,,Endocrine,Osteoporosis,CHEMBL1350,M05BA05,1.0,0.0,9598.0,0.0,2.0,True,1997.0,0.0,,Osteoporosis Treatment And Prevention; Paget's Disease Treatment,0.0,4.0,Small molecule,1.0,True,0.0,False,0.0,TILUDRONIC ACID,0.0,MOL,True,False,-dronate,calcium metabolism regulators,-dronate,1994.0,False,O=P(O)(O)C(Sc1ccc(Cl)cc1)P(=O)(O)O,318.61,2.07,,,,,,,,,,,No DILI,No DILI,No DILI,,,,DKJJVAGXPKPDRL,0,No DILI,False,0.5224699921709178
Tipranavir,LT01220,Tipranavir,Most-DILI-Concern,Box warning,8.0,,Oral,DILIrank,E*,Antimicrobial,Antiviral: HIV,CHEMBL222559,J05AE09,1.0,1.0,63628.0,0.0,1.0,True,2005.0,0.0,,,0.0,4.0,Small molecule,0.0,True,0.0,False,0.0,TIPRANAVIR,0.0,MOL,True,False,-vir,antivirals: HIV protease inhibitors (saquinavir type),-vir (-navir),1998.0,False,CCC[C@@]1(CCc2ccccc2)CC(O)=C([C@H](CC)c2cccc(NS(=O)(=O)c3ccc(C(F)(F)F)cn3)c2)C(=O)O1,602.68,7.33,"neurotoxicity, hepatotoxicity",United States,,Black Box Warning,,,,,,,DILI (likely),DILI,Likely,2017 Sep 1,,"Hepatitis, CYP, Cholestasis/Biliary, Steatosis, Lactic acidosis, Immune-mediated, Hypersensitivity",SUJUHGSWHZTSEU,1,DILI,True,0.812743474518628
Trimetrexate,LT01843,Trimetrexate,Ambiguous DILI-concern,Warnings and precautions,3.0,,,DILIrank,E*,Antineoplastic,Solid tumors,CHEMBL119,P01AX07,0.0,0.0,,0.0,2.0,False,1993.0,0.0,,Antineoplastic,0.0,4.0,Small molecule,1.0,False,0.0,True,0.0,TRIMETREXATE,0.0,MOL,True,False,-trexate,antimetabolites (folic acid derivatives),-trexate,1981.0,False,COc1cc(NCc2ccc3nc(N)nc(N)c3c2C)cc(OC)c1OC,369.43,2.74,,,,,,,,,,,No DILI,No DILI,No DILI,2016 Apr 18,,,NOYPYLRCIDNJJB,0,DILI,True,0.743632415432857
Troglitazone,LT00168,Troglitazone,Most-DILI-Concern,Withdrawn,8.0,,Oral,DILIrank,A,Endocrine,Diabetes,CHEMBL408,A10BG01,-2.0,0.0,9753.0,0.0,0.0,True,1997.0,0.0,,Antidiabetic,0.0,4.0,Small molecule,1.0,True,0.0,False,0.0,TROGLITAZONE,0.0,MOL,True,False,-glitazone,peroxisome proliferator activiating receptor (PPAR) agonists (thiazolidene derivatives),-glitazone,1995.0,True,Cc1c(C)c2c(c(C)c1O)CCC(C)(COc1ccc(CC3SC(=O)NC3=O)cc1)O2,441.55,4.37,hepatotoxicity,Peru; United Kingdom; United States,"hepatic necrosis and failure, with a mean time to onset of 3 months.",Withdrawn,hepatotoxicity,"Apoptosis related,Autophagy,Ferroptosis,PPAR",Metabolism,"Troglitazone (Rezulin, Romglizone, Prelay, CS045, Romozin) is a potent agonist for the peroxisome proliferator-activated receptor-(PPAR) that is a ligand activated transcription factor regulating cell differentiation and growth. Troglitazone induces autophagy, apoptosis and necroptosis in bladder cancer cells. Troglitazone prevents RSL3-induced ferroptosis and lipid peroxidation in Pfa1 cells.",97322-87-7,199.3,DILI (withdrawn),DILI,Withdrawn,2018 Jun 6,,"Hepatitis, Necrosis, CYP, Hypersensitivity",GXPHKUHSUJUWKP,1,DILI,True,0.8086646789315524
Ursodeoxycholic acid,LT01855,Ursodeoxycholic acid,Ambiguous DILI-concern,Warnings and precautions,0.0,,,DILIrank,,,,CHEMBL1551,A05AA02,1.0,0.0,9907.0,0.0,1.0,True,1987.0,0.0,,Anticholelithogenic,0.0,4.0,Small molecule,1.0,True,0.0,False,0.0,URSODIOL,0.0,MOL,True,False,,,,1988.0,False,C[C@H](CCC(=O)O)[C@H]1CC[C@H]2[C@@H]3[C@@H](O)C[C@@H]4C[C@H](O)CC[C@]4(C)[C@H]3CC[C@]12C,392.58,4.48,,,,,,,,,,,No DILI,No DILI,No DILI,,,,RUDATBOHQWOJDD,0,No DILI,False,0.5862837665853371
Valganciclovir,LT01109,Valganciclovir,Ambiguous DILI-concern,Adverse reactions,3.0,,,DILIrank,E,Antimicrobial,Antiviral: Herpes,CHEMBL252321,,-1.0,0.0,,0.0,-1.0,False,,-1.0,,,-1.0,,Small molecule,1.0,False,-1.0,False,0.0,(R)-VALGANCICLOVIR,-1.0,MOL,False,False,,,,,False,CC(C)[C@H](N)C(=O)OC[C@@H](CO)OCn1cnc2c(=O)nc(N)[nH]c21,354.37,-1.44,,,,,,,,,,,No DILI,No DILI,No DILI,,,,WPVFJKSGQUFQAP,0,DILI,True,0.6213773604514374
Vancomycin,LT00161,Vancomycin,Less-DILI-Concern,No match,0.0,,Oral,DILIrank,B,Antimicrobial,Antibacterial,CHEMBL262777,S01AA28; A07AA09; J01XA01,1.0,1.0,28001.0,0.0,1.0,True,1964.0,0.0,,Antibacterial,0.0,4.0,Small molecule,1.0,True,0.0,True,0.0,VANCOMYCIN,0.0,MOL,True,False,-mycin,antibiotics (Streptomyces strain),-mycin,,False,CN[C@H](CC(C)C)C(=O)N[C@H]1C(=O)N[C@@H](CC(N)=O)C(=O)N[C@H]2C(=O)N[C@H]3C(=O)N[C@H](C(=O)N[C@H](C(=O)O)c4cc(O)cc(O)c4-c4cc3ccc4O)[C@H](O)c3ccc(c(Cl)c3)Oc3cc2cc(c3O[C@@H]2O[C@H](CO)[C@@H](O)[C@H](O)[C@H]2O[C@H]2C[C@](C)(N)[C@H](O)[C@H](C)O2)Oc2ccc(cc2Cl)[C@H]1O,1449.27,,teratogenicity,United States,,Black Box Warning,,"Antibiotics,Antibiotics for Plant Cell Culture,Bacterial",Microbiology,Vancomycin is an antibiotic used to treat serious bacterial infections. It works by stopping the growth of bacteria.,1404-90-6,20.01,DILI (likely),DILI,Likely,2020 Aug 20,,"Hepatitis, Hypersensitivity",MYPYJXKWCTUITO,1,DILI,True,0.6251938626231868
Vitamin c,LT02009,Vitamin c,No-DILI-Concern,No match,0.0,,Intravenous,DILIrank,E,HDS: Nutritional Suppl,General health,CHEMBL196,G01AD03; A11GA01; S01XA15,1.0,0.0,29073.0,0.0,1.0,True,1985.0,0.0,,Acidifier (urlnary); Vitamin (antiscorbutic),0.0,4.0,Small molecule,1.0,True,0.0,True,0.0,ASCORBIC ACID,0.0,MOL,False,False,,,,,False,O=C1O[C@H]([C@@H](O)CO)C(O)=C1O,176.12,-1.41,,,,,,Vitamin,Metabolism,Vitamin C (L-Ascorbic acid) is a water-soluble vitamin indicated for the prevention and treatment of scurvy.,50-81-7,198.73,No DILI,No DILI,No DILI,,,,CIWBSHSKHKDKBQ,0,No DILI,False,0.39873653088864885
Vitamin e,LT01516,Vitamin e,No-DILI-Concern,No match,0.0,,Oral,DILIrank,E,HDS: Nutritional Suppl,General health,CHEMBL47,,-1.0,0.0,18145.0,0.0,-1.0,False,,-1.0,,Vitamin E Supplement,-1.0,,Small molecule,1.0,False,-1.0,False,0.0,ALPHA-TOCOPHEROL,-1.0,MOL,False,False,,,,,False,Cc1c(C)c2c(c(C)c1O)CC[C@@](C)(CCC[C@H](C)CCC[C@H](C)CCCC(C)C)O2,430.72,8.84,,,,,,"COX,VEGFR",Neuronal Signaling,"Vitamin E (D-alpha-Tocopherol) is a fat-soluble vitamin with potent antioxidant properties. It is a potent peroxyl radical scavenger and inhibits noncompetitively cyclooxygenase activity in many tissues, also inhibits angiogenesis and tumor dormancy through suppressing vascular endothelial growth factor (VEGF) gene transcription.",59-02-9,,No DILI,No DILI,No DILI,,,,GVJHHUAWPYXKBD,0,No DILI,False,0.5224552127497768
Beclomethasone,,Beclomethasone,,,,No-DILI,"Topical,Respiratory (inhalation)",Greene,,,,CHEMBL1586,,,0.0,3001.0,0.0,1.0,False,,0.0,,,0.0,2.0,Small molecule,1.0,False,0.0,False,0.0,BECLOMETHASONE,0.0,MOL,False,False,,,,,False,C[C@H]1C[C@H]2[C@@H]3CCC4=CC(=O)C=C[C@]4(C)[C@@]3(Cl)[C@@H](O)C[C@]2(C)[C@@]1(O)C(=O)CO,408.92,2.17,,,,,,,,,,,No DILI,No DILI,No DILI,,,,NBMKJKDGKREAPL,0,No DILI,False,0.5108136456666176
Cephapirin,,Cephapirin,,,,No-DILI,,Greene,,,,CHEMBL1599,J01DB08,0.0,0.0,554446.0,0.0,1.0,False,1974.0,0.0,,Antibacterial,0.0,4.0,Small molecule,1.0,False,0.0,True,0.0,CEPHAPIRIN,0.0,MOL,True,False,,,,1970.0,False,CC(=O)OCC1=C(C(=O)O)N2C(=O)[C@@H](NC(=O)CSc3ccncc3)[C@H]2SC1,423.47,0.48,,,,,,,,,,,No DILI,No DILI,No DILI,,,,UQLLWWBDSUHNEB,0,DILI,True,0.6695236484547368
Citicoline,,Citicoline,,,,No-DILI,,Greene,,,,CHEMBL1231700,N06BX06,,0.0,16436.0,0.0,0.0,False,,0.0,,Post-Stroke And Post-Head Trauma Treatment,0.0,3.0,Small molecule,1.0,False,0.0,False,0.0,CITICOLINE,0.0,MOL,False,False,,,,1994.0,False,C[N+](C)(C)CCOP(=O)(O)OP(=O)([O-])OC[C@H]1O[C@@H](n2ccc(N)nc2=O)[C@H](O)[C@@H]1O,488.33,-2.23,,,,,,Others,Others,"Citicoline (CDP-choline, cytidine 5'-diphosphocholine) is a naturally occurring compound that acts as nutrient with a broad spectrum of benefits for conditions associated with symptoms of neurological dysfunction. As an endogenous compound, it is also an essential intermediate in the synthesis of cell membrane phospholipids and its formation is the rate-limiting step in phosphatidylcholine synthesis.",987-78-0,,No DILI,No DILI,No DILI,,,,RZZPDXZPRHQOCG,0,No DILI,False,0.5184538813925784
Gallamine triethiodide,,Gallamine triethiodide,,,,No-DILI,Intravenous,Greene,,,,CHEMBL1200993,,0.0,0.0,,0.0,2.0,True,1982.0,0.0,,Neuromuscular Blocking Agent,0.0,4.0,Small molecule,1.0,False,0.0,True,0.0,GALLAMINE TRIETHIODIDE,0.0,MOL,True,False,,,,,False,CC[N+](CC)(CC)CCOc1cccc(OCC[N+](CC)(CC)CC)c1OCC[N+](CC)(CC)CC.[I-].[I-].[I-],891.54,5.45,,,,,,AChR,Neuronal Signaling,Gallamine Triethiodide  is a cholinergic receptor blocker with an IC50 of 68.0 ± 8.4 μM.,65-29-2,112.17,No DILI,No DILI,No DILI,,,,REEUVFCVXKWOFE,0,No DILI,False,0.39090321035362313
Isoxicam,,Isoxicam,,,,No-DILI,,Greene,,,,CHEMBL53292,,-2.0,0.0,76163.0,0.0,2.0,True,,0.0,,Anti-Inflammatory,0.0,4.0,Small molecule,1.0,False,0.0,False,0.0,ISOXICAM,0.0,MOL,False,False,-icam,anti-inflammatory agents (isoxicam type),-icam,1974.0,True,Cc1cc(NC(=O)C2=C(O)c3ccccc3S(=O)(=O)N2C)no1,335.34,1.48,dermatological toxicity,France; Spain; Germany,Stevens Johnson Syndrome; Toxic Epidermal Necrolysis,Withdrawn,dermatological toxicity,Others,Others,,34552-84-6,50.69,No DILI,No DILI,No DILI,,,,YYUAYBYLJSNDCX,0,DILI,True,0.7641166442381953
Mometasone,,Mometasone,,,,No-DILI,"Topical,Respiratory (inhalation)",Greene,,,,CHEMBL1201404,,-1.0,0.0,6970.0,0.0,-1.0,False,,0.0,,,0.0,-1.0,Small molecule,1.0,False,0.0,False,0.0,MOMETASONE,0.0,MOL,False,False,,,,,False,C[C@@H]1C[C@H]2[C@@H]3CCC4=CC(=O)C=C[C@]4(C)[C@@]3(Cl)[C@@H](O)C[C@]2(C)[C@@]1(O)C(=O)CCl,427.37,3.41,,,,,,,,,,,No DILI,No DILI,No DILI,,,,QLIIKPVHVRXHRI,0,No DILI,False,0.5274426159914846
Norgestrel,,Norgestrel,,,,DILI,Oral,Greene,A,Gynecological,Birth control,CHEMBL2107797,,1.0,0.0,,0.0,0.0,True,1968.0,0.0,,Progestin,0.0,4.0,Small molecule,1.0,True,0.0,False,0.0,NORGESTREL,0.0,MOL,True,False,-estr-; -gest-,estrogens; progestins,-estr-; -gest-,1966.0,False,C#CC1(O)CC[C@H]2[C@@H]3CCC4=CC(=O)CC[C@@H]4[C@H]3CC[C@@]21CC,312.45,3.88,,,,,,ROS,Immunology & Inflammation,"Norgestrel (WY-3707, SH-70850, SH-850, FH 122-A) is synthetic steroidal progestin that is used in combination with ethinyl estradiol for oral contraception. It also has strong neuroprotective activity.",6533-00-2,198.43,DILI (known),DILI,Known,,,,WWYNJERNGUHSAO,1,DILI,True,0.8627923769061575
Phenylbutazone,,Phenylbutazone,,,,DILI,Oral,Greene,,,,CHEMBL101,M01AA01; M02AA01,-1.0,0.0,48574.0,0.0,2.0,True,1980.0,0.0,,Antirheumatic,0.0,4.0,Small molecule,1.0,True,0.0,False,0.0,PHENYLBUTAZONE,0.0,MOL,True,False,-butazone,anti-inflammatory analgesics (phenylbutazone type),-butazone,,True,CCCCC1C(=O)N(c2ccccc2)N(c2ccccc2)C1=O,308.38,3.79,"misuse, hematological toxicity",Malaysia; United Arab Emirates; Ethiopia; Jordan; Germany; Chile; Bangladesh; Ghana; Sri Lanka; Bahrain,"aplastic anaemia and agranulocytosis, Off-Label Abuse; Hematologic Toxicity",Withdrawn,"misuse, hematological toxicity",Immunology & Inflammation related,Immunology & Inflammation,"Phenylbutazone (Butazolidine) is used as a non-steroidal anti-inflammatory agent for the treatment of chronic pain, including the symptoms of arthritis.",50-33-9,201.06,DILI (likely),DILI,Likely,,,"Immune-mediated, idiosyncratic (manual annotation)",VYMDGNCVAMGZFE,1,DILI,True,0.7943182371379076
Pyridoxal phosphate,,Pyridoxal phosphate,,,,No-DILI,Oral,Greene,,,,CHEMBL82202,,,0.0,18405.0,0.0,2.0,False,,0.0,,,0.0,3.0,Small molecule,1.0,False,0.0,False,0.0,PYRIDOXAL PHOSPHATE ANHYDROUS,0.0,MOL,False,False,,,,,False,Cc1ncc(COP(=O)(O)O)c(C=O)c1O,247.14,0.52,,,,,,Vitamin,Metabolism,"Pyridoxal phosphate (Pyridoxal 5'-phosphate, PAL-P, PLP, Vitamin B6), the active form of vitamin B6, acts as a coenzyme in all transamination reactions, and in certain decarboxylation, deamination, and racemization reactions of amino acids.",54-47-7,40.46,No DILI,No DILI,No DILI,,,,NGVDGCNFYWLIFO,0,No DILI,False,0.5852236808136578
Ragaglitazar,,Ragaglitazar,,,,No-DILI,,Greene,,,,CHEMBL24038,,,0.0,,0.0,1.0,False,,0.0,,,0.0,2.0,Small molecule,1.0,False,0.0,False,0.0,RAGAGLITAZAR,0.0,MOL,False,False,-glitazar,peroxisome proliferator activiating receptor (PPAR) agonists (not thiazolidene derivatives),-glitazar,,False,CCO[C@@H](Cc1ccc(OCCN2c3ccccc3Oc3ccccc32)cc1)C(=O)O,419.48,5.04,,,,,,,,,,,No DILI,No DILI,No DILI,,,,WMUIIGVAWPWQAW,0,DILI,True,0.7344691087504355
Sulconazole nitrate,,Sulconazole nitrate,,,,No-DILI,Topical,Greene,,,,CHEMBL1200348,,1.0,0.0,,0.0,0.0,True,1985.0,0.0,,Antifungal,0.0,4.0,Small molecule,0.0,False,0.0,False,0.0,SULCONAZOLE NITRATE,0.0,MOL,True,True,-conazole,systemic antifungals (miconazole type),-conazole,1977.0,False,Clc1ccc(CSC(Cn2ccnc2)c2ccc(Cl)cc2Cl)cc1.O=[N+]([O-])O,460.77,6.52,,,,,,Fungal,Microbiology,"Sulconazole Nitrate(Exelderm,RS 44872) is an imidazole derivative with broad-spectrum antifungal activity.",61318-91-0,199.67,No DILI,No DILI,No DILI,,,,CRKGMGQUHDNAPB,0,No DILI,False,0.4869124920944745
Chlortetracycline,,Chlortetracycline,,,,No-DILI,Tropical,LiverTox,E*,Antimicrobial,Antibacterial,CHEMBL404520,D06AA02; J01AA03; S01AA02; A01AB21,0.0,0.0,27644.0,0.0,1.0,False,1950.0,0.0,,"Antibacterial; Antiprotozoal,Antiprotozoal; Antibacterial",0.0,4.0,Small molecule,1.0,False,0.0,False,0.0,CHLORTETRACYCLINE,0.0,MOL,True,True,-cycline,antibiotics (tetracycline derivatives),-cycline,,False,CN(C)[C@@H]1C(O)=C(C(N)=O)C(=O)[C@@]2(O)C(O)=C3C(=O)c4c(O)ccc(Cl)c4[C@@](C)(O)[C@H]3C[C@@H]12,478.89,0.44,,,,,,,,,,,No DILI,No DILI,No DILI,,,,CYDMQBQPVICBEU,0,No DILI,False,0.6111235464203617
Cilastatin,,Cilastatin,,,,No-DILI,Intravenous,LiverTox,E,Antimicrobial,Antibacterial,CHEMBL766,,1.0,0.0,3697.0,0.0,1.0,False,1985.0,0.0,,Enzyme Inhibitor,0.0,4.0,Small molecule,1.0,False,0.0,True,0.0,CILASTATIN,0.0,MOL,True,False,-stat-,enzyme inhibitors: antihyperlipidemics (HMG-CoA inhibitors),-stat- (-statin),1984.0,False,CC1(C)C[C@@H]1C(=O)N/C(=C\CCCCSC[C@H](N)C(=O)O)C(=O)O,358.46,1.43,,,,,,Others,Metabolism,Cilastatin(MK0791) is a renal dehydropeptidase-I and leukotriene D4 dipeptidase inhibitor.,82009-34-5,251.08,No DILI,No DILI,No DILI,,,,DHSUYTOATWAVLW,0,No DILI,False,0.556238090096087
Ergotamine,,Ergotamine,,,,No-DILI,oral,LiverTox,E,CNS,Migraine,CHEMBL442,N02CA72; N02CA02; N02CA52,1.0,1.0,64318.0,0.0,1.0,False,1948.0,0.0,,Analgesic (specific in migraine),0.0,4.0,Small molecule,1.0,True,0.0,False,0.0,ERGOTAMINE,0.0,MOL,True,True,,,,,False,CN1C[C@H](C(=O)N[C@]2(C)O[C@@]3(O)[C@@H]4CCCN4C(=O)[C@H](Cc4ccccc4)N3C2=O)C=C2c3cccc4[nH]cc(c34)C[C@H]21,581.67,1.99,,,,,,,,,,,No DILI,No DILI,No DILI,,,,XCGSFFUVFURLIX,0,No DILI,False,0.5319302796731155
Homatropine,,Homatropine,,,,No-DILI,Ophthalmic,LiverTox,E,Respiratory,Cold symptoms,CHEMBL1618018,S01FA05,-1.0,0.0,5747.0,0.0,0.0,False,,0.0,,Anticholinergic,0.0,4.0,Small molecule,1.0,False,0.0,False,0.0,HOMATROPINE,0.0,MOL,True,False,-trop-,atropine derivatives,-trop-,,False,CN1[C@@H]2CC[C@H]1C[C@@H](OC(=O)C(O)c1ccccc1)C2,275.35,1.89,,,,,,,,,,,No DILI,No DILI,No DILI,,,,ZTVIKZXZYLEVOL,0,No DILI,False,0.4303030003781806
Liraglutide,,Liraglutide,,,,No-DILI,Subcutaneous,LiverTox,E,Endocrine,Diabetes,CHEMBL4084119,A10BJ02,1.0,1.0,,0.0,1.0,True,2010.0,0.0,,,0.0,4.0,Protein,1.0,False,0.0,True,0.0,LIRAGLUTIDE,0.0,MOL,True,False,-tide,peptides: glucagon-like peptide (GLP) analogs,-tide (-glutide),2007.0,False,CCCCCCCCCCCCCCCC(=O)N[C@@H](CCC(=O)NCCCC[C@H](NC(=O)[C@H](C)NC(=O)[C@H](C)NC(=O)[C@H](CCC(N)=O)NC(=O)CNC(=O)[C@H](CCC(=O)O)NC(=O)[C@H](CC(C)C)NC(=O)[C@H](Cc1ccc(O)cc1)NC(=O)[C@H](CO)NC(=O)[C@H](CO)NC(=O)[C@@H](NC(=O)[C@H](CC(=O)O)NC(=O)[C@H](CO)NC(=O)[C@@H](NC(=O)[C@H](Cc1ccccc1)NC(=O)[C@@H](NC(=O)CNC(=O)[C@H](CCC(=O)O)NC(=O)[C@H](C)NC(=O)[C@@H](N)Cc1cnc[nH]1)[C@@H](C)O)[C@@H](C)O)C(C)C)C(=O)N[C@@H](CCC(=O)O)C(=O)N[C@@H](Cc1ccccc1)C(=O)N[C@H](C(=O)N[C@@H](C)C(=O)N[C@@H](Cc1c[nH]c2ccccc12)C(=O)N[C@@H](CC(C)C)C(=O)N[C@H](C(=O)N[C@@H](CCCNC(=N)N)C(=O)NCC(=O)N[C@@H](CCCNC(=N)N)C(=O)NCC(=O)O)C(C)C)[C@@H](C)CC)C(=O)O,3751.26,,carcinogenicity,United States,,Black Box Warning,,,,,,,No DILI,No DILI,No DILI,2019 Apr 10,,,YSDQQAXHVYUZIW,0,No DILI,False,0.53513509444673
Plicamycin,,Plicamycin,,,,DILI,,LiverTox,A [HD],Antineoplastic,Solid tumors,CHEMBL1237054,L01DC02,0.0,0.0,,0.0,1.0,True,1970.0,0.0,,Antineoplastic,0.0,4.0,Small molecule,1.0,False,0.0,True,0.0,PLICAMYCIN,0.0,MOL,True,False,-mycin,antibiotics (Streptomyces strain),-mycin,1965.0,False,CO[C@H](C(=O)[C@@H](O)[C@@H](C)O)[C@@H]1Cc2cc3cc(O[C@H]4C[C@@H](O[C@@H]5C[C@@H](O)[C@H](O)[C@@H](C)O5)[C@H](O)[C@@H](C)O4)c(C)c(O)c3c(O)c2C(=O)[C@H]1O[C@H]1C[C@@H](O[C@@H]2C[C@@H](O)[C@@H](O[C@@H]3C[C@](C)(O)[C@H](O)[C@@H](C)O3)[C@@H](C)O2)[C@H](O)[C@@H](C)O1,1085.16,,,,,,,,,,,,DILI (known),DILI,Known,2020 Feb 19,,"Hepatitis, Necrosis, Sinusoidal",XDKMHMINQXATOR,1,DILI,True,0.642507578856565
Zanamivir,,Zanamivir,,,,No-DILI,Oral; Respiratory (inhalation),LiverTox,E,Antimicrobial,Antiviral: Influenza,CHEMBL222813,J05AH01,1.0,0.0,50663.0,0.0,1.0,True,1999.0,0.0,,Enzyme Inhibitor (influenza virus neuraminidase); Antiviral,0.0,4.0,Small molecule,1.0,False,0.0,False,0.0,ZANAMIVIR,0.0,MOL,True,True,-vir,antivirals: neuraminidase inhibitors,-vir (-amivir),1997.0,False,CC(=O)N[C@H]1[C@H]([C@H](O)[C@H](O)CO)OC(C(=O)O)=C[C@@H]1NC(=N)N,332.31,-3.58,,,,,,"Influenza Virus,Neuraminidase",Microbiology,"Zanamivir (GG167,GR 121167X) is a neuraminidase inhibitor used in the treatment and prophylaxis of influenza caused by influenza A virus and influenza B virus.",139110-80-8,6.02,No DILI,No DILI,No DILI,2020 Jun 22,,,ARAIBEBZBOPLMB,0,No DILI,False,0.4710404952947405
Cocaine,,Cocaine,,,,DILI,"Nasal, Torpical",Suzuki,A [HD],CNS,Stimulant,CHEMBL120901,,-1.0,0.0,,0.0,-1.0,False,,-1.0,,,-1.0,,Small molecule,0.0,False,-1.0,False,0.0,,-1.0,MOL,False,False,,,,,False,COC(=O)[C@@H]1C2CCC(C[C@@H]1C(=O)Oc1ccccc1)N2C,303.36,1.86,,,,,,,,,,,DILI (known),DILI,Known,2017 Oct 26,,"Hepatitis, Necrosis, CYP, Immune-mediated, Hypersensitivity",QBYGRJQJEUUFHI,1,DILI,True,0.6324613745358402
Cyproterone,,Cyproterone,,,,DILI,"Oral, Intramuscular",Suzuki,B,Antineoplastic,Prostate cancer,CHEMBL142130,,,0.0,50742.0,0.0,1.0,False,,0.0,,,0.0,0.5,Small molecule,1.0,False,0.0,False,0.0,CYPROTERONE,0.0,MOL,False,False,-terone,antiandrogens,-terone,,False,CC(=O)[C@@]1(O)CC[C@H]2[C@@H]3C=C(Cl)C4=CC(=O)[C@@H]5C[C@@H]5[C@]4(C)[C@H]3CC[C@@]21C,374.91,4.04,,,,,,,,,,,DILI (likely),DILI,Likely,2017 Jul 5,,"Hepatitis, CYP, Cholestasis/Biliary, Cirrhosis, Immune-mediated, Hypersensitivity",DUSHUSLJJMDGTE,1,DILI,True,0.7590337839743573
Boceprevir,,Boceprevir,,,,DILI,,Zhu,B,Antimicrobial,Antiviral: HCV,CHEMBL218394,J05AP03,1.0,0.0,68621.0,0.0,0.0,True,2011.0,1.0,,,0.0,4.0,Small molecule,1.0,True,0.0,False,0.0,BOCEPREVIR,0.0,MOL,True,False,-vir,antivirals: serine protease inhibitors,-vir (-previr),2007.0,False,CC(C)(C)NC(=O)N[C@H](C(=O)N1C[C@H]2[C@@H]([C@H]1C(=O)NC(CC1CCC1)C(=O)C(N)=O)C2(C)C)C(C)(C)C,519.69,1.71,,,,,,"COVID-19,HCV Protease",Proteases,"Boceprevir (EBP 520, SCH 503034) is an oral, direct acting hepatitis C virus (HCV) protease inhibitor with Ki value of 14 nM for NS3. It is used in combination with other antiviral agents in the treatment of chronic hepatitis C, genotype 1.",394730-60-0,192.43,DILI (likely),DILI,Likely,2022 Jan 26,,"Hepatitis, CYP, Fibrosis, Cirrhosis",LHHCSNFAOIFYRV,1,No DILI,False,0.5852321049279027
Cabazitaxel,,Cabazitaxel,,,,DILI,,Zhu,E*,Antineoplastic,Prostate cancer,CHEMBL1201748,L01CD04,1.0,1.0,63584.0,0.0,1.0,True,2010.0,0.0,,,0.0,4.0,Small molecule,1.0,False,0.0,True,0.0,CABAZITAXEL,0.0,MOL,True,False,-taxel,"antineoplastics, taxane derivatives",-taxel,2010.0,False,CO[C@H]1C(=O)[C@]2(C)[C@@H](OC)C[C@H]3OC[C@@]3(OC(C)=O)[C@H]2[C@H](OC(=O)c2ccccc2)[C@]2(O)C[C@H](OC(=O)[C@H](O)[C@@H](NC(=O)OC(C)(C)C)c3ccccc3)C(C)=C1C2(C)C,835.94,4.57,,United States,,Black Box Warning,,"Autophagy,Microtubule Associated",Cytoskeletal Signaling,"Cabazitaxel (RPR-116258A, XRP6258, TXD 258, Taxoid XRP6258) is a semi-synthetic derivative of a natural taxoid that kills cancer cells by inhibiting cell division and growth. Cabazitaxel exerts its effects by inhibiting microtubule growth and assembly, processes that are essential for cells to divide. Cabazitaxel induces autophagy via the PI3K/Akt/mTOR pathway.",183133-96-2,119.63,No DILI,No DILI,No DILI,2020 Sep 7,,,BMQGVNUXMIRLCK,0,DILI,True,0.7416151409272657
Clofazimine,,Clofazimine,,,,DILI,,Zhu,E,Antimicrobial,Antileprosy,CHEMBL1292,J04BA01,1.0,0.0,,0.0,2.0,True,1986.0,0.0,,Antibacterial (tuberculostatic); Antibacterial (leprostatic),0.0,4.0,Small molecule,1.0,True,0.0,False,0.0,CLOFAZIMINE,0.0,MOL,True,False,,,,1967.0,False,CC(C)/N=c1\cc2n(-c3ccc(Cl)cc3)c3ccccc3nc-2cc1Nc1ccc(Cl)cc1,473.41,7.49,,,,,,"Antineoplastic and Immunosuppressive Antibiotics,Dyes,Phospholipase (e.g. PLA)",Metabolism,"Clofazimine (NSC-141046) is a rhimophenazine dye, originally developed for the treatment of tuberculosis, it has both antimicrobial and antiinflammatory activity, postulated mechanisms of action include intercalation of clofazimine with bacterial DNA and increasing levels of cellular phospholipase A2.",2030-63-9,10.56,No DILI,No DILI,No DILI,2017 Oct 13,,,WDQPAMHFFCXSNU,0,DILI,True,0.7422080514278324
Dydrogesterone,,Dydrogesterone,,,,DILI,,Zhu,A,Gynecological,Birth control,CHEMBL1200853,G03DB01,0.0,0.0,31527.0,0.0,1.0,True,1982.0,0.0,,Progestin,0.0,4.0,Small molecule,1.0,True,0.0,False,0.0,DYDROGESTERONE,0.0,MOL,True,False,-gest-; -ster-; -terone,"progestins; steroids (androgens, anabolics); antiandrogens",-gest-; -ster-; -terone,1962.0,False,CC(=O)[C@H]1CC[C@H]2[C@@H]3C=CC4=CC(=O)CC[C@@]4(C)[C@@H]3CC[C@]12C,312.45,4.5,,,,,,Estrogen/progestogen Receptor,Endocrinology & Hormones,"Dydrogesterone (NSC 92336) is an orally active progestogen which acts directly on the uterus, producing a complete secretory endometrium in an estrogen-primed uterus.",152-62-5,201.63,DILI (known),DILI,Known,,,,JGMOKGBVKVMRFX,1,DILI,True,0.8904486723058004
Edaravone,,Edaravone,,,,DILI,,Zhu,E,CNS,ALS,CHEMBL290916,N07XX14,1.0,0.0,31530.0,0.0,2.0,True,2017.0,1.0,,,0.0,4.0,Small molecule,1.0,False,0.0,True,0.0,EDARAVONE,0.0,MOL,True,False,,,,2015.0,False,CC1=NN(c2ccccc2)C(=O)C1,174.2,1.8,,,,,,Antioxidant,ER stress & UPR,Edaravone (MCI-186) is a novel potent free radical scavenger that has been clinically used to reduce the neuronal damage following ischemic stroke.,89-25-8,200.92,No DILI,No DILI,No DILI,2019 Apr 9,,,QELUYTUMUWHWMC,0,DILI,True,0.8018529990019939
Eltrombopag,,Eltrombopag,,,,DILI,,Zhu,E*,Hematologic,Thrombocytopenia,CHEMBL461101,B02BX05,1.0,1.0,85010.0,0.0,2.0,False,2008.0,0.0,,,0.0,4.0,Small molecule,1.0,True,0.0,False,0.0,ELTROMBOPAG,0.0,MOL,True,False,-trombopag,thrombopoetin agonists,-trombopag,2005.0,False,CC1=NN(c2ccc(C)c(C)c2)C(=O)/C1=N\Nc1cccc(-c2cccc(C(=O)O)c2)c1O,442.48,4.56,,,,,,TpoR,Immunology & Inflammation,"Eltrombopag Olamine (SB-497115-GR, Revolade, Promacta,Promacta Olamine) is a member of the biarylhydrazone class, which is a nonpeptide agonist of the thrombopoietin receptor (TpoR).",496775-62-3,157.63,No DILI,No DILI,No DILI,,,,XDXWLKQMMKQXPV,0,DILI,True,0.8457038223061062
Gabapentin enacarbil,,Gabapentin enacarbil,,,,DILI,,Zhu,E*,CNS,Anticonvulsant,CHEMBL1628502,,1.0,0.0,68840.0,0.0,0.0,True,2011.0,0.0,,,0.0,4.0,Small molecule,1.0,True,0.0,False,0.0,GABAPENTIN ENACARBIL,1.0,MOL,True,False,gab-,gabamimetics,gab-,2008.0,False,CC(OC(=O)NCC1(CC(=O)O)CCCCC1)OC(=O)C(C)C,329.39,2.68,,,,,,,,,,,No DILI,No DILI,No DILI,,,,TZDUHAJSIBHXDL,0,No DILI,False,0.575232310931057
Lanreotide,,Lanreotide,,,,DILI,,Zhu,E*,Endocrine,Hormone replacement,CHEMBL1201185,H01CB03,1.0,0.0,,0.0,1.0,True,2007.0,0.0,"PEPTIDE1{[dNal].C.Y.[dW].K.V.C.T.[am]}$PEPTIDE1,PEPTIDE1,7:R3-2:R3$$$",Antineoplastic,0.0,4.0,Protein,1.0,False,0.0,True,0.0,LANREOTIDE,0.0,BOTH,True,False,-tide,peptides: inhibition of growth hormone release,-tide (-reotide),1992.0,False,CC(C)[C@@H]1NC(=O)[C@H](CCCCN)NC(=O)[C@@H](Cc2c[nH]c3ccccc23)NC(=O)[C@H](Cc2ccc(O)cc2)NC(=O)[C@@H](NC(=O)[C@H](N)Cc2ccc3ccccc3c2)CSSC[C@@H](C(=O)N[C@H](C(N)=O)[C@@H](C)O)NC1=O,1096.35,,,,,,,GHSR,Endocrinology & Hormones,"Lanreotide (Laromustine, Angiopeptin, BIM 23014, Dermopeptin, Ipstyl, ITM-014, Somatulina, Somatuline, Lanreotidum), an analog of the native somatostatin peptide, is a physiological inhibitor of growth hormone (GH). Lanreotide also has antitumoral effects.",108736-35-2,91.21,No DILI,No DILI,No DILI,2017 Apr 11,,,PUDHBTGHUJUUFI,0,No DILI,False,0.584686294611876
Nandrolone,,Nandrolone,,,,DILI,,Zhu,A,Endocrine,Hormone replacement,CHEMBL757,,-1.0,0.0,7466.0,0.0,1.0,False,,0.0,,,0.0,3.0,Small molecule,1.0,False,0.0,False,0.0,NANDROLONE,0.0,MOL,False,False,-andr-; -olone,androgens; steroids (not prednisolone derivatives),-andr-; -olone,,False,C[C@]12CC[C@H]3[C@@H](CCC4=CC(=O)CC[C@@H]43)[C@@H]1CC[C@@H]2O,274.4,3.49,,,,,,,,,,,DILI (known),DILI,Known,,,,NPAGDVCDWIYMMC,1,DILI,True,0.8546068625483667
Norethisterone,,Norethisterone,,,,DILI,,Zhu,A,Gynecological,Birth control,CHEMBL1162,G03DC02; G03AC01,1.0,1.0,7627.0,0.0,1.0,True,1962.0,0.0,,Progestin,0.0,4.0,Small molecule,1.0,True,0.0,False,0.0,NORETHINDRONE,0.0,MOL,True,False,,,,,False,C#C[C@]1(O)CC[C@H]2[C@@H]3CCC4=CC(=O)CC[C@@H]4[C@H]3CC[C@@]21C,298.43,3.49,,United States,,Black Box Warning,,,,,,,DILI (known),DILI,Known,,,,VIKNJXKGJWUCNN,1,DILI,True,0.8867869582578375
Peramivir,,Peramivir,,,,DILI,,Zhu,E,Antimicrobial,Antiviral: Influenza,CHEMBL3989402,,1.0,0.0,,0.0,1.0,True,2014.0,0.0,,,0.0,4.0,Small molecule,0.0,False,0.0,True,0.0,PERAMIVIR,0.0,MOL,True,False,-vir,antivirals: neuraminidase inhibitors,-vir (-amivir),2002.0,False,CCC(CC)[C@H](NC(C)=O)[C@@H]1[C@H](O)[C@@H](C(=O)O)C[C@H]1NC(=N)N.O.O.O,382.46,-0.14,,,,,,,,,,,No DILI,No DILI,No DILI,2020 Jun 22,,,RFUCJKFZFXNIGB,0,No DILI,False,0.5882300189940488
AKN-028,,AKN-028,,,,,,,,,,CHEMBL4790100,,,0.0,,0.0,2.0,False,,0.0,,,0.0,2.0,Small molecule,1.0,False,0.0,False,0.0,AKN-028,0.0,MOL,False,False,,,,,False,Nc1ncc(-c2ccncc2)nc1Nc1ccc2[nH]ccc2c1,302.34,3.35,,,,,,,,,,,DILI (withdrawn),DILI,Withdrawn,,,,JLRIJKVMMZEKDF,1,DILI,True,0.7841409046851741
Abemaciclib,,Abemaciclib,,,,,,,E*,Antineoplastic,Breast Cancer,CHEMBL3301610,L01EF03,1.0,0.0,,1.0,2.0,True,2017.0,0.0,,,0.0,4.0,Small molecule,0.0,True,0.0,False,0.0,ABEMACICLIB,0.0,MOL,True,False,-ciclib,cyclin dependent kinase inhibitors (formerly-cidib),-ciclib,2014.0,False,CCN1CCN(Cc2ccc(Nc3ncc(F)c(-c4cc(F)c5nc(C)n(C(C)C)c5c4)n3)nc2)CC1,506.61,4.94,,,,,,CDK,Cell Cycle,"Abemaciclib (LY2835219) is a cell cycle inhibitor selective for CDK4/6 with IC50 of 2 nM and 10 nM in cell-free assays, respectively.",1231929-97-7,11.84,No DILI,No DILI,No DILI,2018 Jul 31,,,UZWDCWONPYILKI,0,DILI,True,0.7039397801606055
Abrocitinib,,Abrocitinib,,,,,,,E,Dermatologic,Atopic dermatitis,CHEMBL3655081,D11AH08,1.0,1.0,,0.0,1.0,True,2021.0,0.0,,,0.0,4.0,Small molecule,0.0,True,0.0,False,0.0,ABROCITINIB,0.0,MOL,True,False,-tinib,tyrosine kinase inhibitors: tyrosine kinase inhibitors; janus kinase inhibitors,-tinib (-citinib),2018.0,False,CCCS(=O)(=O)N[C@H]1C[C@@H](N(C)c2ncnc3[nH]ccc23)C1,323.42,1.25,"carcinogenicity, infectious disease",United States,,Black Box Warning,,JAK,JAK/STAT,"Abrocitinib (PF-04965842) is a potent JAK1 inhibitor with IC50s of 29 nM, 803 nM, > 10 000 nM and 1250 nM for JAK1, JAK2, JAK3 and tyrosine kinase (TYK) 2, respectively.",1622902-68-4,200.98,No DILI,No DILI,No DILI,2022 Jun 13,,,IUEWXNHSKRWHDY,0,DILI,True,0.7197818780127917
Aclidinium,,Aclidinium,,,,,,,E,Respiratory,Bronchodilation,CHEMBL1194325,,1.0,0.0,65346.0,0.0,1.0,False,2012.0,0.0,,,0.0,4.0,Small molecule,1.0,False,0.0,False,0.0,ACLIDINIUM,0.0,MOL,True,True,-clidinium; -ium,muscarinic receptor agonists/antagonists; quaternary ammonium derivatives: muscarinic receptor agonists/antagonists,-clidinium; -ium (-clidinium),2007.0,False,O=C(O[C@H]1C[N+]2(CCCOc3ccccc3)CCC1CC2)C(O)(c1cccs1)c1cccs1,484.66,4.67,,,,,,,,,,,No DILI,No DILI,No DILI,,,,ASMXXROZKSBQIH,0,DILI,True,0.6136378365703962
Afamelanotide,,Afamelanotide,,,,,,,E,Genetic,Erythropoietic protoporphyria,CHEMBL441738,D02BB02,1.0,0.0,,0.0,1.0,True,2014.0,1.0,PEPTIDE1{[ac].S.Y.S.[Nle].E.H.[dF].R.W.G.K.P.V.[am]}$$$$,,0.0,4.0,Protein,1.0,False,1.0,True,0.0,AFAMELANOTIDE,0.0,BOTH,True,False,-tide,peptides: melanocortin receptor agonists,-tide (-melanotide),2017.0,False,CCCC[C@H](NC(=O)[C@H](CO)NC(=O)[C@H](Cc1ccc(O)cc1)NC(=O)[C@H](CO)NC(C)=O)C(=O)N[C@@H](CCC(=O)O)C(=O)N[C@@H](Cc1c[nH]cn1)C(=O)N[C@H](Cc1ccccc1)C(=O)N[C@@H](CCCNC(=N)N)C(=O)N[C@@H](Cc1c[nH]c2ccccc12)C(=O)NCC(=O)N[C@@H](CCCCN)C(=O)N1CCC[C@H]1C(=O)N[C@H](C(N)=O)C(C)C,1646.87,,,,,,,,,,,,No DILI,No DILI,No DILI,2024 Mar 5,,,UAHFGYDRQSXQEB,0,No DILI,False,0.5506134597197324
Alogliptin,,Alogliptin,,,,,,,E*,Endocrine,Diabetes,CHEMBL376359,A10BH04,1.0,0.0,72323.0,0.0,1.0,False,2013.0,0.0,,,0.0,4.0,Small molecule,1.0,True,0.0,False,0.0,ALOGLIPTIN,0.0,MOL,True,False,-gliptin,dipeptidyl aminopeptidase-IV inhibitors,-gliptin,2008.0,False,Cn1c(=O)cc(N2CCC[C@@H](N)C2)n(Cc2ccccc2C#N)c1=O,339.4,0.39,,,,,,DPP,Proteases,"Alogliptin (SYR-322) benzoate is a potent, selective inhibitor of DPP-4 with IC50 of <10 nM, exhibits greater than 10,000-fold selectivity over DPP-8 and DPP-9.",850649-62-6,147.34,No DILI,No DILI,No DILI,2018 Jan 3,,,ZSBOMTDTBDDKMP,0,DILI,True,0.7144015712033555
Alpelisib,,Alpelisib,,,,,,,E*,Antineoplastic,"Breast Ca, HER2-ve, PIK3A mt",CHEMBL2396661,L01EM03,1.0,0.0,,1.0,1.0,True,2019.0,0.0,,,0.0,4.0,Small molecule,0.0,True,0.0,False,0.0,ALPELISIB,0.0,MOL,True,False,-lisib,phosphatidylinositol 3-kinase (PI3K) inhibitors,-lisib,2016.0,False,Cc1nc(NC(=O)N2CCC[C@H]2C(N)=O)sc1-c1ccnc(C(C)(C)C(F)(F)F)c1,441.48,3.84,,,,,,PI3K,PI3K/Akt/mTOR,"Alpelisib (BYL719) is a potent and selective PI3Kα inhibitor with IC50 of 5 nM in a cell-free assay, and minimal effect on PI3Kβ/γ/δ. Phase 2.",1217486-61-7,199.33,No DILI,No DILI,No DILI,2021 Sep 15,,,STUWGJZDJHPWGZ,0,DILI,True,0.806225636705159
Alpha lipoic acid,,Alpha lipoic acid,,,,,,,E,HDS: Nutritional Suppl,Diabetic neuropathy,CHEMBL33864,A16AX01,-1.0,0.0,16494.0,0.0,0.0,True,,0.0,,,0.0,4.0,Small molecule,1.0,False,0.0,False,0.0,"LIPOIC ACID, ALPHA",0.0,MOL,True,False,,,,,False,O=C(O)CCCCC1CCSS1,206.33,2.79,,,,,,,,,,,No DILI,No DILI,No DILI,,,,AGBQKNBQESQNJD,0,DILI,True,0.6690825590230811
Alpha tocopherol,,Alpha tocopherol,,,,,,,E,HDS: Nutritional Suppl,General health,CHEMBL47,,-1.0,0.0,18145.0,0.0,-1.0,False,,-1.0,,Vitamin E Supplement,-1.0,,Small molecule,1.0,False,-1.0,False,0.0,ALPHA-TOCOPHEROL,-1.0,MOL,False,False,,,,,False,Cc1c(C)c2c(c(C)c1O)CC[C@@](C)(CCC[C@H](C)CCC[C@H](C)CCCC(C)C)O2,430.72,8.84,,,,,,,,,,,No DILI,No DILI,No DILI,,,,GVJHHUAWPYXKBD,0,No DILI,False,0.5224552127497769
Amifampridine,,Amifampridine,,,,,,,E,CNS,Myasthenia ,CHEMBL354077,N07XX05,1.0,0.0,,0.0,2.0,True,2009.0,0.0,,,0.0,4.0,Small molecule,1.0,True,0.0,False,0.0,AMIFAMPRIDINE,0.0,MOL,True,False,,,,2014.0,False,Nc1ccncc1N,109.13,0.25,,,,,,,,,,,No DILI,No DILI,No DILI,2019 May 15,,,OYTKINVCDFNREN,0,DILI,True,0.6666690185460601
Androstenedione,,Androstenedione,,,,,,,A,HDS: Anabolic steroid,Body building,CHEMBL274826,,,0.0,16422.0,0.0,1.0,False,,0.0,,,0.0,-1.0,Small molecule,1.0,False,0.0,False,0.0,ANDROSTENEDIONE,0.0,MOL,False,False,,,,,False,C[C@]12CCC(=O)C=C1CC[C@@H]1[C@@H]2CC[C@]2(C)C(=O)CC[C@@H]12,286.42,4.09,,,,,,,,,,,DILI (known),DILI,Known,,,,AEMFNILZOJDQLW,1,DILI,True,0.8356961601715935
Apalutamide,,Apalutamide,,,,,,,E,Antineoplastic,Prostate cancer,CHEMBL3183409,L02BB05,1.0,0.0,,0.0,2.0,True,2018.0,0.0,,,0.0,4.0,Small molecule,0.0,True,0.0,False,0.0,APALUTAMIDE,0.0,MOL,True,False,-lutamide,non-steroid antiandrogens,-lutamide,,False,CNC(=O)c1ccc(N2C(=S)N(c3cnc(C#N)c(C(F)(F)F)c3)C(=O)C23CCC3)cc1F,477.44,3.53,,,,,,,,,,,No DILI,No DILI,No DILI,2023 Mar 15,,,HJBWBFZLDZWPHF,0,DILI,True,0.8277855110614732
Apixaban,,Apixaban,,,,,,,B,Hematologic,Anticoagulant,CHEMBL231779,B01AF02,1.0,1.0,72296.0,0.0,2.0,True,2011.0,0.0,,,0.0,4.0,Small molecule,1.0,True,0.0,False,0.0,APIXABAN,0.0,MOL,True,False,-xaban,"antithrombotics, blood coagulation factor XA inhibitors",-xaban,2005.0,False,COc1ccc(-n2nc(C(N)=O)c3c2C(=O)N(c2ccc(N4CCCCC4=O)cc2)CC3)cc1,459.51,2.7,vascular toxicity,United States,,Black Box Warning,,Factor Xa,Metabolism,"Apixaban (BMS 562247-01) is a highly selective, reversible inhibitor of Factor Xa with Ki of 0.08 nM and 0.17 nM in human and rabbit, respectively.",503612-47-3,39.17,DILI (likely),DILI,Likely,2023 Feb 16,,"CYP, Immune-mediated, Hypersensitivity",QNZCBYKSOIHPEH,1,DILI,True,0.7256629458748652
Apremilast,,Apremilast,,,,,,,E,Dermatologic,Psoriasis,CHEMBL514800,L04AA32,1.0,0.0,78540.0,0.0,1.0,True,2014.0,1.0,,,0.0,4.0,Small molecule,1.0,True,0.0,False,0.0,APREMILAST,0.0,MOL,True,False,-ast,antiasthmatics/antiallergics (not acting primarily as antihistamines): type IV phosphodiesterase,-ast (-milast),2005.0,False,CCOc1cc([C@@H](CS(C)(=O)=O)N2C(=O)c3cccc(NC(C)=O)c3C2=O)ccc1OC,460.51,2.43,,,,,,"PDE,TNF-alpha",Metabolism,"Apremilast (CC-10004) is a potent and orally active PDE4 and TNF-α inhibitor with IC50 of 74 nM and 77 nM, respectively.",608141-41-9,199.78,No DILI,No DILI,No DILI,2017 Jul 25,,,IMOZEMNVLZVGJZ,0,DILI,True,0.8420201496265006
Asciminib,,Asciminib,,,,,,,E*,Antineoplastic,"CML, Ph+",CHEMBL4208229,L01EA06,1.0,0.0,,1.0,1.0,True,2021.0,0.0,,,0.0,4.0,Small molecule,0.0,True,1.0,False,0.0,ASCIMINIB,0.0,MOL,True,False,-minib,"kinase inhibitor, binds to myristoyl binding site",-minib,2018.0,False,O=C(Nc1ccc(OC(F)(F)Cl)cc1)c1cnc(N2CC[C@@H](O)C2)c(-c2cc[nH]n2)c1,449.85,3.46,,,,,,Bcr-Abl,Angiogenesis,Asciminib (ABL001) is a potent and selective allosteric ABL1 inhibitor with dissociation constant (Kd) of 0.5-0.8 nM and selectivity to the myristoyl pocket of ABL1.,1492952-76-7,197.85,No DILI,No DILI,No DILI,2023 Oct 8,,,VOVZXURTCKPRDQ,0,DILI,True,0.8460337856155213
Ascorbic acid,,Ascorbic acid,,,,,,,E,HDS: Nutritional Suppl,General health,CHEMBL196,G01AD03; A11GA01; S01XA15,1.0,0.0,29073.0,0.0,1.0,True,1985.0,0.0,,Acidifier (urlnary); Vitamin (antiscorbutic),0.0,4.0,Small molecule,1.0,True,0.0,True,0.0,ASCORBIC ACID,0.0,MOL,False,False,,,,,False,O=C1O[C@H]([C@@H](O)CO)C(O)=C1O,176.12,-1.41,,,,,,,,,,,No DILI,No DILI,No DILI,,,,CIWBSHSKHKDKBQ,0,No DILI,False,0.39873653088864874
Avanafil,,Avanafil,,,,,,,E*,Urologic,Erectile Dysfunction,CHEMBL1963681,G04BE10,1.0,0.0,66876.0,0.0,1.0,True,2011.0,0.0,,,0.0,4.0,Small molecule,1.0,True,0.0,False,0.0,AVANAFIL,0.0,MOL,True,False,-afil,phosphodiesterase type 5 inhibitors (PDE5) inhibitors: (PDE5) inhibitors containing a sulfonamide moiety,-afil (denafil),2000.0,False,COc1ccc(CNc2nc(N3CCC[C@H]3CO)ncc2C(=O)NCc2ncccn2)cc1Cl,483.96,2.43,,,,,,PDE,Metabolism,"Avanafil is a highly selective PDE5 inhibitor with IC50 of 5.2 nM, >121-fold selectivity over other PDEs.",330784-47-9,200.43,No DILI,No DILI,No DILI,2017 Aug 2,,,WEAJZXNPAWBCOA,0,DILI,True,0.764530234665712
Avapritinib,,Avapritinib,,,,,,,E*,Antineoplastic,GIST,CHEMBL4204794,L01EX18,1.0,0.0,,0.0,1.0,True,2020.0,0.0,,,0.0,4.0,Small molecule,0.0,True,1.0,False,0.0,AVAPRITINIB,0.0,MOL,True,False,-tinib,tyrosine kinase inhibitors,-tinib,2017.0,False,Cn1cc(-c2cc3c(N4CCN(c5ncc([C@@](C)(N)c6ccc(F)cc6)cn5)CC4)ncnn3c2)cn1,498.57,2.61,,,,,,"c-Kit,PDGFR",Protein Tyrosine Kinase,"Avapritinib (BLU-285) is a small molecule kinase inhibitor that potently inhibits PDGFRα D842V mutant activity in vitro (IC50 = 0.5 nM) and PDGFRα D842V autophosphorylation in the cellular setting (IC50 = 30 nM); also a potent inhibitor of the analogous Kit (c-Kit) mutation, D816V in Kit (c-Kit) Exon 17 (IC50 = 0.5 nM).",1703793-34-3,132.38,No DILI,No DILI,No DILI,2023 Sep 2,,,DWYRIWUZIJHQKQ,0,DILI,True,0.7013990918935132
Avatrombopag,,Avatrombopag,,,,,,,E*,Hematologic,Thrombocytopenia,CHEMBL2103883,B02BX08,1.0,0.0,,0.0,2.0,False,2018.0,0.0,,,0.0,4.0,Small molecule,1.0,True,0.0,False,0.0,AVATROMBOPAG,0.0,MOL,True,False,-trombopag,thrombopoetin agonists,-trombopag,2011.0,False,O=C(Nc1nc(-c2cc(Cl)cs2)c(N2CCN(C3CCCCC3)CC2)s1)c1cnc(N2CCC(C(=O)O)CC2)c(Cl)c1,649.67,6.58,,,,,,TpoR,Immunology & Inflammation,"Avatrombopag (AKR-501,E5501,YM477) is an orally administered, small-molecule thrombopoietin receptor (c-Mpl) agonist which increases platelet number, but not platelet activation.",570406-98-3,30.79,No DILI,No DILI,No DILI,,,,OFZJKCQENFPZBH,0,DILI,True,0.7244510164113667
Avibactam,,Avibactam,,,,,,,E,Antimicrobial,Antibacterial,CHEMBL1689063,,1.0,0.0,85984.0,0.0,1.0,False,2015.0,0.0,,,0.0,4.0,Small molecule,1.0,False,0.0,True,0.0,AVIBACTAM,0.0,MOL,True,False,-bactam,beta-lactamase inhibitors,-bactam,2012.0,False,NC(=O)[C@@H]1CC[C@@H]2CN1C(=O)N2OS(=O)(=O)O,265.25,-1.53,,,,,,,,,,,No DILI,No DILI,No DILI,,,,NDCUAPJVLWFHHB,0,DILI,True,0.6519222379446096
Azilsartan,,Azilsartan,,,,,,,E*,Cardiovascular,Antihypertensive,CHEMBL57242,,-1.0,0.0,68850.0,0.0,2.0,False,,0.0,,,0.0,3.0,Small molecule,1.0,False,0.0,False,0.0,AZILSARTAN,0.0,MOL,False,False,-sartan,angiotensin II receptor antagonists,-sartan,2007.0,False,CCOc1nc2cccc(C(=O)O)c2n1Cc1ccc(-c2ccccc2-c2noc(=O)[nH]2)cc1,456.46,4.19,,,,,,Angiotensin Receptor,GPCR & G Protein,Azilsartan (TAK-536) is an angiotensin II type 1 (AT1) receptor antagonist with IC50 of 2.6 nM.,147403-03-0,199.36,No DILI,No DILI,No DILI,2017 Jan 13,,,KGSXMPPBFPAXLY,0,DILI,True,0.8032083730233411
BMS-986142,,BMS-986142,,,,,,,,,,CHEMBL3900554,,,0.0,,0.0,-1.0,False,,0.0,,,0.0,2.0,Small molecule,0.0,False,0.0,False,0.0,BMS-986142,0.0,MOL,False,False,,,,,False,Cc1c(-c2c(F)cc(C(N)=O)c3[nH]c4c(c23)CC[C@H](C(C)(C)O)C4)cccc1-n1c(=O)c2cccc(F)c2n(C)c1=O,572.61,4.4,,,,,,BTK,Protein Tyrosine Kinase,"BMS-986142 is a potent and highly selective reversible small molecule inhibitor of BTK with an IC50 of 0.5 nM. In a panel of 384 kinases, only five kinases were inhibited by BMS-986142 with less than 100-fold selectivity for BTK (TEC, ITK, BLK, TXK and BMX).",1643368-58-4,174.64,DILI (withdrawn),DILI,Withdrawn,,,,ZRYMMWAJAFUANM,1,DILI,True,0.6868384318298889
Baloxavir,,Baloxavir,,,,,,,E,Antimicrobial,Antiviral: Influenza ,CHEMBL4297215,,-1.0,0.0,,0.0,1.0,False,,0.0,,,0.0,2.0,Small molecule,0.0,False,0.0,False,0.0,BALOXAVIR,0.0,MOL,False,False,-vir,antivirals,-vir,2017.0,False,O=C1c2c(O)c(=O)ccn2N([C@@H]2c3ccccc3SCc3c2ccc(F)c3F)[C@@H]2COCCN12,483.5,2.98,,,,,,Antiviral,Microbiology,"Baloxavir (Baloxavir acid, S-033447) is a first-in-class, potent and selective cap-dependent endonuclease (CEN) inhibitor with an IC50 of 2.5 nM. BXA inhibits viral RNA transcription via selective inhibition of CEN activity.",1985605-59-1,51.71,No DILI,No DILI,No DILI,2020 Jun 22,,,FIDLLEYNNRGVFR,0,DILI,True,0.7397279881468405
Baricitinib,,Baricitinib,,,,,,,E*,Rheumatologic,Rheumatoid arthritis,CHEMBL2105759,L04AA37,1.0,1.0,,0.0,2.0,True,2017.0,0.0,,,0.0,4.0,Small molecule,1.0,True,0.0,False,0.0,BARICITINIB,0.0,MOL,True,False,-tinib,tyrosine kinase inhibitors: tyrosine kinase inhibitors; janus kinase inhibitors,-tinib (-citinib),2011.0,False,CCS(=O)(=O)N1CC(CC#N)(n2cc(-c3ncnc4[nH]ccc34)cn2)C1,371.43,1.1,"respiratory toxicity, infectious disease, carcinogenicity, vascular toxicity",United States,,Black Box Warning,,"COVID-19,JAK",JAK/STAT,"Baricitinib (LY3009104, INCB028050) is a selective JAK1 and JAK2 inhibitor with IC50 of 5.9 nM and 5.7 nM in cell-free assays, ~70 and ~10-fold selective versus JAK3 and Tyk2, no inhibition to c-Met and Chk2. Baricitinib is found to reduce or interrupt the passage of the virus into target cells and is used in the treatment research for COVID-19. Phase 3.",1187594-09-7,199.24,No DILI,No DILI,No DILI,2022 Aug 30,,,XUZMWHLSFXCVMG,0,DILI,True,0.7733224487926478
Bazedoxifene,,Bazedoxifene,,,,,,,E*,Gynecological,Estrogen,CHEMBL46740,G03XC02,1.0,0.0,,0.0,2.0,False,2009.0,0.0,,,0.0,4.0,Small molecule,1.0,True,0.0,False,0.0,BAZEDOXIFENE,0.0,MOL,True,False,-ifene,antiestrogens of the clomifene and tamoxifen groups,-ifene,2002.0,False,Cc1c(-c2ccc(O)cc2)n(Cc2ccc(OCCN3CCCCCC3)cc2)c2ccc(O)cc12,470.61,6.33,,,,,,Estrogen/progestogen Receptor,Endocrinology & Hormones,"Bazedoxifene HCl (WAY-140424, TSE-424) is a novel, non-steroidal, indole-based estrogen receptor modulator (SERM) binding to both ERα and ERβ with IC50 of  23 nM and 89 nM, respectively.",198480-56-7,199.19,No DILI,No DILI,No DILI,,,,UCJGJABZCDBEDK,0,No DILI,False,0.5715772347347539
Bedaquiline,,Bedaquiline,,,,,,,E*,Antimicrobial,Antituberculosis,CHEMBL376488,J04AK05,1.0,1.0,72292.0,0.0,1.0,True,2012.0,1.0,,,0.0,4.0,Small molecule,1.0,True,1.0,False,0.0,BEDAQUILINE,0.0,MOL,True,False,-quiline,"antibiotics, diarylquinoline structure",-quiline,2010.0,False,COc1nc2ccc(Br)cc2cc1[C@@H](c1ccccc1)[C@@](O)(CCN(C)C)c1cccc2ccccc12,555.52,7.13,,,,,,ATPase,Transmembrane Transporters,"Bedaquiline (TMC-207, R207910), a diarylquinoline, binds to subunit c of mycobacterial ATP synthase and inhibits its activity. It is highly selective for mycobacterial ATP synthase enzyme compared to homologous eukaryotic enzyme (Selectivity Index >20 000).",843663-66-1,21.6,No DILI,No DILI,No DILI,2017 Sep 22,,,QUIJNHUBAXPXFS,0,DILI,True,0.6782062895572248
Belumosudil mesylate,,Belumosudil mesylate,,,,,,,E,Hematologic,Chronic GvH disease,CHEMBL4802130,,1.0,0.0,,0.0,2.0,True,2021.0,1.0,,,0.0,4.0,Small molecule,0.0,True,0.0,False,0.0,BELUMOSUDIL MESYLATE,0.0,MOL,True,False,-dil,vasodilators (undefined group): Rho protein kinase (ROCK) inhibitors,-dil (-sudil),2020.0,False,CC(C)NC(=O)COc1cccc(-c2nc(Nc3ccc4[nH]ncc4c3)c3ccccc3n2)c1.CS(=O)(=O)O,548.63,4.82,,,,,,,,,,,No DILI,No DILI,No DILI,,,,ILQJXEIRBCHLOM,0,DILI,True,0.7980327802071522
Belzutifan,,Belzutifan,,,,,,,E,Antineoplastic,von Hippel Landau (cancers),CHEMBL4585668,L01XX74,1.0,1.0,,0.0,1.0,True,2021.0,1.0,,,0.0,4.0,Small molecule,0.0,True,0.0,False,0.0,BELZUTIFAN,0.0,MOL,True,False,-ifan,hypoxia-inducible factor (HIF) inhibitors,-ifan,2020.0,False,CS(=O)(=O)c1ccc(Oc2cc(F)cc(C#N)c2)c2c1[C@H](O)[C@H](F)[C@@H]2F,383.35,3.29,"teratogenicity, cardiotoxicity",United States,,Black Box Warning,,,,,,,No DILI,No DILI,No DILI,2023 Jul 20,,,LOMMPXLFBTZENJ,0,DILI,True,0.7920328157302925
Bempedoic acid,,Bempedoic acid,,,,,,,E,Cardiovascular,Hypercholesterolemia,CHEMBL3545313,C10AX15,1.0,0.0,,0.0,2.0,True,2020.0,1.0,,,0.0,4.0,Small molecule,1.0,True,0.0,False,0.0,BEMPEDOIC ACID,0.0,MOL,True,False,,,,2014.0,False,CC(C)(CCCCCC(O)CCCCCC(C)(C)C(=O)O)C(=O)O,344.49,4.47,,,,,,,,,,,No DILI,No DILI,No DILI,,,,HYHMLYSLQUKXKP,0,No DILI,False,0.45996984859271045
Berberine,,Berberine,,,,,,,E,HDS: Herbal Product,Diabetes,CHEMBL295124,,,0.0,16118.0,0.0,2.0,False,,0.0,,,0.0,3.0,Small molecule,1.0,False,0.0,False,0.0,BERBERINE,0.0,MOL,False,False,,,,,False,COc1ccc2cc3[n+](cc2c1OC)CCc1cc2c(cc1-3)OCO2,336.37,3.1,,,,,,Bacterial,Microbiology,"Berberine (Umbellatine), an alkaloid isolated from Rhizoma coptidis, has broad applications, particularly as an antibacterial agent in the clinic.",2086-83-1,133.78,No DILI,No DILI,No DILI,,,,YBHILYKTIRIUTE,0,DILI,True,0.7529579919807908
Berotralstat,,Berotralstat,,,,,,,E*,Hematologic,Hereditary Angioedema,CHEMBL4594271,B06AC06,1.0,0.0,,0.0,1.0,False,2020.0,0.0,,,0.0,4.0,Small molecule,0.0,True,0.0,False,0.0,BEROTRALSTAT,0.0,MOL,True,False,-stat,enzyme inhibitors: 1) kallikrein inhibitors or 2) serine protease inhibitors,-stat (-alstat),2019.0,False,N#Cc1cccc(C(NCC2CC2)c2ccc(F)c(NC(=O)c3cc(C(F)(F)F)nn3-c3cccc(CN)c3)c2)c1,562.57,5.7,,,,,,,,,,,No DILI,No DILI,No DILI,2024 Jun 20,,,UXNXMBYCBRBRFD,0,DILI,True,0.7348614095526145
Beta carotene,,Beta carotene,,,,,,,E,HDS: Nutritional Suppl,General health,CHEMBL1293,D02BB01; A11CA02,0.0,0.0,17579.0,0.0,2.0,True,,0.0,,Ultraviolet Screen,0.0,4.0,Small molecule,1.0,True,0.0,False,0.0,BETA CAROTENE,0.0,MOL,False,False,-arotene,arotinoid derivatives,-arotene,1977.0,False,CC1=C(/C=C/C(C)=C/C=C/C(C)=C/C=C/C=C(C)/C=C/C=C(C)/C=C/C2=C(C)CCCC2(C)C)C(C)(C)CCC1,536.89,12.61,,,,,,,,,,,No DILI,No DILI,No DILI,,,,OENHQHLEOONYIE,0,No DILI,False,0.5778243386849308
Betamethasone,,Betamethasone,,,,,,,A [HD],Endocrine,Immune suppression,CHEMBL632,D07AC01; D07XC01; H02AB01; S02BA07; S01CB04; S03BA03; R03BA04; S01BA06; A07EA04; R01AD06; C05AA05,0.0,0.0,3077.0,0.0,1.0,True,1961.0,0.0,,Glucocorticoid,0.0,4.0,Small molecule,0.0,True,0.0,False,0.0,BETAMETHASONE,0.0,MOL,True,True,,,,1962.0,False,C[C@H]1C[C@H]2[C@@H]3CCC4=CC(=O)C=C[C@]4(C)[C@@]3(F)[C@@H](O)C[C@]2(C)[C@@]1(O)C(=O)CO,392.47,1.9,,,,,,Glucocorticoid Receptor,Endocrinology & Hormones,"Betamethasone (NSC-39470, SCH-4831) is a glucocorticoid steroid with anti-inflammatory and immunosuppressive properties.",378-44-9,201.29,DILI (known),DILI,Known,,,,UREBDLICKHMUKA,1,No DILI,False,0.5959236681687252
Betrixaban,,Betrixaban,,,,,,,E*,Hematologic,Anticoagulant,CHEMBL512351,B01AF04,1.0,1.0,,0.0,2.0,True,2017.0,0.0,,,0.0,4.0,Small molecule,1.0,True,0.0,False,0.0,BETRIXABAN,0.0,MOL,True,False,-xaban,"antithrombotics, blood coagulation factor XA inhibitors",-xaban,2007.0,False,COc1ccc(NC(=O)c2ccc(C(=N)N(C)C)cc2)c(C(=O)Nc2ccc(Cl)cn2)c1,451.91,4.14,vascular toxicity,United States,,Black Box Warning,,Factor Xa,Metabolism,"Betrixaban is a new, long-acting, oral and selective Factor Xa inhibitor that decreases prothrombinase activity and thrombin generation.",330942-05-7,77.45,No DILI,No DILI,No DILI,2023 Feb 16,,,XHOLNRLADUSQLD,0,DILI,True,0.839705837560267
Bexagliflozin,,Bexagliflozin,,,,,,,E,Endocrine,Type 2 Diabetes,CHEMBL1808388,,1.0,0.0,,0.0,1.0,True,2023.0,0.0,,,0.0,4.0,Small molecule,1.0,True,0.0,False,0.0,BEXAGLIFLOZIN,0.0,MOL,True,False,-gliflozin,"phlorozin derivatives, phenolic glycosides",-gliflozin,2014.0,False,OC[C@H]1O[C@@H](c2ccc(Cl)c(Cc3ccc(OCCOC4CC4)cc3)c2)[C@H](O)[C@@H](O)[C@@H]1O,464.94,2.0,,,,,,SGLT,GPCR & G Protein,"Bexagliflozin (EGT1442, EGT-0001442, THR-1442) is a potent and selective SGLT2 inhibitor with an IC50 of 2 nM.",1118567-05-7,200.03,No DILI,No DILI,No DILI,,,,BTCRKOKVYTVOLU,0,DILI,True,0.6682948795042682
Bictegravir,,Bictegravir,,,,,,,E*,Antimicrobial,HIV infection,CHEMBL3989866,,1.0,0.0,,0.0,1.0,False,2018.0,0.0,,,0.0,4.0,Small molecule,0.0,True,0.0,False,0.0,BICTEGRAVIR,0.0,MOL,True,False,-vir,antivirals: integrase inhibitors,-vir (-tegravir),2016.0,False,O=C(NCc1c(F)cc(F)cc1F)c1cn2c(c(O)c1=O)C(=O)N1[C@H]3CC[C@H](C3)O[C@@H]1C2,449.39,1.63,,,,,,"COVID-19,Integrase",Microbiology,"Bictegravir (GS-9883) is a novel, potent, once-daily, unboosted inhibitor of HIV-1 integrase.",1611493-60-7,200.28,No DILI,No DILI,No DILI,2019 Apr 10,,,SOLUWJRYJLAZCX,0,DILI,True,0.8089957352811347
Binimetinib,,Binimetinib,,,,,,,E*,Antineoplastic,Melanoma,CHEMBL3187723,L01EE03,1.0,0.0,,0.0,2.0,True,2018.0,0.0,,,0.0,4.0,Small molecule,0.0,True,0.0,False,0.0,BINIMETINIB,0.0,MOL,True,False,-tinib,tyrosine kinase inhibitors: tyrosine kinase inhibitors; MEK (MAPK kinase) inhibitors,-tinib (-metinib),2014.0,False,Cn1cnc2c(F)c(Nc3ccc(Br)cc3F)c(C(=O)NOCCO)cc21,441.23,3.01,,,,,,"Apoptosis related,Autophagy,MEK",MAPK,"Binimetinib (MEK162, ARRY-162, ARRY-438162) is a potent inhibitor of MEK1/2 with IC50 of 12 nM in a cell-free assay. Binimetinib induces G1 cell cycle arrest and apoptosis in human NSCLC cell lines and induces autophagy. Phase 3.",606143-89-9,199.44,No DILI,No DILI,No DILI,,,,ACWZRVQXLIRSDF,0,DILI,True,0.7998502379476994
Biotin,,Biotin,,,,,,,E,HDS: Nutritional Suppl,General health,CHEMBL857,A11HA05,1.0,0.0,15956.0,0.0,1.0,True,1985.0,0.0,,Vitamin,0.0,4.0,Small molecule,1.0,False,0.0,True,0.0,BIOTIN,0.0,MOL,False,False,,,,,False,O=C(O)CCCC[C@@H]1SC[C@@H]2NC(=O)N[C@@H]21,244.32,0.8,,,,,,"Dyes,Vitamin",Metabolism,"Biotin(Vitamin B7) is a water-soluble B-vitamin and is necessary for cell growth, the production of fatty acids, and the metabolism of fats and amino acids.",58-85-5,200.56,No DILI,No DILI,No DILI,,,,YBJHBAHKTGYVGT,0,No DILI,False,0.6011906164439422
Brexanolone,,Brexanolone,,,,,,,E,CNS,Post-partum depression,CHEMBL207538,N06AX29,1.0,1.0,50169.0,0.0,1.0,True,2019.0,1.0,,,0.0,4.0,Small molecule,1.0,False,0.0,True,0.0,BREXANOLONE,0.0,MOL,True,False,-olone,steroids (not prednisolone derivatives),-olone,2016.0,False,CC(=O)[C@H]1CC[C@H]2[C@@H]3CC[C@H]4C[C@H](O)CC[C@]4(C)[C@H]3CC[C@]12C,318.5,4.6,cardiotoxicity,United States,,Black Box Warning,,,,,,,No DILI,No DILI,No DILI,2019 Apr 12,,,AURFZBICLPNKBZ,0,DILI,True,0.7624379760090386
Brexpiprazole,,Brexpiprazole,,,,,,,E,CNS,Antipsychotic,CHEMBL2105760,N05AX16,1.0,1.0,,0.0,2.0,True,2015.0,0.0,,,0.0,4.0,Small molecule,1.0,True,0.0,False,0.0,BREXPIPRAZOLE,0.0,MOL,True,False,-prazole,antiulcer agents (benzimidazole derivatives),-prazole,2011.0,False,O=c1ccc2ccc(OCCCCN3CCN(c4cccc5sccc45)CC3)cc2[nH]1,433.58,4.72,psychiatric toxicity,United States,,Black Box Warning,,,,,,,No DILI,No DILI,No DILI,2023 Jun 5,,,ZKIAIYBUSXZPLP,0,DILI,True,0.7081916730695589
Brigatinib,,Brigatinib,,,,,,,E*,Antineoplastic,NSCLC,CHEMBL3545311,L01ED04,1.0,0.0,,0.0,2.0,True,2017.0,0.0,,,0.0,4.0,Small molecule,1.0,True,0.0,False,0.0,BRIGATINIB,0.0,MOL,True,False,-tinib,tyrosine kinase inhibitors,-tinib,2014.0,False,COc1cc(N2CCC(N3CCN(C)CC3)CC2)ccc1Nc1ncc(Cl)c(Nc2ccccc2P(C)(C)=O)n1,584.11,5.09,,,,,,"ALK,EGFR,FLT3,IGF-1R,ROS1",Angiogenesis,"Brigatinib (AP26113) is a potent and selective ALK (IC50, 0.6 nM) and ROS1 (IC50, 0.9 nM) inhibitor. It also inhibits IGF-1R, FLT3, and mutant variants of FLT3 (D835Y) and EGFR with lower potentcy.",1197953-54-0,5.14,No DILI,No DILI,No DILI,2018 Aug 3,,,AILRADAXUVEEIR,0,DILI,True,0.6710573263450886
Brivaracetam,,Brivaracetam,,,,,,,E,CNS,Anticonvulsant,CHEMBL607400,N03AX23,1.0,0.0,,0.0,1.0,True,2016.0,0.0,,,0.0,4.0,Small molecule,1.0,True,0.0,True,0.0,BRIVARACETAM,0.0,MOL,True,False,-racetam,"nootropic agents (learning, cognitive enhancers), piracetam type",-racetam,2005.0,False,CCC[C@@H]1CC(=O)N([C@@H](CC)C(N)=O)C1,212.29,0.9,,,,,,,,,,,No DILI,No DILI,No DILI,2017 Oct 2,,,MSYKRHVOOPPJKU,0,No DILI,False,0.44800564511439783
Cabotegravir,,Cabotegravir,,,,,,,E*,Antimicrobial,Antiviral: HIV,CHEMBL2403238,J05AJ04,1.0,0.0,,0.0,1.0,True,2021.0,0.0,,,0.0,4.0,Small molecule,0.0,True,0.0,True,0.0,CABOTEGRAVIR,0.0,MOL,True,False,-vir,antivirals: integrase inhibitors,-vir (-tegravir),2013.0,False,C[C@H]1CO[C@@H]2Cn3cc(C(=O)NCc4ccc(F)cc4F)c(=O)c(O)c3C(=O)N12,405.36,0.96,,,,,,Integrase,Microbiology,"Cabotegravir (GSK744, GSK1265744, S/GSK1265744) is a long-acting HIV integrase inhibitor against a broad range of HIV subtypes, and inhibits the HIV-1 integrase catalyzed strand transfer reaction with IC50 of 3.0 nM. Phase 2.",1051375-10-0,93.75,No DILI,No DILI,No DILI,2023 Jun 17,,,WCWSTNLSLKSJPK,0,DILI,True,0.8372594551111308
Cabozantinib,,Cabozantinib,,,,,,,E*,Antineoplastic,Thyroid cancer,CHEMBL2105717,L01EX07,1.0,1.0,72317.0,0.0,2.0,True,2012.0,1.0,,,0.0,4.0,Small molecule,0.0,True,0.0,False,0.0,CABOZANTINIB,0.0,MOL,True,False,-tinib,tyrosine kinase inhibitors,-tinib,2010.0,False,COc1cc2nccc(Oc3ccc(NC(=O)C4(C(=O)Nc5ccc(F)cc5)CC4)cc3)c2cc1OC,501.51,5.54,,,,,,"Apoptosis related,Axl,c-Met,VEGFR",Protein Tyrosine Kinase,"Cabozantinib (XL184, BMS-907351) is a potent VEGFR2 inhibitor with IC50 of 0.035 nM and also inhibits c-Met, Ret, Kit, Flt-1/3/4, Tie2, and AXL with IC50 of 1.3 nM, 4 nM, 4.6 nM, 12 nM/11.3 nM/6 nM, 14.3 nM and 7 nM in cell-free assays, respectively. Cabozantinib induces PUMA-dependent apoptosis in colon cancer cells via AKT/GSK-3β/NF-κB signaling pathway.",849217-68-1,199.4,No DILI,No DILI,No DILI,2017 Jan 4,,,ONIQOQHATWINJY,0,DILI,True,0.7344629789761247
Canagliflozin,,Canagliflozin,,,,,,,E,Endocrine,Diabetes,CHEMBL4594217,A10BK02,1.0,1.0,,0.0,1.0,True,2011.0,1.0,,,0.0,4.0,Small molecule,0.0,True,0.0,False,0.0,CANAGLIFLOZIN,0.0,MOL,True,False,-gliflozin,"phlorozin derivatives, phenolic glycosides",-gliflozin,2009.0,False,Cc1ccc([C@@H]2O[C@H](CO)[C@@H](O)[C@H](O)[C@H]2O)cc1Cc1ccc(-c2ccc(F)cc2)s1.O,462.54,2.97,,United States,,Black Box Warning,,SGLT,GPCR & G Protein,"Canagliflozin (TA 7284, JNJ 28431754) is a highly potent and selective SGLT2 inhibitor for hSGLT2 with IC50 of 2.2 nM in a cell-free assay, exhibits 413-fold selectivity over hSGLT1.",842133-18-0,197.97,No DILI,No DILI,No DILI,,,,RCCZPUWDQVUJAB,0,DILI,True,0.7139300871012993
Cangrelor,,Cangrelor,,,,,,,E,Hematologic,Antiplatelet,CHEMBL334966,B01AC25,1.0,0.0,,0.0,0.0,False,2015.0,0.0,,,0.0,4.0,Small molecule,0.0,False,0.0,True,0.0,CANGRELOR,0.0,MOL,True,False,-grel-,"platelet aggregation inhibitors, primarily platelet P2Y12 receptor antagonists",-grel-,2005.0,False,CSCCNc1nc(SCCC(F)(F)F)nc2c1ncn2[C@@H]1O[C@H](COP(=O)(O)OP(=O)(O)C(Cl)(Cl)P(=O)(O)O)[C@@H](O)[C@H]1O,776.37,2.85,,,,,,,,,,,No DILI,No DILI,No DILI,2017 Oct 3,,,PAEBIVWUMLRPSK,0,DILI,True,0.6284152362781942
Cannabidiol,,Cannabidiol,,,,,,,E*,CNS,Anticonvulsant,CHEMBL190461,N03AX24,1.0,0.0,69478.0,0.0,1.0,True,2018.0,0.0,,,0.0,4.0,Small molecule,1.0,True,1.0,False,0.0,CANNABIDIOL,0.0,MOL,True,False,-nab-,cannabinol derivatives,-nab-,2016.0,False,C=C(C)[C@@H]1CCC(C)=C[C@H]1c1c(O)cc(CCCCC)cc1O,314.47,5.85,,,,,,,,,,,No DILI,No DILI,No DILI,2023 Feb 16,,,QHMBSVQNZZTUGM,0,DILI,True,0.6638186344205117
Capmatinib,,Capmatinib,,,,,,,E*,Antineoplastic,NSCLC,CHEMBL3188267,L01EX17,1.0,0.0,,1.0,2.0,True,2020.0,0.0,,,0.0,4.0,Small molecule,0.0,True,0.0,False,0.0,CAPMATINIB,0.0,MOL,True,False,-tinib,tyrosine kinase inhibitors,-tinib,2016.0,False,CNC(=O)c1ccc(-c2cnc3ncc(Cc4ccc5ncccc5c4)n3n2)cc1F,412.43,3.43,,,,,,"Apoptosis related,c-Met,Wnt/beta-catenin",Protein Tyrosine Kinase,"Capmatinib (INCB28060, INC280, NVP-INC280) is a novel, ATP-competitive inhibitor of c-MET with IC50 of 0.13 nM in a cell-free assay, inactive against RONβ, as well as EGFR and HER-3. Capmatinib (INCB28060) inhibits Wnt/β-catenin and EMT signaling pathways and induces apoptosis in diffuse gastric cancer positive for c-MET amplification. Phase 1.",1029712-80-8,4.85,No DILI,No DILI,No DILI,2025 Apr 25,,,LIOLIMKSCNQPLV,0,DILI,True,0.8549819187250468
Caramiphen,,Caramiphen,,,,,,,E,Respiratory,Allergy symptoms,CHEMBL61946,,,0.0,,0.0,2.0,False,,0.0,,,0.0,-1.0,Small molecule,0.0,False,0.0,False,0.0,CARAMIPHEN,0.0,MOL,False,False,,,,,False,CCN(CC)CCOC(=O)C1(c2ccccc2)CCCC1,289.42,3.38,,,,,,,,,,,No DILI,No DILI,No DILI,,,,OFAIGZWCDGNZGT,0,No DILI,False,0.5132168747770819
Carglumic acid,,Carglumic acid,,,,,,,E,Genetic,Hyperammonemia,CHEMBL1201780,A16AA05,1.0,0.0,71028.0,0.0,1.0,True,2010.0,1.0,,,0.0,4.0,Small molecule,1.0,True,0.0,False,0.0,CARGLUMIC ACID,0.0,MOL,True,False,,,,2009.0,False,NC(=O)N[C@@H](CCC(=O)O)C(=O)O,190.16,-1.03,,,,,,CPSase,Metabolism,"Carglumic Acid (arbamylglutamic acid, Carbamino-L-glutamic acid, Ureidoglutaric acid, N-Carbamylglutamate) is an orally active, synthetic structural analogue of N-acetylglutamate (NAG) and carbamoyl phosphate synthetase 1 (CPS 1) activator, with ammonia lowering activity.",1188-38-1,199.84,No DILI,No DILI,No DILI,,,,LCQLHJZYVOQKHU,0,No DILI,False,0.4697299962364388
Cariprazine,,Cariprazine,,,,,,,E*,CNS,Antipsychotic,CHEMBL2028019,N05AX15,1.0,1.0,,0.0,1.0,True,2015.0,0.0,,,0.0,4.0,Small molecule,1.0,True,0.0,False,0.0,CARIPRAZINE,0.0,MOL,True,False,,,,2011.0,False,CN(C)C(=O)N[C@H]1CC[C@H](CCN2CCN(c3cccc(Cl)c3Cl)CC2)CC1,427.42,4.34,,United States,,Black Box Warning,,,,,,,No DILI,No DILI,No DILI,2023 Jun 5,,,KPWSJANDNDDRMB,0,DILI,True,0.623461824660246
Cedazuridine,,Cedazuridine,,,,,,,E*,Antineoplastic,Myelodysplastic syndromes,CHEMBL3237547,,1.0,0.0,,0.0,1.0,True,2020.0,0.0,,,0.0,4.0,Small molecule,0.0,True,0.0,False,0.0,CEDAZURIDINE,0.0,MOL,True,False,-uridine,antivirals; antineoplastics (uridine derivatives),-uridine,2019.0,False,O=C1N[C@H](O)CCN1[C@@H]1O[C@H](CO)[C@@H](O)C1(F)F,268.22,-1.57,,,,,,,,,,,No DILI,No DILI,No DILI,2023 Jul 27,,,VUDZSIYXZUYWSC,0,No DILI,False,0.576915430119241
Cefiderocol,,Cefiderocol,,,,,,,E*,Antimicrobiial,Antibacterial,CHEMBL3989974,J01DI04,1.0,0.0,,0.0,1.0,False,2019.0,0.0,,,0.0,4.0,Small molecule,1.0,False,0.0,True,0.0,CEFIDEROCOL,0.0,MOL,True,False,cef-,cephalosporins,cef-,2017.0,False,CC(C)(O/N=C(\C(=O)N[C@@H]1C(=O)N2C(C(=O)[O-])=C(C[N+]3(CCNC(=O)c4ccc(O)c(O)c4Cl)CCCC3)CS[C@H]12)c1csc(N)n1)C(=O)O,752.23,-0.18,,,,,,,,,,,No DILI,No DILI,No DILI,,,,DBPPRLRVDVJOCL,0,DILI,True,0.6577126061902137
Ceftaroline,,Ceftaroline,,,,,,,E*,Antimicrobial,Antibacterial,CHEMBL4594371,,-1.0,0.0,,0.0,1.0,False,,0.0,,,0.0,-1.0,Small molecule,0.0,False,0.0,False,0.0,CEFTAROLINE,0.0,MOL,False,False,cef-,cephalosporins,cef-,,False,CCO/N=C(\C(=O)N[C@@H]1C(=O)N2C(C(=O)[O-])=C(Sc3nc(-c4cc[n+](C)cc4)cs3)CS[C@H]12)c1nsc(N)n1,604.72,-0.04,,,,,,,,,,,No DILI,No DILI,No DILI,,,,RGFBRLNVZCCMSV,0,DILI,True,0.7831752686791229
Ceftolozane,,Ceftolozane,,,,,,,E*,Antimicrobial,Antibacterial,CHEMBL2103872,,1.0,0.0,,0.0,1.0,False,2014.0,0.0,,,0.0,4.0,Small molecule,1.0,False,0.0,True,0.0,CEFTOLOZANE,0.0,MOL,True,False,cef-,cephalosporins,cef-,2011.0,False,Cn1c(N)c(NC(=O)NCCN)c[n+]1CC1=C(C(=O)O)N2C(=O)[C@@H](NC(=O)/C(=N\OC(C)(C)C(=O)[O-])c3nsc(N)n3)[C@H]2SC1,666.7,-3.9,,,,,,,,,,,No DILI,No DILI,No DILI,,,,JHFNIHVVXRKLEF,0,DILI,True,0.631211034882919
Choline,,Choline,,,,,,,E,HDS: Nutritional Suppl,General health,CHEMBL920,,,0.0,15354.0,0.0,2.0,False,,0.0,,,0.0,0.5,Small molecule,1.0,False,0.0,False,0.0,CHOLINE,0.0,MOL,False,False,,,,,False,C[N+](C)(C)CCO,104.17,-0.32,,,,,,,,,,,No DILI,No DILI,No DILI,,,,OEYIOHPDSNJKLS,0,No DILI,False,0.4813298915300598
Clavulanate,,Clavulanate,,,,,,,A,Antimicrobial,Antibacterial,CHEMBL777,,1.0,0.0,48947.0,0.0,1.0,False,1984.0,0.0,,Inhibitor (beta-lactamase),0.0,4.0,Small molecule,1.0,True,0.0,True,0.0,CLAVULANIC ACID,0.0,MOL,True,False,,,,1986.0,False,O=C(O)[C@H]1/C(=C/CO)O[C@@H]2CC(=O)N21,199.16,-1.1,,,,,,,,,,,DILI (known),DILI,Known,,,,HZZVJAQRINQKSD,1,DILI,True,0.6717587361749684
Coenzyme q10,,Coenzyme q10,,,,,,,E,HDS: Nutritional Suppl,General health,CHEMBL454801,C01EB09,,0.0,46245.0,0.0,2.0,False,,0.0,,,0.0,3.0,Small molecule,1.0,False,0.0,False,0.0,UBIDECARENONE,0.0,MOL,False,False,-renone,aldosterone antagonists (spironolactone type),-renone,,False,COC1=C(OC)C(=O)C(C/C=C(\C)CC/C=C(\C)CC/C=C(\C)CC/C=C(\C)CC/C=C(\C)CC/C=C(\C)CC/C=C(\C)CC/C=C(\C)CC/C=C(\C)CCC=C(C)C)=C(C)C1=O,863.36,17.85,,,,,,,,,,,No DILI,No DILI,No DILI,,,,ACTIUHUUMQJHFO,0,No DILI,False,0.5239798001701463
Copanlisib,,Copanlisib,,,,,,,E*,Antineoplastic,Lymphoma,CHEMBL3218576,L01EM02,1.0,0.0,,0.0,2.0,False,2017.0,1.0,,,0.0,4.0,Small molecule,1.0,False,0.0,True,0.0,COPANLISIB,0.0,MOL,True,False,-lisib,phosphatidylinositol 3-kinase (PI3K) inhibitors,-lisib,2015.0,False,COc1c(OCCCN2CCOCC2)ccc2c1N=C(NC(=O)c1cnc(N)nc1)N1CCN=C21,480.53,0.66,,,,,,,,,,,No DILI,No DILI,No DILI,2018 Oct 20,,,PZBCKZWLPGJMAO,0,DILI,True,0.6676726432828616
Cortisone,,Cortisone,,,,,,,E,Endocrine,Hormone replacement,CHEMBL1499,,,0.0,16962.0,0.0,1.0,False,,0.0,,,0.0,3.0,Small molecule,1.0,False,0.0,False,0.0,CORTISONE,1.0,MOL,False,False,,,,,False,C[C@]12CCC(=O)C=C1CC[C@@H]1[C@@H]2C(=O)C[C@@]2(C)[C@H]1CC[C@]2(O)C(=O)CO,360.45,1.99,,,,,,Immunology & Inflammation related,Immunology & Inflammation,"Cortisone is a pregnane steroid hormone and one of main substance released by the body as a reaction to stress. It suppresses the immune system, thus reducing inflammation and attendant pain and swelling at the site of the injury.",53-06-5,199.76,No DILI,No DILI,No DILI,,,,MFYSYFVPBJMHGN,0,DILI,True,0.6530915378121752
Cromolyn,,Cromolyn,,,,,,,E,Respiratory,Asthma,CHEMBL74,,2.0,0.0,128458.0,0.0,2.0,True,1982.0,0.0,,Anti-Asthmatic (prophylactic),0.0,4.0,Small molecule,1.0,True,0.0,False,0.0,CROMOLYN SODIUM,0.0,MOL,True,True,,,,1968.0,False,O=C([O-])c1cc(=O)c2c(OCC(O)COc3cccc4oc(C(=O)[O-])cc(=O)c34)cccc2o1.[Na+].[Na+],512.33,2.11,,,,,,,,,,,No DILI,No DILI,No DILI,,,,VLARUOGDXDTHEH,0,DILI,True,0.7639569083332767
Cyclizine,,Cyclizine,,,,,,,E,Respiratory,Allergy symptoms,CHEMBL648,R06AE53; R06AE03,0.0,0.0,3994.0,0.0,2.0,False,1982.0,0.0,,"Anti-Emetic,Antihistaminic,Antinauseant",0.0,4.0,Small molecule,1.0,False,0.0,True,0.0,CYCLIZINE,0.0,MOL,True,False,,,,,False,CN1CCN(C(c2ccccc2)c2ccccc2)CC1,266.39,3.02,,,,,,Histamine Receptor,Neuronal Signaling,Cyclizine is a piperazine first-generation antagonist of histamine 1 receptor.,82-92-8,198.96,No DILI,No DILI,No DILI,,,,UVKZSORBKUEBAZ,0,No DILI,False,0.5905105939132569
Dabrafenib,,Dabrafenib,,,,,,,E*,Antineoplastic,Melanoma,CHEMBL2028663,L01EC02,1.0,0.0,75045.0,0.0,2.0,True,2013.0,0.0,,,0.0,4.0,Small molecule,0.0,True,0.0,False,0.0,DABRAFENIB,0.0,MOL,True,False,-rafenib,rapidly accelerated fibrosarcoma (RAF) kinase inhibitors,-rafenib,2010.0,False,CC(C)(C)c1nc(-c2cccc(NS(=O)(=O)c3c(F)cccc3F)c2F)c(-c2ccnc(N)n2)s1,519.57,5.36,,,,,,Raf,MAPK,"Dabrafenib (GSK2118436, GSK2118436A) is a mutant BRAFV600E specific inhibitor with IC50 of 0.7 nM in cell-free assays, with 7- and 9-fold less potency against B-Raf(wt) and c-Raf, respectively.",1195765-45-7,57.74,No DILI,No DILI,No DILI,2018 Jun 28,,,BFSMGDJOXZAERB,0,DILI,True,0.79502826129407
Dacomitinib,,Dacomitinib,,,,,,,E*,Antineoplastic,NSCLC,CHEMBL2105719,L01EB07,1.0,0.0,,0.0,2.0,True,2018.0,0.0,,,0.0,4.0,Small molecule,0.0,True,0.0,False,0.0,DACOMITINIB,0.0,MOL,True,False,-tinib,tyrosine kinase inhibitors,-tinib,2010.0,False,COc1cc2ncnc(Nc3ccc(F)c(Cl)c3)c2cc1NC(=O)/C=C/CN1CCCCC1.O,487.96,5.16,,,,,,"Apoptosis related,EGFR,HER2",Protein Tyrosine Kinase,"Dacomitinib (PF299804, PF299) is a potent, irreversible pan-ErbB inhibitor, mostly to EGFR with IC50 of 6 nM in a cell-free assay. Dacomitinib inhibits ERBB2 and ERBB4 with IC50 of 45.7 nM and 73.7 nM, respectively. Dacomitinib is effective against NSCLCs with EGFR or ERBB2 mutations (resistant to gefitinib) as well as those harboring the EGFR T790M mutation. Dacomitinib inhibits cell growth and induces apoptosis. Phase 2.",1110813-31-4,40.43,No DILI,No DILI,No DILI,2019 Apr 15,,,BSPLGGCPNTZPIH,0,DILI,True,0.8187628168188794
Dalbavancin,,Dalbavancin,,,,,,,E,Antimicrobial,Antibacterial,CHEMBL3301669,J01XA04,1.0,0.0,82721.0,0.0,1.0,False,2014.0,0.0,,,0.0,4.0,Unknown,1.0,False,0.0,True,0.0,DALBAVANCIN,0.0,MOL,True,False,-vancin,vancomycin-related compounds,-vancin,2004.0,False,CN[C@H]1C(=O)N[C@@H]2Cc3ccc(cc3)Oc3cc4cc(c3O[C@@H]3O[C@H](C(=O)O)[C@@H](O)[C@H](O)[C@H]3NC(=O)CCCCCCCCC(C)C)Oc3ccc(cc3Cl)[C@@H](O)[C@@H]3NC(=O)[C@H](NC(=O)[C@@H]4NC(=O)[C@@H](NC2=O)c2cc(cc(O)c2Cl)Oc2cc1ccc2O)c1ccc(O)c(c1)-c1c(O[C@H]2O[C@H](CO)[C@@H](O)[C@H](O)[C@@H]2O)cc(O)cc1[C@@H](C(=O)NCCCN(C)C)NC3=O,1816.72,,,,,,,"Antibiotics,Bacterial",Microbiology,"Dalbavancin (Zeven, BI 397, MDL 63397) is a lipoglycopeptide antibiotic that has bactericidal activity against Gram-positive bacteria including various staphylococci.",171500-79-1,55.05,No DILI,No DILI,No DILI,,,,KGPGQDLTDHGEGT,0,No DILI,False,0.6072312409436852
Dalfampridine,,Dalfampridine,,,,,,,E*,CNS,Multiple sclerosis,CHEMBL284348,N07XX07,1.0,0.0,34385.0,0.0,2.0,True,2010.0,0.0,,Multiple Sclerosis Symptomatic Treatment,0.0,4.0,Small molecule,1.0,True,0.0,False,0.0,DALFAMPRIDINE,0.0,MOL,True,False,,,,1994.0,False,Nc1ccncc1,94.12,0.66,,,,,,,,,,,No DILI,No DILI,No DILI,2017 Nov 13,,,NUKYPUAOHBNCPY,0,DILI,True,0.6814863309164041
Dalfopristin,,Dalfopristin,,,,,,,E*,Antimicrobial,Antibacterial,CHEMBL1200937,,1.0,0.0,,0.0,1.0,True,1999.0,0.0,,Antibacterial,0.0,4.0,Small molecule,1.0,False,0.0,True,0.0,DALFOPRISTIN,0.0,MOL,True,False,-pris-; -pristin,"steriodal compounds acting on progesterone receptors (excluding-gest- compounds); antibacterials, pristinamycin derivatives",-pris-; -pristin,1993.0,False,CCN(CC)CCS(=O)(=O)[C@@H]1CCN2C(=O)c3coc(n3)CC(=O)C[C@H](O)/C=C(C)/C=C/CNC(=O)/C=C/[C@@H](C)[C@@H](C(C)C)OC(=O)[C@@H]12,690.86,2.27,,,,,,,,,,,No DILI,No DILI,No DILI,,,,SUYRLXYYZQTJHF,0,DILI,True,0.6682968418496158
Daprodustat,,Daprodustat,,,,,,,E,Hematologic,Anemia  ESKD,CHEMBL3544988,B03XA07,1.0,1.0,,0.0,2.0,True,2023.0,0.0,,,0.0,4.0,Small molecule,1.0,True,0.0,False,0.0,DAPRODUSTAT,0.0,MOL,True,False,-stat,enzyme inhibitors: hypoxia-inducible factor (HIF) prolyl hydroxylase inhibitors,-stat (-dustat),2014.0,False,O=C(O)CNC(=O)C1C(=O)N(C2CCCCC2)C(=O)N(C2CCCCC2)C1=O,393.44,1.26,,United States,,Black Box Warning,,HIF,Angiogenesis,Daprodustat (GSK1278863) is an orally administered hypoxia-inducible factor-prolyl hydroxylase (HIF-PH) inhibitor. Phase 2.,960539-70-2,25.42,No DILI,No DILI,No DILI,2024 Jul 15,,,RUEYEZADQJCKGV,0,No DILI,False,0.5973209681744399
Darolutamide,,Darolutamide,,,,,,,E,Antineoplastic,Prostate cancer,CHEMBL4297185,L02BB06,1.0,0.0,,0.0,0.0,True,2019.0,0.0,,,0.0,4.0,Small molecule,1.0,True,0.0,False,0.0,DAROLUTAMIDE,0.0,MOL,True,False,-lutamide,non-steroid antiandrogens,-lutamide,2017.0,False,CC(O)c1cc(C(=O)N[C@@H](C)Cn2ccc(-c3ccc(C#N)c(Cl)c3)n2)n[nH]1,398.85,2.67,,,,,,Androgen Receptor,Endocrinology & Hormones,"Darolutamide (ODM-201, BAY-1841788) is a novel androgen receptor (AR) antagonist that blocks AR nuclear translocation with Ki of 11 nM. Phase 3.",1297538-32-9,200.58,No DILI,No DILI,No DILI,2023 Mar 15,,,BLIJXOOIHRSQRB,0,DILI,True,0.8250133638731418
Dasabuvir,,Dasabuvir,,,,,,,B,Antimicrobial,Antiviral: HCV,CHEMBL3137312,J05AP09,1.0,0.0,85182.0,0.0,2.0,True,2014.0,0.0,,,0.0,4.0,Small molecule,1.0,True,0.0,False,0.0,DASABUVIR,0.0,MOL,True,False,-vir,antivirals: RNA polymerase (NS5B) inhibitors,-vir (-buvir),2013.0,False,COc1c(-c2ccc3cc(NS(C)(=O)=O)ccc3c2)cc(-n2ccc(=O)[nH]c2=O)cc1C(C)(C)C,493.59,4.02,,,,,,HCV Protease,Proteases,"Dasabuvir (ABT-333) is a non-nucleoside inhibitor of NS5B viral RNA-dependent RNA polymerase that inhibits recombinant NS5B polymerases derived from HCV genotype 1a and 1b clinical isolates with IC50 values between 2.2 and 10.7 nM. It is at least 7,000-fold selective for the inhibition of HCV genotype 1 polymerases over human/mammalian polymerases.",1132935-63-7,198.55,DILI (likely),DILI,Likely,,,,NBRBXGKOEOGLOI,1,DILI,True,0.7908570292509176
Deferiprone,,Deferiprone,,,,,,,E*,Toxicology,Iron overload,CHEMBL70927,V03AC02,1.0,1.0,68554.0,0.0,2.0,True,1999.0,0.0,,,0.0,4.0,Small molecule,1.0,True,0.0,False,0.0,DEFERIPRONE,0.0,MOL,True,False,,,,2008.0,False,Cc1c(O)c(=O)ccn1C,139.15,0.4,hematological toxicity,United States,,Black Box Warning,,Others,Others,Deferiprone (CP20) is a chelating agent with an affinity for ferric ion (iron III)，binds with ferric ions to form neutral 3:1 (deferiprone:iron) complexes that are stable over a wide range of pH values.,30652-11-0,,No DILI,No DILI,No DILI,2017 Dec 27,,,TZXKOCQBRNJULO,0,DILI,True,0.6219905097698305
Delafloxacin,,Delafloxacin,,,,,,,E*,Antimicrobial,Antibacterial,CHEMBL2105637,J01MA23,1.0,1.0,,0.0,2.0,False,2017.0,0.0,,,0.0,4.0,Small molecule,0.0,True,0.0,True,0.0,DELAFLOXACIN,0.0,MOL,True,False,-oxacin,antibacterials (quinolone derivatives),-oxacin,2008.0,False,Nc1nc(-n2cc(C(=O)O)c(=O)c3cc(F)c(N4CC(O)C4)c(Cl)c32)c(F)cc1F,440.77,1.92,,,,,,Anti-infection,Immunology & Inflammation,"Delafloxacin (ABT-492, RX-3341, WQ-3034) is a new fluoroquinolone against 155 aerobic and 171 anaerobic pathogens.","189279-58-1, 339591-82-1 (sodium salt)",199.66,No DILI,No DILI,No DILI,2020 Mar 10,,,DYDCPNMLZGFQTM,0,DILI,True,0.7956022837035395
Deucravacitinib,,Deucravacitinib,,,,,,,E*,Dermatologic,Psoriasis,CHEMBL4435170,,1.0,0.0,,1.0,2.0,True,2022.0,1.0,,,0.0,4.0,Small molecule,0.0,True,0.0,False,0.0,DEUCRAVACITINIB,0.0,MOL,True,False,deu-; -tinib,deuterated compounds; tyrosine kinase inhibitors: tyrosine kinase inhibitors; janus kinase inhibitors,deu-; -tinib (-citinib),2020.0,False,[2H]C([2H])([2H])NC(=O)c1nnc(NC(=O)C2CC2)cc1Nc1cccc(-c2ncn(C)n2)c1OC,425.47,1.73,,,,,,"IFN,Interleukins,JAK",Protein Tyrosine Kinase,Deucravacitinib (BMS-986165) is a highly potent and selective allosteric inhibitor of Tyk2 with a Ki value of 0.02 nM for binding to the Tyk2 pseudokinase domain. It is highly selective against a panel of 265 kinases and pseudokinases.,1609392-27-9,68.16,No DILI,No DILI,No DILI,2023 Dec 28,,,BZZKEPGENYLQSC,0,DILI,True,0.7684446527085007
Dichloralphenazone,,Dichloralphenazone,,,,,,,E,CNS,Sedative/Hypnotic,CHEMBL1697834,N05CC04,,0.0,,0.0,2.0,False,,0.0,,,0.0,-1.0,Small molecule,0.0,False,0.0,False,0.0,DICHLORALPHENAZONE,0.0,MOL,False,False,,,,,False,Cc1cc(=O)n(-c2ccccc2)n1C.OC(O)C(Cl)(Cl)Cl.OC(O)C(Cl)(Cl)Cl,519.04,,,,,,,,,,,,No DILI,No DILI,No DILI,,,,ATKXDQOHNICLQW,0,DILI,True,0.712612681107035
Dienestrol,,Dienestrol,,,,,,,A,Gynecological,Birth control,CHEMBL1018,G03CB01; G03CC02,0.0,0.0,,0.0,2.0,True,1947.0,0.0,,Estrogen,0.0,4.0,Small molecule,1.0,False,0.0,False,0.0,DIENESTROL,0.0,MOL,True,True,-estr-,estrogens,-estr-,,False,C/C=C(C(=C/C)/c1ccc(O)cc1)\c1ccc(O)cc1,266.34,4.6,,,,,,Estrogen/progestogen Receptor,Endocrinology & Hormones,"Dienestrol(Restrol) is a synthetic, non-steroidal estrogen. It is an estrogen receptor agonist.",84-17-3,199,DILI (known),DILI,Known,,,,NFDFQCUYFHCNBW,1,DILI,True,0.7502211684175748
Digitoxin,,Digitoxin,,,,,,,E,Cardiovascular,Heart failure,CHEMBL254219,C01AA04,0.0,0.0,28544.0,0.0,1.0,True,1982.0,0.0,,Cardiotonic,0.0,4.0,Small molecule,1.0,False,0.0,True,0.0,DIGITOXIN,0.0,MOL,True,False,-oxin,"fluoroquinolone derivatives, nonantibacterial indication (e.g., antineoplastic antibiotics)",-oxin,,False,C[C@H]1O[C@@H](O[C@H]2[C@@H](O)C[C@H](O[C@H]3[C@@H](O)C[C@H](O[C@H]4CC[C@@]5(C)[C@H](CC[C@@H]6[C@@H]5CC[C@]5(C)[C@@H](C7=CC(=O)OC7)CC[C@]65O)C4)O[C@@H]3C)O[C@@H]2C)C[C@H](O)[C@@H]1O,764.95,3.25,,,,,,,,,,,No DILI,No DILI,No DILI,,,,WDJUZGPOPHTGOT,0,No DILI,False,0.521045186152439
Dihydromyricetin,,Dihydromyricetin,,,,,,,E,HDS: Herbal Product,Liver disease,CHEMBL3348861,,,0.0,28429.0,0.0,1.0,False,,0.0,,,0.0,2.0,Small molecule,1.0,False,0.0,False,0.0,AMPELOPSIN,0.0,MOL,False,False,,,,,False,O=C1c2c(O)cc(O)cc2O[C@H](c2cc(O)c(O)c(O)c2)[C@H]1O,320.25,0.89,,,,,,"GABA Receptor,ROS",Neuronal Signaling,"Dihydromyricetin (Ampelopsin, Ampeloptin) is a natural antioxidant flavonoid from Ampelopsis grossedentata.",27200-12-0,199.84,No DILI,No DILI,No DILI,2023 Aug 16,,,KJXSIXMJHKAJOD,0,DILI,True,0.7275320701639797
Diroximel fumarate,,Diroximel fumarate,,,,,,,E*,CNS,Multiple sclerosis,CHEMBL3989944,L04AX09,1.0,0.0,,0.0,2.0,True,2019.0,0.0,,,0.0,4.0,Small molecule,0.0,True,0.0,False,0.0,DIROXIMEL FUMARATE,1.0,MOL,True,False,,,,2016.0,False,COC(=O)/C=C/C(=O)OCCN1C(=O)CCC1=O,255.23,-0.59,,,,,,Others,Others,Diroximel Fumarate (ALKS-8700) is a prodrug of monomethyl fumarate in a controlled-release formulation that rapidly and efficiently converts to MMF in the body.,1577222-14-0,199.83,No DILI,No DILI,No DILI,,,,YIMYDTCOUQIDMT,0,DILI,True,0.6334930008466632
Docosahexaenoate,,Docosahexaenoate,,,,,,,E,HDS: Nutritional Suppl,Lipid lowering agent,CHEMBL367149,,,0.0,28125.0,0.0,2.0,False,,0.0,,,0.0,3.0,Small molecule,1.0,False,0.0,False,0.0,DOCONEXENT,0.0,MOL,False,False,,,,,False,CC/C=C\C/C=C\C/C=C\C/C=C\C/C=C\C/C=C\CCC(=O)O,328.5,6.55,,,,,,,,,,,No DILI,No DILI,No DILI,,,,MBMBGCFOFBJSGT,0,No DILI,False,0.5559020804752832
Doravirine,,Doravirine,,,,,,,E*,Antimicrobial,Antiviral: HIV,CHEMBL2364608,J05AG06,1.0,0.0,,0.0,2.0,True,2018.0,0.0,,,0.0,4.0,Small molecule,0.0,True,0.0,False,0.0,DORAVIRINE,0.0,MOL,True,False,-vir-,"antivirals: non-nucleoside reverse transcriptase inhibitors, not benzoxazinone derivatives",-vir- (-virine),2013.0,False,Cn1c(Cn2ccc(C(F)(F)F)c(Oc3cc(Cl)cc(C#N)c3)c2=O)n[nH]c1=O,425.75,2.65,,,,,,Reverse Transcriptase,Microbiology,"Doravirine (MK-1439) is a novel HIV-1 nonnucleoside reverse transcriptase inhibitor with IC50 values of 12, 9.7, and 9.7 nM against the wild type (WT) and K103N and Y181C reverse transcriptase (RT) mutants, respectively, in a biochemical assay. It is highly specific with minimum off-target activities.",1338225-97-0,199.65,No DILI,No DILI,No DILI,2019 Apr 12,,,ZIAOVIPSKUPPQW,0,DILI,True,0.8147866172566445
Dronabinol,,Dronabinol,,,,,,,E,Gastrointestinal,Antiemetic,CHEMBL465,A04AD10,1.0,0.0,66964.0,0.0,1.0,True,1985.0,0.0,,Anti-Emetic,0.0,4.0,Small molecule,1.0,True,0.0,False,0.0,DRONABINOL,0.0,MOL,True,False,-nab-,cannabinol derivatives,-nab-,1984.0,False,CCCCCc1cc(O)c2c(c1)OC(C)(C)[C@@H]1CCC(C)=C[C@@H]21,314.47,5.74,,,,,,,,,,,No DILI,No DILI,No DILI,2018 Jan 15,,,CYQFCXCEBYINGO,0,DILI,True,0.6474183963463157
Drospirenone,,Drospirenone,,,,,,,A,Gynecological,Birth control,CHEMBL1509,G03AC10,1.0,0.0,50838.0,0.0,1.0,True,2001.0,0.0,,Aldosterone Antagonist,0.0,4.0,Small molecule,1.0,True,0.0,False,0.0,DROSPIRENONE,0.0,MOL,True,False,-renone,aldosterone antagonists (spironolactone type),-renone,1997.0,False,C[C@]12CCC(=O)C=C1[C@@H]1C[C@@H]1[C@H]1[C@@H]3[C@@H]4C[C@@H]4[C@@]4(CCC(=O)O4)[C@@]3(C)CC[C@@H]12,366.5,4.31,,,,,,Estrogen/progestogen Receptor,Endocrinology & Hormones,Drospirenone (ZK 3059) is a synthetic progestin that is an analog to spironolactone.,67392-87-4,199.19,DILI (known),DILI,Known,,,,METQSPRSQINEEU,1,DILI,True,0.6336337181060522
Duvelisib,,Duvelisib,,,,,,,E*,Antineoplastic,CLL,CHEMBL3039502,L01EM04,1.0,1.0,,0.0,1.0,False,2018.0,0.0,,,0.0,4.0,Small molecule,1.0,True,0.0,False,0.0,DUVELISIB,0.0,MOL,True,False,-lisib,phosphatidylinositol 3-kinase (PI3K) inhibitors,-lisib,2013.0,False,C[C@H](Nc1ncnc2nc[nH]c12)c1cc2cccc(Cl)c2c(=O)n1-c1ccccc1,416.87,4.48,,,,,,PI3K,Angiogenesis,"Duvelisib (IPI-145, INK1197) is a novel and selective PI3K δ/γ inhibitor with Ki and IC50 of 23 pM/243 pM and 1 nM/50 nM in cell-free assays, highly selective for PI3K δ/γ than other protein kinases. Phase 3.",1201438-56-3,199.11,No DILI,No DILI,No DILI,2022 Jul 12,,,SJVQHLPISAIATJ,0,DILI,True,0.8382486171852089
Eicosapentaenoate,,Eicosapentaenoate,,,,,,,E,HDS: Nutritional Suppl,Lipid lowering agent,CHEMBL460026,,-1.0,0.0,28364.0,0.0,2.0,False,,0.0,,,0.0,3.0,Small molecule,1.0,False,0.0,False,0.0,ICOSAPENT,0.0,MOL,False,False,,,,,False,CC/C=C\C/C=C\C/C=C\C/C=C\C/C=C\CCCC(=O)O,302.46,5.99,,,,,,,,,,,No DILI,No DILI,No DILI,,,,JAZBEHYOTPTENJ,0,No DILI,False,0.5244776575278025
Elafibranor,,Elafibranor,,,,,,,E*,Gastrointestinal,Primary biliary cholangitis,CHEMBL3707395,,,0.0,,0.0,2.0,False,,0.0,,,0.0,3.0,Small molecule,1.0,False,0.0,False,0.0,ELAFIBRANOR,0.0,MOL,False,False,,,,2015.0,False,CSc1ccc(C(=O)/C=C/c2cc(C)c(OC(C)(C)C(=O)O)c(C)c2)cc1,384.5,5.16,,,,,,PPAR,Metabolism,"Elafibranor (GFT505) is an agonist of the peroxisome proliferator-activated receptor-α(PPAR-alpha) and peroxisome proliferator-activated receptor-δ(PPAR-δ). It improves insulin sensitivity, glucose homeostasis, and lipid metabolism and reduces inflammation.",923978-27-2,197.66,No DILI,No DILI,No DILI,2024 Jul 24,,,AFLFKFHDSCQHOL,0,DILI,True,0.7670642139144295
Elagolix,,Elagolix,,,,,,,E,Gynecological,Endometriosis,CHEMBL1208155,H01CC03,1.0,0.0,,0.0,1.0,False,2018.0,1.0,,,0.0,4.0,Small molecule,0.0,True,0.0,False,0.0,ELAGOLIX,0.0,MOL,True,False,-golix,gonadotropin releasing hormone (GnRH) receptor antagonists (nonpeptide),-golix,2008.0,False,COc1cccc(-c2c(C)n(Cc3c(F)cccc3C(F)(F)F)c(=O)n(C[C@H](NCCCC(=O)O)c3ccccc3)c2=O)c1F,631.6,5.54,,,,,,,,,,,No DILI,No DILI,No DILI,2019 Jan 31,,,HEAUOKZIVMZVQL,0,DILI,True,0.7364271193152246
Eliglustat,,Eliglustat,,,,,,,E,Genetic,Gaucher disease,CHEMBL2110588,A16AX10,1.0,0.0,82752.0,0.0,1.0,True,2014.0,0.0,,,0.0,4.0,Small molecule,1.0,True,1.0,False,0.0,ELIGLUSTAT,0.0,MOL,True,False,-stat,enzyme inhibitors: glucosyltransferase inhibitors,-stat (-glustat),2009.0,False,CCCCCCCC(=O)N[C@H](CN1CCCC1)[C@H](O)c1ccc2c(c1)OCCO2,404.55,3.43,,,,,,Glucosylceramide Synthase,Metabolism,"Eliglustat (GENZ-112638) inhibits glucosylceramide synthase(GCS) (IC50=20 nM in intact MDCK cells), thus reducing the load of glucosylceramide influx into the lysosome.",491833-29-5,197.76,No DILI,No DILI,No DILI,2018 Mar 5,,,FJZZPCZKBUKGGU,0,No DILI,False,0.5510391115091612
Elvitegravir,,Elvitegravir,,,,,,,E*,Antimicrobial,Antiviral: HIV,CHEMBL204656,J05AJ02,1.0,0.0,72289.0,0.0,1.0,True,2012.0,0.0,,,0.0,4.0,Small molecule,0.0,True,0.0,False,0.0,ELVITEGRAVIR,0.0,MOL,True,False,-vir,antivirals: integrase inhibitors,-vir (-tegravir),2007.0,False,COc1cc2c(cc1Cc1cccc(Cl)c1F)c(=O)c(C(=O)O)cn2[C@H](CO)C(C)C,447.89,4.28,,,,,,Integrase,Microbiology,"Elvitegravir (GS-9137,JTK-303,D06677) is an HIV integrase inhibitor for HIV-1 IIIB, HIV-2 EHO and HIV-2 ROD with IC50 of 0.7 nM, 2.8 nM and 1.4 nM in cell-free assays, respectively.",697761-98-1,198.71,No DILI,No DILI,No DILI,,,,JUZYLCPPVHEVSV,0,DILI,True,0.8234892622600891
Empagliflozin,,Empagliflozin,,,,,,,E,Endocrine,Diabetes,CHEMBL2107830,A10BK03,1.0,0.0,82720.0,0.0,1.0,True,2014.0,0.0,,,0.0,4.0,Small molecule,1.0,True,0.0,False,0.0,EMPAGLIFLOZIN,0.0,MOL,True,False,-gliflozin,"phlorozin derivatives, phenolic glycosides",-gliflozin,2012.0,False,OC[C@H]1O[C@@H](c2ccc(Cl)c(Cc3ccc(O[C@H]4CCOC4)cc3)c2)[C@H](O)[C@@H](O)[C@@H]1O,450.92,1.61,,,,,,SGLT,GPCR & G Protein,"Empagliflozin (BI-10773) is a potent and selective SGLT-2 inhibitor with IC50 of 3.1 nM, exhibits >300-fold selectivity over SGLT-1, 4, 5 and 6. Phase 3.",864070-44-0,199.6,No DILI,No DILI,No DILI,,,,OBWASQILIWPZMG,0,DILI,True,0.6673356901463938
Enasidenib,,Enasidenib,,,,,,,E*,Antineoplastic,Acute myelogenous leukemia,CHEMBL3989908,L01XX59,1.0,1.0,,0.0,2.0,False,2017.0,1.0,,,0.0,4.0,Small molecule,0.0,True,0.0,False,0.0,ENASIDENIB,0.0,MOL,True,False,-sidenib,mutated isocitrate dehydrogenase (IDH) inhibitors,-sidenib,2016.0,False,CC(C)(O)CNc1nc(Nc2ccnc(C(F)(F)F)c2)nc(-c2cccc(C(F)(F)F)n2)n1,473.38,4.29,,,,,,Dehydrogenase,Metabolism,"Enasidenib (AG-221) is a first-in-class, oral, potent, reversible, selective inhibitor of the IDH2 mutant enzyme.",1446502-11-9,198.57,No DILI,No DILI,No DILI,2025 Mar 1,,,DYLUUSLLRIQKOE,0,DILI,True,0.7983514021509206
Encorafenib,,Encorafenib,,,,,,,E*,Antineoplastic,Melanoma,CHEMBL3301612,L01EC03,1.0,0.0,,0.0,1.0,True,2018.0,0.0,,,0.0,4.0,Small molecule,0.0,True,0.0,False,0.0,ENCORAFENIB,0.0,MOL,True,False,-rafenib,rapidly accelerated fibrosarcoma (RAF) kinase inhibitors,-rafenib,2014.0,False,COC(=O)N[C@@H](C)CNc1nccc(-c2cn(C(C)C)nc2-c2cc(Cl)cc(NS(C)(=O)=O)c2F)n1,540.02,3.91,,,,,,Raf,MAPK,Encorafenib (LGX818) is a highly potent RAF inhibitor with selective anti-proliferative and apoptotic activity in cells expressing B-RAF(V600E) with EC50 of 4 nM. Phase 3.,1269440-17-6,185.18,No DILI,No DILI,No DILI,,,,CMJCXYNUCSMDBY,0,DILI,True,0.7622575497988202
Entrectinib,,Entrectinib,,,,,,,E*,Antineoplastic,"NSCLC, NTRK gene fusion",CHEMBL1983268,L01EX14,1.0,0.0,,0.0,2.0,True,2019.0,0.0,,,0.0,4.0,Small molecule,0.0,True,0.0,False,0.0,ENTRECTINIB,0.0,MOL,True,False,-tinib,tyrosine kinase inhibitors: tropomyosin receptor kinase (TRK) inhibitors,-tinib (-trectinib),2015.0,False,CN1CCN(c2ccc(C(=O)Nc3n[nH]c4ccc(Cc5cc(F)cc(F)c5)cc34)c(NC3CCOCC3)c2)CC1,560.65,5.03,,,,,,"ALK,Autophagy,ROS1,Trk receptor",Protein Tyrosine Kinase,"Entrectinib (RXDX-101, NMS-E628) is an orally bioavailable pan-TrkA/B/C, ROS1 and ALK inhibitor with IC50 ranging between 0.1 and 1.7 nM. Entrectinib (RXDX-101) induces autophagy. Phase 2.",1108743-60-7,178.37,No DILI,No DILI,No DILI,2021 Sep 15,,,HAYYBYPASCDWEQ,0,DILI,True,0.7030440032436183
Enzalutamide,,Enzalutamide,,,,,,,E,Antineoplastic,Prostate cancer,CHEMBL1082407,L02BB04,1.0,0.0,68534.0,0.0,2.0,True,2012.0,0.0,,,0.0,4.0,Small molecule,0.0,True,0.0,False,0.0,ENZALUTAMIDE,0.0,MOL,True,False,-lutamide,deuterated compounds; non-steroid antiandrogens,-lutamide,2012.0,False,CNC(=O)c1ccc(N2C(=S)N(c3ccc(C#N)c(C(F)(F)F)c3)C(=O)C2(C)C)cc1F,464.44,3.99,,,,,,"Androgen Receptor,Autophagy",Endocrinology & Hormones,Enzalutamide (MDV3100) is an androgen-receptor (AR) antagonist with IC50 of 36 nM in LNCaP cells. Enzalutamide is shown to increase autophagy.,915087-33-1,198.09,No DILI,No DILI,No DILI,2023 Mar 15,,,WXCXUHSOUPDCQV,0,DILI,True,0.8235472758927437
Eravacycline,,Eravacycline,,,,,,,E*,Antimicrobial,Bacterial infections,CHEMBL1951095,J01AA13,1.0,0.0,,0.0,1.0,True,2018.0,0.0,,,0.0,4.0,Small molecule,0.0,False,0.0,True,0.0,ERAVACYCLINE,0.0,MOL,True,False,-cycline,antibiotics (tetracycline derivatives),-cycline,2012.0,False,CN(C)[C@@H]1C(O)=C(C(N)=O)C(=O)[C@@]2(O)C(O)=C3C(=O)c4c(O)c(NC(=O)CN5CCCC5)cc(F)c4C[C@H]3C[C@@H]12,558.56,0.29,,,,,,,,,,,No DILI,No DILI,No DILI,2019 Apr 10,,,HLFSMUUOKPBTSM,0,DILI,True,0.6484414390754163
Eribulin,,Eribulin,,,,,,,E*,Antineoplastic,Breast cancer,CHEMBL1683590,L01XX41,1.0,0.0,63587.0,0.0,1.0,True,2010.0,0.0,,,0.0,4.0,Small molecule,1.0,False,0.0,True,0.0,ERIBULIN,0.0,MOL,True,False,-bulin,antineoplastics (mitotic inhibitors; tubulin binders),-bulin,2006.0,False,C=C1C[C@@H]2CC[C@@]34C[C@H]5O[C@H]6[C@@H](O3)[C@H]3O[C@H](CC[C@@H]3O[C@H]6[C@H]5O4)CC(=O)C[C@@H]3[C@@H](OC)[C@@H](C[C@H](O)CN)O[C@H]3C[C@H]3O[C@@H](CC[C@@H]1O2)C[C@@H](C)C3=C,729.91,3.44,,,,,,,,,,,No DILI,No DILI,No DILI,2018 Feb 20,,,UFNVPOGXISZXJD,0,No DILI,False,0.546279572344198
Ertugliflozin,,Ertugliflozin,,,,,,,E,Endocrine,Diabetes,CHEMBL1770248,A10BK04,1.0,0.0,,1.0,1.0,True,2017.0,0.0,,,0.0,4.0,Small molecule,1.0,True,0.0,False,0.0,ERTUGLIFLOZIN,0.0,MOL,True,False,-gliflozin,"phlorozin derivatives, phenolic glycosides",-gliflozin,2011.0,False,CCOc1ccc(Cc2cc([C@]34OC[C@](CO)(O3)[C@@H](O)[C@H](O)[C@H]4O)ccc2Cl)cc1,436.89,1.36,,,,,,SGLT,GPCR & G Protein,"Ertugliflozin (MK-8835, PF-04971729) is a potent and selective sodium-dependent glucose cotransporter 2 inhibitor with IC50 values of 0.877 nM for h-SGLT2 and 1000-fold higher for h-SGLT1.",1210344-57-2,199.14,No DILI,No DILI,No DILI,,,,MCIACXAZCBVDEE,0,DILI,True,0.6910899896546603
Ethynodiol,,Ethynodiol,,,,,,,A ,Gynecological,Birth control,CHEMBL1201406,,-1.0,0.0,50785.0,0.0,1.0,False,,0.0,,,0.0,-1.0,Small molecule,1.0,False,0.0,False,0.0,ETHYNODIOL,0.0,MOL,False,False,,,,,False,C#C[C@]1(O)CC[C@H]2[C@@H]3CCC4=C[C@@H](O)CC[C@@H]4[C@H]3CC[C@@]21C,300.44,3.28,,,,,,,,,,,DILI (known),DILI,Known,,,,JYILPERKVHXLNF,1,DILI,True,0.7972827688597458
Etidronate,,Etidronate,,,,,,,E*,Endocrine,Osteoporosis,CHEMBL871,M05BA01,1.0,0.0,4907.0,0.0,2.0,False,1977.0,0.0,,"Bone Resorption Inhibitor,Regulator (calcium)",0.0,4.0,Small molecule,1.0,True,0.0,True,0.0,ETIDRONIC ACID,0.0,MOL,True,False,-dronate,calcium metabolism regulators,-dronate,1970.0,False,CC(O)(P(=O)(O)O)P(=O)(O)O,206.03,-0.99,,,,,,phosphatase,Metabolism,"Etidronate is a non-aminobisphosphonate, show protein tyrosine phosphatase (PTP) inhibitory activity, used for the treatment of Paget's disease and the prevention of heterotopic ossification.",2809-21-4,,No DILI,No DILI,No DILI,,,,DBVJJBKOTRCVKF,0,No DILI,False,0.45266780031702797
Evobrutinib,,Evobrutinib,,,,,,,,,,CHEMBL4072833,,,0.0,,0.0,2.0,False,,0.0,,,0.0,3.0,Small molecule,0.0,False,0.0,False,0.0,EVOBRUTINIB,0.0,MOL,False,False,-tinib,tyrosine kinase inhibitors: tyrosine kinase inhibitors Bruton's (Btk) inhibitors,-tinib (-brutinib),2022.0,False,C=CC(=O)N1CCC(CNc2ncnc(N)c2-c2ccc(Oc3ccccc3)cc2)CC1,429.52,4.35,,,,,,BTK,Protein Tyrosine Kinase,"Evobrutinib (M-2951, MSC-2364447C) is a highly selective BTK inhibitor with an IC50 of 37.9 nM. It has potential anti-neoplastic activity.",1415823-73-2,200.23,DILI (withdrawn),DILI,Withdrawn,,,,QUIWHXQETADMGN,1,DILI,True,0.7329123528318252
Ezogabine,,Ezogabine,,,,,,,E,CNS,Anticonvulsant,CHEMBL41355,N03AX21,1.0,1.0,68584.0,0.0,2.0,True,2011.0,1.0,,,0.0,4.0,Small molecule,0.0,True,0.0,False,0.0,EZOGABINE,0.0,MOL,True,False,-gab-,gabamimetics,-gab-,2006.0,False,CCOC(=O)Nc1ccc(NCc2ccc(F)cc2)cc1N,303.34,3.59,,United States,,Black Box Warning,,,,,,,No DILI,No DILI,No DILI,2018 Feb 18,,,PCOBBVZJEWWZFR,0,DILI,True,0.8125720619760766
FIRU,,FIRU,,,,,,,,,,,,,,,,,,,,,,,,,,,,,,,,,,,,,,,,O[C@H]1[C@@H](F)[C@H](N2C(NC(C(I)=C2)=O)=O)O[C@@H]1CO,,,,,,,,,,,,,No DILI,No DILI,No DILI,,,,IPVFGAYTKQKGBM,0,DILI,True,0.6844823136356895
Fexinidazole,,Fexinidazole,,,,,,,E*,Antimicrobial,Trypanosomiasis,CHEMBL1631694,P01CA03,1.0,0.0,,0.0,2.0,True,2021.0,0.0,,,0.0,4.0,Small molecule,1.0,True,0.0,False,0.0,FEXINIDAZOLE,0.0,MOL,True,False,-nidazole,antiprotozoal substances (metronidazole type),-nidazole,2019.0,False,CSc1ccc(OCc2ncc([N+](=O)[O-])n2C)cc1,279.32,2.63,,,,,,DNA/RNA Synthesis,DNA Damage/DNA Repair,"Fexinidazole (HOE-239, Fexinidazole Winthrop) is a 5-nitroimidazole derivative. Fexinidazole is a DNA synthesis inhibitor and the only, all-oral agent for Human African Trypanosomiasis(HAT or sleeping sickness).",59729-37-2,200.49,No DILI,No DILI,No DILI,2023 Jul 18,,,MIWWSGDADVMLTG,0,DILI,True,0.8039780591190075
Fidaxomicin,,Fidaxomicin,,,,,,,E,Antimicrobial,Antibacterial,CHEMBL1255800,A07AA12,1.0,0.0,,0.0,1.0,True,2011.0,0.0,,,0.0,4.0,Small molecule,1.0,True,0.0,False,0.0,FIDAXOMICIN,0.0,MOL,True,False,-micin,antibiotics (Micromonospora strains),-micin,2008.0,False,CCc1c(Cl)c(O)c(Cl)c(O)c1C(=O)O[C@H]1[C@H](O)[C@H](OC)[C@H](OC/C2=C\C=C\C[C@H](O)/C(C)=C/[C@H](CC)[C@@H](O[C@@H]3OC(C)(C)[C@@H](OC(=O)C(C)C)[C@H](O)[C@@H]3O)/C(C)=C/C(C)=C/C[C@@H]([C@@H](C)O)OC2=O)O[C@@H]1C,1058.05,,,,,,,DNA/RNA Synthesis,DNA Damage/DNA Repair,"Fidaxomicin (OPT-80, PAR-101,Dificid) is a narrow spectrum macrocyclic antibiotic that inhibits RNA polymerase sigma subunit.",873857-62-6,94.51,No DILI,No DILI,No DILI,2017 Aug 8,,,ZVGNESXIJDCBKN,0,DILI,True,0.6815486812697286
Finerenone,,Finerenone,,,,,,,E,Renal Disease,Chronic kidney disease,CHEMBL2181927,C03DA05,1.0,0.0,,0.0,1.0,True,2021.0,1.0,,,0.0,4.0,Small molecule,0.0,True,0.0,False,0.0,FINERENONE,0.0,MOL,True,False,-renone,aldosterone antagonists (spironolactone type),-renone,2013.0,False,CCOc1ncc(C)c2c1[C@H](c1ccc(C#N)cc1OC)C(C(N)=O)=C(C)N2,378.43,2.99,,,,,,Mineralocorticoid Receptor,Endocrinology & Hormones,"Finerenone (FIN, BAY 94-8862) is a highly selective and orally available nonsteroidal antagonist of mineralocorticoid receptor (MR) with IC50 of 18 nM. Finerenone has the potential for cardiorenal diseases research, such as type 2 diabetes mellitus and chronic kidney disease.",1050477-31-0,200.84,No DILI,No DILI,No DILI,2023 Oct 13,,,BTBHLEZXCOBLCY,0,DILI,True,0.7445095370210629
Flibanserin,,Flibanserin,,,,,,,E*,CNS,Hypoactive sexual desire,CHEMBL231068,G02CX02,1.0,1.0,,0.0,2.0,True,2015.0,1.0,,,0.0,4.0,Small molecule,0.0,True,0.0,False,0.0,FLIBANSERIN,0.0,MOL,True,False,-anserin,serotonin 5-HT2 receptor antagonists,-anserin,1997.0,False,O=c1[nH]c2ccccc2n1CCN1CCN(c2cccc(C(F)(F)F)c2)CC1,390.41,3.17,,United States,,Black Box Warning,,5-HT Receptor,Neuronal Signaling,"Flibanserin (BIMT-17, BIMT-17-BS) is a nonhormonal, centrally acting molecule that acts as an agonist at postsynaptic 5-HT1A receptors and as an antagonist at 5-HT2A receptors.",167933-07-5,199.8,No DILI,No DILI,No DILI,2018 Jan 26,,,PPRRDFIXUUSXRA,0,DILI,True,0.740571998273376
Fondaparinux,,Fondaparinux,,,,,,,E,Hematologic,Anticoagulant,CHEMBL1201202,B01AX05,1.0,1.0,61033.0,0.0,1.0,False,2001.0,0.0,,,0.0,4.0,Oligosaccharide,1.0,False,0.0,True,0.0,FONDAPARINUX,0.0,MOL,True,False,-parinux,antihrombotic indirect selective synthetic factor Xa inhibitors,-parinux,2001.0,False,CO[C@H]1O[C@H](COS(=O)(=O)O)[C@@H](O[C@@H]2O[C@@H](C(=O)O)[C@@H](O[C@H]3O[C@H](COS(=O)(=O)O)[C@@H](O[C@@H]4O[C@H](C(=O)O)[C@@H](O[C@H]5O[C@H](COS(=O)(=O)O)[C@@H](O)[C@H](O)[C@H]5NS(=O)(=O)O)[C@H](O)[C@H]4O)[C@H](OS(=O)(=O)O)[C@H]3NS(=O)(=O)O)[C@H](O)[C@H]2OS(=O)(=O)O)[C@H](O)[C@H]1NS(=O)(=O)O,1508.27,,,,,,,,,,,,No DILI,No DILI,No DILI,2023 Feb 22,,,KANJSNBRCNMZMV,0,No DILI,False,0.5607140256365892
Fosnetupitant,,Fosnetupitant,,,,,,,E,Gastrointestinal,Nausea  & Vomiting,CHEMBL3989917,,1.0,0.0,,0.0,2.0,False,2018.0,0.0,,,0.0,4.0,Small molecule,0.0,True,0.0,True,0.0,FOSNETUPITANT,1.0,MOL,True,False,fos-; -tant,phosphoro-derivatives; tachykinin (neurokinin) receptor antagonists: NK1 receptor antagonists,fos-; -tant (-pitant),2016.0,False,Cc1ccccc1-c1cc(N2CC[N+](C)(COP(=O)([O-])O)CC2)ncc1N(C)C(=O)C(C)(C)c1cc(C(F)(F)F)cc(C(F)(F)F)c1,688.61,5.74,,,,,,,,,,,No DILI,No DILI,No DILI,2024 Feb 28,,,HZIYEEMJNBKMJH,0,DILI,True,0.6624423532512981
Fostamatinib,,Fostamatinib,,,,,,,E*,Hematologic,Thrombocytopenia,CHEMBL2103830,B02BX09,1.0,0.0,,0.0,2.0,False,2018.0,1.0,,,0.0,4.0,Small molecule,0.0,True,0.0,False,0.0,FOSTAMATINIB,1.0,MOL,True,False,fos-; -tinib,phosphoro-derivatives; tyrosine kinase inhibitors,fos-; -tinib,2008.0,False,COc1cc(Nc2ncc(F)c(Nc3ccc4c(n3)N(COP(=O)(O)O)C(=O)C(C)(C)O4)n2)cc(OC)c1OC,580.47,3.09,,,,,,Syk,Angiogenesis,"Fostamatinib (R788), a prodrug of the active metabolite R406, is a Syk inhibitor with IC50 of 41 nM, strongly inhibits Syk but not Lyn, 5-fold less potent to Flt3. Phase 3.",901119-35-5,199.84,No DILI,No DILI,No DILI,2018 Oct 20,,,GKDRMWXFWHEQQT,0,DILI,True,0.7378065102477775
Fostemsavir,,Fostemsavir,,,,,,,E*,Antimicrobial,HIV,CHEMBL3301594,J05AX29,1.0,0.0,,0.0,2.0,False,2020.0,1.0,,,0.0,4.0,Small molecule,1.0,True,0.0,False,0.0,FOSTEMSAVIR,1.0,MOL,True,False,fos-; -vir,phosphoro-derivatives; antivirals,fos-; -vir,2014.0,False,COc1cnc(-n2cnc(C)n2)c2c1c(C(=O)C(=O)N1CCN(C(=O)c3ccccc3)CC1)cn2COP(=O)(O)O,583.5,1.17,,,,,,gp120/CD4,Immunology & Inflammation,"Fostemsavir (BMS-663068, Rukobia), the phosphonooxymethyl prodrug of BMS626529, is an attachment inhibitor that targets HIV-1 gp120 and prevents its binding to CD4+ T cells with EC50 of < 10 nM.",864953-29-7,171.38,No DILI,No DILI,No DILI,2023 Jun 20,,,SWMDAPWAQQTBOG,0,DILI,True,0.7354518129900133
Futibatinib,,Futibatinib,,,,,,,E*,Antineoplastic,Cholangiocarcinoma,CHEMBL3701238,L01EN04,1.0,0.0,,0.0,1.0,True,2022.0,0.0,,,0.0,4.0,Small molecule,0.0,True,0.0,False,0.0,FUTIBATINIB,0.0,MOL,True,False,-tinib,tyrosine kinase inhibitors,-tinib,2019.0,False,C=CC(=O)N1CC[C@H](n2nc(C#Cc3cc(OC)cc(OC)c3)c3c(N)ncnc32)C1,418.46,1.78,,,,,,FGFR,Protein Tyrosine Kinase,"Futibatinib (TAS-120) is an irreversible fibroblast growth factor receptor (FGFR) inhibitor which inhibits all 4 subtypes of FGFR with enzyme IC50 values of 1.8 nM, 1.4 nM, 1.6 nM and 3.7 nM for FGFR1, FGFR2, FGFR3 and FGFR4, respectively.",1448169-71-8,200.74,No DILI,No DILI,No DILI,2022 Nov 30,,,KEIPNCCJPRMIAX,0,DILI,True,0.8097205929574668
Gilteritinib,,Gilteritinib,,,,,,,E*,Antineoplastic,AML,CHEMBL3301622,L01EX13,1.0,1.0,,0.0,2.0,False,2018.0,0.0,,,0.0,4.0,Small molecule,1.0,True,1.0,False,0.0,GILTERITINIB,0.0,MOL,True,False,-tinib,tyrosine kinase inhibitors,-tinib,2014.0,False,CCc1nc(C(N)=O)c(Nc2ccc(N3CCC(N4CCN(C)CC4)CC3)c(OC)c2)nc1NC1CCOCC1,552.72,2.7,,,,,,"Axl,FLT3",Protein Tyrosine Kinase,"Gilteritinib (ASP2215) is a small-molecule FLT3/AXL inhibitor with IC50 values of 0.29 nM and 0.73 nM for FLT3 and AXL, respectively. It inhibits FLT3 at an IC50 value that was approximately 800-fold more potent than the concentration required to inhibit c-KIT (230 nM).",1254053-43-4,180.93,No DILI,No DILI,No DILI,2019 Jan 20,,,GYQYAJJFPNQOOW,0,No DILI,False,0.5960852902442003
Glasdegib,,Glasdegib,,,,,,,E*,Antineoplastic,AML,CHEMBL2043437,L01XJ03,1.0,1.0,,0.0,1.0,False,2018.0,0.0,,,0.0,4.0,Small molecule,1.0,True,1.0,False,0.0,GLASDEGIB,0.0,MOL,True,False,-degib,hedgehog signaling inhibitors,-degib,2013.0,False,CN1CC[C@@H](NC(=O)Nc2ccc(C#N)cc2)C[C@@H]1c1nc2ccccc2[nH]1,374.45,3.39,,,,,,Hedgehog/Smoothened,Stem Cells & Wnt,"Glasdegib (PF-04449913) is a potent, and orally bioavailable Smoothened (Smo) inhibitor with IC50 of 5 nM. Phase 2.",1095173-27-5,125.52,No DILI,No DILI,No DILI,2019 Jan 20,,,SFNSLLSYNZWZQG,0,DILI,True,0.7417357932590769
Histrelin,,Histrelin,,,,,,,E*,Antineoplastic,Prostate cancer,CHEMBL1201255,L02AE05,1.0,0.0,5739.0,0.0,1.0,False,1991.0,0.0,,LHRH Agonist,0.0,4.0,Protein,0.0,False,0.0,True,0.0,HISTRELIN,0.0,MOL,True,False,-relin,prehormones or hormone-release stimulating peptides,-relin,1985.0,False,CCNC(=O)[C@@H]1CCCN1C(=O)[C@H](CCCNC(=N)N)NC(=O)[C@H](CC(C)C)NC(=O)[C@@H](Cc1cn(Cc2ccccc2)cn1)NC(=O)[C@H](Cc1ccc(O)cc1)NC(=O)[C@H](CO)NC(=O)[C@H](Cc1c[nH]c2ccccc12)NC(=O)[C@H](Cc1cnc[nH]1)NC(=O)[C@@H]1CCC(=O)N1,1323.53,,,,,,,,,,,,No DILI,No DILI,No DILI,2023 May 28,,,HHXHVIJIIXKSOE,0,No DILI,False,0.5765283512442612
Hydroxyprogesterone,,Hydroxyprogesterone,,,,,,,A,Gynecological,Birth control,CHEMBL1062,,,0.0,17252.0,0.0,1.0,False,,0.0,,,0.0,2.0,Small molecule,1.0,False,0.0,False,0.0,HYDROXYPROGESTERONE,0.0,MOL,False,False,-gest-; -ster-; -terone,"progestins; steroids (androgens, anabolics); antiandrogens",-gest-; -ster-; -terone,,False,CC(=O)[C@@]1(O)CC[C@H]2[C@@H]3CCC4=CC(=O)CC[C@]4(C)[C@H]3CC[C@@]21C,330.47,3.84,,,,,,,,,,,DILI (known),DILI,Known,,,,DBPWSSGDRRHUNT,1,DILI,True,0.7798989404676259
Icatibant,,Icatibant,,,,,,,E,Genetic,Hereditary Angioedema,CHEMBL2028850,B06AC02,1.0,0.0,,0.0,1.0,False,2008.0,1.0,PEPTIDE1{[dR].R.P.[Hyp].G.[Thi].S.[dTic].[Phi].R}$$$$,Antagonist (bradykinin),0.0,4.0,Protein,1.0,False,0.0,True,0.0,ICATIBANT,0.0,BOTH,True,False,-tibant,antiasthmatics (bradykinin antagonists),-tibant,1993.0,False,N=C(N)NCCC[C@@H](N)C(=O)N[C@@H](CCCNC(=N)N)C(=O)N1CCC[C@H]1C(=O)N1C[C@H](O)C[C@H]1C(=O)NCC(=O)N[C@@H](Cc1cccs1)C(=O)N[C@@H](CO)C(=O)N1Cc2ccccc2C[C@@H]1C(=O)N1[C@H](C(=O)N[C@@H](CCCNC(=N)N)C(=O)O)C[C@@H]2CCCC[C@@H]21,1304.55,,,,,,,,,,,,No DILI,No DILI,No DILI,,,,QURWXBZNHXJZBE,0,No DILI,False,0.5380491047113658
Infigratinib,,Infigratinib,,,,,,,E*,Antineoplastic,NSCLC (Kras G12),CHEMBL1852688,L01EN03,1.0,0.0,63451.0,1.0,2.0,True,2021.0,0.0,,,0.0,4.0,Small molecule,1.0,True,0.0,False,0.0,INFIGRATINIB,0.0,MOL,True,False,-tinib,tyrosine kinase inhibitors,-tinib,2019.0,False,CCN1CCN(c2ccc(Nc3cc(N(C)C(=O)Nc4c(Cl)c(OC)cc(OC)c4Cl)ncn3)cc2)CC1,560.49,5.35,,,,,,FGFR,Angiogenesis,"Infigratinib (BGJ398) is a potent and selective FGFR inhibitor for FGFR1/2/3 with IC50 of 0.9 nM/1.4 nM/1 nM in cell-free assays, >40-fold selective for FGFR versus FGFR4 and VEGFR2, and little activity to Abl, Fyn, Kit, Lck, Lyn and Yes. Phase 2.",872511-34-7,48.17,No DILI,No DILI,No DILI,2022 Nov 30,,,QADPYRIHXKWUSV,0,DILI,True,0.7385595400350171
Iodine,,Iodine,,,,,,,E,Toxicology,Trace element,CHEMBL1201225,D08AG03,-1.0,0.0,17606.0,0.0,2.0,True,,0.0,,"Anti-Infective, Topical",0.0,4.0,Small molecule,1.0,False,0.0,False,0.0,IODINE,0.0,MOL,True,False,io-,iodine-containing contrast media,io-,,False,II,253.81,1.77,,,,,,,,,,,No DILI,No DILI,No DILI,,,,PNDPGZBMCMUPRI,0,DILI,True,0.6495651313625938
Isavuconazonium,,Isavuconazonium,,,,,,,E*,Antimicrobial,Antifungal,CHEMBL1183349,,1.0,0.0,85978.0,0.0,0.0,False,2015.0,0.0,,,0.0,4.0,Small molecule,0.0,True,1.0,True,0.0,ISAVUCONAZONIUM,1.0,MOL,True,False,-ium; -onium,quaternary ammonium derivatives; quaternary ammonium derivatives,-ium; -onium,2013.0,False,CNCC(=O)OCc1cccnc1N(C)C(=O)OC(C)[n+]1cnn(C[C@](O)(c2cc(F)ccc2F)[C@@H](C)c2nc(-c3ccc(C#N)cc3)cs2)c1,717.78,4.58,,,,,,,,,,,No DILI,No DILI,No DILI,2018 Apr 27,,,RSWOJTICKMKTER,0,DILI,True,0.7535871171638544
Isoflurane,,Isoflurane,,,,,,,B,CNS,"Anesthetic, general",CHEMBL1256,N01AB06,1.0,0.0,6015.0,0.0,0.0,True,1979.0,0.0,,Anesthetic (inhalation),0.0,4.0,Small molecule,0.0,False,0.0,False,0.0,ISOFLURANE,0.0,MOL,True,True,-flurane,general inhalation anesthetics (halogenated alkane derivatives),-flurane,1972.0,False,FC(F)OC(Cl)C(F)(F)F,184.49,2.35,,,,,,,,,,,DILI (likely),DILI,Likely,2018 Jan 1,,"Hepatitis, CYP, Immune-mediated",PIWKPBJCKXDKJR,1,DILI,True,0.6985247473099536
Isosorbide mononitrate,,Isosorbide mononitrate,,,,,,,E,Cardiovascular,Angina,CHEMBL1311,C01DA14,1.0,0.0,6062.0,0.0,1.0,True,1991.0,0.0,,Vasodilator (coronary),0.0,4.0,Small molecule,1.0,True,0.0,False,0.0,ISOSORBIDE MONONITRATE,1.0,MOL,True,False,,,,1988.0,False,O=[N+]([O-])O[C@@H]1CO[C@H]2[C@@H]1OC[C@@H]2O,191.14,-1.28,,,,,,Others,Others,"Isosorbide mononitrate (Elantan, Monoket, Mononit, Imdur, Corangin) is a Nitrate Vasodilator, dilating the blood vessels so as to reduce the blood pressure.",16051-77-7,198.81,No DILI,No DILI,No DILI,,,,YWXYYJSYQOXTPL,0,No DILI,False,0.5250195685136951
Istradefylline,,Istradefylline,,,,,,,E,CNS,Parkinson disease,CHEMBL431770,N04CX01,1.0,0.0,,0.0,2.0,True,2013.0,1.0,,,0.0,4.0,Small molecule,1.0,True,0.0,False,0.0,ISTRADEFYLLINE,0.0,MOL,True,False,-fylline,theophylline derivatives,-fylline,2003.0,False,CCn1c(=O)c2c(nc(/C=C/c3ccc(OC)c(OC)c3)n2C)n(CC)c1=O,384.44,2.12,,,,,,Adenosine Receptor,GPCR & G Protein,Istradefylline (KW-6002) is a selective adenosine A2A receptor (A2AR) antagonist with Ki of 2.2 nM. Phase 3.,155270-99-8,15.61,No DILI,No DILI,No DILI,2021 Oct 18,,,IQVRBWUUXZMOPW,0,DILI,True,0.6968973593520251
Ivabradine,,Ivabradine,,,,,,,E,Cardiovascular,Heart failure,CHEMBL471737,C01EB17,1.0,0.0,85966.0,0.0,1.0,True,2015.0,1.0,,,0.0,4.0,Small molecule,1.0,True,0.0,False,0.0,IVABRADINE,0.0,MOL,True,False,,,,2014.0,False,COc1cc2c(cc1OC)CC(=O)N(CCCN(C)C[C@H]1Cc3cc(OC)c(OC)cc31)CC2,468.59,3.31,,,,,,,,,,,No DILI,No DILI,No DILI,2017 Apr 20,,,ACRHBAYQBXXRTO,0,No DILI,False,0.5538806199450983
Ivosidenib,,Ivosidenib,,,,,,,E*,Antineoplastic,Acute Myelogenous Leukemia,CHEMBL3989958,L01XX62,1.0,1.0,,0.0,1.0,True,2018.0,1.0,,,0.0,4.0,Small molecule,0.0,True,0.0,False,0.0,IVOSIDENIB,0.0,MOL,True,False,-sidenib,mutated isocitrate dehydrogenase (IDH) inhibitors,-sidenib,2017.0,False,N#Cc1ccnc(N2C(=O)CC[C@H]2C(=O)N(c2cncc(F)c2)[C@H](C(=O)NC2CC(F)(F)C2)c2ccccc2Cl)c1,582.97,4.32,carcinogenicity,United States,,Black Box Warning,,Dehydrogenase,Metabolism,"Ivosidenib (AG-120) is an orally available inhibitor of isocitrate dehydrogenase type 1 (IDH1), with potential antineoplastic activity.",1448347-49-6,171.54,No DILI,No DILI,No DILI,2024 Jan 6,,,WIJZXSAJMHAVGX,0,DILI,True,0.790851511175921
Ixazomib,,Ixazomib,,,,,,,E*,Antineoplastic,Multiple myeloma,CHEMBL2141296,L01XG03,-1.0,0.0,,0.0,1.0,True,,0.0,,,0.0,4.0,Small molecule,1.0,False,0.0,False,0.0,IXAZOMIB,0.0,MOL,True,False,-zomib,proteozome inhibitors,-zomib,2011.0,False,CC(C)C[C@H](NC(=O)CNC(=O)c1cc(Cl)ccc1Cl)B(O)O,361.03,,,,,,,"Autophagy,Proteasome",Proteases,"Ixazomib (MLN2238) inhibits the chymotrypsin-like proteolytic (β5) site of the 20S proteasome with IC50 and Ki of 3.4 nM and 0.93 nM in cell-free assays, respectively, also inhibits the caspase-like (β1) and trypsin-like (β2) proteolytic sites, with IC50 of 31 and 3500 nM. Ixazomib (MLN2238) induces autophagy. Phase 3.",1072833-77-2,199.43,No DILI,No DILI,No DILI,2017 Jun 1,,,MXAYKZJJDUDWDS,0,DILI,True,0.6466425911875636
Larotrectinib,,Larotrectinib,,,,,,,E*,Antineoplastic,NTRK cancer,CHEMBL3889654,L01EX12,1.0,0.0,,1.0,1.0,True,2018.0,1.0,,,0.0,4.0,Small molecule,0.0,True,0.0,False,0.0,LAROTRECTINIB,0.0,MOL,True,False,-tinib,tyrosine kinase inhibitors: tropomyosin receptor kinase (TRK) inhibitors,-tinib (-trectinib),2016.0,False,O=C(Nc1cnn2ccc(N3CCC[C@@H]3c3cc(F)ccc3F)nc12)N1CC[C@H](O)C1,428.44,2.95,,,,,,"Apoptosis related,Trk receptor",Protein Tyrosine Kinase,"Larotrectinib sulfate (LOXO-101, ARRY-470) is an oral potent and selective ATP-competitive inhibitor of tropomyosin receptor kinases (TRK). Larotrectinib inhibition of TRKs induces cellular apoptosis and G1 cell-cycle arrest.",1223405-08-0,189.93,No DILI,No DILI,No DILI,2019 Apr 15,,,NYNZQNWKBKUAII,0,DILI,True,0.8093401247172165
Lasmiditan,,Lasmiditan,,,,,,,E,CNS,Migraine,CHEMBL3039520,N02CC08,1.0,0.0,,0.0,2.0,False,2020.0,1.0,,,0.0,4.0,Small molecule,0.0,True,0.0,False,0.0,LASMIDITAN,0.0,MOL,True,False,-ditan,"antimigraine, serotonin 5-HT1 receptor agonists",-ditan,2012.0,False,CN1CCC(C(=O)c2cccc(NC(=O)c3c(F)cc(F)cc3F)n2)CC1,377.37,3.28,,,,,,,,,,,No DILI,No DILI,No DILI,2021 Jul 20,,,XEDHVZKDSYZQBF,0,DILI,True,0.8398682767619516
Ledipasvir,,Ledipasvir,,,,,,,A,Antimicrobial,Antiviral: HCV,CHEMBL2374220,,1.0,0.0,85089.0,0.0,1.0,True,2014.0,1.0,,,0.0,4.0,Small molecule,0.0,True,0.0,False,0.0,LEDIPASVIR,0.0,MOL,True,False,-vir,antivirals: nonstructural protein 5A (NS5A) inhibitors,-vir (-asvir),2012.0,False,COC(=O)N[C@H](C(=O)N1CC2(CC2)C[C@H]1c1nc(-c2ccc3c(c2)C(F)(F)c2cc(-c4ccc5[nH]c([C@@H]6[C@H]7CC[C@H](C7)N6C(=O)[C@@H](NC(=O)OC)C(C)C)nc5c4)ccc2-3)c[nH]1)C(C)C,889.02,8.61,,,,,,"COVID-19,HCV Protease",Microbiology,"Ledipasvir (GS5885) is a HCV NS5A polymerase inhibitor, used for the treatment of hepatitis C virus infection.",1256388-51-8,112.49,DILI (known),DILI,Known,,,,VRTWBAAJJOHBQU,1,No DILI,False,0.6070279611103218
Lefamulin,,Lefamulin,,,,,,,E,Antimicrobiial,Pneumonia,CHEMBL3291398,J01XX12,1.0,0.0,,0.0,1.0,False,2019.0,0.0,,,0.0,4.0,Small molecule,1.0,True,0.0,True,0.0,LEFAMULIN,0.0,MOL,True,False,-mulin,"antibacterials, pleuromulin derivatives",-mulin,2014.0,False,C=C[C@]1(C)C[C@@H](OC(=O)CS[C@@H]2CC[C@@H](N)C[C@H]2O)[C@]2(C)[C@H](C)CC[C@]3(CCC(=O)[C@H]32)[C@@H](C)[C@@H]1O,507.74,3.87,,,,,,,,,,,No DILI,No DILI,No DILI,2019 Oct 18,,,KPVIXBKIJXZQJX,0,No DILI,False,0.6001934440183123
Lemborexant,,Lemborexant,,,,,,,E,CNS,Insomnia,CHEMBL3545367,N05CM21,1.0,0.0,,0.0,1.0,True,2020.0,0.0,,,0.0,4.0,Small molecule,0.0,True,0.0,False,0.0,LEMBOREXANT,0.0,MOL,True,False,,,,2014.0,False,Cc1ncc(OC[C@@]2(c3cccc(F)c3)C[C@H]2C(=O)Nc2ccc(F)cn2)c(C)n1,410.42,3.74,,,,,,,,,,,No DILI,No DILI,No DILI,2025 Feb 5,,,MUGXRYIUWFITCP,0,DILI,True,0.8504539622552373
Leniolisib,,Leniolisib,,,,,,,E,Genetic,APDS syndrome,CHEMBL3643413,,1.0,0.0,,1.0,1.0,False,2023.0,0.0,,,0.0,4.0,Small molecule,0.0,True,0.0,False,0.0,LENIOLISIB,0.0,MOL,True,False,-lisib,phosphatidylinositol 3-kinase (PI3K) inhibitors,-lisib,2016.0,False,CCC(=O)N1CC[C@H](Nc2ncnc3c2CN(c2cnc(OC)c(C(F)(F)F)c2)CC3)C1,450.47,2.88,,,,,,PI3K,PI3K/Akt/mTOR,"Leniolisib (CDZ 173) is a potent PI3Kδ selective inhibitor with biochemical IC50 values of 0.244, 0.424, 2.23 and 0.011 μM for PI3Kα, PI3Kβ, PI3Kγ and PI3Kδ, respectively.",1354690-24-6,199.8,No DILI,No DILI,No DILI,2024 Jul 21,,,MWKYMZXCGYXLPL,0,DILI,True,0.7325934882909655
Lesinurad,,Lesinurad,,,,,,,E,Rheumatologic,Gout,CHEMBL2105720,M04AB05,1.0,1.0,,0.0,2.0,True,2015.0,0.0,,,0.0,4.0,Small molecule,1.0,True,0.0,False,0.0,LESINURAD,0.0,MOL,True,False,-inurad,urate transporter inhibitors,-inurad,2010.0,False,O=C(O)CSc1nnc(Br)n1-c1ccc(C2CC2)c2ccccc12,404.29,4.24,,United States,,Black Box Warning,,OAT,Transmembrane Transporters,"Lesinurad (RDEA-594) is a selective uric acid reabsorption inhibitor (SURI) under investigation for treatment of gout in combination with xanthine oxidase inhibitors. Lesinurad is a URAT1 and OAT inhibitor, is determined to be a substrate for the kidney transporters OAT1 and OAT3 with Km values of 0.85 and 2 µM, respectively.",878672-00-5,197.88,No DILI,No DILI,No DILI,2019 May 1,,,FGQFOYHRJSUHMR,0,DILI,True,0.782587085236229
Letermovir,,Letermovir,,,,,,,E,Antimicrobial,CMV,CHEMBL1241951,J05AX18,1.0,0.0,,0.0,1.0,True,2017.0,1.0,,,0.0,4.0,Small molecule,0.0,True,1.0,True,0.0,LETERMOVIR,0.0,MOL,True,False,-vir,antivirals,-vir,2014.0,False,COc1cccc(N2CCN(C3=Nc4c(F)cccc4[C@H](CC(=O)O)N3c3cc(C(F)(F)F)ccc3OC)CC2)c1,572.56,5.71,,,,,,CMV,Microbiology,"Letermovir (AIC246, MK-8228) is a novel anti-CMV compound which targets the viral terminase complex and remains active against virus resistant to DNA polymerase inhibitors.",917389-32-3,174.66,No DILI,No DILI,No DILI,2019 Apr 10,,,FWYSMLBETOMXAG,0,DILI,True,0.7312806672255722
Linaclotide,,Linaclotide,,,,,,,E,Gastrointestinal,Irritable bowel syndrome,CHEMBL3301675,A06AX04,1.0,1.0,68551.0,0.0,1.0,True,2012.0,1.0,"PEPTIDE1{C.C.E.Y.C.C.N.P.A.C.T.G.C.Y}$PEPTIDE1,PEPTIDE1,10:R3-2:R3|PEPTIDE1,PEPTIDE1,6:R3-1:R3|PEPTIDE1,PEPTIDE1,13:R3-5:R3$$$",,0.0,4.0,Protein,1.0,True,0.0,False,0.0,LINACLOTIDE,0.0,BOTH,True,False,-tide,peptides: gastrointestinal functions; normalizing agent,-tide (-clotide),2005.0,False,C[C@@H]1NC(=O)[C@@H]2CCCN2C(=O)[C@H](CC(N)=O)NC(=O)[C@@H]2CSSC[C@H](N)C(=O)N[C@H]3CSSC[C@H](NC1=O)C(=O)N[C@@H]([C@@H](C)O)C(=O)NCC(=O)N[C@H](C(=O)N[C@@H](Cc1ccc(O)cc1)C(=O)O)CSSC[C@H](NC(=O)[C@H](Cc1ccc(O)cc1)NC(=O)[C@H](CCC(=O)O)NC3=O)C(=O)N2,1526.77,,,United States,,Black Box Warning,,Others,Others,Linaclotide is a potent and selective guanylate cyclase C (GC-C) agonist that elicits pharmacological effects locally in the gastrointestinal tract.,851199-59-2,65.5,No DILI,No DILI,No DILI,2019 May 13,,,KXGCNMMJRFDFNR,0,No DILI,False,0.5490346154278462
Lonafarnib,,Lonafarnib,,,,,,,E*,Antineoplastic,Progeria: HGPS,CHEMBL298734,A16AX20,1.0,0.0,,0.0,1.0,True,2020.0,1.0,,,0.0,4.0,Small molecule,1.0,True,1.0,False,0.0,LONAFARNIB,0.0,MOL,True,False,-farnib,farnesyl transferase inhibitor,-farnib,2002.0,False,NC(=O)N1CCC(CC(=O)N2CCC([C@H]3c4ncc(Br)cc4CCc4cc(Cl)cc(Br)c43)CC2)CC1,638.83,5.91,,,,,,"Ras,Transferase",Metabolism,"Lonafarnib (SCH66336) is an orally bioavailable FPTase inhibitor for H-ras, K-ras-4B and N-ras with IC50 of 1.9 nM, 5.2 nM and 2.8 nM in cell-free assays, respectively. Phase 3.",193275-84-2,198.8,No DILI,No DILI,No DILI,2021 Jan 7,,,DHMTURDWPRKSOA,0,DILI,True,0.66110695445154
Lorcaserin,,Lorcaserin,,,,,,,E,Weight loss agent,Obesity,CHEMBL360328,A08AA11,-2.0,0.0,65353.0,0.0,1.0,False,2012.0,1.0,,,0.0,4.0,Small molecule,1.0,True,0.0,False,0.0,LORCASERIN,0.0,MOL,True,False,-caserin,"serotonin receptor agonists, primarily 5-HT2",-caserin,2005.0,True,C[C@H]1CNCCc2ccc(Cl)cc21,195.69,2.59,carcinogenicity,United States,Carcinogenicity,Withdrawn,carcinogenicity,,,,,,No DILI,No DILI,No DILI,,,,XTTZERNUQAFMOF,0,DILI,True,0.6153945243541253
Lorlatinib,,Lorlatinib,,,,,,,E*,Antineoplastic,NSCLC,CHEMBL3286830,L01ED05,1.0,0.0,,0.0,1.0,True,2018.0,0.0,,,0.0,4.0,Small molecule,0.0,True,0.0,False,0.0,LORLATINIB,0.0,MOL,True,False,-tinib,tyrosine kinase inhibitors,-tinib,2015.0,False,C[C@H]1Oc2cc(cnc2N)-c2c(nn(C)c2C#N)CN(C)C(=O)c2ccc(F)cc21,406.42,2.8,,,,,,,,,,,No DILI,No DILI,No DILI,2019 Apr 15,,,IIXWYSCJSQVBQM,0,DILI,True,0.8121926602386413
Lumacaftor,,Lumacaftor,,,,,,,E*,Genetic,Cystic Fibrosis,CHEMBL2103870,,1.0,0.0,,0.0,2.0,True,2015.0,1.0,,,0.0,4.0,Small molecule,0.0,True,0.0,False,0.0,LUMACAFTOR,0.0,MOL,True,False,-caftor,cystic fibrosis transmembrane regulator (CFTR) protein modulators,-caftor,2011.0,False,Cc1ccc(NC(=O)C2(c3ccc4c(c3)OC(F)(F)O4)CC2)nc1-c1cccc(C(=O)O)c1,452.41,4.75,,,,,,CFTR,Transmembrane Transporters,"Lumacaftor (VX-809, VRT 826809) acts to correct CFTR mutations common in cystic fibrosis by increasing mutant CFTR (F508del-CFTR) maturation,EC50 of 0.1 μM in fisher rat thyroid cells. Phase 3.",936727-05-8,198.93,No DILI,No DILI,No DILI,,,,UFSKUSARDNFIRC,0,DILI,True,0.8506796413791448
Lumateperone,,Lumateperone,,,,,,,E,CNS,"Psychosis, Dementia",CHEMBL3306803,N05AD10,1.0,1.0,,0.0,1.0,True,2019.0,0.0,,,0.0,4.0,Small molecule,0.0,True,0.0,False,0.0,LUMATEPERONE,0.0,MOL,True,False,-perone,antianxiety agents/neuroleptics (4'-fluoro-4-piperidinobutyrophenone derivatives),-perone,2016.0,False,CN1CCN2c3c(cccc31)[C@@H]1CN(CCCC(=O)c3ccc(F)cc3)CC[C@@H]12,393.51,3.92,,United States,,Black Box Warning,,5-HT Receptor,Neuronal Signaling,Lumateperone (ITI-007) is an antagonist of 5-HT2A receptor with Ki of 0.54 nM. It has anticancer activity and can also be used in studies of psychiatric disorders such as schizophrenia.,313368-91-1,200.76,No DILI,No DILI,No DILI,2023 Jun 5,,,HOIIHACBCFLJET,0,DILI,True,0.6131278689780684
Lurasidone,,Lurasidone,,,,,,,E,CNS,Antipsychotic,CHEMBL1237021,N05AE05,1.0,1.0,70735.0,0.0,1.0,False,2010.0,0.0,,,0.0,4.0,Small molecule,1.0,True,0.0,False,0.0,LURASIDONE,0.0,MOL,True,False,-sidone,antipsychotic with binding activity on sertonin (5-HT2A) and dopamine (D2) receptors,-sidone,2005.0,False,O=C1[C@@H]2[C@H]3CC[C@H](C3)[C@@H]2C(=O)N1C[C@@H]1CCCC[C@H]1CN1CCN(c2nsc3ccccc23)CC1,492.69,4.26,,,,,,"5-HT Receptor,Dopamine Receptor",Neuronal Signaling,"Lurasidone (SM-13496) is a second-generation antipsychotic agent that exhibits full antagonism at dopamine D2 and serotonin 5-HT2A receptors with binding affinities Ki = 1 nM and Ki = 0.5 nM, respectively. It also has high affinity for serotonin 5-HT7 receptors (Ki = 0.5 nM), partial agonist activity at 5-HT1A receptors (Ki = 6.4 nM) and lacks affinity for histamine H1 and muscarinic M1 receptors.",367514-87-2,14.21,No DILI,No DILI,No DILI,2023 Jun 10,,,PQXKDMSYBGKCJA,0,No DILI,False,0.5818676592745075
Lusutrombopag,,Lusutrombopag,,,,,,,E*,Hematologic,Thrombocytopenia,CHEMBL2107831,B02BX07,1.0,0.0,,0.0,1.0,True,2018.0,0.0,,,0.0,4.0,Small molecule,1.0,True,0.0,False,0.0,LUSUTROMBOPAG,0.0,MOL,True,False,-trombopag,thrombopoetin agonists,-trombopag,2012.0,False,CCCCCCO[C@@H](C)c1cccc(-c2csc(NC(=O)c3cc(Cl)c(/C=C(\C)C(=O)O)c(Cl)c3)n2)c1OC,591.56,8.52,,,,,,TpoR,Immunology & Inflammation,"Lusutrombopag (Mulpleta, S-888711) is an orally bioavailable thrombopoietin (TPO) receptor agonist being developed for chronic liver disease (CLD).",1110766-97-6,169.05,No DILI,No DILI,No DILI,,,,NOZIJMHMKORZBA,0,DILI,True,0.7714673998942622
Macitentan,,Macitentan,,,,,,,E*,Respiratory,Pulmonary Hypertension,CHEMBL2103873,C02KX04,1.0,1.0,76607.0,0.0,2.0,True,2010.0,0.0,,,0.0,4.0,Small molecule,1.0,True,1.0,False,0.0,MACITENTAN,0.0,MOL,True,False,-entan,endothelin receptor antagonists,-entan,2011.0,False,CCCNS(=O)(=O)Nc1ncnc(OCCOc2ncc(Br)cn2)c1-c1ccc(Br)cc1,588.28,3.57,teratogenicity,United States,,Black Box Warning,,,,,,,No DILI,No DILI,No DILI,2017 Sep 30,,,JGCMEBMXRHSZKX,0,DILI,True,0.7774495437749069
Maralixibat,,Maralixibat,,,,,,,E*,Gastrointestinal,Pruritus of Alagille Syndrome,CHEMBL363392,,1.0,0.0,,0.0,1.0,False,2021.0,0.0,,,0.0,4.0,Small molecule,0.0,True,1.0,False,0.0,MARALIXIBAT,0.0,MOL,True,False,-ixibat,ileal bile acid transporter (IBAT) inhibitors,-ixibat,2016.0,False,CCCCC1(CCCC)CS(=O)(=O)c2ccc(N(C)C)cc2[C@@H](c2ccc(OCc3ccc(C[N+]45CCN(CC4)CC5)cc3)cc2)[C@H]1O,674.97,6.62,,,,,,,,,,,No DILI,No DILI,No DILI,2022 Mar 10,,,STPKWKPURVSAJF,0,No DILI,False,0.5430569493691503
Maribavir,,Maribavir,,,,,,,E,Antimicrobial,Post-transpl refract CMV ,CHEMBL515408,J05AX10,1.0,0.0,,0.0,1.0,True,2021.0,1.0,,,0.0,4.0,Small molecule,1.0,True,1.0,False,0.0,MARIBAVIR,0.0,MOL,True,False,-vir,antivirals,-vir,1998.0,False,CC(C)Nc1nc2cc(Cl)c(Cl)cc2n1[C@H]1O[C@@H](CO)[C@H](O)[C@@H]1O,376.24,1.77,,,,,,,,,,,No DILI,No DILI,No DILI,2022 Nov 14,,,KJFBVJALEQWJBS,0,DILI,True,0.7006851295625609
Menadione,,Menadione,,,,,,,E,HDS: Nutritional Suppl,General health,CHEMBL590,B02BA02,0.0,0.0,28869.0,0.0,2.0,True,,0.0,,Vitamin (prothrombogenic),0.0,4.0,Small molecule,1.0,True,0.0,False,0.0,MENADIONE,0.0,MOL,False,False,,,,,False,CC1=CC(=O)c2ccccc2C1=O,172.18,2.01,,,,,,"CDK,DNA/RNA Synthesis,phosphatase",Metabolism,"Menadione (NSC 4170, Vitamin K3), a fat-soluble compound, is an inhibitor of Cdc25 phosphatase and mitochondrial DNA polymerase γ (pol γ), used as a nutritional supplement.",58-27-5,197.47,No DILI,No DILI,No DILI,,,,MJVAVZPDRWSRRC,0,DILI,True,0.8209456990727111
Mepacrine,,Mepacrine,,,,,,,E*,Antimicrobial,Antimalarial,CHEMBL7568,P01AX05,,0.0,8711.0,0.0,0.0,False,,0.0,,,0.0,2.0,Small molecule,1.0,False,0.0,False,0.0,QUINACRINE,0.0,MOL,False,False,-crine,acridine derivatives,-crine,,False,CCN(CC)CCCC(C)Nc1c2ccc(Cl)cc2nc2ccc(OC)cc12,399.97,5.97,,,,,,,,,,,No DILI,No DILI,No DILI,2017 Feb 1,,,GPKJTRJOBQGKQK,0,DILI,True,0.6839828546243645
Mestranol,,Mestranol,,,,,,,A,Gynecological,Birth control,CHEMBL1201151,,1.0,0.0,6784.0,0.0,1.0,True,1961.0,0.0,,Estrogen,0.0,4.0,Small molecule,1.0,True,0.0,False,0.0,MESTRANOL,1.0,MOL,True,False,-estr-,estrogens,-estr-,1962.0,False,C#C[C@]1(O)CC[C@H]2[C@@H]3CCc4cc(OC)ccc4[C@H]3CC[C@@]21C,310.44,3.92,,,,,,Estrogen/progestogen Receptor,Endocrinology & Hormones,"Mestranol is the 3-methyl ether of ethinyl estradiol, which is a potent estrogen receptor agonist and used as oral contraceptives.",72-33-3,48.32,DILI (known),DILI,Known,,,,IMSSROKUHAOUJS,1,DILI,True,0.7843030825219292
Methandienone,,Methandienone,,,,,,,A,HDS: Anabolic steroid,Body building,CHEMBL1418176,D11AE01; A14AA03,-2.0,0.0,,0.0,1.0,True,,0.0,,,0.0,4.0,Small molecule,1.0,False,0.0,False,0.0,METHANDROSTENOLONE,0.0,MOL,True,False,-andr-; -olone,androgens; steroids (not prednisolone derivatives),-andr-; -olone,,True,C[C@]12C=CC(=O)C=C1CC[C@@H]1[C@@H]2CC[C@@]2(C)[C@H]1CC[C@]2(C)O,300.44,4.05,misuse,France; United States; United Kingdom; Germany,Off-label abuse,Withdrawn,misuse,,,,,,DILI (known),DILI,Known,,,,XWALNWXLMVGSFR,1,DILI,True,0.8579493384067732
Methenamine,,Methenamine,,,,,,,E,Urologic,Bladder symptoms,CHEMBL1201270,J01XX05,1.0,0.0,6824.0,0.0,2.0,False,1967.0,0.0,,Antibacterial (urinary),0.0,4.0,Small molecule,1.0,True,0.0,False,0.0,METHENAMINE,0.0,MOL,True,False,,,,1963.0,False,C1N2CN3CN1CN(C2)C3,140.19,-1.02,,,,,,,,,,,No DILI,No DILI,No DILI,2021 Jan 22,,,VKYKSIONXSXAKP,0,No DILI,False,0.5187993187656152
Methenolone,,Methenolone,,,,,,,A,HDS: Anabolic steroid,Body building,CHEMBL2106880,A14AA04,,0.0,,0.0,1.0,False,,0.0,,Anabolic,0.0,2.0,Small molecule,1.0,False,0.0,False,0.0,METHENOLONE ACETATE,0.0,MOL,False,False,-olone,steroids (not prednisolone derivatives),-olone,1966.0,False,CC(=O)O[C@H]1CC[C@H]2[C@@H]3CC[C@H]4CC(=O)C=C(C)[C@]4(C)[C@H]3CC[C@]12C,344.5,4.7,,,,,,,,,,,DILI (known),DILI,Known,,,,PGAUJQOPTMSERF,1,DILI,True,0.7275950789759792
Mezlocillin,,Mezlocillin,,,,,,,E*,Antimicrobial,Antibacterial,CHEMBL1731,J01CA10,0.0,0.0,6919.0,0.0,1.0,True,1981.0,0.0,,Antibacterial,0.0,4.0,Small molecule,1.0,False,0.0,True,0.0,MEZLOCILLIN,0.0,MOL,True,False,-cillin,penicillins,-cillin,1976.0,False,CC1(C)S[C@@H]2[C@H](NC(=O)[C@H](NC(=O)N3CCN(S(C)(=O)=O)C3=O)c3ccccc3)C(=O)N2[C@H]1C(=O)O,539.59,-0.23,,,,,,,,,,,No DILI,No DILI,No DILI,,,,YPBATNHYBCGSSN,0,DILI,True,0.690552453146935
Midostaurin,,Midostaurin,,,,,,,E*,Antineoplastic,AML/Mastocytosis,CHEMBL608533,L01EX10,1.0,0.0,63452.0,0.0,1.0,True,2017.0,1.0,,,0.0,4.0,Small molecule,1.0,True,1.0,False,0.0,MIDOSTAURIN,0.0,MOL,True,False,,,,2004.0,False,CO[C@@H]1[C@H](N(C)C(=O)c2ccccc2)C[C@H]2O[C@]1(C)n1c3ccccc3c3c4c(c5c6ccccc6n2c5c31)C(=O)NC4,570.65,5.91,,,,,,PKC,Cytoskeletal Signaling,"Midostaurin (pkc412, CGP 41251) is a multi-targeted kinase inhibitor, including PKCα/β/γ, Syk, Flk-1, Akt, PKA, c-Kit, c-Fgr, c-Src, FLT3, PDFRβ and VEGFR1/2 with IC50 ranging from 80-500 nM.",120685-11-2,175.24,No DILI,No DILI,No DILI,2019 Apr 10,,,BMGQWWVMWDBQGC,0,DILI,True,0.6225669895473253
Migalastat,,Migalastat,,,,,,,E,Genetic,Fabry's disease,CHEMBL110458,A16AX14,1.0,0.0,,0.0,1.0,True,2016.0,1.0,,,0.0,4.0,Small molecule,1.0,True,1.0,False,0.0,MIGALASTAT,0.0,MOL,True,False,-stat,enzyme inhibitors,-stat,2005.0,False,OC[C@H]1NC[C@H](O)[C@@H](O)[C@H]1O,163.17,-2.97,,,,,,,,,,,No DILI,No DILI,No DILI,2019 Apr 11,,,LXBIFEVIBLOUGU,0,No DILI,False,0.35472384630085607
Miltefosine,,Miltefosine,,,,,,,E,Antimicrobial,Antileishmaniasis,CHEMBL125,P01CX04,1.0,1.0,75283.0,0.0,0.0,True,2014.0,1.0,,,0.0,4.0,Small molecule,1.0,True,0.0,False,0.0,MILTEFOSINE,0.0,MOL,True,False,-fos-; -fosine,phosphoro-derivatives; cytostatic phospholipid derivatives,-fos-; -fosine,,False,CCCCCCCCCCCCCCCCOP(=O)([O-])OCC[N+](C)(C)C,407.58,5.68,teratogenicity,United States,,Black Box Warning,,Akt,PI3K/Akt/mTOR,"Miltefosine (Hexadecylphosphocholine) inhibits PI3K/Akt activity with ED50 of 17.2 μM and 8.1 μM in carcinoma cell lines A431 and HeLa, first oral drug for Visceral leishmaniasis, effective against both promastigotes and amastigotes.",58066-85-6,,No DILI,No DILI,No DILI,2017 Mar 15,,,PQLXHQMOHUQAKB,0,No DILI,False,0.3781294544846892
Mirabegron,,Mirabegron,,,,,,,E*,Urologic,Bladder symptoms,CHEMBL2095212,G04BD12,1.0,0.0,65349.0,0.0,1.0,True,2012.0,1.0,,,0.0,4.0,Small molecule,1.0,True,0.0,False,0.0,MIRABEGRON,0.0,MOL,True,False,-begron,beta3 adrenoreceptor agonists,-begron,2009.0,False,Nc1nc(CC(=O)Nc2ccc(CCNC[C@H](O)c3ccccc3)cc2)cs1,396.52,2.77,,,,,,Adrenergic Receptor,Neuronal Signaling,Mirabegron (YM 178) is a selective β3-adrenoceptor agonist with EC50 of 22.4 nM.,223673-61-8,199.24,No DILI,No DILI,No DILI,2023 Jul 14,,,PBAPPPCECJKMCM,0,DILI,True,0.7280234652265705
Mobocertinib,,Mobocertinib,,,,,,,E,Antineoplastic,NSCLC with EGF2 exon 20 mt,CHEMBL4650319,L01EB10,1.0,1.0,,0.0,2.0,False,2021.0,0.0,,,0.0,4.0,Small molecule,0.0,True,0.0,False,0.0,MOBOCERTINIB,0.0,MOL,True,False,-tinib,tyrosine kinase inhibitors: epidermal growth factor receptor (EGFR) inhibitors,-tinib (-ertinib),2020.0,False,C=CC(=O)Nc1cc(Nc2ncc(C(=O)OC(C)C)c(-c3cn(C)c4ccccc34)n2)c(OC)cc1N(C)CCN(C)C,585.71,5.08,,,,,,"EGFR,HER2",Protein Tyrosine Kinase,"Mobocertinib (TAK788, AP32788), an investigational TKI, is a potent, selective preclinical inhibitor of epidermal growth factor receptor (EGFR) and HER2 mutations. Mobocertinib (TAK788) is an antineoplastic agent.",1847461-43-1,15.37,No DILI,No DILI,No DILI,2023 Oct 30,,,AZSRSNUQCUDCGG,0,DILI,True,0.6991656727919372
Molnupiravir,,Molnupiravir,,,,,,,E,Antimicrobial,Antiviral: SARS-CoV-2,CHEMBL4650320,J05AB18,,0.0,,0.0,1.0,False,,0.0,,,0.0,3.0,Small molecule,0.0,False,0.0,False,0.0,MOLNUPIRAVIR,1.0,MOL,False,False,-vir,"antivirals: treatments of SARS-CoV-2 infection, inhibiting viral RNA replication",-vir (-piravir),2020.0,False,CC(C)C(=O)OC[C@H]1O[C@@H](n2cc/c(=N\O)[nH]c2=O)[C@H](O)[C@@H]1O,329.31,-1.72,,,,,,"COVID-19,SARS-CoV",Microbiology,"Molnupiravir (EIDD-2801, MK-4482) is an orally bioavailable prodrug of the ribonucleoside analog β-d-N4-hydroxycytidine (NHC; EIDD-1931) with broad-spectrum antiviral activity against SARS-CoV-2, MERS-CoV, SARS-CoV, and the causative agent of COVID-19.",2349386-89-4,200.42,No DILI,No DILI,No DILI,2022 Jan 31,,,HTNPEHXGEKVIHG,0,No DILI,False,0.5726098337456934
Monomethyl fumarate,,Monomethyl fumarate,,,,,,,E*,CNS,Multiple sclerosis,CHEMBL589586,,1.0,0.0,,0.0,2.0,True,2020.0,0.0,,,0.0,4.0,Small molecule,1.0,True,0.0,False,0.0,MONOMETHYL FUMARATE,0.0,MOL,True,False,,,,2018.0,False,COC(=O)/C=C/C(=O)O,130.1,-0.2,,,,,,"Apoptosis related,Autophagy,GPR",GPCR & G Protein,"Monomethyl Fumarate (MMF, Monomethylfumarate, Fumaric acid monomethyl ester, Methyl hydrogen fumarate), the active metabolite of the psoriasis drug Fumaderm, is a potent GPR109A agonist. Monomethyl Fumarate prevents major dysfunctions associated with neurodegenerative diseases: oxidative stress, mitochondrial dysfunction, apoptosis and autophagy.",2756-87-8,199.85,No DILI,No DILI,No DILI,,,,NKHAVTQWNUWKEO,0,No DILI,False,0.5925475585331165
Naldemedine,,Naldemedine,,,,,,,E,Gastrointestinal,Constipation,CHEMBL2105755,A06AH05,1.0,0.0,,0.0,1.0,False,2017.0,0.0,,,0.0,4.0,Small molecule,1.0,True,0.0,False,0.0,NALDEMEDINE,0.0,MOL,True,False,nal-,narcotic agonists/antagonists (normorphine type),nal-,2011.0,False,CC(C)(NC(=O)C1=C(O)[C@@H]2Oc3c(O)ccc4c3[C@@]23CCN(CC2CC2)[C@H](C4)[C@]3(O)C1)c1nc(-c2ccccc2)no1,570.65,3.48,,,,,,,,,,,No DILI,No DILI,No DILI,2019 Apr 15,,,AXQACEQYCPKDMV,0,No DILI,False,0.5996314750627365
Naloxegol,,Naloxegol,,,,,,,E,Gastrointestinal,Constipation,CHEMBL2219418,A06AH03,1.0,0.0,82975.0,0.0,1.0,True,2014.0,0.0,,,0.0,4.0,Small molecule,1.0,True,0.0,False,0.0,NALOXEGOL,0.0,MOL,True,False,nal-,narcotic agonists/antagonists (normorphine type),nal-,2012.0,False,C=CCN1CC[C@]23c4c5ccc(O)c4O[C@H]2[C@@H](OCCOCCOCCOCCOCCOCCOCCOC)CC[C@@]3(O)[C@H]1C5,651.79,1.86,,,,,,,,,,,No DILI,No DILI,No DILI,2020 Mar 24,,,XNKCCCKFOQNXKV,0,No DILI,False,0.44753944572165333
Neratinib,,Neratinib,,,,,,,E*,Antineoplastic,Breast Cancer,CHEMBL180022,L01EH02,1.0,0.0,,0.0,2.0,False,2017.0,0.0,,,0.0,4.0,Small molecule,1.0,True,0.0,False,0.0,NERATINIB,0.0,MOL,True,False,-tinib,tyrosine kinase inhibitors,-tinib,2006.0,False,CCOc1cc2ncc(C#N)c(Nc3ccc(OCc4ccccn4)c(Cl)c3)c2cc1NC(=O)/C=C/CN(C)C,557.05,5.93,,,,,,"EGFR,HER2",Protein Tyrosine Kinase,"Neratinib (HKI-272) is a highly selective HER2 and EGFR inhibitor with IC50 of 59 nM and 92 nM in cell-free assays; weakly inhibits KDR and Src, no significant inhibition to Akt, CDK1/2/4, IKK-2, MK-2, PDK1, c-Raf and c-Met. Phase 3.",698387-09-6,8.98,No DILI,No DILI,No DILI,2018 Oct 20,,,JWNPDZNEKVCWMY,0,DILI,True,0.7837015235208954
Netupitant,,Netupitant,,,,,,,E,Gastrointestinal,Nausea  & Vomiting,CHEMBL206253,,1.0,0.0,85155.0,0.0,2.0,True,2014.0,0.0,,,0.0,4.0,Small molecule,0.0,True,0.0,True,0.0,NETUPITANT,0.0,MOL,True,False,-tant,tachykinin (neurokinin) receptor antagonists: NK1 receptor antagonists,-tant (-pitant),2005.0,False,Cc1ccccc1-c1cc(N2CCN(C)CC2)ncc1N(C)C(=O)C(C)(C)c1cc(C(F)(F)F)cc(C(F)(F)F)c1,578.6,6.79,,,,,,Neurokinin Receptor,Neuronal Signaling,Netupitant (CID6451149) is a selective neurokinin 1 (NK1) receptor antagonist with potential antiemetic activity.,290297-26-6,3.46,No DILI,No DILI,No DILI,,,,WAXQNWCZJDTGBU,0,DILI,True,0.6412415209411706
Niacinamide,,Niacinamide,,,,,,,E,Cardiovascular,Lipid lowering agent,CHEMBL1140,A11HA01,1.0,0.0,17154.0,0.0,2.0,True,,0.0,,Vitamin (enzyme co-factor),0.0,4.0,Small molecule,1.0,True,0.0,True,0.0,NIACINAMIDE,0.0,MOL,False,False,,,,,False,NC(=O)c1cccnc1,122.13,0.18,,,,,,,,,,,No DILI,No DILI,No DILI,,,,DFPAKSUCGFBDDF,0,DILI,True,0.7823765170499984
Nicotine,,Nicotine,,,,,,,E,Substance abuse ,Smoking cessation,CHEMBL3,N07BA01,2.0,0.0,17688.0,0.0,1.0,True,1984.0,0.0,,Smoking Cessation Adjunct,0.0,4.0,Small molecule,1.0,True,0.0,False,0.0,NICOTINE,0.0,MOL,True,True,,,,1985.0,False,CN1CCC[C@H]1c1cccnc1,162.24,1.85,,,,,,,,,,,No DILI,No DILI,No DILI,2020 Mar 25,,,SNICXCGAKADSCV,0,No DILI,False,0.5457241973316632
Nifurtimox,,Nifurtimox,,,,,,,E,Antimicrobial,Chagas disease,CHEMBL290960,P01CC01,1.0,0.0,7566.0,0.0,0.0,True,2020.0,0.0,,,0.0,4.0,Small molecule,1.0,True,0.0,False,0.0,NIFURTIMOX,0.0,MOL,True,False,nifur-,5-nitrofuran derivatives,nifur-,2015.0,False,CC1CS(=O)(=O)CCN1/N=C/c1ccc([N+](=O)[O-])o1,287.3,0.64,,,,,,Anti-infection,Microbiology,Nifurtimox (BAY-2502) is an antiprotozoal agent.,23256-30-6,198.41,No DILI,No DILI,No DILI,2023 Jul 18,,,ARFHIAQFJWUCFH,0,DILI,True,0.7596452154203278
Niraparib,,Niraparib,,,,,,,E*,Antineoplastic,Ovarian Cancer,CHEMBL1094636,L01XK02,1.0,0.0,,1.0,1.0,True,2017.0,1.0,,,0.0,4.0,Small molecule,1.0,True,1.0,False,0.0,NIRAPARIB,0.0,MOL,True,False,-parib,poly-ADP-ribose polymerase inhibitors,-parib,2011.0,False,NC(=O)c1cccc2cn(-c3ccc([C@@H]4CCCNC4)cc3)nc12,320.4,2.59,,,,,,"Apoptosis related,PARP",DNA Damage/DNA Repair,"Niraparib (MK-4827) is a selective inhibitor of PARP1/2 with IC50 of 3.8 nM/2.1 nM, with great activity in cancer cells with mutant BRCA-1 and BRCA-2. It is >330-fold selective against PARP3, V-PARP and Tank1. Niraparib can form PARP–DNA complexes resulting in DNA damage, apoptosis, and cell death. Phase 3.",1038915-60-4,199.76,No DILI,No DILI,No DILI,2017 Jul 20,,,PCHKPVIQAHNQLW,0,DILI,True,0.7747085203514514
Nirmatrelvir,,Nirmatrelvir,,,,,,,E,Antimicrobial,Antiviral: SARS-CoV-2,CHEMBL4802135,,1.0,0.0,,0.0,1.0,True,2023.0,0.0,,,0.0,4.0,Small molecule,0.0,True,0.0,False,0.0,NIRMATRELVIR,0.0,MOL,False,False,-vir,antivirals: inhibitor of COVID 3CL protease,-vir (-trelvir),2021.0,False,CC(C)(C)[C@H](NC(=O)C(F)(F)F)C(=O)N1C[C@H]2[C@@H]([C@H]1C(=O)N[C@H](C#N)C[C@@H]1CCNC1=O)C2(C)C,499.53,1.1,,,,,,"COVID-19,SARS-CoV",Microbiology,"Nirmatrelvir (PF-07321332) is an reversible covalent inhibitor of SARS-CoV-2 main protease (Mpro, also referred to as 3CL protease) with an ki of 3.11 nM. PF-07321332 binds directly to the catalytic cysteine (Cys145) residue of the enzyme.",2628280-40-8,200.19,No DILI,No DILI,No DILI,,,,LIENCHBZNNMNKG,0,No DILI,False,0.602733275440306
Norelgestromin,,Norelgestromin,,,,,,,A,Gynecological,Birth control,CHEMBL1200807,,1.0,0.0,,0.0,1.0,True,2001.0,0.0,,,0.0,4.0,Small molecule,1.0,False,0.0,False,0.0,NORELGESTROMIN,0.0,MOL,True,True,-estr-; -gest-,estrogens; progestins,-estr-; -gest-,2000.0,False,C#C[C@]1(O)CC[C@H]2[C@@H]3CCC4=C/C(=N/O)CC[C@@H]4[C@H]3CC[C@@]21CC,327.47,4.14,,,,,,,,,,,DILI (known),DILI,Known,,,,ISHXLNHNDMZNMC,1,DILI,True,0.7392097139475116
Norgestimate,,Norgestimate,,,,,,,A,Gynecological,Birth control,CHEMBL1200934,,1.0,0.0,50815.0,0.0,1.0,True,1989.0,0.0,,Progestin,0.0,4.0,Small molecule,1.0,True,0.0,False,0.0,NORGESTIMATE,1.0,MOL,True,False,-gest-,progestins,-gest-,1975.0,False,C#C[C@]1(OC(C)=O)CC[C@H]2[C@@H]3CCC4=C/C(=N/O)CC[C@@H]4[C@H]3CC[C@@]21CC,369.51,4.71,,,,,,Estrogen/progestogen Receptor,Endocrinology & Hormones,"Norgestimate, a synthetic progesterone analog, is an orally active progestin with highly selective progestational activity and minimal androgenicity.",35189-28-7,200.27,DILI (known),DILI,Known,,,,KIQQMECNKUGGKA,1,DILI,True,0.651848441268022
Obeticholic acid,,Obeticholic acid,,,,,,,B,Gastrointestinal,Primary biliary cirrhosis,CHEMBL566315,A05AA04,1.0,1.0,,0.0,1.0,True,2016.0,1.0,,,0.0,4.0,Small molecule,1.0,True,1.0,False,0.0,OBETICHOLIC ACID,0.0,MOL,True,False,,,,2008.0,False,CC[C@H]1[C@@H](O)[C@@H]2[C@H](CC[C@]3(C)[C@@H]([C@H](C)CCC(=O)O)CC[C@@H]23)[C@@]2(C)CC[C@@H](O)C[C@@H]12,420.63,5.11,,United States,,Black Box Warning,,"Autophagy,FXR",Metabolism,"Obeticholic Acid (INT-747, 6-ECDCA, 6-Ethylchenodeoxycholic acid) is a potent and selective farnesoid X receptor (FXR) agonist with EC50 of 99 nM. Obeticholic Acid inhibits autophagy. Phase 3.",459789-99-2,199.7,DILI (likely),DILI,Likely,,,,ZXERDUOLZKYMJM,1,No DILI,False,0.5476459598095421
Odevixibat,,Odevixibat,,,,,,,E*,Gastrointestinal,Pruritus of PFIC,CHEMBL4297588,A05AX05,1.0,0.0,,0.0,1.0,False,2021.0,1.0,,,0.0,4.0,Small molecule,0.0,True,1.0,False,0.0,ODEVIXIBAT,0.0,MOL,True,False,-ixibat,ileal bile acid transporter (IBAT) inhibitors,-ixibat,2019.0,False,CCCCC1(CCCC)CN(c2ccccc2)c2cc(SC)c(OCC(=O)N[C@@H](C(=O)N[C@@H](CC)C(=O)O)c3ccc(O)cc3)cc2S(=O)(=O)N1,740.94,5.88,,,,,,,,,,,No DILI,No DILI,No DILI,2022 Mar 10,,,XULSCZPZVQIMFM,0,DILI,True,0.6502836279425681
Olaparib,,Olaparib,,,,,,,E,Antineoplastic,Ovarian cancer,CHEMBL521686,L01XK01,1.0,0.0,83766.0,1.0,2.0,True,2014.0,1.0,,,0.0,4.0,Small molecule,0.0,True,0.0,False,0.0,OLAPARIB,0.0,MOL,True,False,-parib,poly-ADP-ribose polymerase inhibitors,-parib,2013.0,False,O=C(c1cc(Cc2n[nH]c(=O)c3ccccc23)ccc1F)N1CCN(C(=O)C2CC2)CC1,434.47,2.35,,,,,,"Autophagy,Mitophagy,PARP",DNA Damage/DNA Repair,"Olaparib (AZD2281, KU0059436) is a selective inhibitor of PARP1/2 with IC50 of 5 nM/1 nM in cell-free assays, 300-times less effective against tankyrase-1. Olaparib induces significant autophagy that is associated with mitophagy in cells with BRCA mutations.",763113-22-0,197.95,No DILI,No DILI,No DILI,2017 Jun 1,,,FDLYAMZZIXQODN,0,DILI,True,0.7739094829789482
Oliceridine,,Oliceridine,,,,,,,E,Analgesic,Severe pain,CHEMBL2443262,N02AX07,1.0,1.0,,0.0,1.0,True,2020.0,0.0,,,0.0,4.0,Small molecule,0.0,False,0.0,True,0.0,OLICERIDINE,0.0,MOL,True,False,-eridine,analgesics (meperidine type),-eridine,2015.0,False,COc1ccsc1CNCC[C@@]1(c2ccccn2)CCOC2(CCCC2)C1,386.56,4.69,"misuse, respiratory toxicity",United States,,Black Box Warning,,,,,,,No DILI,No DILI,No DILI,2024 Jul 5,,,DMNOVGJWPASQDL,0,No DILI,False,0.6124246729810839
Omadacycline,,Omadacycline,,,,,,,E*,Antimicrobial,"Pneumonia, Skin & Skin St",CHEMBL1689772,J01AA15,1.0,0.0,,0.0,1.0,False,2018.0,0.0,,,0.0,4.0,Small molecule,1.0,True,0.0,True,0.0,OMADACYCLINE,0.0,MOL,True,False,-cycline,antibiotics (tetracycline derivatives),-cycline,2009.0,False,CN(C)c1cc(CNCC(C)(C)C)c(O)c2c1C[C@H]1C[C@H]3[C@H](N(C)C)C(O)=C(C(N)=O)C(=O)[C@@]3(O)C(O)=C1C2=O,556.66,1.32,,,,,,,,,,,No DILI,No DILI,No DILI,2020 Jan 9,,,JEECQCWWSTZDCK,0,No DILI,False,0.5924591554730084
Ombitasvir,,Ombitasvir,,,,,,,B,Antimicrobial,Antiviral: HCV,CHEMBL3127326,,0.0,0.0,85183.0,0.0,1.0,True,2014.0,0.0,,,0.0,4.0,Small molecule,1.0,True,0.0,False,0.0,OMBITASVIR,0.0,MOL,True,False,-vir,antivirals: nonstructural protein 5A (NS5A) inhibitors,-vir (-asvir),2013.0,False,COC(=O)N[C@H](C(=O)N1CCC[C@H]1C(=O)Nc1ccc([C@@H]2CC[C@@H](c3ccc(NC(=O)[C@@H]4CCCN4C(=O)[C@@H](NC(=O)OC)C(C)C)cc3)N2c2ccc(C(C)(C)C)cc2)cc1)C(C)C,894.13,7.69,,,,,,HCV Protease,Proteases,Ombitasvir (ABT-267) is an inhibitor of the HCV non-structural protein 5A with antiviral activity.,1258226-87-7,111.84,DILI (likely),DILI,Likely,,,,PIDFDZJZLOTZTM,1,No DILI,False,0.6012363834281559
Opicapone,,Opicapone,,,,,,,E,CNS,Parkinson disease,CHEMBL1089318,N04BX04,1.0,0.0,,0.0,2.0,True,2020.0,0.0,,,0.0,4.0,Small molecule,1.0,True,0.0,False,0.0,OPICAPONE,0.0,MOL,True,False,-capone,catechol-O-methyltransferase (COMT) inhibitors,-capone,2018.0,False,Cc1c(Cl)c(C)[n+]([O-])c(Cl)c1-c1noc(-c2cc(O)c(O)c([N+](=O)[O-])c2)n1,413.17,3.28,,,,,,Others,Neuronal Signaling,Opicapone(BIA 9-1067) is a potent inhibitor of <b>catechol-O-methyltransferase (COMT)</b> with ED50 values of 1.4 mg⋅kg<sup>−1</sup> in rat erythrocytes. It has the potential to be used in research of Parkinson's disease and motor fluctuations.,923287-50-7,200.885833918242,No DILI,No DILI,No DILI,2021 Oct 25,,,ASOADIZOVZTJSR,0,DILI,True,0.7892306869100116
Orelabrutinib,,Orelabrutinib,,,,,,,,,,CHEMBL4650321,,,0.0,,0.0,2.0,False,,0.0,,,0.0,3.0,Small molecule,0.0,False,0.0,False,0.0,ORELABRUTINIB,0.0,MOL,False,False,-tinib,tyrosine kinase inhibitors: tyrosine kinase inhibitors Bruton's (Btk) inhibitors,-tinib (-brutinib),2021.0,False,C=CC(=O)N1CCC(c2ccc(C(N)=O)c(-c3ccc(Oc4ccccc4)cc3)n2)CC1,427.5,4.53,,,,,,BTK,Angiogenesis,"Orelabrutinib (ICP-022) is a potent, orally active and irreversible inhibitor of Bruton's tyrosine kinase (BTK). Orelabrutinib has potential antineoplastic activity.",1655504-04-3,201.17,DILI (withdrawn),DILI,Withdrawn,,,,MZPVEMOYADUARK,1,DILI,True,0.7488703858468303
Oritavancin,,Oritavancin,,,,,,,E,Antimicrobial,Antibacterial,CHEMBL1688530,J01XA05,1.0,0.0,82699.0,0.0,1.0,False,2014.0,0.0,,,0.0,4.0,Unknown,1.0,False,0.0,True,0.0,ORITAVANCIN,0.0,MOL,True,False,-vancin,vancomycin-related compounds,-vancin,1999.0,False,CN[C@H](CC(C)C)C(=O)N[C@H]1C(=O)N[C@@H](CC(N)=O)C(=O)N[C@H]2C(=O)N[C@H]3C(=O)N[C@H](C(=O)N[C@H](C(=O)O)c4cc(O)cc(O)c4-c4cc3ccc4O)[C@H](O[C@H]3C[C@](C)(N)[C@@H](O)[C@H](C)O3)c3ccc(c(Cl)c3)Oc3cc2cc(c3O[C@@H]2O[C@H](CO)[C@@H](O)[C@H](O)[C@H]2O[C@H]2C[C@](C)(NCc3ccc(-c4ccc(Cl)cc4)cc3)[C@@H](O)[C@H](C)O2)Oc2ccc(cc2Cl)[C@H]1O,1793.12,,,,,,,,,,,,No DILI,No DILI,No DILI,,,,VHFGEBVPHAGQPI,0,No DILI,False,0.6013148515957951
Osilodrostat,,Osilodrostat,,,,,,,E,Endocrine,Cushing's syndrome,CHEMBL3099695,H02CA02,1.0,0.0,,0.0,1.0,False,2020.0,1.0,,,0.0,4.0,Small molecule,0.0,True,1.0,False,0.0,OSILODROSTAT,0.0,MOL,True,False,-stat,enzyme inhibitors: inhibitors of aldosterone synthase,-stat (-drostat),2015.0,False,N#Cc1ccc([C@H]2CCc3cncn32)c(F)c1,227.24,2.43,,,,,,,,,,,No DILI,No DILI,No DILI,2024 May 14,,,USUZGMWDZDXMDG,0,DILI,True,0.8253831267352384
Osimertinib,,Osimertinib,,,,,,,E*,Antineoplastic,Lung cancer,CHEMBL3353410,L01EB04,1.0,0.0,,0.0,2.0,True,2015.0,0.0,,,0.0,4.0,Small molecule,1.0,True,0.0,False,0.0,OSIMERTINIB,0.0,MOL,True,False,-tinib,tyrosine kinase inhibitors: epidermal growth factor receptor (EGFR) inhibitors,-tinib (-ertinib),2015.0,False,C=CC(=O)Nc1cc(Nc2nccc(-c3cn(C)c4ccccc34)n2)c(OC)cc1N(C)CCN(C)C,499.62,4.51,,,,,,EGFR,Protein Tyrosine Kinase,"Osimertinib (AZD9291) is an oral, irreversible, and mutant-selective EGFR inhibitor with IC50 of 12.92, 11.44 and 493.8 nM for Exon 19 deletion EGFR, L858R/T790M EGFR, and WT EGFR in LoVo cells, respectively. Phase 3.",1421373-65-0,198.15,No DILI,No DILI,No DILI,2017 Jun 1,,,DUYJMQONPNNFPI,0,DILI,True,0.6828641611148638
Ospemifene,,Ospemifene,,,,,,,E,Gynecological,Estrogen,CHEMBL2105395,G03XC05,1.0,1.0,73275.0,0.0,2.0,True,2013.0,0.0,,,0.0,4.0,Small molecule,1.0,True,0.0,False,0.0,OSPEMIFENE,0.0,MOL,True,False,-ifene,antiestrogens of the clomifene and tamoxifen groups,-ifene,2006.0,False,OCCOc1ccc(/C(=C(/CCCl)c2ccccc2)c2ccccc2)cc1,378.9,5.65,"neurotoxicity, carcinogenicity, cardiotoxicity, vascular toxicity",United States,,Black Box Warning,,Estrogen/progestogen Receptor,Endocrinology & Hormones,"Ospemifene(FC-1271a) is a non-hormonal selective estrogen receptor modulator (SERM), used for the treatment of dyspareunia.",128607-22-7,197.95,No DILI,No DILI,No DILI,,,,LUMKNAVTFCDUIE,0,DILI,True,0.7444852366798459
Ozanimod,,Ozanimod,,,,,,,E*,CNS,Multiple sclerosis,CHEMBL3707247,L04AA38,1.0,0.0,,0.0,1.0,False,2020.0,0.0,,,0.0,4.0,Small molecule,1.0,True,0.0,False,0.0,OZANIMOD,0.0,MOL,True,False,-imod,immunomodulators,-imod,2015.0,False,CC(C)Oc1ccc(-c2nc(-c3cccc4c3CC[C@@H]4NCCO)no2)cc1C#N,404.47,3.63,,,,,,S1P Receptor,GPCR & G Protein,Ozanimod (RPC1063) is a selective oral S1P Receptor 1 modulator. Phase 3.,1306760-87-1,200.27,No DILI,No DILI,No DILI,2021 Jul 15,,,XRVDGNKRPOAQTN,0,DILI,True,0.8054791733723257
Pacritinib,,Pacritinib,,,,,,,E*,Hematologic,Polycytemia Vera,CHEMBL2035187,L01EJ03,1.0,0.0,,0.0,2.0,False,2022.0,0.0,,,0.0,4.0,Small molecule,1.0,True,0.0,False,0.0,PACRITINIB,0.0,MOL,True,False,-tinib,tyrosine kinase inhibitors,-tinib,2014.0,False,C1=N/C2=N/c3ccc(OCCN4CCCC4)c(c3)COC/C=C/COCc3cccc(c3)C(=C1)N2,472.59,4.47,,,,,,"FLT3,JAK",JAK/STAT,"Pacritinib (SB1518) is a potent and selective inhibitor of Janus Kinase 2 (JAK2) and Fms-Like Tyrosine Kinase-3 (FLT3) with IC50s of 23 and 22 nM in cell-free assays, respectively. Phase 3.",937272-79-2,23.28,No DILI,No DILI,No DILI,2023 Dec 28,,,HWXVIOGONBBTBY,0,DILI,True,0.6689080133949682
Panobinostat,,Panobinostat,,,,,,,E,Antineoplastic,Multiple myeloma,CHEMBL483254,L01XH03,1.0,1.0,85990.0,0.0,2.0,True,2015.0,0.0,,,0.0,4.0,Small molecule,1.0,True,1.0,False,0.0,PANOBINOSTAT,0.0,MOL,True,False,-stat,enzyme inhibitors: histone deacetylase inhibitors,-stat (-inostat),2011.0,False,Cc1[nH]c2ccccc2c1CCNCc1ccc(/C=C/C(=O)NO)cc1,349.43,3.33,,,,,,"Apoptosis related,Autophagy,HDAC,HIV Protease",Epigenetics,"Panobinostat (LBH589, NVP-LBH589) is a novel broad-spectrum HDAC inhibitor with IC50 of 5 nM in a cell-free assay. Panobinostat (LBH589) induces autophagy and apoptosis. Panobinostat effectively disrupts HIV latency in vivo. Phase 3.",404950-80-7,197.46,No DILI,No DILI,No DILI,2020 Sep 25,,,FPOHNWQLNRZRFC,0,DILI,True,0.676411468330119
Pantothenic acid,,Pantothenic acid,,,,,,,E,HDS: Nutritional Suppl,General health,CHEMBL1594,,0.0,0.0,46905.0,0.0,1.0,True,1993.0,0.0,,Vitamin (enzyme co-factor),0.0,4.0,Small molecule,1.0,False,0.0,True,0.0,PANTOTHENIC ACID,0.0,MOL,False,False,,,,,False,CC(C)(CO)[C@@H](O)C(=O)NCCC(=O)O,219.24,-1.04,,,,,,,,,,,No DILI,No DILI,No DILI,,,,GHOKWGTUZJEAQD,0,No DILI,False,0.3996900231562837
Paritaprevir,,Paritaprevir,,,,,,,B,Antimicrobial,Antiviral: HCV,CHEMBL3391662,,0.0,0.0,,0.0,1.0,True,2014.0,0.0,,,0.0,4.0,Small molecule,1.0,True,0.0,False,0.0,PARITAPREVIR,0.0,MOL,True,False,-vir,antivirals: serine protease inhibitors,-vir (-previr),2014.0,False,Cc1cnc(C(=O)N[C@H]2CCCCC/C=C\[C@@H]3C[C@@]3(C(=O)NS(=O)(=O)C3CC3)NC(=O)[C@@H]3C[C@@H](Oc4nc5ccccc5c5ccccc45)CN3C2=O)cn1,765.89,3.64,,,,,,HCV Protease,Proteases,Paritaprevir (ABT-450) is a nonstructural (NS) protein 3/4A protease inhibitor.,1216941-48-8,130.57,DILI (likely),DILI,Likely,,,,UAUIUKWPKRJZJV,1,DILI,True,0.6668488382864547
Pasireotide,,Pasireotide,,,,,,,E*,Endocrine,Cushings syndrome,CHEMBL3349607,H01CB05,1.0,0.0,72312.0,0.0,1.0,False,2012.0,1.0,"PEPTIDE1{[X1776].[Phg].[dW].K.[Tyr(Bzl)].F}$PEPTIDE1,PEPTIDE1,6:R2-1:R1$$$",,0.0,4.0,Protein,1.0,False,1.0,True,0.0,PASIREOTIDE,0.0,BOTH,True,False,-tide,peptides: inhibition of growth hormone release,-tide (-reotide),2011.0,False,NCCCC[C@@H]1NC(=O)[C@@H](Cc2c[nH]c3ccccc23)NC(=O)[C@H](c2ccccc2)NC(=O)[C@@H]2C[C@@H](OC(=O)NCCN)CN2C(=O)[C@H](Cc2ccccc2)NC(=O)[C@H](Cc2ccc(OCc3ccccc3)cc2)NC1=O,1047.23,,,,,,,SSTR,Endocrinology & Hormones,"Pasireotide (SOM230) is a multi-receptor ligand somatostatin analogue with high binding affinity for somatostatin receptor (SSTR) subtypes sst1,2,3 and sst5. It potently suppresses GH, IGF-I and ACTH secretion, indicating potential efficacy in acromegaly and Cushing’s disease.",396091-73-9,95.49,No DILI,No DILI,No DILI,2017 Apr 20,,,VMZMNAABQBOLAK,0,No DILI,False,0.5701005389630992
Pemigatinib,,Pemigatinib,,,,,,,E*,Antineoplastic,"Cholangioca, FGFR2 fusion",CHEMBL4297522,L01EN02,1.0,0.0,,0.0,2.0,True,2020.0,0.0,,,0.0,4.0,Small molecule,0.0,True,1.0,False,0.0,PEMIGATINIB,0.0,MOL,True,False,-tinib,tyrosine kinase inhibitors,-tinib,2018.0,False,CCN1C(=O)N(c2c(F)c(OC)cc(OC)c2F)Cc2cnc3[nH]c(CN4CCOCC4)cc3c21,487.51,3.66,,,,,,FGFR,Angiogenesis,"Pemigatinib (INCB054828, Pemazyre) is an orally active and selective inhibitor of FGFR with IC50 of 0.4 nM, 0.5 nM, 1.2 nM and 30 nM for FGFR1, FGFR2, FGFR3 and FGFR4, respectively. Pemigatinib has the potential for cholangiocarcinoma.",1513857-77-6,82.05,No DILI,No DILI,No DILI,2022 Nov 30,,,HCDMJFOHIXMBOV,0,DILI,True,0.6874766323605658
Perampanel,,Perampanel,,,,,,,E,CNS,Anticonvulsant,CHEMBL1214124,N03AX22,1.0,1.0,71013.0,0.0,2.0,True,2012.0,1.0,,,0.0,4.0,Small molecule,1.0,True,0.0,False,0.0,PERAMPANEL,0.0,MOL,True,False,-ampa-,ionotropic non-NMDA (N-methyl D-aspartate) glutamate receptors [AMPA (alpha-amino-3-hydroxy-5-methyl-4-isoxazolepropionic acid receptor) and/or KA (kainite antagonist) receptors]: antagonists,-ampa- (-ampanel),2006.0,False,N#Cc1ccccc1-c1cc(-c2ccccn2)cn(-c2ccccc2)c1=O,349.39,4.44,,,,,,,,,,,No DILI,No DILI,No DILI,2016 May 4,,,PRMWGUBFXWROHD,0,DILI,True,0.7957213982252673
Pexidartinib,,Pexidartinib,,,,,,,B,Antineoplastic,Tenosynovial giant cell tumor,CHEMBL3813873,L01EX15,1.0,1.0,,1.0,2.0,False,2019.0,1.0,,,0.0,4.0,Small molecule,0.0,True,0.0,False,0.0,PEXIDARTINIB,0.0,MOL,True,False,-tinib,tyrosine kinase inhibitors,-tinib,2017.0,False,FC(F)(F)c1ccc(CNc2ccc(Cc3c[nH]c4ncc(Cl)cc34)cn2)cn1,417.82,5.23,,,,,,"Apoptosis related,c-Kit,CSF-1R,FLT3",Protein Tyrosine Kinase,"Pexidartinib (PLX3397) is an oral, potent multi-targeted receptor tyrosine kinase inhibitor of CSF-1R, Kit (c-Kit), and FLT3 with IC50 of 20 nM, 10 nM and 160 nM, respectively. Pexidartinib (PLX3397) induces apoptosis and necrosis with antitumor activity. Phase 3.",1029044-16-3,198.65,DILI (likely),DILI,Likely,2019 Oct 10,,"CYP, Cholestasis/Biliary, Hypersensitivity",JGWRKYUXBBNENE,1,DILI,True,0.7856834774506134
Pheniramine,,Pheniramine,,,,,,,E,Respiratory,Allergy symptoms,CHEMBL1193,D04AA16; R06AB05,2.0,0.0,,0.0,0.0,False,1994.0,0.0,,,0.0,4.0,Small molecule,1.0,False,0.0,False,0.0,PHENIRAMINE,0.0,MOL,True,True,,,,1988.0,False,CN(C)CCC(c1ccccc1)c1ccccn1,240.35,3.17,,,,,,,,,,,No DILI,No DILI,No DILI,,,,IJHNSHDBIRRJRN,0,No DILI,False,0.5000077156280314
Phenolphthalein,,Phenolphthalein,,,,,,,E,Gastrointestinal,Laxative,CHEMBL63857,A06AB04,-2.0,0.0,34914.0,0.0,2.0,True,,0.0,,Laxative,0.0,4.0,Small molecule,1.0,False,0.0,False,0.0,PHENOLPHTHALEIN,0.0,MOL,False,False,,,,,True,O=C1OC(c2ccc(O)cc2)(c2ccc(O)cc2)c2ccccc21,318.33,3.56,carcinogenicity,Oman; Canada; Saudi Arabia,May cause cancer,Withdrawn,carcinogenicity,Dyes,Others,Phenolphthalein (Phthalimetten) is an acid-base pH indicator.,77-09-8,197.91,No DILI,No DILI,No DILI,,,,KJFMBFZCATUALV,0,DILI,True,0.7922228998773001
Phenylbutyrate,,Phenylbutyrate,,,,,,,E,Genetic,Urea cycle disorders,CHEMBL1469,,1.0,0.0,41500.0,0.0,2.0,False,1996.0,0.0,,Antihyperammonemic,0.0,4.0,Small molecule,1.0,True,0.0,False,0.0,PHENYLBUTANOIC ACID,1.0,MOL,True,False,,,,1995.0,False,O=C(O)CCCc1ccccc1,164.2,2.09,,,,,,,,,,,No DILI,No DILI,No DILI,,,,OBKXEAXTFZPCHS,0,DILI,True,0.6771827936588318
Phenyltoloxamine,,Phenyltoloxamine,,,,,,,E,Respiratory,Allergy symptoms,CHEMBL186720,,,0.0,,0.0,2.0,False,,0.0,,,0.0,2.0,Small molecule,1.0,False,0.0,False,0.0,PHENYLTOLOXAMINE,0.0,MOL,False,False,,,,,False,CN(C)CCOc1ccccc1Cc1ccccc1,255.36,3.22,,,,,,,,,,,No DILI,No DILI,No DILI,,,,IZRPKIZLIFYYKR,0,No DILI,False,0.5110010111616187
Pimavanserin,,Pimavanserin,,,,,,,E,CNS,Antipsychotic,CHEMBL2111101,N05AX17,1.0,1.0,,0.0,2.0,False,2016.0,0.0,,,0.0,4.0,Small molecule,0.0,True,0.0,False,0.0,PIMAVANSERIN,0.0,MOL,True,False,-anserin,serotonin 5-HT2 receptor antagonists,-anserin,2005.0,False,CC(C)COc1ccc(CNC(=O)N(Cc2ccc(F)cc2)C2CCN(C)CC2)cc1,427.56,4.67,,,,,,,,,,,No DILI,No DILI,No DILI,2023 Jun 10,,,RKEWSXXUOLRFBX,0,No DILI,False,0.5947612343197693
Pirbuterol,,Pirbuterol,,,,,,,E,Respiratory,Bronchodilation,CHEMBL1094966,R03CC07; R03AC08,1.0,0.0,8245.0,0.0,0.0,False,1986.0,0.0,,Bronchodilator,0.0,4.0,Small molecule,1.0,False,0.0,False,0.0,PIRBUTEROL,0.0,MOL,True,True,-terol,bronchodilators (phenethylamine derivatives),-terol,1973.0,False,CC(C)(C)NCC(O)c1ccc(O)c(CO)n1,240.3,0.7,,,,,,,,,,,No DILI,No DILI,No DILI,,,,VQDBNKDJNJQRDG,0,No DILI,False,0.3403956194816635
Pirtobrutinib,,Pirtobrutinib,,,,,,,E,Antineoplastic,"CLL, Mantle Cell Lymphoma",CHEMBL4650485,,1.0,0.0,,0.0,1.0,True,2023.0,0.0,,,0.0,4.0,Small molecule,0.0,True,0.0,False,0.0,PIRTOBRUTINIB,0.0,MOL,True,False,-tinib,tyrosine kinase inhibitors: tyrosine kinase inhibitors Bruton's (Btk) inhibitors,-tinib (-brutinib),2021.0,False,COc1ccc(F)cc1C(=O)NCc1ccc(-c2nn([C@@H](C)C(F)(F)F)c(N)c2C(N)=O)cc1,479.43,3.43,,,,,,BTK,Angiogenesis,"Pirtobrutinib (LOXO-305, LY 3527727, RXC-005) is a highly selective, non-covalent, next generation BTK inhibitor with an IC50 of 5.69 nM in WT BTK HEK cells. Pirtobrutinib shows more than 300-fold selective for BTK over 98% of 370 other kinases.",2101700-15-4,200.24,No DILI,No DILI,No DILI,2024 Jul 15,,,FWZAWAUZXYCBKZ,0,DILI,True,0.7884829922568221
Pitolisant,,Pitolisant,,,,,,,E,CNS,"Narcolepsy, sleepiness",CHEMBL462605,N07XX11,1.0,0.0,,0.0,2.0,False,2019.0,1.0,,,0.0,4.0,Small molecule,1.0,True,0.0,False,0.0,PITOLISANT,0.0,MOL,True,False,-isant,histamine H3 receptor antagonists,-isant,2018.0,False,Clc1ccc(CCCOCCCN2CCCCC2)cc1,295.85,4.17,,,,,,,,,,,No DILI,No DILI,No DILI,2021 Aug 18,,,NNACHAUCXXVJSP,0,No DILI,False,0.582469629281123
Plecanatide,,Plecanatide,,,,,,,E,Gastrointestinal,Constipation,CHEMBL2103867,A06AX07,1.0,1.0,,0.0,1.0,True,2017.0,0.0,"PEPTIDE1{N.D.E.C.E.L.C.V.N.V.A.C.T.G.C.L}$PEPTIDE1,PEPTIDE1,12:R3-4:R3|PEPTIDE1,PEPTIDE1,15:R3-7:R3$$$",,0.0,4.0,Protein,1.0,True,0.0,False,0.0,PLECANATIDE,0.0,BOTH,True,False,-tide,peptides,-tide,2010.0,False,CC(C)C[C@H](NC(=O)[C@@H]1CSSC[C@@H]2NC(=O)[C@H](CC(C)C)NC(=O)[C@H](CCC(=O)O)NC(=O)[C@@H](NC(=O)[C@H](CCC(=O)O)NC(=O)[C@H](CC(=O)O)NC(=O)[C@@H](N)CC(N)=O)CSSC[C@H](NC(=O)[C@H](C)NC(=O)[C@H](C(C)C)NC(=O)[C@H](CC(N)=O)NC(=O)[C@H](C(C)C)NC2=O)C(=O)N[C@@H]([C@@H](C)O)C(=O)NCC(=O)N1)C(=O)O,1681.91,,,United States,,Black Box Warning,,,,,,,No DILI,No DILI,No DILI,2019 Apr 16,,,NSPHQWLKCGGCQR,0,No DILI,False,0.5294467322134543
Ponatinib,,Ponatinib,,,,,,,E*,Antineoplastic,Leukemia,CHEMBL1171837,L01EA05,1.0,1.0,78543.0,0.0,2.0,False,2012.0,0.0,,,0.0,4.0,Small molecule,0.0,True,1.0,False,0.0,PONATINIB,0.0,MOL,True,False,-tinib,tyrosine kinase inhibitors,-tinib,2010.0,False,Cc1ccc(C(=O)Nc2ccc(CN3CCN(C)CC3)c(C(F)(F)F)c2)cc1C#Cc1cnc2cccnn12,532.57,4.46,,,,,,"Autophagy,Bcr-Abl,FGFR,PDGFR,Src,VEGFR",Angiogenesis,"Ponatinib (AP24534) is a novel, potent multi-target inhibitor of Abl, PDGFRα, VEGFR2, FGFR1 and Src with IC50 of 0.37 nM, 1.1 nM, 1.5 nM, 2.2 nM and 5.4 nM in cell-free assays, respectively. Ponatinib (AP24534) inhibits autophagy.",943319-70-8,56.33,No DILI,No DILI,No DILI,2020 May 10,,,PHXJVRSECIGDHY,0,DILI,True,0.7514984162249447
Ponesimod,,Ponesimod,,,,,,,E*,CNS,Multiple sclerosis,CHEMBL1096146,L04AA50,1.0,0.0,,0.0,1.0,True,2021.0,0.0,,,0.0,4.0,Small molecule,1.0,True,0.0,False,0.0,PONESIMOD,0.0,MOL,True,False,-imod,immunomodulators,-imod,2015.0,False,CCC/N=C1\S/C(=C\c2ccc(OC[C@H](O)CO)c(Cl)c2)C(=O)N1c1ccccc1C,460.98,4.27,,,,,,S1P Receptor,GPCR & G Protein,"Ponesimod (ACT-128800) is an orally active, selective sphingosine-1-phosphate receptor 1 (S1P1) immunomodulator with EC50 of 5.7 nM.",854107-55-4,199.58,No DILI,No DILI,No DILI,2021 Jul 15,,,LPAUOXUZGSBGDU,0,DILI,True,0.7749508073648843
Pralsetinib,,Pralsetinib,,,,,,,E*,Antineoplastic,RET pos NSCLC,CHEMBL4582651,L01EX23,1.0,0.0,,0.0,1.0,True,2020.0,0.0,,,0.0,4.0,Small molecule,0.0,True,0.0,False,0.0,PRALSETINIB,0.0,MOL,True,False,-tinib,tyrosine kinase inhibitors,-tinib,2019.0,False,CO[C@]1(C(=O)N[C@@H](C)c2ccc(-n3cc(F)cn3)nc2)CC[C@H](c2nc(C)cc(Nc3cc(C)[nH]n3)n2)CC1,533.61,4.2,,,,,,c-RET,Apoptosis,"Pralsetinib (BLU-667, CS 3009, Gavreto) is a highly potent and selective RET (c-RET) inhibitor with an IC50 of 0.4 nM for WT RET. It also demonstrates potent activity (IC50 0.4 nmol/L) against common oncogenic RET alterations, including RET (M918T).",2097132-94-8,187.41,No DILI,No DILI,No DILI,2023 Aug 12,,,GBLBJPZSROAGMF,0,DILI,True,0.7256326915078083
Prilocaine,,Prilocaine,,,,,,,E,CNS,"Anesthetic, local",CHEMBL1194,N01BB04; N01BB54,1.0,0.0,8404.0,0.0,0.0,True,1965.0,0.0,,Anesthetic (local),0.0,4.0,Small molecule,1.0,False,0.0,True,0.0,PRILOCAINE,0.0,MOL,True,True,-caine,local anesthetics,-caine,1966.0,False,CCCNC(C)C(=O)Nc1ccccc1C,220.32,2.32,,,,,,Sodium Channel,Transmembrane Transporters,"Prilocaine (NSC 40027) is a local anesthetic of the amino amide type. It acts on sodium channels on the neuronal cell membrane, limiting the spread of seizure activity and reducing seizure propagation.",721-50-6,199.72,No DILI,No DILI,No DILI,,,,MVFGUOIZUNYYSO,0,No DILI,False,0.4892861636747375
Prucalopride,,Prucalopride,,,,,,,E,Gastrointestinal,Constipation,CHEMBL117287,A06AX05,1.0,0.0,,0.0,2.0,True,2009.0,0.0,,,0.0,4.0,Small molecule,1.0,True,0.0,False,0.0,PRUCALOPRIDE,0.0,MOL,True,False,-pride,sulpride derivatives and analogs,-pride,2011.0,False,COCCCN1CCC(NC(=O)c2cc(Cl)c(N)c3c2OCC3)CC1,367.88,2.09,,,,,,5-HT Receptor,Neuronal Signaling,"Prucalopride (R-93877) is a selective, high affinity 5-HT receptor agonist for 5-HT4A and 5-HT4B receptor with Ki of 2.5 nM and 8 nM, respectively, exhibits >290-fold selectivity against other 5-HT receptor subtypes.",179474-81-8,163.1,No DILI,No DILI,No DILI,2019 Apr 25,,,ZPMNHBXQOOVQJL,0,DILI,True,0.7230527802392812
Quercetin,,Quercetin,,,,,,,E,HDS: Nutritional Suppl,Antioxidant,CHEMBL50,,,0.0,16243.0,0.0,2.0,False,,0.0,,,0.0,3.0,Small molecule,1.0,False,0.0,False,0.0,QUERCETIN,0.0,MOL,False,False,,,,,False,O=c1c(O)c(-c2ccc(O)c(O)c2)oc2cc(O)cc(O)c12,302.24,1.99,,,,,,"Apoptosis related,Autophagy,Mitophagy,PI3K,PKC,Sirtuin,Src",Epigenetics,"Quercetin (NSC 9221, Sophoretin, C.I. 75720), a natural flavonoid present in vegetables, fruit and wine, is a stimulator of recombinant SIRT1 and also a PI3K inhibitor with IC50 of 2.4-5.4 μM. Quercetin induces mitophagy, apoptosis and protective autophagy. Phase 4.",117-39-5,201.83,No DILI,No DILI,No DILI,,,,REFJWTPEDVJJIY,0,DILI,True,0.7615613672562785
Quinupristin,,Quinupristin,,,,,,,E*,Antimicrobial,Antibacterial,CHEMBL1200649,,1.0,0.0,,0.0,1.0,True,1999.0,0.0,,Antibacterial,0.0,4.0,Small molecule,1.0,False,0.0,True,0.0,QUINUPRISTIN,0.0,MOL,True,False,-pris-; -pristin,"steriodal compounds acting on progesterone receptors (excluding-gest- compounds); antibacterials, pristinamycin derivatives",-pris-; -pristin,1993.0,False,CC[C@H]1NC(=O)[C@@H](NC(=O)c2ncccc2O)[C@@H](C)OC(=O)[C@H](c2ccccc2)NC(=O)[C@@H]2CC(=O)[C@H](CS[C@@H]3CN4CCC3CC4)CN2C(=O)[C@H](Cc2ccc(N(C)C)cc2)N(C)C(=O)[C@@H]2CCCN2C1=O,1022.24,,,,,,,Others,Others,"Quinupristin, a streptogramin antibiotic, blocks peptide bond synthesis to prevent the extension of polypeptide chains and promote the detachment of incomplete protein chains in the bacterial ribosomal subunits.",120138-50-3,48.91,No DILI,No DILI,No DILI,,,,WTHRRGMBUAHGNI,0,No DILI,False,0.6007125935583691
Quizartinib,,Quizartinib,,,,,,,E,Antineoplastic,Acute myelogenous leukemia,CHEMBL576982,L01EX11,1.0,1.0,90217.0,1.0,2.0,False,2023.0,0.0,,,0.0,4.0,Small molecule,1.0,True,0.0,False,0.0,QUIZARTINIB,0.0,MOL,True,False,-tinib,tyrosine kinase inhibitors,-tinib,2010.0,False,CC(C)(C)c1cc(NC(=O)Nc2ccc(-c3cn4c(n3)sc3cc(OCCN5CCOCC5)ccc34)cc2)no1,560.68,5.86,,,,,,"Apoptosis related,FLT3,Target Protein Ligand",Angiogenesis,"Quizartinib (AC220) is a second-generation FLT3 inhibitor for Flt3(ITD/WT) with IC50 of 1.1 nM/4.2 nM in MV4-11 and RS4;11 cells, respectively, 10-fold more selective for Flt3 than KIT, PDGFRα, PDGFRβ, RET, and CSF-1R. Quizartinib (AC220) induces apoptosis of tumor cells. Phase 3.",950769-58-1,58.86,No DILI,No DILI,No DILI,2024 Jul 21,,,CVWXJKQAOSCOAB,0,DILI,True,0.7385864482982285
Regorafenib,,Regorafenib,,,,,,,B,Antineoplastic,Colon cancer,CHEMBL1946170,L01EX05,1.0,1.0,68647.0,0.0,2.0,True,2012.0,0.0,,,0.0,4.0,Small molecule,0.0,True,0.0,False,0.0,REGORAFENIB,0.0,MOL,True,False,-rafenib,rapidly accelerated fibrosarcoma (RAF) kinase inhibitors,-rafenib,2011.0,False,CNC(=O)c1cc(Oc2ccc(NC(=O)Nc3ccc(Cl)c(C(F)(F)F)c3)c(F)c2)ccn1,482.82,5.69,,United States,,Black Box Warning,,"Autophagy,c-Kit,c-RET,PDGFR,Raf,VEGFR",Protein Tyrosine Kinase,"Regorafenib (BAY 73-4506,Fluoro-Sorafenib, Resihance, Stivarga) is a multi-target inhibitor for VEGFR1, VEGFR2, VEGFR3, PDGFRβ, Kit (c-Kit), RET (c-RET) and Raf-1 with IC50 of 13 nM/4.2 nM/46 nM, 22 nM, 7 nM, 1.5 nM and 2.5 nM in cell-free assays, respectively. Regorafenib induces autophagy.",755037-03-7,200.9,DILI (likely),DILI,Likely,2018 Jun 6,,"Hepatitis, Necrosis, CYP, Sinusoidal, Cirrhosis, Encephalopathy, Immune-mediated, Hypersensitivity",FNHKPVJBJVTLMP,1,DILI,True,0.828445354645906
Relugolix,,Relugolix,,,,,,,E,Antineoplastic,Prostate cancer,CHEMBL1800159,L02BX04,1.0,0.0,,0.0,2.0,True,2019.0,0.0,,,0.0,4.0,Small molecule,0.0,True,0.0,False,0.0,RELUGOLIX,0.0,MOL,True,False,-golix,gonadotropin releasing hormone (GnRH) receptor antagonists (nonpeptide),-golix,2015.0,False,CONC(=O)Nc1ccc(-c2sc3c(c2CN(C)C)c(=O)n(-c2ccc(OC)nn2)c(=O)n3Cc2c(F)cccc2F)cc1,623.64,3.75,,,,,,GNRH Receptor,Endocrinology & Hormones,"Relugolix (RVT-601, TAK-385) is a selective antagonist of the gonadotropin-releasing hormone receptor (GnRHR) with IC50 of 0.33 nM and 0.32 nM for human GnRHR and monkey GnRHR, respectively.",737789-87-6,97.81,No DILI,No DILI,No DILI,2023 May 28,,,AOMXMOCNKJTRQP,0,DILI,True,0.7793389977558588
Remimazolam,,Remimazolam,,,,,,,E,CNS,Sedation for procedulres,CHEMBL4297526,N05CD14,1.0,1.0,,0.0,1.0,False,2020.0,0.0,,,0.0,4.0,Small molecule,1.0,False,0.0,True,0.0,REMIMAZOLAM,0.0,MOL,True,False,,,,2019.0,False,COC(=O)CC[C@@H]1N=C(c2ccccn2)c2cc(Br)ccc2-n2c(C)cnc21,439.31,4.18,,,,,,,,,,,No DILI,No DILI,No DILI,2023 Jun 22,,,CYHWMBVXXDIZNZ,0,DILI,True,0.7918315450562123
Resveratrol,,Resveratrol,,,,,,,E,HDS: Herbal Product,Aging,CHEMBL165,,,0.0,45713.0,0.0,2.0,False,,0.0,,,0.0,3.0,Small molecule,1.0,False,0.0,False,0.0,RESVERATROL,0.0,MOL,False,False,,,,,False,Oc1ccc(/C=C/c2cc(O)cc(O)c2)cc1,228.25,2.97,,,,,,"AMPK,Apoptosis related,Autophagy,COX,ERK,IκB/IKK,JNK,Lipoxygenase,Mitophagy,Sirtuin,Src,STAT",Autophagy,"Resveratrol (SRT501, trans-Resveratrol) has a wide spectrum of targets including cyclooxygenases(i.e. COX, IC50=1.1 μM), lipooxygenases（LOX, IC50=2.7 μM）, kinases, sirtuins and other proteins. It has anti-cancer, anti-inflammatory, blood-sugar-lowering and other beneficial cardiovascular effects. Resveratrol induces mitophagy/autophagy and autophagy-dependent apoptosis.",501-36-0,197.16,No DILI,No DILI,No DILI,,,,LUKBXSAWLPMMSZ,0,DILI,True,0.7613743962986285
Revefenacin,,Revefenacin,,,,,,,E,Respiratory,COPD,CHEMBL3833319,R03BB08,1.0,0.0,,0.0,2.0,True,2018.0,0.0,,,0.0,4.0,Small molecule,1.0,False,0.0,False,0.0,REVEFENACIN,0.0,MOL,True,True,-fenacin,muscarinic receptor antagonists,-fenacin,2016.0,False,CN(CCN1CCC(OC(=O)Nc2ccccc2-c2ccccc2)CC1)C(=O)c1ccc(CN2CCC(C(N)=O)CC2)cc1,597.76,4.84,,,,,,AChR,Neuronal Signaling,"Revefenacin (TD-4208, GSK-1160724) is a potent, lung-selective, long-acting muscarinic antagonist that may be for the treatment of respiratory disease.",864750-70-9,167.29,No DILI,No DILI,No DILI,,,,FYDWDCIFZSGNBU,0,DILI,True,0.6511822699267424
Rifamycin,,Rifamycin,,,,,,,E,Gastrointestinal,Travelers diarrhea,CHEMBL437765,S02AA12; A07AA13; J04AB03; D06AX15; S01AA16,1.0,0.0,29673.0,0.0,1.0,False,2018.0,0.0,,,0.0,4.0,Small molecule,1.0,True,0.0,False,0.0,RIFAMYCIN,0.0,MOL,True,False,-mycin; rifa-,antibiotics (Streptomyces strain); antibiotics (rifamycin derivatives),-mycin; rifa-,2009.0,False,CO[C@H]1/C=C/O[C@@]2(C)Oc3c(C)c(O)c4c(O)c(cc(O)c4c3C2=O)NC(=O)/C(C)=C\C=C\[C@H](C)[C@H](O)[C@@H](C)[C@@H](O)[C@@H](C)[C@H](OC(C)=O)[C@@H]1C,697.78,4.75,,,,,,,,,,,No DILI,No DILI,No DILI,2019 Apr 11,,,HJYYPODYNSCCOU,0,DILI,True,0.6367303730379938
Rimegepant,,Rimegepant,,,,,,,E,CNS,Migraine treatment,CHEMBL2178422,N02CD06,1.0,0.0,,0.0,1.0,False,2020.0,0.0,,,0.0,4.0,Small molecule,0.0,True,0.0,False,0.0,RIMEGEPANT,0.0,MOL,True,False,-gepant,calcitonin gene-related peptide receptor antagonists,-gepant,2013.0,False,N[C@@H]1c2cccnc2[C@H](OC(=O)N2CCC(n3c(=O)[nH]c4ncccc43)CC2)CC[C@H]1c1cccc(F)c1F,534.57,4.49,,,,,,CGRP Receptor,GPCR & G Protein,"Rimegepant (BMS-927711, BHV-3000) is a potent, selective, competitive human calcitonin gene-related peptide (CGRP) receptor antagonist with ki of 0.027 nM.",1289023-67-1,187.07,No DILI,No DILI,No DILI,2025 Jan 12,,,KRNAOFGYEFKHPB,0,DILI,True,0.740906873138014
Riociguat,,Riociguat,,,,,,,E,Respiratory,Pulmonary Hypertension,CHEMBL2107834,C02KX05,1.0,1.0,76018.0,0.0,2.0,True,2013.0,1.0,,,0.0,4.0,Small molecule,0.0,True,0.0,False,0.0,RIOCIGUAT,0.0,MOL,True,False,-ciguat,guanaline cyclase activators,-ciguat,2012.0,False,COC(=O)N(C)c1c(N)nc(-c2nn(Cc3ccccc3F)c3ncccc23)nc1N,422.42,2.44,teratogenicity,United States,,Black Box Warning,,Guanylate Cyclase,GPCR & G Protein,"Riociguat (BAY 63-2521) is an oral soluble guanylate cyclase (GC) stimulator, used in the treatment of ipulmonary hypertension.",625115-55-1,198.85,No DILI,No DILI,No DILI,2018 Jun 4,,,WXXSNCNJFUAIDG,0,DILI,True,0.8300656645343928
Ripretinib,,Ripretinib,,,,,,,E,Antineoplastic,"GIST, refractory",CHEMBL4216467,L01EX19,1.0,0.0,,0.0,2.0,True,2020.0,0.0,,,0.0,4.0,Small molecule,0.0,True,1.0,False,0.0,RIPRETINIB,0.0,MOL,True,False,-retin-; -tinib,retinol derivatives; tyrosine kinase inhibitors,-retin-; -tinib,2017.0,False,CCn1c(=O)c(-c2cc(NC(=O)Nc3ccccc3)c(F)cc2Br)cc2cnc(NC)cc21,510.37,5.67,,,,,,"c-Kit,PDGFR",Protein Tyrosine Kinase,"DCC-2618 is an orally bioavailable switch pocket control inhibitor of wild-type and mutated forms of the tumor-associated antigens (TAA) mast/stem cell factor receptor (SCFR) Kit (c-Kit) and PDGFR-alpha, with IC50 values of 4 nM, 8 nM, 18 nM, 5 nM and 14 nM for WT Kit (c-Kit), V654A Kit (c-Kit), T670I Kit (c-Kit), D816H Kit (c-Kit) and D816V Kit (c-Kit), respectively.",1442472-39-0,195.94,No DILI,No DILI,No DILI,2023 Oct 12,,,CEFJVGZHQAGLHS,0,DILI,True,0.8273247604950781
Risdiplam,,Risdiplam,,,,,,,E,Genetic,Spinal muscular atrophy,CHEMBL4297528,M09AX10,1.0,0.0,,0.0,2.0,True,2020.0,0.0,,,0.0,4.0,Small molecule,0.0,True,1.0,False,0.0,RISDIPLAM,0.0,MOL,True,False,-plam,survival motor neurin SMN1 and SMN2 splicing modulators,-plam,2018.0,False,Cc1cn2nc(-c3cc(=O)n4cc(N5CCNC6(CC6)C5)ccc4n3)cc(C)c2n1,401.47,1.96,,,,,,,,,,,No DILI,No DILI,No DILI,2024 Jun 15,,,ASKZRYGFUPSJPN,0,DILI,True,0.7119353659613832
Ritlecitinib,,Ritlecitinib,,,,,,,E*,Dermatologic,Alopecia areata,CHEMBL4085457,,1.0,1.0,,0.0,1.0,False,2023.0,0.0,,,0.0,4.0,Small molecule,0.0,True,0.0,False,0.0,RITLECITINIB,0.0,MOL,True,False,-tinib,tyrosine kinase inhibitors: tyrosine kinase inhibitors; janus kinase inhibitors,-tinib (-citinib),,False,C=CC(=O)N1C[C@H](Nc2ncnc3[nH]ccc23)CC[C@@H]1C,285.35,1.94,,,,,,JAK,JAK/STAT,"Ritlecitinib (PF-06651600) is a potent and irreversible JAK3-selective inhibitor with an IC50 of 33.1 nM but without activity (IC50 > 10 000 nM) against JAK1, JAK2, and TYK2.",1792180-81-4,199.76,No DILI,No DILI,No DILI,2024 Mar 25,,,CBRJPFGIXUFMTM,0,DILI,True,0.6747864871865904
Roflumilast,,Roflumilast,,,,,,,E,Respiratory,Asthma,CHEMBL193240,R03DX07,1.0,0.0,47657.0,0.0,2.0,True,2010.0,1.0,,,0.0,4.0,Small molecule,0.0,True,0.0,False,0.0,ROFLUMILAST,0.0,MOL,True,False,-ast,antiasthmatics/antiallergics (not acting primarily as antihistamines): type IV phosphodiesterase,-ast (-milast),2002.0,False,O=C(Nc1c(Cl)cncc1Cl)c1ccc(OC(F)F)c(OCC2CC2)c1,403.21,5.03,,,,,,PDE,Metabolism,"Roflumilast (APTA 2217, B9302-107, BY 217, BYK 20869) is a selective inhibitor of PDE4 with IC50 of 0.2-4.3 nM in a cell-free assay.",162401-32-3,200.89,No DILI,No DILI,No DILI,2018 Jun 4,,,MNDBXUUTURYVHR,0,DILI,True,0.7580295608234074
Rolapitant,,Rolapitant,,,,,,,E,Gastrointestinal,Antiemetic,CHEMBL3707331,A04AD14,1.0,0.0,,0.0,1.0,False,2015.0,0.0,,,0.0,4.0,Small molecule,0.0,True,0.0,False,0.0,ROLAPITANT,0.0,MOL,True,False,-tant,tachykinin (neurokinin) receptor antagonists: NK1 receptor antagonists,-tant (-pitant),2005.0,False,C[C@@H](OC[C@@]1(c2ccccc2)CC[C@]2(CCC(=O)N2)CN1)c1cc(C(F)(F)F)cc(C(F)(F)F)c1,500.48,5.73,,,,,,Neurokinin Receptor,Neuronal Signaling,"Rolapitant (SCH-619734) is a selective and competitive antagonist of human substance P/NK1 receptors with antiemetic activity. It has a high affinity for the human NK1 receptor of 0.66 nM and high selectivity over the human NK2 and NK3 subtypes of >1000-fold, as well as preferential affinity for human, guinea pig, gerbil and monkey NK1 receptors over rat, mouse and rabbit.",552292-08-7,199.81,No DILI,No DILI,No DILI,2024 Mar 1,,,FIVSJYGQAIEMOC,0,DILI,True,0.6229219495000188
Ropivacaine,,Ropivacaine,,,,,,,E,CNS,"Anesthetic, local",CHEMBL1077896,N01BB09,1.0,0.0,8890.0,0.0,1.0,False,1996.0,0.0,,,0.0,4.0,Small molecule,1.0,False,0.0,True,0.0,ROPIVACAINE,0.0,MOL,True,False,-caine,local anesthetics,-caine,,False,CCCN1CCCC[C@H]1C(=O)Nc1c(C)cccc1C,274.41,3.51,,,,,,Others,Others,Ropivacaine is a member of the amino amide class of local anesthetics.,84057-95-4,83.82,No DILI,No DILI,No DILI,,,,ZKMNUMMKYBVTFN,0,DILI,True,0.6359134137140962
Rotigotine,,Rotigotine,,,,,,,E,CNS,Parkinson disease,CHEMBL1303,N04BC09,1.0,0.0,,0.0,1.0,True,2007.0,0.0,,,0.0,4.0,Small molecule,1.0,False,0.0,False,0.0,ROTIGOTINE,0.0,MOL,True,True,,,,2004.0,False,CCCN(CCc1cccs1)[C@H]1CCc2c(O)cccc2C1,315.48,4.27,,,,,,Dopamine Receptor,Neuronal Signaling,"Rotigotine(N-0923) is a dopamine receptor agonist, used in the treatment of Parkinson's disease and restless legs syndrome.",99755-59-6,199.7,No DILI,No DILI,No DILI,2017 Jul 21,,,KFQYTPMOWPVWEJ,0,DILI,True,0.6706592027193937
Rucaparib,,Rucaparib,,,,,,,E*,Antineoplastic,Ovarian Cancer,CHEMBL1173055,L01XK03,1.0,0.0,,0.0,2.0,False,2016.0,0.0,,,0.0,4.0,Small molecule,0.0,True,0.0,False,0.0,RUCAPARIB,0.0,MOL,True,False,-parib,poly-ADP-ribose polymerase inhibitors,-parib,2010.0,False,CNCc1ccc(-c2[nH]c3cc(F)cc4c3c2CCNC4=O)cc1,323.37,2.98,,,,,,PARP,DNA Damage/DNA Repair,"Rucaparib (AG-014699, PF-01367338) is an inhibitor of PARP with Ki of 1.4 nM for PARP1 in a cell-free assay, also showing binding affinity to eight other PARP domains. Phase 3.",459868-92-9,199.35,No DILI,No DILI,No DILI,2017 Jun 1,,,HMABYWSNWIZPAG,0,DILI,True,0.7822572394372952
Safinamide,,Safinamide,,,,,,,E,CNS,Parkinson,CHEMBL396778,N04BD03,1.0,0.0,,0.0,1.0,True,2015.0,0.0,,,0.0,4.0,Small molecule,0.0,True,0.0,False,0.0,SAFINAMIDE,0.0,MOL,True,False,,,,2011.0,False,C[C@H](NCc1ccc(OCc2cccc(F)c2)cc1)C(N)=O,302.35,2.37,,,,,,MAO,Metabolism,"Safinamide (EMD-1195686, PNU-15774E) is an orally active, selective, reversible <v>monoamine oxidase-B inhibitor with both dopaminergic and non-dopaminergic (glutamatergic) properties. The IC50 value of safinamide for MAO-B is 98 nM.",133865-89-1,198.45,No DILI,No DILI,No DILI,2019 Apr 8,,,NEMGRZFTLSKBAP,0,DILI,True,0.7272498797882162
Sarecycline,,Sarecycline,,,,,,,E*,Antimicrobial,Acne,CHEMBL2364632,J01AA14,1.0,0.0,,0.0,1.0,False,2018.0,0.0,,,0.0,4.0,Small molecule,1.0,True,0.0,False,0.0,SARECYCLINE,0.0,MOL,True,False,-cycline,antibiotics (tetracycline derivatives),-cycline,2012.0,False,CON(C)Cc1ccc(O)c2c1C[C@H]1C[C@H]3[C@H](N(C)C)C(O)=C(C(N)=O)C(=O)[C@@]3(O)C(O)=C1C2=O,487.51,0.11,,,,,,,,,,,No DILI,No DILI,No DILI,2019 Apr 10,,,PQJQFLNBMSCUSH,0,DILI,True,0.6416810129227519
Secnidazole,,Secnidazole,,,,,,,E,Antimicrobial,Vaginosis,CHEMBL498847,P01AB07,1.0,0.0,,0.0,0.0,True,2017.0,0.0,,,0.0,4.0,Small molecule,1.0,True,0.0,False,0.0,SECNIDAZOLE,0.0,MOL,True,False,-nidazole,antiprotozoal substances (metronidazole type),-nidazole,2015.0,False,Cc1ncc([N+](=O)[O-])n1CC(C)O,185.18,0.48,,,,,,Anti-infection,Microbiology,"Secnidazole (Flagentyl, PM 185184, RP 14539) is a nitroimidazole anti-infective.",3366-95-8,199.81,No DILI,No DILI,No DILI,2020 Feb 25,,,KPQZUUQMTUIKBP,0,No DILI,False,0.5764344673089714
Seladelpar,,Seladelpar,,,,,,,E*,Gastroenterology,Primary Biliary Cholangitis,CHEMBL230158,,,0.0,,0.0,1.0,False,,0.0,,,0.0,3.0,Small molecule,0.0,False,0.0,False,0.0,SELADELPAR,0.0,MOL,False,False,-delpar,PPAR delta receptor agonists,-delpar,2017.0,False,CCO[C@H](COc1ccc(C(F)(F)F)cc1)CSc1ccc(OCC(=O)O)c(C)c1,444.47,5.05,,,,,,,,,,,No DILI,No DILI,No DILI,2024 Sep 18,,,JWHYSEDOYMYMNM,0,DILI,True,0.789206974375816
Selexipag,,Selexipag,,,,,,,E,Respiratory,Pulmonary hypertension,CHEMBL238804,B01AC27,1.0,0.0,,0.0,2.0,True,2015.0,0.0,,,0.0,4.0,Small molecule,1.0,True,0.0,False,0.0,SELEXIPAG,0.0,MOL,True,False,,,,2011.0,False,CC(C)N(CCCCOCC(=O)NS(C)(=O)=O)c1cnc(-c2ccccc2)c(-c2ccccc2)n1,496.63,3.9,,,,,,Prostaglandin Receptor,Immunology & Inflammation,"Selexipag (NS-304, ACT-293987) is an orally active, first-in-class, selective prostacyclin IP receptor agonist with Ki value of 260 nM for human IP, whereas Ki values > 10,000 nM are measured at the other human G-protein-coupled prostanoid receptors (EP1-4, DP, FP and TP).",475086-01-2,199.35,No DILI,No DILI,No DILI,2016 Nov 10,,,QXWZQTURMXZVHJ,0,DILI,True,0.7319308033349113
Selinexor,,Selinexor,,,,,,,E*,Antineoplastic,Rel/Ref Multiple Myeloma,CHEMBL3545185,L01XX66,1.0,0.0,,0.0,2.0,True,2019.0,1.0,,,0.0,4.0,Small molecule,0.0,True,0.0,False,0.0,SELINEXOR,0.0,MOL,True,False,-nexor,exportin 1 inhibitors,-nexor,2015.0,False,O=C(/C=C\n1cnc(-c2cc(C(F)(F)F)cc(C(F)(F)F)c2)n1)NNc1cnccn1,443.31,3.39,,,,,,CRM1,Transmembrane Transporters,"Selinexor (KPT-330, ATG-010) is an orally bioavailable selective CRM1 inhibitor. Phase 2.",1393477-72-9,198.51,No DILI,No DILI,No DILI,2023 Apr 29,,,DEVSOMFAQLZNKR,0,DILI,True,0.7869013777456535
Selpercatinib,,Selpercatinib,,,,,,,E*,Antineoplastic,"NSCLC, Thyroid: RET",CHEMBL4559134,L01EX22,1.0,0.0,,0.0,2.0,True,2020.0,0.0,,,0.0,4.0,Small molecule,0.0,True,0.0,False,0.0,SELPERCATINIB,0.0,MOL,True,False,-tinib,tyrosine kinase inhibitors,-tinib,2019.0,False,COc1ccc(CN2C3CC2CN(c2ccc(-c4cc(OCC(C)(C)O)cn5ncc(C#N)c45)cn2)C3)cn1,525.61,3.28,,,,,,c-RET,Apoptosis,"Selpercatinib (LOXO-292, ARRY-192) is a potent and specific RET (c-RET) inhibitor with IC50 values of 1 nM, 2 nM, 2 nM, 4 nM, 2 nM, 2 nM for WT RET, RET V804M, RET V804L, RET A883F, RET M918T and RET S891A respectively.",2152628-33-4,47.56,No DILI,No DILI,No DILI,2023 Aug 12,,,XIIOFHFUYBLOLW,0,DILI,True,0.6620081703870218
Selumetinib,,Selumetinib,,,,,,,E*,Antineoplastic,Neurofibromatosis,CHEMBL1614701,L01EE04,1.0,0.0,90227.0,1.0,2.0,False,2020.0,1.0,,,0.0,4.0,Small molecule,0.0,True,1.0,False,0.0,SELUMETINIB,0.0,MOL,True,False,-tinib,tyrosine kinase inhibitors: tyrosine kinase inhibitors; MEK (MAPK kinase) inhibitors,-tinib (-metinib),2009.0,False,Cn1cnc2c(F)c(Nc3ccc(Br)cc3Cl)c(C(=O)NOCCO)cc21,457.69,3.53,,,,,,"Apoptosis related,MEK",MAPK,"Selumetinib (AZD6244, ARRY-142886) is a potent, highly selective MEK inhibitor with IC50 of 14 nM for MEK1 and Kd value of 530 nM for MEK2. It  also inhibits ERK1/2 phosphorylation with IC50 of 10 nM, no inhibition to p38α, MKK6, EGFR, ErbB2, ERK2, B-Raf, etc. Selumetinib suppresses cell proliferation, migration and trigger apoptosis. Phase 3.",606143-52-6,198.83,No DILI,No DILI,No DILI,2021 Jan 21,,,CYOHGALHFOKKQC,0,DILI,True,0.7977702763721483
Setmelanotide,,Setmelanotide,,,,,,,E,Genetic,POMC deficiency; obesity,CHEMBL3301624,A08AA12,1.0,0.0,,0.0,1.0,True,2020.0,1.0,"PEPTIDE1{[ac].R.C.[dA].H.[dF].R.W.C.[am]}$PEPTIDE1,PEPTIDE1,9:R3-3:R3$$$",,0.0,4.0,Protein,1.0,False,1.0,True,0.0,SETMELANOTIDE,0.0,BOTH,True,False,-tide,peptides: melanocortin receptor agonists,-tide (-melanotide),2014.0,False,CC(=O)N[C@@H](CCCNC(=N)N)C(=O)N[C@H]1CSSC[C@@H](C(N)=O)NC(=O)[C@H](Cc2c[nH]c3ccccc23)NC(=O)[C@H](CCCNC(=N)N)NC(=O)[C@@H](Cc2ccccc2)NC(=O)[C@H](Cc2c[nH]cn2)NC(=O)[C@@H](C)NC1=O,1117.33,,,,,,,Melanocortin Receptor,GPCR & G Protein,"Setmelanotide (RM-493, BIM-22493, CAM 4072) is a cyclic peptide full agonist of melanocortin-4 receptor (MC4R) with an EC50 of 0.27 nM and a Ki of 2.1 nM.",920014-72-8,89.5,No DILI,No DILI,No DILI,2024 Jul 5,,,HDHDTKMUACZDAA,0,No DILI,False,0.5211509297182711
Sevoflurane,,Sevoflurane,,,,,,,B,CNS,"Anesthetic, general",CHEMBL1200694,N01AB08,1.0,0.0,9130.0,0.0,2.0,True,1995.0,0.0,,Anesthetic (inhalation),0.0,4.0,Small molecule,0.0,False,0.0,False,0.0,SEVOFLURANE,0.0,MOL,True,True,-flurane,general inhalation anesthetics (halogenated alkane derivatives),-flurane,1971.0,False,FCOC(C(F)(F)F)C(F)(F)F,200.05,2.42,,,,,,,,,,,DILI (likely),DILI,Likely,2018 Jan 1,,"Hepatitis, CYP, Immune-mediated",DFEYYRMXOJXZRJ,1,No DILI,False,0.5679945431425554
Simeprevir,,Simeprevir,,,,,,,B,Antimicrobial,Antiviral: HCV,CHEMBL501849,J05AP05,1.0,1.0,,0.0,1.0,False,2013.0,0.0,,,0.0,4.0,Small molecule,1.0,True,0.0,False,0.0,SIMEPREVIR,0.0,MOL,True,False,-vir,antivirals: serine protease inhibitors,-vir (-previr),2010.0,False,COc1ccc2c(O[C@@H]3C[C@H]4C(=O)N[C@]5(C(=O)NS(=O)(=O)C6CC6)C[C@H]5/C=C\CCCCN(C)C(=O)[C@@H]4C3)cc(-c3nc(C(C)C)cs3)nc2c1C,749.96,5.25,,,,,,HCV Protease,Proteases,"Simeprevir (TMC-435, TMC-435350) is a competitive, reversible, macrocyclic, noncovalent hepatitis C virus (HCV) NS3/4A protease inhibitor that acts directly against the hepatitis C virus. It has a medium inhibitory concentration (IC50) <13 nM for all HCV NS3/4A enzymes(genotypes 1a, 1b, 2, 4, 5, and 6), but has an IC50 value of 37 nM for genotype 3.",923604-59-5,133.34,DILI (likely),DILI,Likely,2022 Feb 7,,"Hepatitis, CYP, Cirrhosis, Immune-mediated, Hypersensitivity",JTZZSQYMACOLNN,1,DILI,True,0.6545579970714608
Siponimod,,Siponimod,,,,,,,E*,CNS,Multiple sclerosis,CHEMBL2336071,L04AA42,1.0,0.0,,0.0,2.0,True,2019.0,0.0,,,0.0,4.0,Small molecule,0.0,True,0.0,False,0.0,SIPONIMOD,0.0,MOL,True,False,-imod,immunomodulators,-imod,2018.0,False,CCc1cc(/C(C)=N/OCc2ccc(C3CCCCC3)c(C(F)(F)F)c2)ccc1CN1CC(C(=O)O)C1,516.6,6.77,,,,,,S1P Receptor,GPCR & G Protein,"BAF312 (Siponimod) is a next-generation S1P receptor agonist, selective for S1P1 and S1P5 receptors with EC50 of 0.39 nM and 0.98 nM, exhibits >1000-fold selectivity over S1P2, S1P3 and S1P4 receptors. Phase 3.",1230487-00-9,193.57,No DILI,No DILI,No DILI,2021 Jul 15,,,KIHYPELVXPAIDH,0,DILI,True,0.67964902448862
Sodium benzoate,,Sodium benzoate,,,,,,,E,Genetic,Hyperammonemia,CHEMBL1356,A16AX11,1.0,0.0,,0.0,2.0,True,1987.0,0.0,,Antihyperammonemic; Pharmaceutic Aid (antifungal agent),0.0,4.0,Small molecule,1.0,True,0.0,True,0.0,SODIUM BENZOATE,0.0,MOL,True,False,,,,1989.0,False,O=C([O-])c1ccccc1.[Na+],144.1,,,,,,,Others,Others,Sodium benzoate (Benzoic acid sodium salt) is a preservative and uesd as a food additive which is bacteriostatic and fungistatic under acidic conditions.,532-32-1,20.82,No DILI,No DILI,No DILI,,,,WXMKPNITSTVMEF,0,DILI,True,0.7664340497774011
Sofosbuvir,,Sofosbuvir,,,,,,,A,Antimicrobial,Antiviral: HCV,CHEMBL1259059,J05AP08,1.0,1.0,85083.0,0.0,1.0,True,2013.0,1.0,,,0.0,4.0,Small molecule,0.0,True,0.0,False,0.0,SOFOSBUVIR,1.0,MOL,True,False,-fos-; -vir,phosphoro-derivatives; antivirals: RNA polymerase (NS5B) inhibitors,-fos-; -vir (-buvir),2012.0,False,CC(C)OC(=O)[C@H](C)N[P@](=O)(OC[C@H]1O[C@@H](n2ccc(=O)[nH]c2=O)[C@](C)(F)[C@@H]1O)Oc1ccccc1,529.46,1.66,,United States,,Black Box Warning,,"DNA/RNA Synthesis,HCV Protease",DNA Damage/DNA Repair,"Sofosbuvir (PSI-7977, GS-7977) is a HCV NS5B polymerase inhibitor for the treatment of chronic hepatitis C virus (HCV) infection.",1190307-88-0,188.88,DILI (known),DILI,Known,2022 Feb 7,,"Hepatitis, CYP, Cirrhosis, Encephalopathy",TTZHDVOVKQGIBA,1,DILI,True,0.7060616386279702
Solriamfetol,,Solriamfetol,,,,,,,E,CNS,"Nacrolepsy, sleepiness",CHEMBL4297212,,1.0,0.0,,0.0,1.0,True,2019.0,0.0,,,0.0,4.0,Small molecule,0.0,True,0.0,False,0.0,SOLRIAMFETOL HYDROCHLORIDE,0.0,MOL,True,False,,,,2017.0,False,Cl.NC(=O)OC[C@H](N)Cc1ccccc1,230.69,0.65,,,,,,,,,,,No DILI,No DILI,No DILI,2021 Aug 18,,,KAOVAAHCFNYXNJ,0,No DILI,False,0.5098752656703984
Somapacitan,,Somapacitan,,,,,,,E,Endocrine,Growth hormone deficiency,CHEMBL3707290,H01AC07,1.0,0.0,,0.0,1.0,True,2020.0,0.0,,,0.0,4.0,Small molecule,0.0,False,1.0,True,0.0,SOMAPACITAN,0.0,MOL,True,False,som-,growth hormone derivatives,som-,2016.0,False,C=C(CCCCCCCCCCCCCCCc1nnn[nH]1)NS(=O)(=O)CCCC(=O)NCCOCCOCC(=O)N[C@@H](CCC(=O)N[C@@H](CCC(=O)NCCOCCOCC(=O)N[C@@H](CCCCNC(=O)CSC[C@H](N)C(=O)O)C(N)=O)C(=O)O)C(=O)O,1308.59,,,,,,,,,,,,No DILI,No DILI,No DILI,2024 Jul 1,,,NAKSIOUBFDBTSW,0,No DILI,False,0.5723567593827689
Sonidegib,,Sonidegib,,,,,,,E*,Antineoplastic,Basal cell cancer,CHEMBL2105737,L01XJ02,1.0,1.0,,0.0,1.0,False,2015.0,0.0,,,0.0,4.0,Small molecule,0.0,True,0.0,False,0.0,SONIDEGIB,0.0,MOL,True,False,-degib,hedgehog signaling inhibitors,-degib,2011.0,False,Cc1c(C(=O)Nc2ccc(N3C[C@@H](C)O[C@@H](C)C3)nc2)cccc1-c1ccc(OC(F)(F)F)cc1,485.51,5.82,,,,,,Hedgehog/Smoothened,Stem Cells & Wnt,"Sonidegib (Erismodegib, NVP-LDE225) is a Smoothened (Smo) antagonist, inhibiting Hedgehog (Hh) signaling with IC50 of 1.3 nM (mouse) and 2.5 nM (human) in cell-free assays, respectively. Phase 3.",956697-53-3,199.79,No DILI,No DILI,No DILI,2017 Jun 1,,,VZZJRYRQSPEMTK,0,DILI,True,0.7816485961715043
Stiripentol,,Stiripentol,,,,,,,E,Genetic,"Hereditary Amyloidosis, neuropathy",CHEMBL1983350,N03AX17,1.0,0.0,,0.0,0.0,True,2007.0,0.0,,Anticonvulsant,0.0,4.0,Small molecule,1.0,True,0.0,False,0.0,STIRIPENTOL,0.0,MOL,True,False,,,,1979.0,False,CC(C)(C)C(O)/C=C/c1ccc2c(c1)OCO2,234.29,2.84,,,,,,P450 (e.g. CYP17),Metabolism,Stiripentol (BCX2600) is a third-generation anti-epileptic drug that enhances GABAergic neurotransmission. It is an inhibitor of cytochrome P450.,49763-96-4,196.34,No DILI,No DILI,No DILI,2019 Apr 10,,,IBLNKMRFIPWSOY,0,No DILI,False,0.6085821125101084
Sulbactam,,Sulbactam,,,,,,,E,Antimicrobial,Antibacterial,CHEMBL403,J01CG01,-1.0,0.0,9321.0,0.0,1.0,False,,0.0,,"Inhibitor (beta-lactamase); Synergist (penicillin/cephalosporin),Synergist (penicillin/cephalosporin); Inhibitor (beta-lactamase)",0.0,4.0,Small molecule,1.0,False,0.0,False,0.0,SULBACTAM,0.0,MOL,True,False,-bactam,beta-lactamase inhibitors,-bactam,,False,CC1(C)[C@H](C(=O)O)N2C(=O)C[C@H]2S1(=O)=O,233.24,-0.79,,,,,,Anti-infection,Microbiology,Sulbactam(CP45899) is a beta-lactamase inhibitor with an average IC50 of 0.8 μM.,68373-14-8,201.51,No DILI,No DILI,No DILI,,,,FKENQMMABCRJMK,0,DILI,True,0.6648327373868564
Sulfamerazine,,Sulfamerazine,,,,,,,A,Antimicrobial,Antibacterial,CHEMBL438,D06BA06; J01ED07,0.0,0.0,102130.0,0.0,2.0,True,1982.0,0.0,,Antibacterial,0.0,4.0,Small molecule,1.0,True,0.0,False,0.0,SULFAMERAZINE,0.0,MOL,True,False,sulfa-,antimicrobials (sulfonamides derivatives),sulfa-,,False,Cc1ccnc(NS(=O)(=O)c2ccc(N)cc2)n1,264.31,1.17,,,,,,Bacterial,Microbiology,"Sulfamerazine (RP 2632,sulphamerazine) is a sulfonamide antibacterial.",127-79-7,200.53,DILI (known),DILI,Known,,,,QPPBRPIAZZHUNT,1,DILI,True,0.8013379322825166
Sulfamethazine,,Sulfamethazine,,,,,,,A,Antimicrobial,Antibacterial,CHEMBL446,J01EB03,0.0,0.0,102265.0,0.0,2.0,True,1949.0,0.0,,Antibacterial,0.0,4.0,Small molecule,1.0,True,0.0,False,0.0,SULFAMETHAZINE,0.0,MOL,True,False,sulfa-,antimicrobials (sulfonamides derivatives),sulfa-,,False,Cc1cc(C)nc(NS(=O)(=O)c2ccc(N)cc2)n1,278.34,1.48,,,,,,Bacterial,Microbiology,"Sulfamethazine(Sulfadimidine,Sulfadimerazine) is a sulfonamide antibacterial.",57-68-1,201.2,DILI (known),DILI,Known,,,,ASWVTGNCAZCNNR,1,DILI,True,0.8040122119657166
Sulfinpyrazone,,Sulfinpyrazone,,,,,,,A,Antimicrobial,Antibacterial,CHEMBL832,M04AB02,0.0,0.0,9342.0,0.0,0.0,True,1959.0,0.0,,Uricosuric,0.0,4.0,Small molecule,1.0,True,0.0,False,0.0,SULFINPYRAZONE,0.0,MOL,True,False,,,,,False,O=C1C(CC[S+]([O-])c2ccccc2)C(=O)N(c2ccccc2)N1c1ccccc1,404.49,3.8,,,,,,,,,,,DILI (known),DILI,Known,,,,MBGGBVCUIVRRBF,1,DILI,True,0.8173006867640719
Sulfisoxazole,,Sulfisoxazole,,,,,,,A,Antimicrobial,Antibacterial,CHEMBL453,J01EB05; S01AB02,0.0,0.0,102484.0,0.0,2.0,True,1971.0,0.0,,Antibacterial,0.0,4.0,Small molecule,1.0,True,0.0,False,0.0,SULFISOXAZOLE,0.0,MOL,True,False,,,,,False,Cc1noc(NS(=O)(=O)c2ccc(N)cc2)c1C,267.31,1.67,,,,,,Bacterial,Microbiology,Sulfisoxazole (NU-445) is a sulfonamide antibacterial with an oxazole substituent.,127-69-5,198.28,DILI (known),DILI,Known,,,,NHUHCSRWZMLRLA,1,DILI,True,0.7889113797169948
Suvorexant,,Suvorexant,,,,,,,E,CNS,Sedative/hypnotic,CHEMBL1083659,N05CM19,1.0,0.0,82698.0,0.0,1.0,True,2014.0,1.0,,,0.0,4.0,Small molecule,1.0,True,0.0,False,0.0,SUVOREXANT,0.0,MOL,True,False,,,,2010.0,False,Cc1ccc(-n2nccn2)c(C(=O)N2CCN(c3nc4cc(Cl)ccc4o3)CC[C@H]2C)c1,450.93,4.11,,,,,,,,,,,No DILI,No DILI,No DILI,2025 Feb 5,,,JYTNQNCOQXFQPK,0,DILI,True,0.7955740833174084
TAK-875,,TAK-875,,,,,,,,,,CHEMBL1829174,,,0.0,,1.0,1.0,False,,0.0,,,0.0,3.0,Small molecule,1.0,False,0.0,False,0.0,FASIGLIFAM,0.0,MOL,False,False,,,,2013.0,False,Cc1cc(OCCCS(C)(=O)=O)cc(C)c1-c1cccc(COc2ccc3c(c2)OC[C@H]3CC(=O)O)c1,524.64,5.31,,,,,,,,,,,DILI (withdrawn),DILI,Withdrawn,,,,BZCALJIHZVNMGJ,1,DILI,True,0.7705842162513565
Tafenoquine,,Tafenoquine,,,,,,,E,Antimicrobial,Malaria,CHEMBL298470,P01BA07,1.0,0.0,,0.0,0.0,False,2018.0,0.0,,,0.0,4.0,Small molecule,0.0,True,0.0,False,0.0,TAFENOQUINE,0.0,MOL,True,False,,,,2012.0,False,COc1cc(C)c2c(Oc3cccc(C(F)(F)F)c3)c(OC)cc(NC(C)CCCN)c2n1,463.5,5.91,,,,,,Anti-infection,Others,"Tafenoquine (WR 238605) is an 8-aminoquinoline, used as an anti-malarial prophylactic agent.",106635-80-7,200.65,No DILI,No DILI,No DILI,2019 Apr 10,,,LBHLFPGPEGDCJG,0,DILI,True,0.7317997836438296
Talazoparib,,Talazoparib,,,,,,,E*,Antineoplastic,"Breast Cancer, HER2-",CHEMBL3137320,L01XK04,1.0,0.0,,1.0,1.0,False,2018.0,0.0,,,0.0,4.0,Small molecule,0.0,True,0.0,False,0.0,TALAZOPARIB,0.0,MOL,True,False,-parib,poly-ADP-ribose polymerase inhibitors,-parib,2014.0,False,Cn1ncnc1[C@H]1c2n[nH]c(=O)c3cc(F)cc(c23)N[C@@H]1c1ccc(F)cc1,380.36,2.63,,,,,,PARP,DNA Damage/DNA Repair,"Talazoparib (BMN 673, LT-673) is a novel PARP inhibitor with IC50 of 0.57 nM for PARP1 in a cell-free assay. It is also a potent inhibitor of PARP-2, but does not inhibit PARG and is highly sensitive to PTEN mutation. Phase 3.",1207456-01-6,99.91,No DILI,No DILI,No DILI,2019 Jan 20,,,HWGQMRYQVZSGDQ,0,DILI,True,0.8139096782188081
Tasimelteon,,Tasimelteon,,,,,,,E,CNS,Sedative/hypnotic,CHEMBL2103822,N05CH03,1.0,0.0,79042.0,0.0,1.0,True,2014.0,0.0,,,0.0,4.0,Small molecule,1.0,True,1.0,False,0.0,TASIMELTEON,0.0,MOL,True,False,-melteon,selective melatonin receptor agonist,-melteon,2007.0,False,CCC(=O)NC[C@@H]1C[C@H]1c1cccc2c1CCO2,245.32,2.25,,,,,,MT Receptor,Neuronal Signaling,"Tasimelteon (BMS 214778, VEC 162) is a selective dual melatonin receptor (MT1/MT2) agonist with 2.1-4.4 times greater affinity for the MT2 receptor believed to mediate circadian rhythm phase-shifting (Ki = 0.0692 nM and Ki = 0.17 nM in NIH-3T3 and CHOeK1 cells, respectively), than for the MT1 receptor (Ki = 0.304 nM and Ki = 0.35 nM, respectively).",609799-22-6,199.74,No DILI,No DILI,No DILI,,,,PTOIAAWZLUQTIO,0,DILI,True,0.6237968981074874
Tazemetostat,,Tazemetostat,,,,,,,E*,Antineoplastic,"Lymphoma, Sarcoma",CHEMBL3414621,L01XX72,1.0,0.0,,1.0,2.0,False,2020.0,1.0,,,0.0,4.0,Small molecule,1.0,True,0.0,False,0.0,TAZEMETOSTAT,0.0,MOL,True,False,-stat,enzyme inhibitors: histone N-methyl transferase inhibitors,-stat (-metostat),2018.0,False,CCN(c1cc(-c2ccc(CN3CCOCC3)cc2)cc(C(=O)NCc2c(C)cc(C)[nH]c2=O)c1C)C1CCOCC1,572.75,4.73,,,,,,"EZH1/2,Histone Methyltransferase",Epigenetics,"Tazemetostat (EPZ-6438, E7438) is a potent, and selective EZH2 inhibitor with Ki and IC50 of 2.5 nM and 11 nM in cell-free assays, exhibiting a 35-fold selectivity versus EZH1 and >4,500-fold selectivity relative to 14 other HMTs.",1403254-99-8,8.73,No DILI,No DILI,No DILI,2023 Aug 4,,,NSQSAUGJQHDYNO,0,DILI,True,0.6295773475328605
Tecovirimat,,Tecovirimat,,,,,,,E,Antimicrobial,Antiviral: Smallpox,CHEMBL1257073,J05AX24,1.0,0.0,,0.0,1.0,False,2018.0,1.0,,,0.0,4.0,Small molecule,0.0,True,0.0,False,0.0,TECOVIRIMAT,0.0,MOL,True,False,-vir-,"antivirals: antiviral, disrupts viral maturation",-vir- (-virimat),2008.0,False,O=C(NN1C(=O)[C@@H]2[C@@H]3C=C[C@@H]([C@H]4C[C@@H]34)[C@@H]2C1=O)c1ccc(C(F)(F)F)cc1,376.33,2.4,,,,,,Antiviral,Immunology & Inflammation,"Tecovirimat (Arestvyr, SIGA-246, ST-246, TPOXX) is an antiviral that inhibits the egress of orthopoxviruses by targeting viral p37 protein orthologs. Tecovirimat is developed for the treatment of smallpox infection.",869572-92-9,199.29,No DILI,No DILI,No DILI,2022 Oct 18,,,CSKDFZIMJXRJGH,0,DILI,True,0.7961970426634271
Tedizolid,,Tedizolid,,,,,,,E*,Antimicrobial,Antibacterial,CHEMBL1257051,J01XX11,-1.0,0.0,82717.0,0.0,1.0,True,,0.0,,,0.0,4.0,Small molecule,0.0,False,0.0,False,0.0,TEDIZOLID,0.0,MOL,True,False,-zolid,oxazolidinone antibacterials,-zolid,2009.0,False,Cn1nnc(-c2ccc(-c3ccc(N4C[C@H](CO)OC4=O)cc3F)cn2)n1,370.34,1.4,,,,,,"Antibiotics,Bacterial",Microbiology,Tedizolid(TR-700) is an oxazolidinone-class antibiotic prodrug used for the treatment of acute bacterial skin and skin structure infections caused by susceptible isolates of several Gram-positive bacteria.,856866-72-3,27,No DILI,No DILI,No DILI,2016 Apr 2,,,XFALPSLJIHVRKE,0,DILI,True,0.8366353364520127
Telavancin,,Telavancin,,,,,,,E,Antimicrobial,Antibacterial,CHEMBL507870,J01XA03,1.0,1.0,71229.0,0.0,1.0,False,2009.0,0.0,,,0.0,4.0,Unknown,1.0,False,0.0,True,0.0,TELAVANCIN,0.0,MOL,True,False,-vancin,vancomycin-related compounds,-vancin,2004.0,False,CCCCCCCCCCNCCN[C@@]1(C)C[C@H](O[C@H]2[C@H](Oc3c4cc5cc3Oc3ccc(cc3Cl)[C@@H](O)[C@@H](NC(=O)[C@@H](CC(C)C)NC)C(=O)N[C@@H](CC(N)=O)C(=O)N[C@H]5C(=O)N[C@H]3C(=O)N[C@H](C(=O)N[C@H](C(=O)O)c5cc(O)c(CNCP(=O)(O)O)c(O)c5-c5cc3ccc5O)[C@H](O)c3ccc(c(Cl)c3)O4)O[C@H](CO)[C@@H](O)[C@@H]2O)O[C@@H](C)[C@H]1O,1755.66,,,,,,,,,,,,No DILI,No DILI,No DILI,,,,ONUMZHGUFYIKPM,0,No DILI,False,0.5910812129423885
Telotristat,,Telotristat,,,,,,,E,Gastrointestinal,Diarrhea from Carcinoid,CHEMBL2103855,A16AX15,-1.0,0.0,,0.0,1.0,False,,0.0,,,0.0,4.0,Small molecule,0.0,False,0.0,False,0.0,TELOTRISTAT,0.0,MOL,True,False,-stat,enzyme inhibitors: tryptophan hydroxylase inhibitors,-stat (-tristat),2010.0,False,Cc1ccn(-c2cc(Cl)ccc2[C@@H](Oc2cc(-c3ccc(C[C@H](N)C(=O)O)cc3)nc(N)n2)C(F)(F)F)n1,546.94,4.51,,,,,,,,,,,No DILI,No DILI,No DILI,2019 Apr 7,,,NCLGDOBQAWBXRA,0,DILI,True,0.7795444161532913
Tenapanor,,Tenapanor,,,,,,,E,Gastrointestinal,IBS-constipation,CHEMBL3304485,A06AX08,0.0,1.0,,1.0,1.0,False,2019.0,1.0,,,0.0,4.0,Small molecule,1.0,True,0.0,False,0.0,TENAPANOR,0.0,MOL,True,False,-napanor,sodium-hydrogen antiporter (also called sodium-proton exchanger) inhibitors,-napanor,2014.0,False,CN1Cc2c(Cl)cc(Cl)cc2[C@H](c2cccc(S(=O)(=O)NCCOCCOCCNC(=O)NCCCCNC(=O)NCCOCCOCCNS(=O)(=O)c3cccc([C@@H]4CN(C)Cc5c(Cl)cc(Cl)cc54)c3)c2)C1,1145.07,,,,,,,,,,,,No DILI,No DILI,No DILI,2023 Apr 30,,,DNHPDWGIXIMXSA,0,No DILI,False,0.5627375159692128
Terodiline,,Terodiline,,,,,,,E,Urologic,Bladder symptoms,CHEMBL363295,G04BD05,-2.0,0.0,,0.0,0.0,False,1986.0,0.0,,Vasodilator (coronary),0.0,4.0,Small molecule,0.0,False,0.0,False,0.0,TERODILINE,0.0,MOL,True,False,-dil-,vasodilators (undefined group),-dil-,1966.0,True,CC(CC(c1ccccc1)c1ccccc1)NC(C)(C)C,281.44,4.99,,,,,,,,,,,No DILI,No DILI,No DILI,,,,UISARWKNNNHPGI,0,DILI,True,0.6361282862431278
Tezacaftor,,Tezacaftor,,,,,,,E*,Genetic,Cystic fibrosis,CHEMBL3544914,,1.0,0.0,,0.0,1.0,True,2018.0,0.0,,,0.0,4.0,Small molecule,0.0,True,0.0,False,0.0,TEZACAFTOR,0.0,MOL,True,False,-caftor,cystic fibrosis transmembrane regulator (CFTR) protein modulators,-caftor,2015.0,False,CC(C)(CO)c1cc2cc(NC(=O)C3(c4ccc5c(c4)OC(F)(F)O5)CC3)c(F)cc2n1C[C@@H](O)CO,520.5,3.4,,,,,,,,,,,No DILI,No DILI,No DILI,,,,MJUVRTYWUMPBTR,0,DILI,True,0.695312314765651
Tivozanib,,Tivozanib,,,,,,,E*,Antineoplastic,Renal cell carcinoma,CHEMBL1289494,L01EK03,1.0,0.0,,0.0,2.0,False,2017.0,0.0,,,0.0,4.0,Small molecule,1.0,True,0.0,False,0.0,TIVOZANIB,0.0,MOL,True,False,-anib,angiogenesis inhibitors,-anib,2009.0,False,COc1cc2nccc(Oc3ccc(NC(=O)Nc4cc(C)on4)c(Cl)c3)c2cc1OC,454.87,5.64,,,,,,"c-Kit,PDGFR,VEGFR",Protein Tyrosine Kinase,"Tivozanib (AV-951, KRN-951) is a potent and selective VEGFR inhibitor for VEGFR1/2/3 with IC50 of 30 nM/6.5 nM/15 nM, and also inhibits PDGFR and c-Kit, low activity observed against FGFR-1, Flt3, c-Met, EGFR and IGF-1R. Phase 3.",475108-18-0,43.97,No DILI,No DILI,No DILI,2023 Dec 26,,,SPMVMDHWKHCIDT,0,DILI,True,0.8411856391730246
Tofacitinib,,Tofacitinib,,,,,,,E*,Rheumatologic,Rheumatic Disease,CHEMBL221959,L04AA29,1.0,1.0,71200.0,1.0,1.0,False,2012.0,0.0,,,0.0,4.0,Small molecule,1.0,True,0.0,False,0.0,TOFACITINIB,0.0,MOL,True,False,-tinib,tyrosine kinase inhibitors: tyrosine kinase inhibitors; janus kinase inhibitors,-tinib (-citinib),2010.0,False,C[C@@H]1CCN(C(=O)CC#N)C[C@@H]1N(C)c1ncnc2[nH]ccc12,312.38,1.54,,,,,,"Apoptosis related,JAK",JAK/STAT,"Tofacitinib (CP-690550,Tasocitinib) is a novel inhibitor of JAK3 with IC50 of 1 nM in cell-free assays, 20- to 100-fold less potent against JAK2 and JAK1. Tofacitinib inhibits the expression of antiapoptotic BCL-A1 and BCL-XL in human plasmacytoid dendritic cells (PDC) and induced PDC apoptosis.",477600-75-2,198.48,No DILI,No DILI,No DILI,2022 Aug 30,,,UJLAWZDWDVHWOW,0,DILI,True,0.6698694843371029
Trametinib,,Trametinib,,,,,,,E*,Antineoplastic,Melanoma,CHEMBL2103875,L01EE01,-1.0,0.0,75998.0,0.0,2.0,True,2013.0,0.0,,,0.0,4.0,Small molecule,0.0,False,0.0,False,0.0,TRAMETINIB,0.0,MOL,True,False,-tinib,tyrosine kinase inhibitors: tyrosine kinase inhibitors; MEK (MAPK kinase) inhibitors,-tinib (-metinib),2011.0,False,CC(=O)Nc1cccc(-n2c(=O)n(C3CC3)c(=O)c3c(Nc4ccc(I)cc4F)n(C)c(=O)c(C)c32)c1,615.4,3.94,,,,,,"Apoptosis related,Autophagy,MEK",MAPK,"Trametinib (GSK1120212, JTP-74057, Mekinist) is a highly specific and potent MEK1/2 inhibitor with IC50 of 0.92 nM/1.8 nM in cell-free assays, no inhibition of the kinase activities of c-Raf, B-Raf, ERK1/2. Trametinib activates autophagy and induces apoptosis.",871700-17-3,35.75,No DILI,No DILI,No DILI,2018 Jun 28,,,LIRYPHYGHXZJBZ,0,DILI,True,0.7964747455418842
Treprostinil,,Treprostinil,,,,,,,E,Respiratory,Pulmonary hypertension,CHEMBL1237119,B01AC21,1.0,0.0,50861.0,0.0,1.0,True,2002.0,0.0,,,0.0,4.0,Small molecule,1.0,True,1.0,True,0.0,TREPROSTINIL,0.0,MOL,True,True,-prost-,prostaglandins,-prost-,2002.0,False,CCCCC[C@H](O)CC[C@@H]1[C@H]2Cc3cccc(OCC(=O)O)c3C[C@H]2C[C@H]1O,390.52,3.58,,,,,,,,,,,No DILI,No DILI,No DILI,,,,PAJMKGZZBBTTOY,0,No DILI,False,0.573893223271559
Triamcinolone,,Triamcinolone,,,,,,,E,Endocrine,Immune suppression,CHEMBL1451,H02AB08; R03BA06; R01AD11; D07XB02; S01BA05; C05AA12; D07AB09; A01AC01,0.0,0.0,9667.0,0.0,1.0,True,1957.0,0.0,,Glucocorticoid,0.0,4.0,Small molecule,0.0,True,0.0,False,0.0,TRIAMCINOLONE,0.0,MOL,True,False,-olone,steroids (not prednisolone derivatives),-olone,,False,C[C@]12C=CC(=O)C=C1CC[C@H]1[C@@H]3C[C@@H](O)[C@](O)(C(=O)CO)[C@@]3(C)C[C@H](O)[C@@]12F,394.44,0.62,,,,,,Glucocorticoid Receptor,Endocrinology & Hormones,"Triamcinolone is a glucocorticoid given, as the free alcohol or in esterified form, orally, intramuscularly, by local injection, by inhalation, or applied topically in the management of various disorders in which corticosteroids are indicated.",124-94-7,197.75,No DILI,No DILI,No DILI,,,,GFNANZIMVAIWHM,0,No DILI,False,0.5699141023937243
Triclabendazole,,Triclabendazole,,,,,,,E,Antimicrobiial,Fascioliasis,CHEMBL1086440,P02BX04,1.0,0.0,,0.0,2.0,True,2019.0,0.0,,,0.0,4.0,Small molecule,1.0,True,0.0,False,0.0,TRICLABENDAZOLE,0.0,MOL,True,False,-bendazole,antithelmintics (tibendazole type),-bendazole,2017.0,False,CSc1nc2cc(Cl)c(Oc3cccc(Cl)c3Cl)cc2[nH]1,359.67,6.04,,,,,,Microtubule Associated,Cytoskeletal Signaling,"Triclabendazole (CGA-89317,tcbz) is a benzimidazole, it binds to tubulin impairing intracellular transport mechanisms and interferes with protein synthesis.",68786-66-3,200.19,No DILI,No DILI,No DILI,2021 Sep 1,,,NQPDXQQQCQDHHW,0,DILI,True,0.734731990602217
Triheptanoin,,Triheptanoin,,,,,,,E,HDS: Nutritional Suppl,Long chain FA oxidative def,CHEMBL4297585,A16AX17,1.0,0.0,,0.0,2.0,True,2020.0,0.0,,,0.0,4.0,Small molecule,1.0,True,0.0,False,0.0,TRIHEPTANOIN,0.0,MOL,True,False,,,,2018.0,False,CCCCCCC(=O)OCC(COC(=O)CCCCCC)OC(=O)CCCCCC,428.61,5.9,,,,,,Others,Others,"Triheptanoin (API, IND106011, UX007, Glycerol trienanthate) is a synthetic, medium-chain triglyceride consisting of three odd-chain 7-carbon (heptanoate) fatty acids on a glycerol backbone. Triheptanoin is used for treatment of fatty acid oxidation disorders and GLUT1.",620-67-7,0,No DILI,No DILI,No DILI,2024 Jun 10,,,PJHKBYALYHRYSK,0,No DILI,False,0.4787845973458646
Triiodothyronine,,Triiodothyronine,,,,,,,E*,Endocrine,Hormone replacement,CHEMBL1201119,H03AA02,1.0,1.0,6484.0,0.0,1.0,True,1956.0,0.0,,Thyroid Hormone,0.0,4.0,Small molecule,1.0,True,0.0,True,0.0,LIOTHYRONINE SODIUM,0.0,MOL,True,False,,,,,False,N[C@@H](Cc1cc(I)c(Oc2ccc(O)c(I)c2)c(I)c1)C(=O)[O-].[Na+],672.96,3.95,,United States,,Black Box Warning,,THR,Metabolism,"Triiodothyronine (T3, Liothyronine, 3,3',5-Triiodo-L-thyronine) is a thyroid hormone that affects various physiological process in the body, including growth and development, metabolism, body temperature, and heart rate.This product is soluble but easy to precipitate after freezing in DMSO. NaOH is recommended as a stock solution.",6893-02-3,153.62,No DILI,No DILI,No DILI,,,,SBXXSUDPJJJJLC,0,No DILI,False,0.5976098048508616
Trilaciclib,,Trilaciclib,,,,,,,E,Antineoplastic,Cancer chemotherapy,CHEMBL3894860,V03AF12,1.0,0.0,,0.0,2.0,True,2021.0,1.0,,,0.0,4.0,Small molecule,0.0,False,0.0,True,0.0,TRILACICLIB,0.0,MOL,True,False,-ciclib,cyclin dependent kinase inhibitors (formerly-cidib),-ciclib,2016.0,False,CN1CCN(c2ccc(Nc3ncc4cc5n(c4n3)C3(CCCCC3)CNC5=O)nc2)CC1,446.56,2.72,,,,,,,,,,,No DILI,No DILI,No DILI,2023 Oct 17,,,PDGKHKMBHVFCMG,0,No DILI,False,0.5959457162475131
Tucatinib,,Tucatinib,,,,,,,E*,Antineoplastic,Breast Cancer,CHEMBL3989868,L01EH03,1.0,0.0,,0.0,2.0,True,2020.0,0.0,,,0.0,4.0,Small molecule,1.0,True,0.0,False,0.0,TUCATINIB,0.0,MOL,True,False,-tinib,tyrosine kinase inhibitors,-tinib,2016.0,False,Cc1cc(Nc2ncnc3ccc(NC4=NC(C)(C)CO4)cc23)ccc1Oc1ccn2ncnc2c1,480.53,5.09,,,,,,"EGFR,HER2",Protein Tyrosine Kinase,"Tucatinib (Irbinitinib, ONT-380, ARRY-380) is an oral, potent, selective, reversible and ATP-competitive small-molecule inhibitor of ErbB-2 (also called HER2) with IC50s of 8 nM and 7 nM for ErbB-2 and p95 HER2, respectively in cell-based assays, showing ~500-fold selective for HER2 vs EGFR. It has potential antineoplastic activity.",937263-43-9,199.78,No DILI,No DILI,No DILI,2023 Sep 8,,,SDEAXTCZPQIFQM,0,DILI,True,0.7627572593304836
Ubrogepant,,Ubrogepant,,,,,,,E,CNS,Migraine,CHEMBL2364638,N02CD04,1.0,0.0,,0.0,1.0,True,2019.0,0.0,,,0.0,4.0,Small molecule,0.0,True,0.0,False,0.0,UBROGEPANT,0.0,MOL,True,False,-gepant,calcitonin gene-related peptide receptor antagonists,-gepant,2013.0,False,C[C@@H]1[C@H](c2ccccc2)C[C@H](NC(=O)c2cnc3c(c2)C[C@@]2(C3)C(=O)Nc3ncccc32)C(=O)N1CC(F)(F)F,549.55,3.53,,,,,,CGRP Receptor,GPCR & G Protein,Ubrogepant (MK-1602) is an antagonist of human calcitonin gene-related peptide receptor (CGRP). It potently blocks human α–CGRP–stimulated cAMP responses with an IC50 of 0.081 nM in human CGRP receptor-expressing HEK293 cells.,1374248-77-7,181.97,No DILI,No DILI,No DILI,2025 Jan 12,,,DDOOFTLHJSMHLN,0,DILI,True,0.7311711438839076
Ulipristal,,Ulipristal,,,,,,,E,Gynecological,Emergency Contracept,CHEMBL2103846,G03XB02; G03AD02,-1.0,0.0,,0.0,1.0,False,,0.0,,,0.0,4.0,Small molecule,1.0,False,0.0,False,0.0,ULIPRISTAL,0.0,MOL,True,False,-pris-,steriodal compounds acting on progesterone receptors (excluding-gest- compounds),-pris-,2009.0,False,CC(=O)[C@@]1(O)CC[C@H]2[C@@H]3CCC4=CC(=O)CCC4=C3[C@@H](c3ccc(N(C)C)cc3)C[C@@]21C,433.59,4.97,,,,,,,,,,,No DILI,No DILI,No DILI,,,,HKDLNTKNLJPAIY,0,No DILI,False,0.5269900865819643
Umbralisib,,Umbralisib,,,,,,,E*,Antineoplastic,Lymphoma,CHEMBL3948730,L01EX25,0.0,0.0,,0.0,1.0,False,2021.0,0.0,,,0.0,4.0,Small molecule,0.0,True,0.0,False,0.0,UMBRALISIB,0.0,MOL,True,False,-lisib,phosphatidylinositol 3-kinase (PI3K) inhibitors,-lisib,2017.0,False,CC(C)Oc1ccc(-c2nn([C@@H](C)c3oc4ccc(F)cc4c(=O)c3-c3cccc(F)c3)c3ncnc(N)c23)cc1F,571.56,6.66,,,,,,PI3K,PI3K/Akt/mTOR,"Umbralisib (TGR-1202, Rp-5264), a novel, next generation PI3Kδ inhibitor, inhibits PI3Kδ activity in enzyme and cell based assays with IC50 and EC50 values of 22.2 & 24.3 nM, respectively.",1532533-67-7,174.96,No DILI,No DILI,No DILI,2023 Oct 10,,,IUVCFHHAEHNCFT,0,DILI,True,0.7639215884315153
Upadacitinib,,Upadacitinib,,,,,,,D,Rheumatologic,"RA, moderate severe, refract",CHEMBL3622821,L04AA44,1.0,1.0,,0.0,1.0,False,2019.0,0.0,,,0.0,4.0,Small molecule,0.0,True,0.0,False,0.0,UPADACITINIB,0.0,MOL,True,False,-tinib,tyrosine kinase inhibitors: tyrosine kinase inhibitors; janus kinase inhibitors,-tinib (-citinib),2015.0,False,CC[C@@H]1CN(C(=O)NCC(F)(F)F)C[C@@H]1c1cnc2cnc3[nH]ccc3n12,380.37,2.91,,,,,,JAK,JAK/STAT,"Upadacitinib (ABT-494) is a selective JAK1 inhibitor which demonstrates activity against JAK1 (0.045 μM) and JAK2 (0.109 μM),  with > 40 fold selectivity over JAK3 (2.1 μM) and 100 fold selectivity over TYK2 (4.7 μM) as compared to JAK1.",1310726-60-3,199.81,No DILI,No DILI,No DILI,2022 Aug 30,,,WYQFJHHDOKWSHR,0,DILI,True,0.7615321423812444
Usnic acid,,Usnic acid,,,,,,,B,HDS: Herbal Product,Weight loss,CHEMBL1314537,,-1.0,0.0,,0.0,-1.0,False,,-1.0,,,-1.0,,Small molecule,1.0,False,-1.0,False,0.0,,-1.0,MOL,False,False,,,,,False,CC(=O)C1=C(O)C2(C)C(=CC1=O)Oc1c(C(C)=O)c(O)c(C)c(O)c12,344.32,2.13,,,,,,"Akt,ERK",PI3K/Akt/mTOR,"Usnic acid (Usniacin) is a furandione found uniquely in lichen that is used widely in cosmetics, deodorants, toothpaste and medicinal creams as well as some herbal products. It exhibits antiviral, antiprotozoal, antiproliferative, anti-inflammatory and analgesic activity. Usnic acid inhibits breast tumor angiogenesis and growth by suppressing VEGFR2-mediated AKT and ERK1/2 signaling pathways.",125-46-2,11.62,DILI (likely),DILI,Likely,,,,ICTZCAHDGHPRQR,1,DILI,True,0.7985672206290466
Valbenazine,,Valbenazine,,,,,,,E,CNS,Tardive Dyskinesia,CHEMBL2364639,N07XX13,1.0,1.0,,0.0,1.0,False,2017.0,0.0,,,0.0,4.0,Small molecule,1.0,True,0.0,False,0.0,VALBENAZINE,1.0,MOL,True,False,,,,2013.0,False,COc1cc2c(cc1OC)[C@H]1C[C@@H](OC(=O)[C@@H](N)C(C)C)[C@H](CC(C)C)CN1CC2,418.58,3.56,,,,,,,,,,,No DILI,No DILI,No DILI,,,,GEJDGVNQKABXKG,0,No DILI,False,0.5727588516172739
Valrubicin,,Valrubicin,,,,,,,E,Antineoplastic,Solid tumors,CHEMBL1096885,L01DB09,1.0,0.0,,0.0,1.0,True,1998.0,0.0,,,0.0,4.0,Small molecule,0.0,False,0.0,True,0.0,VALRUBICIN,0.0,MOL,True,False,-rubicin,antineoplastic antibiotics (daunorubicin type),-rubicin,1997.0,False,CCCCC(=O)OCC(=O)[C@]1(O)Cc2c(O)c3c(c(O)c2[C@@H](O[C@H]2C[C@H](NC(=O)C(F)(F)F)[C@H](O)[C@H](C)O2)C1)C(=O)c1c(OC)cccc1C3=O,723.65,2.46,,,,,,PKC,TGF-beta/Smad,"Valrubicin(AD-32) is a chemotherapy drug used to treat bladder cancer. Valrubicin is a chemotherapy agent, inhibits TPA- and PDBu-induced PKC activation with IC50s of 0.85 and 1.25 μM, respectively.",56124-62-0,138.19,No DILI,No DILI,No DILI,,,,ZOCKGBMQLCSHFP,0,DILI,True,0.6739909641248387
Vandetanib,,Vandetanib,,,,,,,E*,Antineoplastic,Thyroid cancer,CHEMBL24828,L01EX04,1.0,1.0,49960.0,0.0,2.0,True,2011.0,0.0,,,0.0,4.0,Small molecule,0.0,True,0.0,False,0.0,VANDETANIB,0.0,MOL,True,False,-anib,angiogenesis inhibitors,-anib,2006.0,False,COc1cc2/c(=N/c3ccc(Br)cc3F)nc[nH]c2cc1OCC1CCN(C)CC1,475.36,4.43,cardiotoxicity,United States,,Black Box Warning,,"Apoptosis related,Autophagy,EGFR,ROS,VEGFR",Protein Tyrosine Kinase,"Vandetanib (ZD6474) is a potent inhibitor of VEGFR2 with IC50 of 40 nM in a cell-free assay. It also inhibits VEGFR3 and EGFR with IC50 of 110 nM and 500 nM, respectively. Not sensitive to PDGFRβ, Flt1, Tie-2 and FGFR1 with IC50 of 1.1-3.6 μM. No activity against MEK, CDK2, c-Kit, erbB2, FAK, PDK1, Akt and IGF-1R with IC50 above 10 μM. Vandetanib (ZD6474) increases apoptosis and induces autophagy by increasing the level of reactive oxygen species (ROS).",443913-73-3,8.41,No DILI,No DILI,No DILI,2018 Jun 28,,,UHTHHESEBZOYNR,0,DILI,True,0.8090029822980899
Velpatasvir,,Velpatasvir,,,,,,,A,Antimicrobial,Antiviral: HCV,CHEMBL3545062,,1.0,0.0,,0.0,1.0,True,2016.0,0.0,,,0.0,4.0,Small molecule,1.0,True,0.0,False,0.0,VELPATASVIR,0.0,MOL,True,False,-vir,antivirals: nonstructural protein 5A (NS5A) inhibitors,-vir (-asvir),2015.0,False,COC[C@H]1C[C@@H](c2nc(-c3ccc4c(c3)COc3cc5c(ccc6nc([C@@H]7CC[C@H](C)N7C(=O)[C@@H](NC(=O)OC)C(C)C)[nH]c65)cc3-4)c[nH]2)N(C(=O)[C@H](NC(=O)OC)c2ccccc2)C1,883.02,7.73,,,,,,"COVID-19,HCV Protease",Proteases,"Velpatasvir (GS-5816,VEL) is a second-generation NS5A inhibitor that inhibits hepatitis C viral replication through acting on the crucial ""membranous web"" that facilitates RNA replication.",1377049-84-7,113.25,DILI (known),DILI,Known,,,,FHCUMDQMBHQXKK,1,No DILI,False,0.6047087903186738
Venetoclax,,Venetoclax,,,,,,,E,Antineoplastic,Leukemia,CHEMBL3137309,L01XX52,1.0,0.0,,1.0,2.0,True,2016.0,1.0,,,0.0,4.0,Small molecule,1.0,True,0.0,False,0.0,VENETOCLAX,0.0,MOL,True,False,-toclax,bcl-2 (B-cell lymphoma 2) inhibitors,-toclax,2013.0,False,CC1(C)CCC(CN2CCN(c3ccc(C(=O)NS(=O)(=O)c4ccc(NCC5CCOCC5)c([N+](=O)[O-])c4)c(Oc4cnc5[nH]ccc5c4)c3)CC2)=C(c2ccc(Cl)cc2)C1,868.46,8.66,,,,,,"Autophagy,Bcl-2",Apoptosis,"Venetoclax (ABT-199, GDC-0199) is a Bcl-2-selective inhibitor with Ki of <0.01 nM in cell-free assays, >4800-fold more selective versus Bcl-xL and Bcl-w, and no activity to Mcl-1. Venetoclax is reported to induce cell growth suppression, apoptosis, cell cycle arrest, and autophagy in triple negative breast cancer MDA-MB-231 cells. Phase 3.",1257044-40-8,115.15,No DILI,No DILI,No DILI,2017 Apr 4,,,LQBVNQSMGBZMKD,0,DILI,True,0.630861194062073
Vericiguat,,Vericiguat,,,,,,,E,Cardiovascular,Heart Failure,CHEMBL4066936,C01DX22,1.0,1.0,,0.0,2.0,True,2021.0,1.0,,,0.0,4.0,Small molecule,0.0,True,0.0,False,0.0,VERICIGUAT,0.0,MOL,True,False,-ciguat,guanaline cyclase activators,-ciguat,2019.0,False,COC(=O)Nc1c(N)nc(-c2nn(Cc3ccccc3F)c3ncc(F)cc23)nc1N,426.39,2.56,teratogenicity,United States,,Black Box Warning,,Guanylate Cyclase,GPCR & G Protein,"Vericiguat (BAY1021189, Verquvo) is a potent, orally available and soluble guanylate cyclase (sGC) stimulator.",1350653-20-1,199.35,No DILI,No DILI,No DILI,2023 Jun 16,,,QZFHIXARHDBPBY,0,DILI,True,0.8370238887892175
Vibegron,,Vibegron,,,,,,,E,Urologic,Overactive bladder,CHEMBL2107826,,1.0,0.0,,0.0,1.0,True,2018.0,0.0,,,0.0,4.0,Small molecule,0.0,True,0.0,False,0.0,VIBEGRON,0.0,MOL,True,False,-begron,beta3 adrenoreceptor agonists,-begron,2012.0,False,O=C(Nc1ccc(C[C@@H]2CC[C@H]([C@H](O)c3ccccc3)N2)cc1)[C@@H]1CCc2nccc(=O)n21,444.54,2.77,,,,,,,,,,,No DILI,No DILI,No DILI,2023 Jul 10,,,DJXRIQMCROIRCZ,0,DILI,True,0.6749207625308787
Vilazodone,,Vilazodone,,,,,,,E*,CNS,Antidepressant,CHEMBL439849,N06AX24,1.0,1.0,70707.0,0.0,2.0,False,2011.0,0.0,,,0.0,4.0,Small molecule,1.0,True,0.0,False,0.0,VILAZODONE,0.0,MOL,True,False,,,,2009.0,False,N#Cc1ccc2[nH]cc(CCCCN3CCN(c4ccc5oc(C(N)=O)cc5c4)CC3)c2c1,441.54,4.03,,,,,,"5-HT Receptor,Serotonin Transporter",Neuronal Signaling,"Vilazodone (EMD-68843, SB-659746A) is a novel antidepressant having a selective serotonin (5-HT) reuptake inhibitory and 5-HT1A receptor partial agonist activity. The affinity of vilazodone is much higher in the 5-HT reuptake site (Ki=0.1 nM) than in norepinephrine (Ki=56 nM) and dopamine (Ki=37 nM) sites.",163521-12-8,199.31,No DILI,No DILI,No DILI,2020 Apr 8,,,SGEGOXDYSFKCPT,0,DILI,True,0.6671833606944485
Vitamin d,,Vitamin d,,,,,,,E,HDS: Nutritional Suppl,General health,CHEMBL1042,A11CC05,1.0,0.0,28940.0,0.0,1.0,True,1999.0,0.0,,Vitamin (antirachitic),0.0,4.0,Small molecule,1.0,True,0.0,True,0.0,CHOLECALCIFEROL,0.0,MOL,True,False,-calci-,vitamin D analogs,-calci-,,False,C=C1CC[C@H](O)C/C1=C/C=C1\CCC[C@]2(C)[C@@H]([C@H](C)CCCC(C)C)CC[C@@H]12,384.65,7.62,,,,,,,,,,,No DILI,No DILI,No DILI,,,,QYSXJUFSXHHAJI,0,No DILI,False,0.5814598043071011
Vorapaxar,,Vorapaxar,,,,,,,E,Hematologic,Antiplatelet,CHEMBL493982,B01AC26,1.0,1.0,82702.0,0.0,1.0,False,2014.0,1.0,,,0.0,4.0,Small molecule,0.0,True,0.0,False,0.0,VORAPAXAR,0.0,MOL,True,False,-paxar,Protease-activated receptor 1 (PAR1) antagonists,-paxar,2009.0,False,CCOC(=O)N[C@@H]1CC[C@@H]2[C@@H](C1)C[C@H]1C(=O)O[C@H](C)[C@H]1[C@H]2/C=C/c1ccc(-c2cccc(F)c2)cn1,492.59,5.63,,,,,,PAR,GPCR & G Protein,"Vorapaxar (SCH 530348, MK-5348) is a potent and orally active thrombin receptor (PAR-1) antagonist with Ki of 8.1 nM.",618385-01-6,200.98,No DILI,No DILI,No DILI,2017 Apr 11,,,ZBGXUVOIWDMMJE,0,DILI,True,0.7070304653298624
Vortioxetine,,Vortioxetine,,,,,,,E*,CNS,Antidepressant,CHEMBL2104993,N06AX26,1.0,1.0,76016.0,0.0,2.0,False,2013.0,1.0,,,0.0,4.0,Small molecule,1.0,True,0.0,False,0.0,VORTIOXETINE,0.0,MOL,True,False,-oxetine,antidepressants (fluoxetine type): thioether derivatives,-oxetine (-tioxetine),2011.0,False,Cc1ccc(Sc2ccccc2N2CCNCC2)c(C)c1,298.46,3.86,,,,,,,,,,,No DILI,No DILI,No DILI,2020 Apr 8,,,YQNWZWMKLDQSAC,0,DILI,True,0.7543303997373983
Voxelotor,,Voxelotor,,,,,,,E*,Hematologic,Sickle Cell Disease,CHEMBL4101807,B06AX03,1.0,0.0,,0.0,2.0,True,2019.0,1.0,,,0.0,4.0,Small molecule,0.0,True,1.0,False,0.0,VOXELOTOR,0.0,MOL,True,False,,,,2017.0,False,CC(C)n1nccc1-c1ncccc1COc1cccc(O)c1C=O,337.38,3.62,,,,,,Others,Others,"Voxelotor (GBT440, GTx011) is a novel small molecule hemoglobin modifier which increases hemoglobin oxygen affinity.",1446321-46-5,198.6,No DILI,No DILI,No DILI,2021 Jul 12,,,FWCVZAQENIZVMY,0,DILI,True,0.8119424232236276
Voxilaprevir,,Voxilaprevir,,,,,,,A,Antimicrobial,Antiviral: HCV,CHEMBL3707372,,1.0,0.0,,0.0,1.0,True,2017.0,0.0,,,0.0,4.0,Small molecule,0.0,True,0.0,False,0.0,VOXILAPREVIR,0.0,MOL,True,False,-vir,antivirals: serine protease inhibitors,-vir (-previr),2016.0,False,CC[C@@H]1[C@@H]2CN(C(=O)[C@H](C(C)(C)C)NC(=O)O[C@@H]3C[C@H]3CCCCC(F)(F)c3nc4ccc(OC)cc4nc3O2)[C@@H]1C(=O)N[C@]1(C(=O)NS(=O)(=O)C2(C)CC2)C[C@H]1C(C)C,861.02,5.35,,,,,,,,,,,DILI (known),DILI,Known,,,,MKDALIOACIEUJM,1,DILI,True,0.6443271757087674
Zanubrutinib,,Zanubrutinib,,,,,,,E*,Antineoplastic,Mantle Cell Lymphoma,CHEMBL3936761,L01EL03,1.0,0.0,,0.0,1.0,True,2019.0,0.0,,,0.0,4.0,Small molecule,0.0,True,0.0,False,0.0,ZANUBRUTINIB,0.0,MOL,True,False,-tinib,tyrosine kinase inhibitors: tyrosine kinase inhibitors Bruton's (Btk) inhibitors,-tinib (-brutinib),2018.0,False,C=CC(=O)N1CCC([C@@H]2CCNc3c(C(N)=O)c(-c4ccc(Oc5ccccc5)cc4)nn32)CC1,471.56,4.22,,,,,,BTK,Protein Tyrosine Kinase,"Zanubrutinib (BGB-3111) is a potent, specific and irreversible BTK inhibitor that has been shown to have a lower off-target inhibitory activity on other kinases, including ITK, JAK3 and EGFR.",1691249-45-2,199.34,No DILI,No DILI,No DILI,2019 Dec 16,,,RNOAOAWBMHREKO,0,DILI,True,0.7056830203219578
