,LTKBID,compound_name,DILIrank,label_section,severity_class,DILIst,roa,source,livertox_score,livertox_primary_classification,livertox_secondary_classification,molecule_chembl_id,atc_classifications,availability_type,black_box_warning,chebi_par_id,chemical_probe,chirality,dosed_ingredient,first_approval,first_in_class,helm_notation,indication_class,inorganic_flag,max_phase,molecule_type,natural_product,oral,orphan,parenteral,polymer_flag,pref_name,prodrug,structure_type,therapeutic_flag,topical,usan_stem,usan_stem_definition,usan_substem,usan_year,withdrawn_flag,smiles,mw,alogp,warning_class,warning_country,warning_description,warning_type,withdrawn_reason,target,pathway,information,CAS_number,DMSO_mM_solubility,DILI_label,DILI_label_binary,DILI_label_section,livertox_updated,livertox_iDILI,livertox_mechanism_summary,InChiKey14,label,error_msg,smiles_std,prob_outer0_base,prob_outer1_base,prob_outer2_base,prob_outer3_base,label_outer0_base,label_outer1_base,label_outer2_base,label_outer3_base,DILIGeNN_avg_prob_base,DILIGeNN_mode_pred_base,prob_outer0_warmstart,prob_outer1_warmstart,prob_outer2_warmstart,prob_outer3_warmstart,label_outer0_warmstart,label_outer1_warmstart,label_outer2_warmstart,label_outer3_warmstart,DILIGeNN_avg_prob_warmstart,DILIGeNN_mode_pred_warmstart,True_label,True_label_numeric
0,LT00964,Anagrelide,Ambiguous DILI-concern,Warnings and precautions,3.0,,,DILIrank,E*,Hematologic,Thrombocytosis,CHEMBL760,L01XX35,1.0,0.0,142290.0,0.0,2.0,False,1997.0,0.0,,Antithrombotic,0.0,4.0,Small molecule,1.0,True,0.0,False,0.0,ANAGRELIDE,0.0,MOL,True,False,-grel-,"platelet aggregation inhibitors, primarily platelet P2Y12 receptor antagonists",-grel-,1979.0,False,O=C1CN2Cc3c(ccc(Cl)c3Cl)N=C2N1,256.09,1.93,,,,,,,,,,,No DILI,No DILI,No DILI,2017 Jul 5,,,OTBXOEAOVRKTNQ,0,Success,Oc1cn2c(n1)Nc1ccc(Cl)c(Cl)c1C2,0.85822195,0.7783386,0.8452857,0.71509475,1,1,1,1,0.7992353,1.0,0.6500902,0.9999846,0.8558198,0.99923074,1,1,1,1,0.8762814,1.0,False,0
1,LT01195,Aprepitant,Ambiguous DILI-concern,Adverse reactions,3.0,,,DILIrank,E,Gastrointestinal,Antiemetic,CHEMBL1471,A04AD12,1.0,0.0,499361.0,1.0,1.0,True,2003.0,1.0,,,0.0,4.0,Small molecule,0.0,True,0.0,False,0.0,APREPITANT,0.0,MOL,True,False,-tant,tachykinin (neurokinin) receptor antagonists: NK1 receptor antagonists,-tant (-pitant),2000.0,False,C[C@@H](O[C@H]1OCCN(Cc2n[nH]c(=O)[nH]2)[C@H]1c1ccc(F)cc1)c1cc(C(F)(F)F)cc(C(F)(F)F)c1,534.43,4.95,,,,,,"CSF-1R,HIV,Interleukins,Neurokinin Receptor,TNF-alpha",Neuronal Signaling,"Aprepitant (MK-0869, L-754030, Emend) is a potent and selective neurokinin-1 receptor antagonist with IC50 of 0.1 nM. Aprepitant reduces levels of pro-inflammatory cytokines including G-CSF, IL-6, IL-8 and TNFα. Aprepitant inhibits HIV infection of human macrophages.",170729-80-3,200.21,No DILI,No DILI,No DILI,2024 Feb 28,,,ATALOFNDEOCMKK,0,Success,C[C@@H](O[C@H]1OCCN(Cc2n[nH]c(=O)[nH]2)[C@H]1c1ccc(F)cc1)c1cc(C(F)(F)F)cc(C(F)(F)F)c1,0.63522065,0.59035224,0.618505,0.70979315,1,1,1,1,0.6384677,1.0,1.2787855e-07,0.9999639,0.37841144,0.05121641,0,1,0,0,0.35739794,0.0,False,0
2,LT02059,Bacitracin,No-DILI-Concern,No match,0.0,,Intramuscular,DILIrank,,,,CHEMBL1200558,D06AX05; J01XX10; R02AB04,1.0,1.0,35862.0,0.0,1.0,True,1948.0,0.0,"PEPTIDE1{[X2091].L.[dE].I.K.[dOrn]}|PEPTIDE2{I.[dF].H.[dD].N}$PEPTIDE1,PEPTIDE2,6:R2-1:R1|PEPTIDE1,PEPTIDE2,5:R3-5:R2$$$",Antibacterial,0.0,4.0,Protein,1.0,False,0.0,True,0.0,BACITRACIN,0.0,BOTH,True,True,,,,,False,CC[C@H](C)[C@H](N)C1=N[C@H](C(=O)N[C@@H](CC(C)C)C(=O)N[C@H](CCC(=O)O)C(=O)N[C@H](C(=O)N[C@H]2CCCCNC(=O)[C@H](CC(N)=O)NC(=O)[C@@H](CC(=O)O)NC(=O)[C@H](Cc3cnc[nH]3)NC(=O)[C@@H](Cc3ccccc3)NC(=O)[C@H]([C@@H](C)CC)NC(=O)[C@@H](CCCN)NC2=O)[C@@H](C)CC)CS1,1422.72,,nephrotoxicity,United States,,Black Box Warning,,"Bacterial,Selection Antibiotics for Transfected Cell",Microbiology,"Bacitracin is a mixture of related cyclic polypeptides produced by organisms of the licheniformis group of Bacillus subtilis var Tracy, which disrupts both gram positive and gram negative bacteria by interfering with cell wall and peptidoglycan synthesis.",1405-87-4,,No DILI,No DILI,No DILI,,,,CLKOFPXJLQSYAH,0,Success,CC[C@H](C)C(NC(=O)C(CCC(=O)O)NC(=O)C(CC(C)C)NC(=O)C1CSC([C@@H](N)[C@@H](C)CC)=N1)C(=O)NC1CCCCNC(=O)C(CC(N)=O)NC(=O)C(CC(=O)O)NC(=O)C(Cc2c[nH]cn2)NC(=O)C(Cc2ccccc2)NC(=O)C([C@@H](C)CC)NC(=O)C(CCCN)NC1=O,0.49932453,0.37893617,0.49413234,0.36804768,0,0,0,0,0.4351102,0.0,0.99993265,0.00086395605,0.6719813,0.9999999,1,0,1,1,0.6681944,1.0,False,0
3,LT00707,Butabarbital,Ambiguous DILI-concern,Adverse reactions,3.0,,,DILIrank,E,CNS,Sedative/Hypnotic,CHEMBL449,,1.0,0.0,3228.0,0.0,0.0,False,1939.0,0.0,,Sedative-Hypnotic,0.0,4.0,Small molecule,1.0,True,0.0,False,0.0,BUTABARBITAL,0.0,MOL,True,False,-barb-,barbituric acid derivatives,-barb-,,False,CCC(C)C1(CC)C(=O)NC(=O)NC1=O,212.25,0.79,,,,,,,,,,,No DILI,No DILI,No DILI,,,,ZRIHAIZYIMGOAB,0,Success,CCC(C)C1(CC)C(=O)NC(=O)NC1=O,0.39317548,0.33617187,0.4846468,0.30086488,0,0,0,0,0.37871474,0.0,1.0,1.0,0.6397995,1.0,1,1,1,1,0.9099499,1.0,False,0
4,LT01048,Cevimeline,Ambiguous DILI-concern,Adverse reactions,3.0,,,DILIrank,E,Opthalmologic,Sjogren syndrome,CHEMBL168815,N07AX03,1.0,0.0,,0.0,0.0,False,2000.0,0.0,,Alzheimer's Disease Treatment (adjunct),0.0,4.0,Small molecule,1.0,True,0.0,False,0.0,CEVIMELINE,0.0,MOL,True,False,-meline,cholinergic agonists (arecoline derivatives used in treatment of Alzheimer's disease,-meline,1997.0,False,CC1OC2(CS1)CN1CCC2CC1,199.32,1.56,,,,,,,,,,,No DILI,No DILI,No DILI,2017 Jan 23,,,WUTYZMFRCNBCHQ,0,Success,CC1OC2(CS1)CN1CCC2CC1,0.48800007,0.5019855,0.49613306,0.23737031,0,1,0,0,0.43087226,0.0,0.9987018,2.4166991e-11,0.9981554,3.0824183e-09,1,0,1,0,0.4992143,0.0,False,0
5,LT00065,Chenodiol,Ambiguous DILI-concern,Warnings and precautions,8.0,,,DILIrank,E*,Gastrointestinal,Gallstones,CHEMBL240597,A05AA01,1.0,1.0,16755.0,0.0,1.0,True,1983.0,0.0,,Anticholelithogenic,0.0,4.0,Small molecule,1.0,True,1.0,False,0.0,CHENODIOL,0.0,MOL,True,False,,,,1978.0,False,C[C@H](CCC(=O)O)[C@H]1CC[C@H]2[C@@H]3[C@H](O)C[C@@H]4C[C@H](O)CC[C@]4(C)[C@H]3CC[C@]12C,392.58,4.48,hepatotoxicity,United States,,Black Box Warning,,,,,,,No DILI,No DILI,No DILI,2016 Sep 9,,,RUDATBOHQWOJDD,0,Success,C[C@H](CCC(=O)O)[C@H]1CC[C@H]2[C@@H]3[C@H](O)C[C@@H]4C[C@H](O)CC[C@]4(C)[C@H]3CC[C@]12C,0.6245968,0.35748816,0.47262084,0.58589673,1,0,0,1,0.5101506,0.0,1.0,0.0021351327,0.9874019,1.0,1,0,1,1,0.74738425,1.0,False,0
6,LT01025,Cilostazol,Ambiguous DILI-concern,Adverse reactions,5.0,,,DILIrank,E,Cardiovascular,Intermittent claudication,CHEMBL799,B01AC23,1.0,1.0,31401.0,0.0,2.0,True,1999.0,0.0,,Inhibitor (platelet); Vasodilator; Antithrombotic,0.0,4.0,Small molecule,1.0,True,0.0,False,0.0,CILOSTAZOL,0.0,MOL,True,False,,,,1997.0,False,O=C1CCc2cc(OCCCCc3nnnn3C3CCCCC3)ccc2N1,369.47,3.46,,United States,,Black Box Warning,,PDE,Metabolism,"Cilostazol (Pletal,OPC-13013) is a potent cyclic nucleotide phosphodiesterase type 3 (PDE3) inhibitor with IC50 of 0.2 μM and inhibitor of adenosine uptake.",73963-72-1,200.29,No DILI,No DILI,No DILI,2017 Dec 1,,,RRGUKTPIGVIEKM,0,Success,O=C1CCc2cc(OCCCCc3nnnn3C3CCCCC3)ccc2N1,0.6712703,0.6605214,0.6089838,0.5935349,1,1,1,1,0.6335776,1.0,1.0,0.9999999,0.9612679,0.9999857,1,1,1,1,0.99031335,1.0,False,0
7,LT01275,Colistimethate,No-DILI-Concern,No match,0.0,,Intravenous,DILIrank,,,,CHEMBL2304327,,,0.0,,0.0,-1.0,False,,0.0,,,0.0,3.0,Unknown,0.0,False,0.0,False,0.0,COLISTIMETHATE,1.0,MOL,False,False,,,,,False,CCC(C)CCCCC(=O)N(CS(=O)(=O)O)[C@@H](CCNCS(=O)(=O)O)C(=O)N[C@@H](CN[C@@H](CCNCS(=O)(=O)O)C(=O)N[C@H]1CCNC(=O)[C@H]([C@@H](C)O)NC(=O)[C@@H](CCNCS(=O)(=O)O)NC(=O)[C@H](CCNCS(=O)(=O)O)NC(=O)[C@H](CC(C)C)NC(=O)[C@@H](CC(C)C)NC(=O)[C@H](CCNCS(=O)(=O)O)NC1=O)[C@@H](C)O,1720.05,,,,,,,,,,,,No DILI,No DILI,No DILI,,,,RRDRHWJDBOGQHN,0,Success,CCC(C)CCCCC(=O)N(CS(=O)(=O)O)C(CCNCS(=O)(=O)O)C(=O)N[C@@H](CNC(CCNCS(=O)(=O)O)C(=O)NC1CCNC(=O)C([C@@H](C)O)NC(=O)C(CCNCS(=O)(=O)O)NC(=O)C(CCNCS(=O)(=O)O)NC(=O)C(CC(C)C)NC(=O)C(CC(C)C)NC(=O)C(CCNCS(=O)(=O)O)NC1=O)[C@@H](C)O,0.29847556,0.1880065,0.41636983,0.12942134,0,0,0,0,0.25806832,0.0,0.9999906,0.05614811,0.0068544494,1.0,1,0,0,1,0.51574826,0.0,False,0
8,LT01253,Cycloserine,Ambiguous DILI-concern,Warnings and precautions,3.0,,,DILIrank,E*,Antimicrobial,Antituberculosis,CHEMBL771,J04AB01,1.0,0.0,40009.0,0.0,1.0,True,1964.0,0.0,,Antibacterial (tuberculostatic),0.0,4.0,Small molecule,1.0,True,0.0,False,0.0,CYCLOSERINE,0.0,MOL,True,False,,,,,False,N[C@@H]1CONC1=O,102.09,-1.62,,,,,,,,,,,No DILI,No DILI,No DILI,2017 Nov 3,,,DYDCUQKUCUHJBH,0,Success,NC1CONC1=O,0.51242924,0.5020324,0.4348835,0.32261282,1,1,0,0,0.44298947,0.0,1.0,0.5467833,0.9933169,0.9996494,1,1,1,1,0.8849374,1.0,False,0
9,LT00655,Degarelix,Ambiguous DILI-concern,Adverse reactions,3.0,,,DILIrank,E,Antineoplastic,Prostate cancer,CHEMBL415606,L02BX02,1.0,0.0,,0.0,1.0,False,2008.0,0.0,,,0.0,4.0,Protein,1.0,False,0.0,True,0.0,DEGARELIX,0.0,MOL,True,False,-relix,hormone-release inhibiting peptides,-relix,2007.0,False,CC(=O)N[C@H](Cc1ccc2ccccc2c1)C(=O)N[C@H](Cc1ccc(Cl)cc1)C(=O)N[C@H](Cc1cccnc1)C(=O)N[C@@H](CO)C(=O)N[C@@H](Cc1ccc(NC(=O)[C@@H]2CC(=O)NC(=O)N2)cc1)C(=O)N[C@H](Cc1ccc(NC(N)=O)cc1)C(=O)N[C@@H](CC(C)C)C(=O)N[C@@H](CCCCNC(C)C)C(=O)N1CCC[C@H]1C(=O)N[C@H](C)C(N)=O,1632.29,,,,,,,,,,,,No DILI,No DILI,No DILI,2023 May 28,,,MEUCPCLKGZSHTA,0,Success,CC(=O)NC(Cc1ccc2ccccc2c1)C(=O)NC(Cc1ccc(Cl)cc1)C(=O)NC(Cc1cccnc1)C(=O)NC(CO)C(=O)NC(Cc1ccc(NC(=O)C2CC(=O)NC(=O)N2)cc1)C(=O)NC(Cc1ccc(NC(N)=O)cc1)C(=O)NC(CC(C)C)C(=O)NC(CCCCNC(C)C)C(=O)N1CCCC1C(=O)NC(C)C(N)=O,0.46386302,0.43354157,0.5618653,0.34922355,0,0,1,0,0.45212334,0.0,0.00036370847,2.6399148e-05,0.6447206,0.014350756,0,0,1,0,0.16486537,0.0,False,0
10,LT00695,Dermatan,Most-DILI-Concern,Discontinued,8.0,,Intravenous,DILIrank,,,,CHEMBL1909290,,-1.0,0.0,,0.0,-1.0,False,,-1.0,,,-1.0,,Small molecule,1.0,False,-1.0,False,0.0,DERMATAN,-1.0,MOL,False,False,,,,,False,CO[C@@H]1O[C@H](CO)[C@H](O)[C@H](O[C@@H]2O[C@@H](C(=O)O)[C@@H](OC)[C@H](O)[C@H]2O)[C@H]1NC(C)=O,425.39,-3.85,,,,,,,,,,,DILI (likely),DILI,Likely,,,,OEANUJAFZLQYOD,1,Success,CO[C@@H]1O[C@H](CO)[C@H](O)[C@H](O[C@@H]2OC(C(=O)O)[C@@H](OC)[C@H](O)[C@H]2O)[C@H]1NC(C)=O,0.41171753,0.31713068,0.34750614,0.30116487,0,0,0,0,0.3443798,0.0,0.9995247,0.99139786,0.95764714,1.0,1,1,1,1,0.98714244,1.0,True,1
11,LT00082,Dexamethasone,Ambiguous DILI-concern,Adverse reactions,3.0,,,DILIrank,A [HD],Endocrine,Immune suppression,CHEMBL384467,A01AC02; R01AD03; S02BA06; S03BA01; D07AB19; D10AA03; S01CB01; C05AA09; D07XB05; H02AB02; S01BA01,1.0,0.0,41879.0,0.0,1.0,True,1958.0,0.0,,Glucocorticoid,0.0,4.0,Small molecule,0.0,True,0.0,True,0.0,DEXAMETHASONE,0.0,MOL,True,True,,,,,False,C[C@@H]1C[C@H]2[C@@H]3CCC4=CC(=O)C=C[C@]4(C)[C@@]3(F)[C@@H](O)C[C@]2(C)[C@@]1(O)C(=O)CO,392.47,1.9,,,,,,"Autophagy,Complement System,COVID-19,Glucocorticoid Receptor,IL Receptor,Mitophagy",Immunology & Inflammation,"Dexamethasone (MK-125, NSC 34521, Hexadecadrol, Prednisolone F) is a potent synthetic member of the glucocorticoid class of steroid drugs, and an interleukin receptor modulator that has anti-inflammatory and immunosuppressant effects. Dexamethasone induces autophagy and mitophagy. Dexamethasone is tested in hospitalized patients with COVID-19 and is found to have benefits for critically ill patients.",50-02-2,201.29,DILI (likely),DILI,Likely,,,,UREBDLICKHMUKA,1,Success,C[C@@H]1C[C@H]2[C@@H]3CC=C4CC(=O)C=C[C@]4(C)[C@@]3(F)[C@@H](O)C[C@]2(C)[C@@]1(O)C(=O)CO,0.45203292,0.24756023,0.47306317,0.20933379,0,0,0,0,0.34549752,0.0,0.9994374,1.3406147e-09,0.49752,0.012922692,1,0,0,0,0.37747002,0.0,True,1
12,LT00294,Dipyridamole,Ambiguous DILI-concern,Warnings and precautions,3.0,,,DILIrank,E*,Hematologic,Antiplatelet,CHEMBL932,B01AC07,1.0,0.0,4653.0,0.0,2.0,True,1961.0,0.0,,Vasodilator (coronary),0.0,4.0,Small molecule,1.0,True,0.0,True,0.0,DIPYRIDAMOLE,0.0,MOL,True,False,,,,1963.0,False,OCCN(CCO)c1nc(N2CCCCC2)c2nc(N(CCO)CCO)nc(N3CCCCC3)c2n1,504.64,-0.02,,,,,,PDE,Metabolism,"Dipyridamole (NSC-515776, Persantine) is a phosphodiesterase inhibitor that blocks uptake and metabolism of adenosine by erythrocytes and vascular endothelial cells.",58-32-2,200.15,No DILI,No DILI,No DILI,,,,IZEKFCXSFNUWAM,0,Success,OCCN(CCO)c1nc(N2CCCCC2)c2nc(N(CCO)CCO)nc(N3CCCCC3)c2n1,0.25123543,0.13697264,0.43556136,0.07760291,0,0,0,0,0.2253431,0.0,0.00012740066,0.99898404,0.10587282,7.492719e-14,0,1,0,0,0.27624607,0.0,False,0
13,LT00623,Doripenem,Ambiguous DILI-concern,Adverse reactions,3.0,,,DILIrank,E*,Antimicrobial,Antibacterial,CHEMBL491571,J01DH04,1.0,0.0,,0.0,1.0,True,2007.0,0.0,,,0.0,4.0,Small molecule,1.0,False,0.0,True,0.0,DORIPENEM,0.0,MOL,True,False,-penem,"antibacterial antibiotics, carbapenem derivatives",-penem,2005.0,False,C[C@@H](O)[C@H]1C(=O)N2C(C(=O)O)=C(S[C@@H]3CN[C@H](CNS(N)(=O)=O)C3)[C@H](C)[C@H]12,420.51,-1.6,,,,,,Antibiotics,Microbiology,Doripenem(S 4661) is a new parenteral carbapenem antibiotic with broad-spectrum activity against gram-negative and gram-positive pathogens.,148016-81-3,142.69,No DILI,No DILI,No DILI,2017 Jan 17,,,AVAACINZEOAHHE,0,Success,C[C@@H](O)C1C(=O)N2C(C(=O)O)=C(S[C@@H]3CN[C@H](CNS(N)(=O)=O)C3)[C@H](C)[C@H]12,0.5130186,0.5715184,0.56556535,0.55203223,1,1,1,1,0.55053365,1.0,0.99885523,0.013537045,0.07601583,1.0,1,0,0,1,0.522102,0.0,False,0
14,LT02093,Edrophonium,No-DILI-Concern,No match,0.0,,,DILIrank,,,,CHEMBL60745,,-1.0,0.0,,0.0,-1.0,False,,-1.0,,,-1.0,,Small molecule,1.0,False,-1.0,False,0.0,EDROPHONIUM BROMIDE,-1.0,MOL,False,False,,,,,False,CC[N+](C)(C)c1cccc(O)c1.[Br-],246.15,1.98,,,,,,,,,,,No DILI,No DILI,No DILI,,,,CAEPIUXAUPYIIJ,0,Success,CC[N+](C)(C)c1cccc(O)c1,0.0040869727,0.0008146993,0.43207553,0.00013473595,0,0,0,0,0.109277986,0.0,2.2535915e-33,7.0030997e-17,0.0018909096,1.5095911e-22,0,0,0,0,0.0004727274,0.0,False,0
15,LT00381,Enalaprilat,Ambiguous DILI-concern,Adverse reactions,7.0,,,DILIrank,B,Cardiovascular,Antihypertensive,CHEMBL3989406,,1.0,1.0,,0.0,1.0,True,1988.0,0.0,,,0.0,4.0,Small molecule,0.0,False,0.0,True,0.0,ENALAPRILAT,0.0,MOL,True,False,-nal-; -pril-,"narcotic agonists/antagonists (normorphine type); antihypertensives (ACE inhibitors): antihypertensives (ACE inhibitors), diacid analogs",-nal-; -pril- (-prilat),1984.0,False,C[C@H](N[C@@H](CCc1ccccc1)C(=O)O)C(=O)N1CCC[C@H]1C(=O)O.O.O,384.43,1.13,teratogenicity,United States,,Black Box Warning,,,,,,,DILI (likely),DILI,Likely,,,,MZYVOFLIPYDBGD,1,Success,CC(NC(CCc1ccccc1)C(=O)O)C(=O)N1CCCC1C(=O)O,0.43393233,0.38726065,0.5119783,0.38521937,0,0,1,0,0.42959768,0.0,0.9344014,0.7990764,0.5185148,0.9877906,1,1,1,1,0.8099458,1.0,True,1
16,LT00971,Epoprostenol,Ambiguous DILI-concern,Adverse reactions,7.0,,,DILIrank,E,Respiratory,Pulmonary hypertension,CHEMBL1139,B01AC09,1.0,0.0,15552.0,0.0,1.0,False,1995.0,0.0,,Inhibitor (platelet),0.0,4.0,Small molecule,1.0,False,0.0,True,0.0,EPOPROSTENOL,0.0,MOL,True,False,-prost-,prostaglandins,-prost-,1979.0,False,CCCCC[C@H](O)/C=C/[C@@H]1[C@H]2C/C(=C/CCCC(=O)O)O[C@H]2C[C@H]1O,352.47,3.41,,,,,,,,,,,No DILI,No DILI,No DILI,,,,KAQKFAOMNZTLHT,0,Success,CCCCC[C@H](O)/C=C/[C@@H]1[C@H]2C/C(=C/CCCC(=O)O)O[C@H]2C[C@H]1O,0.41895628,0.20626801,0.39465052,0.24160275,0,0,0,0,0.3153694,0.0,0.99991775,1.0790881e-06,0.8959298,1.0,1,0,1,1,0.7239622,1.0,False,0
17,LT02043,Estrone,Ambiguous DILI-concern,Warnings and precautions,2.0,,,DILIrank,A,Gynecological,Birth control,CHEMBL1405,G03CC04; G03CA07,1.0,0.0,17263.0,0.0,1.0,True,1979.0,0.0,,Estrogen,0.0,4.0,Small molecule,1.0,False,0.0,True,0.0,ESTRONE,0.0,MOL,True,False,estr-,estrogens,estr-,,False,C[C@]12CC[C@@H]3c4ccc(O)cc4CC[C@H]3[C@@H]1CCC2=O,270.37,3.82,,,,,,Estrogen/progestogen Receptor,Endocrinology & Hormones,Estrone is an estrogenic hormone.,53-16-7,199.73,DILI (likely),DILI,Likely,,,,DNXHEGUUPJUMQT,1,Success,C[C@]12CC[C@@H]3c4ccc(O)cc4CC[C@H]3[C@@H]1CCC2=O,0.6611207,0.5280633,0.6102892,0.46490374,1,1,1,0,0.5660942,1.0,0.9999999,0.011857969,0.98403335,0.9999999,1,0,1,1,0.7489728,1.0,True,1
18,LT00677,Estropipate,Ambiguous DILI-concern,Adverse reactions,2.0,,,DILIrank,A,Gynecological,Birth control,CHEMBL1200980,,1.0,1.0,,0.0,1.0,True,1977.0,0.0,,Estrogen,0.0,4.0,Small molecule,0.0,True,0.0,False,0.0,ESTROPIPATE,0.0,MOL,True,True,estr-; -trop-,estrogens; atropine derivatives,estr-; -trop-,,False,C1CNCCN1.C[C@]12CC[C@@H]3c4ccc(OS(=O)(=O)O)cc4CC[C@H]3[C@@H]1CCC2=O,436.57,3.29,"neurotoxicity, carcinogenicity, cardiotoxicity, vascular toxicity",United States,,Black Box Warning,,Estrogen/progestogen Receptor,Endocrinology & Hormones,"Estropipate (Piperazine estrone sulfate, Estrone sulfate piperazine salt, Pipestrone) is a natural estrogenic substance composed of estrone sulfate and piperazine and is used mainly in menopausal hormone therapy in the treatment of menopausal symptoms.",7280-37-7,199.28,DILI (likely),DILI,Likely,,,,HZEQBCVBILBTEP,1,Success,C[C@]12CC[C@@H]3c4ccc(OS(=O)(=O)O)cc4CC[C@H]3[C@@H]1CCC2=O,0.7356026,0.77560705,0.61590004,0.6113064,1,1,1,1,0.68460405,1.0,1.0,0.9999639,0.9999763,1.0,1,1,1,1,0.99998504,1.0,True,1
19,LT01193,Etonogestrel,Ambiguous DILI-concern,Warnings and precautions,5.0,,,DILIrank,A ,Gynecological,Birth control,CHEMBL1531,G03AC08,1.0,0.0,50777.0,0.0,1.0,True,2001.0,0.0,,Progestin,0.0,4.0,Small molecule,1.0,False,0.0,True,0.0,ETONOGESTREL,0.0,MOL,True,True,-estr-; -gest-,estrogens; progestins,-estr-; -gest-,1993.0,False,C#C[C@]1(O)CC[C@H]2[C@@H]3CCC4=CC(=O)CC[C@@H]4[C@H]3C(=C)C[C@@]21CC,324.46,4.05,,,,,,Estrogen/progestogen Receptor,Endocrinology & Hormones,"Etonogestrel (Implanon, Nexplanon, 3-Oxodesogestrel, 3-keto-Desogestrel) is a synthetic form of the naturally occurring female sex hormone progesterone. It binds to the cytoplasmic progesterone receptors in the reproductive system and subsequently activates progesterone receptor mediated gene expression.",54048-10-1,197.25,DILI (likely),DILI,Likely,,,,GCKFUYQCUCGESZ,1,Success,C#C[C@]1(O)CC[C@H]2[C@@H]3CC=C4CC(=O)CCC4[C@H]3C(=C)C[C@@]21CC,0.5959083,0.3043542,0.52010936,0.4506132,1,0,1,0,0.46774626,0.0,1.0,0.9993642,0.9697341,1.0,1,1,1,1,0.9922745,1.0,True,1
20,LT02031,Fluoxymesterone,Ambiguous DILI-concern,Warnings and precautions,8.0,,,DILIrank,A,Endocrine,Hormone replacement,CHEMBL1445,G03BA01,1.0,0.0,5120.0,0.0,1.0,True,1956.0,0.0,,Androgen,0.0,4.0,Small molecule,0.0,True,0.0,False,0.0,FLUOXYMESTERONE,0.0,MOL,True,False,-ster-; -terone,"steroids (androgens, anabolics); antiandrogens",-ster-; -terone,,False,C[C@]1(O)CC[C@H]2[C@@H]3CCC4=CC(=O)CC[C@]4(C)[C@@]3(F)[C@@H](O)C[C@@]21C,336.45,3.33,,,,,,,,,,,DILI (likely),DILI,Likely,,,,YLRFCQOZQXIBAB,1,Success,C[C@]1(O)CC[C@H]2[C@@H]3CC=C4CC(=O)CC[C@]4(C)[C@@]3(F)[C@@H](O)C[C@@]21C,0.5751512,0.3002008,0.5005774,0.28341419,1,0,1,0,0.41483587,0.0,0.99959487,8.1686397e-10,0.8181049,0.99949205,1,0,1,1,0.70429796,1.0,True,1
21,LT01257,Fosaprepitant,Ambiguous DILI-concern,Adverse reactions,3.0,,,DILIrank,E,Gastrointestinal,Antiemetic,CHEMBL1199324,,1.0,0.0,64321.0,0.0,1.0,False,2008.0,0.0,,,0.0,4.0,Small molecule,0.0,False,0.0,True,0.0,FOSAPREPITANT,1.0,MOL,True,False,fos-; -tant,phosphoro-derivatives; tachykinin (neurokinin) receptor antagonists: NK1 receptor antagonists,fos-; -tant (-pitant),2005.0,False,C[C@@H](O[C@H]1OCCN(Cc2nn(P(=O)(O)O)c(=O)[nH]2)[C@H]1c1ccc(F)cc1)c1cc(C(F)(F)F)cc(C(F)(F)F)c1,614.41,4.37,,,,,,,,,,,No DILI,No DILI,No DILI,,,,BARDROPHSZEBKC,0,Success,C[C@@H](O[C@H]1OCCN(Cc2nc(=O)n(P(=O)(O)O)[nH]2)[C@H]1c1ccc(F)cc1)c1cc(C(F)(F)F)cc(C(F)(F)F)c1,0.64474857,0.63291794,0.61151433,0.6180035,1,1,1,1,0.6267961,1.0,4.13499e-07,0.99964,0.5808613,5.0461815e-05,0,1,1,0,0.39513803,0.0,False,0
22,LT00401,Fulvestrant,Ambiguous DILI-concern,Adverse reactions,7.0,,,DILIrank,E*,Antineoplastic,Breast cancer,CHEMBL1358,L02BA03,1.0,0.0,31638.0,0.0,1.0,True,2002.0,0.0,,,0.0,4.0,Small molecule,0.0,False,0.0,True,0.0,FULVESTRANT,0.0,MOL,True,False,-estr-; -estrant,estrogens; estrogen antagonists,-estr-; -estrant,1998.0,False,C[C@]12CC[C@@H]3c4ccc(O)cc4C[C@@H](CCCCCCCCC[S+]([O-])CCCC(F)(F)C(F)(F)F)[C@H]3[C@@H]1CC[C@@H]2O,606.78,8.68,,,,,,"Apoptosis related,Autophagy,Estrogen/progestogen Receptor",Endocrinology & Hormones,"Fulvestrant (ICI-182780, ZD 9238, ZM 182780) is an estrogen receptor (ER) antagonist with IC50 of 0.94 nM in a cell-free assay. Fulvestrant also induces autophagy and apoptosis and has antitumor activity.",129453-61-8,164.81,No DILI,No DILI,No DILI,2018 Feb 6,,,VWUXBMIQPBEWFH,0,Success,C[C@]12CC[C@@H]3c4ccc(O)cc4C[C@@H](CCCCCCCCC[S+]([O-])CCCC(F)(F)C(F)(F)F)[C@H]3[C@@H]1CC[C@@H]2O,0.6613974,0.6674211,0.47125432,0.7231261,1,1,0,1,0.6307998,1.0,1.0,1.0,0.9842143,0.9958968,1,1,1,1,0.9950278,1.0,False,0
23,LT01406,Ganciclovir,Ambiguous DILI-concern,Adverse reactions,7.0,,,DILIrank,E,Antimicrobial,Antiviral: CMV,CHEMBL182,S01AD09; J05AB06,1.0,1.0,465284.0,0.0,2.0,True,1989.0,0.0,,Antiviral,0.0,4.0,Small molecule,1.0,True,0.0,True,0.0,GANCICLOVIR,1.0,MOL,True,True,-vir,antivirals: antivirals (acyclovir type),-vir (-ciclovir),1987.0,False,Nc1nc2c(ncn2COC(CO)CO)c(=O)[nH]1,255.23,-1.97,"teratogenicity, hematological toxicity, carcinogenicity",United States,,Black Box Warning,,CMV,Microbiology,"Ganciclovir (RS-21592, BW-759, 2'-Nor-2'-deoxyguanosine) is an antiviral drug for feline herpesvirus type-1 with IC50 of 5.2 μM in a cell-free assay.",82410-32-0,105.79,No DILI,No DILI,No DILI,,,,IRSCQMHQWWYFCW,0,Success,Nc1nc(=O)c2ncn(COC(CO)CO)c2[nH]1,0.3614083,0.26617202,0.55524814,0.2631378,0,0,1,0,0.36149156,0.0,4.2110612e-05,0.9867034,0.31922847,0.56362236,0,1,0,1,0.4673991,0.0,False,0
24,LT01422,Guanfacine,Ambiguous DILI-concern,Adverse reactions,3.0,,,DILIrank,E,Cardiovascular,Antihypertensive,CHEMBL862,C02AC02,1.0,0.0,5558.0,0.0,2.0,True,1986.0,0.0,,Antihypertensive,0.0,4.0,Small molecule,1.0,True,0.0,False,0.0,GUANFACINE,0.0,MOL,True,False,guan-,antihypertensives (guanidine derivatives),guan-,1979.0,False,N=C(N)NC(=O)Cc1c(Cl)cccc1Cl,246.1,1.55,,,,,,,,,,,No DILI,No DILI,No DILI,2021 Aug 25,,,INJOMKTZOLKMBF,0,Success,N=C(N)NC(=O)Cc1c(Cl)cccc1Cl,0.9024526,0.85065895,0.80021983,0.8937499,1,1,1,1,0.86177033,1.0,0.000352726,0.9874161,0.9968817,0.99999785,0,1,1,1,0.7461621,1.0,False,0
25,LT00814,Hydroflumethiazide,Ambiguous DILI-concern,Adverse reactions,2.0,,,DILIrank,E,Cardiovascular,Diuretic,CHEMBL1763,C03AA02; C03AH02,1.0,0.0,5784.0,0.0,2.0,True,1959.0,0.0,,Antihypertensive; Diuretic,0.0,4.0,Small molecule,0.0,True,0.0,False,0.0,HYDROFLUMETHIAZIDE,0.0,MOL,True,False,-thiazide,diuretics (thiazide derivatives),-thiazide,,False,NS(=O)(=O)c1cc2c(cc1C(F)(F)F)NCNS2(=O)=O,331.3,0.01,,,,,,,,,,,No DILI,No DILI,No DILI,,,,DMDGGSIALPNSEE,0,Success,NS(=O)(=O)c1cc2c(cc1C(F)(F)F)NCNS2(=O)=O,0.8263387,0.88960314,0.7388661,0.8391277,1,1,1,1,0.82348394,1.0,1.0,1.0,0.87825793,1.0,1,1,1,1,0.9695645,1.0,False,0
26,LT01437,Hydroxyzine,No-DILI-Concern,No match,0.0,,,DILIrank,E,Respiratory,Allergy symptoms,CHEMBL896,N05BB01; N05BB51,1.0,0.0,5818.0,0.0,0.0,False,1956.0,0.0,,Tranquilizer (minor),0.0,4.0,Small molecule,1.0,True,0.0,True,0.0,HYDROXYZINE,0.0,MOL,True,False,,,,,False,OCCOCCN1CCN(C(c2ccccc2)c2ccc(Cl)cc2)CC1,374.91,3.06,,,,,,,,,,,No DILI,No DILI,No DILI,,,,ZQDWXGKKHFNSQK,0,Success,OCCOCCN1CCN(C(c2ccccc2)c2ccc(Cl)cc2)CC1,0.35915104,0.22693723,0.55209386,0.19828969,0,0,1,0,0.33411795,0.0,0.083545424,0.45110422,0.9485283,1.7458319e-09,0,0,1,0,0.37079448,0.0,False,0
27,LT00654,Iloperidone,Ambiguous DILI-concern,Adverse reactions,2.0,,,DILIrank,E,CNS,Antipsychotic,CHEMBL14376,N05AX14,1.0,1.0,65173.0,0.0,2.0,True,2009.0,0.0,,Antipsychotic,0.0,4.0,Small molecule,0.0,True,0.0,False,0.0,ILOPERIDONE,0.0,MOL,True,False,,,,1993.0,False,COc1cc(C(C)=O)ccc1OCCCN1CCC(c2noc3cc(F)ccc23)CC1,426.49,4.83,psychiatric toxicity,United States,,Black Box Warning,,5-HT Receptor,Neuronal Signaling,"Iloperidone (HP873) is a dopamine (D2)/serotonin (5-HT2) receptor antagonist, used for the treatment of schizophrenia.",133454-47-4,63.31,No DILI,No DILI,No DILI,2023 Jun 5,,,XMXHEBAFVSFQEX,0,Success,COc1cc(C(C)=O)ccc1OCCCN1CCC(c2noc3cc(F)ccc23)CC1,0.67168736,0.7826784,0.6356446,0.77159655,1,1,1,1,0.71540177,1.0,1.0,1.0,0.9994299,1.0,1,1,1,1,0.9998575,1.0,False,0
28,LT01469,Isocarboxazid,Ambiguous DILI-concern,Warnings and precautions,5.0,,,DILIrank,E*,CNS,Antidepressant,CHEMBL1201168,N06AF01,1.0,1.0,,0.0,2.0,True,1959.0,0.0,,Antidepressant,0.0,4.0,Small molecule,1.0,True,0.0,False,0.0,ISOCARBOXAZID,0.0,MOL,True,False,,,,,False,Cc1cc(C(=O)NNCc2ccccc2)no1,231.25,1.42,,United States,,Black Box Warning,,,,,,,No DILI,No DILI,No DILI,2020 Apr 8,,,XKFPYPQQHFEXRZ,0,Success,Cc1cc(C(=O)NNCc2ccccc2)no1,0.7288418,0.8483465,0.70735365,0.9099035,1,1,1,1,0.79861134,1.0,1.0,1.0,0.9836463,1.0,1,1,1,1,0.9959116,1.0,False,0
29,LT02203,Ixabepilone,Ambiguous DILI-concern,Adverse reactions,7.0,,,DILIrank,E*,Antineoplastic,Breast cancer,CHEMBL1201752,L01DC04,1.0,1.0,63605.0,0.0,1.0,True,2007.0,0.0,,,0.0,4.0,Small molecule,1.0,False,0.0,True,0.0,IXABEPILONE,0.0,MOL,True,False,,,,2003.0,False,C/C(=C\c1csc(C)n1)[C@@H]1C[C@@H]2O[C@]2(C)CCC[C@H](C)[C@H](O)[C@@H](C)C(=O)C(C)(C)[C@@H](O)CC(=O)N1,506.71,4.05,,United States,,Black Box Warning,,Microtubule Associated,Cytoskeletal Signaling,"Ixabepilone (Azaepothilone B, BMS-247550, Ixempra, Aza-epothilone B) is an orally bioavailable microtubule inhibitor. It binds to tubulin and promotes tubulin polymerization and microtubule stabilization, thereby arresting cells in the G2-M phase of the cell cycle and inducing tumor cell apoptosis.",219989-84-1,197.36,No DILI,No DILI,No DILI,2017 Jan 5,,,FABUFPQFXZVHFB,0,Success,C/C(=C\c1csc(C)n1)[C@@H]1C[C@@H]2O[C@]2(C)CCC[C@H](C)[C@H](O)C(C)C(=O)C(C)(C)[C@@H](O)CC(=O)N1,0.61823964,0.5543544,0.58024096,0.4826118,1,1,1,0,0.55886173,1.0,0.999948,0.99883527,0.99499524,1.0,1,1,1,1,0.9984447,1.0,False,0
30,LT00482,L-glutamine,Ambiguous DILI-concern,Adverse reactions,3.0,,,DILIrank,E,Hematologic,Sickle cell disease,CHEMBL930,A16AA03,1.0,0.0,18050.0,0.0,1.0,True,2004.0,0.0,,,0.0,4.0,Small molecule,1.0,True,0.0,False,0.0,GLUTAMINE,0.0,MOL,True,False,,,,2002.0,False,NC(=O)CC[C@H](N)C(=O)O,146.15,-1.34,,,,,,Others,Others,L-Glutamine (Gln) is one of the 20 amino acids encoded by the standard genetic code and also a major respiratory fuel and substrate for nucleic acid synthesis in mammalian intestinal cells.,56-85-9,,No DILI,No DILI,No DILI,2021 Jul 12,,,ZDXPYRJPNDTMRX,0,Success,NC(=O)CCC(N)C(=O)O,0.43204153,0.29596397,0.42559704,0.436274,0,0,0,0,0.39746916,0.0,0.57348794,5.8064953e-09,0.4456883,0.9999938,1,0,0,1,0.5047925,0.0,False,0
31,LT00571,Lisdexamfetamine,Ambiguous DILI-concern,Adverse reactions,3.0,,,DILIrank,A [HD],CNS,ADHD,CHEMBL1201222,N06BA12,1.0,1.0,,0.0,1.0,False,2007.0,0.0,,,0.0,4.0,Small molecule,1.0,True,0.0,False,0.0,LISDEXAMFETAMINE,1.0,MOL,True,False,-fetamine,amfetamine derivatives,-fetamine,2005.0,False,C[C@@H](Cc1ccccc1)NC(=O)[C@@H](N)CCCCN,263.38,1.19,,,,,,,,,,,DILI (likely),DILI,Likely,,,,VOBHXZCDAVEXEY,1,Success,C[C@@H](Cc1ccccc1)NC(=O)C(N)CCCCN,0.37913465,0.24550663,0.46662286,0.3052933,0,0,0,0,0.34913936,0.0,1.0,0.99997795,0.7989381,0.99999774,1,1,1,1,0.9497285,1.0,True,1
32,LT01513,Medroxyprogesterone,Ambiguous DILI-concern,Adverse reactions,2.0,,,DILIrank,A,Gynecological,Birth control,CHEMBL717,L02AB02; G03AC06; G03DA02,1.0,1.0,6716.0,0.0,1.0,True,1959.0,0.0,,Progestin,0.0,4.0,Small molecule,1.0,True,0.0,True,0.0,MEDROXYPROGESTERONE ACETATE,0.0,MOL,True,False,-gest-; -ster-; -terone,"progestins; steroids (androgens, anabolics); antiandrogens",-gest-; -ster-; -terone,,False,CC(=O)O[C@]1(C(C)=O)CC[C@H]2[C@@H]3C[C@H](C)C4=CC(=O)CC[C@]4(C)[C@H]3CC[C@@]21C,386.53,4.66,"carcinogenicity, respiratory toxicity, neurotoxicity, cardiotoxicity, musculoskeletal toxicity, vascular toxicity",United States,,Black Box Warning,,Estrogen/progestogen Receptor,Endocrinology & Hormones,Medroxyprogesterone (MP) is a synthetic pregnane steroid and a derivative of progesterone. It is a potent progesterone receptor agonist.,520-85-4,197.39,DILI (likely),DILI,Likely,,,,PSGAAPLEWMOORI,1,Success,CC(=O)O[C@]1(C(C)=O)CC[C@H]2[C@@H]3CC(C)=C4CC(=O)CC[C@]4(C)[C@H]3CC[C@@]21C,0.6139352,0.41036487,0.5368767,0.45113757,1,0,1,0,0.5030786,0.0,0.9999988,0.0023696776,0.9791571,0.99999464,1,0,1,1,0.74538004,1.0,True,1
33,LT00220,Megestrol,Ambiguous DILI-concern,Adverse reactions,1.0,,,DILIrank,A,Gynecological,Birth control,CHEMBL1201139,L02AB01; G03DB02; G03AC05,1.0,0.0,,0.0,1.0,True,1971.0,0.0,,Antineoplastic,0.0,4.0,Small molecule,1.0,True,0.0,False,0.0,MEGESTROL ACETATE,0.0,MOL,True,False,-estr-; -gest-,estrogens; progestins,-estr-; -gest-,1963.0,False,CC(=O)O[C@]1(C(C)=O)CC[C@H]2[C@@H]3C=C(C)C4=CC(=O)CC[C@]4(C)[C@H]3CC[C@@]21C,384.52,4.58,,,,,,Estrogen/progestogen Receptor,Endocrinology & Hormones,"Megestrol, a synthetic progestin, is approved for the treatment of anorexia, cachexia, or an unexplained significant weight loss in patients with an acquired immunodeficiency syndrome diagnosis. Megestrol acetate (Megace) is one of the first progestational agents to be evaluated for use in the hormonal therapy of advanced breast cancer.",3562-63-8,198.56,DILI (likely),DILI,Likely,,,,RQZAXGRLVPAYTJ,1,Success,CC(=O)O[C@]1(C(C)=O)CC[C@H]2C3=CC(C)=C4CC(=O)CC[C@]4(C)[C@H]3CC[C@@]21C,0.60061824,0.39089084,0.54594857,0.39804435,1,0,1,0,0.4838755,0.0,0.98045313,0.050016887,0.9746096,0.17940237,1,0,1,0,0.5461205,0.0,True,1
34,LT00833,Methyclothiazide,Ambiguous DILI-concern,Adverse reactions,2.0,,,DILIrank,E,Cardiovascular,Diuretic,CHEMBL1577,C03AA08,1.0,0.0,6847.0,0.0,0.0,True,1960.0,0.0,,Diuretic; Antihypertensive,0.0,4.0,Small molecule,1.0,True,0.0,False,0.0,METHYCLOTHIAZIDE,0.0,MOL,True,False,-thiazide,diuretics (thiazide derivatives),-thiazide,1963.0,False,CN1C(CCl)Nc2cc(Cl)c(S(N)(=O)=O)cc2S1(=O)=O,360.24,0.6,,,,,,Others,Others,"Methyclothiazide is a substituted benzothiadiazide, used to treat high blood pressure and fluid retention caused by various conditions including heart disease.",135-07-9,199.87,No DILI,No DILI,No DILI,,,,CESYKOGBSMNBPD,0,Success,CN1C(CCl)Nc2cc(Cl)c(S(N)(=O)=O)cc2S1(=O)=O,0.86070293,0.9099791,0.80667514,0.8939344,1,1,1,1,0.86782295,1.0,0.9999999,1.0,0.9983045,1.0,1,1,1,1,0.9995761,1.0,False,0
35,LT00922,Misoprostol,Ambiguous DILI-concern,Adverse reactions,3.0,,,DILIrank,E,Gastrointestinal,Acid peptic disease,CHEMBL606,G02AD06; A02BB01,1.0,1.0,,0.0,0.0,True,1988.0,0.0,,Anti-Ulcerative,0.0,4.0,Small molecule,1.0,True,0.0,False,0.0,MISOPROSTOL,1.0,MOL,True,False,-prost-,prostaglandins,-prost-,1981.0,False,CCCCC(C)(O)C/C=C/[C@H]1[C@H](O)CC(=O)[C@@H]1CCCCCCC(=O)OC,382.54,3.95,teratogenicity,United States,,Black Box Warning,,"PGES,Prostaglandin Receptor",GPCR & G Protein,"Misoprostol(SC29333) is a synthetic prostaglandin E1 (PGE1) analog that is used to prevent gastric ulcers, to treat missed miscarriage, to induce labor, and to induce abortion.",59122-46-2,198.67,No DILI,No DILI,No DILI,,,,OJLOPKGSLYJEMD,0,Success,CCCCC(C)(O)C/C=C/[C@@H]1C(CCCCCCC(=O)OC)C(=O)C[C@H]1O,0.47837114,0.20992765,0.38179842,0.18955937,0,0,0,0,0.31491414,0.0,1.0,9.811643e-06,0.9953359,1.0,1,0,1,1,0.7488364,1.0,False,0
36,LT01600,Nilutamide,Most-DILI-Concern,Warnings and precautions,8.0,,,DILIrank,C,Antineoplastic,Prostate cancer,CHEMBL1274,L02BB02,1.0,1.0,7573.0,0.0,2.0,True,1996.0,0.0,,Antineoplastic,0.0,4.0,Small molecule,0.0,True,0.0,False,0.0,NILUTAMIDE,0.0,MOL,True,False,-lutamide,non-steroid antiandrogens,-lutamide,1995.0,False,CC1(C)NC(=O)N(c2ccc([N+](=O)[O-])c(C(F)(F)F)c2)C1=O,317.22,2.45,respiratory toxicity,United States,,Black Box Warning,,Androgen Receptor,Endocrinology & Hormones,"Nilutamide (RU23908) is a nonsteroidal antiandrogen (NSAA) with affinity for androgen receptors (but not for progestogen, estrogen, or glucocorticoid receptors). It is used in the treatment of prostate cancer.",63612-50-0,198.6,DILI (likely),DILI,Likely,2023 Mar 15,,"Mitochondrial dysfunction, Oxidative stress, Hypersensitivity",XWXYUMMDTVBTOU,1,Success,CC1(C)NC(=O)N(c2ccc([N+](=O)[O-])c(C(F)(F)F)c2)C1=O,0.81657475,0.84001416,0.65233487,0.7755133,1,1,1,1,0.7711092,1.0,0.99933416,0.99790776,0.91673476,0.99999607,1,1,1,1,0.9784932,1.0,True,1
37,LT01092,Nitisinone,Ambiguous DILI-concern,Adverse reactions,7.0,,,DILIrank,E,Genetic,Tyrosinemia,CHEMBL1337,A16AX04,1.0,0.0,50378.0,0.0,2.0,True,2002.0,1.0,,,0.0,4.0,Small molecule,0.0,True,0.0,False,0.0,NITISINONE,0.0,MOL,True,False,,,,2002.0,False,O=C1CCCC(=O)C1C(=O)c1ccc(C(F)(F)F)cc1[N+](=O)[O-],329.23,2.73,,,,,,Others,Metabolism,"Nitisinone (NTBC, Nitisone, SC0735) is a synthetic reversible inhibitor of 4-hydroxyphenylpyruvate dioxygenase used in the treatment of hereditary tyrosinemia type 1.",104206-65-7,197.43,No DILI,No DILI,No DILI,2016 Oct 5,,,OUBCNLGXQFSTLU,0,Success,O=C1CCCC(=O)C1C(=O)c1ccc(C(F)(F)F)cc1[N+](=O)[O-],0.8135486,0.84398353,0.62194973,0.8420354,1,1,1,1,0.7803793,1.0,0.9999988,1.0,0.63703585,0.9999933,1,1,1,1,0.909257,1.0,False,0
38,LT02086,Orciprenaline,No-DILI-Concern,No match,0.0,,,DILIrank,,,,CHEMBL776,R03AB03; R03CB03,-2.0,0.0,6792.0,0.0,0.0,False,1973.0,0.0,,Bronchodilator,0.0,4.0,Small molecule,1.0,True,0.0,False,0.0,METAPROTERENOL,0.0,MOL,True,True,,,,1964.0,True,CC(C)NCC(O)c1cc(O)cc(O)c1,211.26,1.13,,,,,,,,,,,No DILI,No DILI,No DILI,,,,LMOINURANNBYCM,0,Success,CC(C)NCC(O)c1cc(O)cc(O)c1,0.4035012,0.30132386,0.5603086,0.3688323,0,0,1,0,0.4084915,0.0,0.99993515,0.9999716,0.7079312,1.0,1,1,1,1,0.9269595,1.0,False,0
39,LT01157,Pemetrexed,Ambiguous DILI-concern,Adverse reactions,3.0,,,DILIrank,E*,Antineoplastic,Solid tumors,CHEMBL225072,L01BA04,1.0,0.0,63616.0,0.0,1.0,True,2004.0,0.0,,,0.0,4.0,Small molecule,1.0,False,0.0,True,0.0,PEMETREXED,0.0,MOL,True,False,-trexed,antineoplastic thymidylate synthetase inhibitors,-trexed,1997.0,False,Nc1nc2[nH]cc(CCc3ccc(C(=O)N[C@@H](CCC(=O)O)C(=O)O)cc3)c2c(=O)[nH]1,427.42,0.67,,,,,,"Apoptosis related,Autophagy,DHFR,DNA/RNA Synthesis,Thymidylate Synthase",Apoptosis,"Pemetrexed (LY231514, Alimta) is a novel antifolate and antimetabolite for thymidylate synthase (TS), dihydrofolate reductase (DHFR) and glycinamide ribonucleotide formyltransferase (GARFT) with Ki of 1.3 nM, 7.2 nM and 65 nM in cell-free assays, respectively. Pemetrexed induces autophagy and apoptosis.",137281-23-3,198.87,No DILI,No DILI,No DILI,2016 Apr 18,,,WBXPDJSOTKVWSJ,0,Success,Nc1nc(=O)c2c(CCc3ccc(C(=O)NC(CCC(=O)O)C(=O)O)cc3)c[nH]c2[nH]1,0.66893923,0.5855054,0.669717,0.6575254,1,1,1,1,0.64542174,1.0,0.9466833,0.97704095,0.8218747,1.0,1,1,1,1,0.9363997,1.0,False,0
40,LT00130,Pentobarbital,Ambiguous DILI-concern,Warnings and precautions,3.0,,,DILIrank,E,CNS,Sedative/Hypnotic,CHEMBL448,N05CA01,-2.0,0.0,7983.0,0.0,0.0,True,1973.0,0.0,,Sedative-Hypnotic,0.0,4.0,Small molecule,1.0,True,0.0,True,0.0,PENTOBARBITAL,0.0,MOL,True,True,-barb-,barbituric acid derivatives,-barb-,,True,CCCC(C)C1(CC)C(=O)NC(=O)NC1=O,226.28,1.18,misuse,Norway,Self-Poisonings,Withdrawn,misuse,,,,,,No DILI,No DILI,No DILI,,,,WEXRUCMBJFQVBZ,0,Success,CCCC(C)C1(CC)C(=O)NC(=O)NC1=O,0.39091963,0.30290458,0.4732311,0.28649953,0,0,0,0,0.3633887,0.0,1.0,1.0,0.70547813,1.0,1,1,1,1,0.92636955,1.0,False,0
41,LT01671,Pilocarpine,Ambiguous DILI-concern,Adverse reactions,3.0,,,DILIrank,E,Opthalmologic,Sjogren syndrome,CHEMBL550,N07AX01; S01EB01; S01EB51,1.0,0.0,8207.0,0.0,1.0,True,1974.0,0.0,,"Antiglaucoma Agent; Cholinergic (ophthalmic),Cholinergic (ophthalmic)",0.0,4.0,Small molecule,1.0,True,0.0,False,0.0,PILOCARPINE,0.0,MOL,True,True,-pine,tricyclic compounds,-pine,,False,CC[C@@H]1C(=O)OC[C@@H]1Cc1cncn1C,208.26,1.16,,,,,,,,,,,No DILI,No DILI,No DILI,2020 Jun 24,,,QCHFTSOMWOSFHM,0,Success,CCC1C(=O)OC[C@@H]1Cc1cncn1C,0.4389044,0.5073521,0.5621972,0.48532575,0,1,1,0,0.49844486,0.0,1.0,0.9892329,0.9992787,0.99999714,1,1,1,1,0.9971272,1.0,False,0
42,LT00673,Pralatrexate,Ambiguous DILI-concern,Warnings and precautions,3.0,,,DILIrank,E*,Antineoplastic,Solid tumors,CHEMBL1201746,L01BA05,1.0,0.0,71223.0,0.0,0.0,True,2009.0,0.0,,,0.0,4.0,Small molecule,1.0,False,0.0,True,0.0,PRALATREXATE,0.0,MOL,True,False,-trexate,antimetabolites (folic acid derivatives),-trexate,2004.0,False,C#CCC(Cc1cnc2nc(N)nc(N)c2n1)c1ccc(C(=O)N[C@@H](CCC(=O)O)C(=O)O)cc1,477.48,0.98,,,,,,"Apoptosis related,DHFR",Metabolism,"Pralatrexate (NSC 754230) is an antifolate, and structurally a folate analog. Its IC50 is < 300 nM in some cell lines. Pralatrexate induces tumor cell apoptosis.",146464-95-1,58.64,No DILI,No DILI,No DILI,2016 May 1,,,OGSBUKJUDHAQEA,0,Success,C#CCC(Cc1cnc2nc(N)nc(N)c2n1)c1ccc(C(=O)NC(CCC(=O)O)C(=O)O)cc1,0.6880862,0.6204991,0.6784966,0.6710783,1,1,1,1,0.66454005,1.0,0.48160592,0.9999989,0.8957532,0.1152865,0,1,1,0,0.62316114,0.0,False,0
43,LT00564,Rufinamide,Ambiguous DILI-concern,Warnings and precautions,3.0,,,DILIrank,E*,CNS,Anticonvulsant,CHEMBL1201754,N03AF03,1.0,0.0,,0.0,2.0,True,2007.0,0.0,,,0.0,4.0,Small molecule,0.0,True,0.0,False,0.0,RUFINAMIDE,0.0,MOL,True,False,,,,2000.0,False,NC(=O)c1cn(Cc2c(F)cccc2F)nn1,238.2,0.7,,,,,,Sodium Channel,Transmembrane Transporters,"Rufinamide (CGP 33101,E 2080,RUF 331,Banzel) is a voltage-gated sodium channel blocker, used an anticonvulsant medication.",106308-44-5,75.57,No DILI,No DILI,No DILI,2018 Jun 6,,,POGQSBRIGCQNEG,0,Success,NC(=O)c1cn(Cc2c(F)cccc2F)nn1,0.8104418,0.92032593,0.75034654,0.8781241,1,1,1,1,0.83980966,1.0,0.99988174,1.0,0.9968336,1.0,1,1,1,1,0.9991788,1.0,False,0
44,LT00355,Secretin,No-DILI-Concern,No match,0.0,,Intravenous,DILIrank,,,,CHEMBL3039582,V04CK01,0.0,0.0,,0.0,1.0,True,2002.0,0.0,PEPTIDE1{H.S.D.G.T.F.T.S.E.L.S.R.L.R.E.G.A.R.L.Q.R.L.L.Q.G.L.V.[am]}$$$$,,0.0,4.0,Protein,0.0,False,0.0,True,0.0,SECRETIN,0.0,BOTH,True,False,-retin,retinol derivatives,-retin,2004.0,False,CC(C)C[C@H](NC(=O)CNC(=O)[C@H](CCC(N)=O)NC(=O)[C@H](CC(C)C)NC(=O)[C@H](CC(C)C)NC(=O)[C@H](CCCNC(=N)N)NC(=O)[C@H](CCC(N)=O)NC(=O)[C@H](CC(C)C)NC(=O)[C@H](CCCNC(=N)N)NC(=O)[C@H](C)NC(=O)CNC(=O)[C@H](CCC(=O)O)NC(=O)[C@H](CCCNC(=N)N)NC(=O)[C@H](CC(C)C)NC(=O)[C@H](CCCNC(=N)N)NC(=O)[C@H](CO)NC(=O)[C@H](CC(C)C)NC(=O)[C@H](CCC(=O)O)NC(=O)[C@H](CO)NC(=O)[C@@H](NC(=O)[C@H](Cc1ccccc1)NC(=O)[C@@H](NC(=O)CNC(=O)[C@H](CC(=O)O)NC(=O)[C@H](CO)NC(=O)[C@@H](N)Cc1cnc[nH]1)[C@@H](C)O)[C@@H](C)O)C(=O)N[C@H](C(N)=O)C(C)C,3039.46,,,,,,,,,,,,No DILI,No DILI,No DILI,,,,OWMZNFCDEHGFEP,0,Success,CC(C)CC(NC(=O)CNC(=O)C(CCC(N)=O)NC(=O)C(CC(C)C)NC(=O)C(CC(C)C)NC(=O)C(CCCN=C(N)N)NC(=O)C(CCC(N)=O)NC(=O)C(CC(C)C)NC(=O)C(CCCNC(=N)N)NC(=O)C(C)NC(=O)CNC(=O)C(CCC(=O)O)NC(=O)C(CCCNC(=N)N)NC(=O)C(CC(C)C)NC(=O)C(CCCNC(=N)N)NC(=O)C(CO)NC(=O)C(CC(C)C)NC(=O)C(CCC(=O)O)NC(=O)C(CO)NC(=O)C(NC(=O)C(Cc1ccccc1)NC(=O)C(NC(=O)CNC(=O)C(CC(=O)O)NC(=O)C(CO)NC(=O)C(N)Cc1cnc[nH]1)[C@@H](C)O)[C@@H](C)O)C(=O)NC(C(N)=O)C(C)C,0.2864973,0.2323664,0.41811904,0.19450006,0,0,0,0,0.2828707,0.0,0.00029839142,2.5473204e-05,0.20929193,0.9999987,0,0,0,1,0.30240363,0.0,False,0
45,LT01239,Tetrabenazine,Ambiguous DILI-concern,Adverse reactions,3.0,,,DILIrank,E,CNS,Chorea,CHEMBL117785,N07XX06,1.0,1.0,64028.0,0.0,0.0,True,2008.0,0.0,,,0.0,4.0,Small molecule,0.0,True,0.0,False,0.0,TETRABENAZINE,0.0,MOL,True,False,deu-,deuterated compounds,deu-,2014.0,False,COc1cc2c(cc1OC)C1CC(=O)C(CC(C)C)CN1CC2,317.43,3.24,psychiatric toxicity,United States,,Black Box Warning,,Dopamine Receptor,Neuronal Signaling,"Tetrabenazine(Xenazine,Ro 1-9569) acts primarily as a reversible high-affinity inhibitor of mono-amine uptake into granular vesicles of presynaptic neurons by binding selectively to VMAT-2; Also blocks dopamine D2 receptors, but this affinity is 1,000-fold lower than its affinity for VMAT-2.",58-46-8,182.72,No DILI,No DILI,No DILI,2019 Apr 2,,,MKJIEFSOBYUXJB,0,Success,COc1cc2c(cc1OC)C1CC(=O)C(CC(C)C)CN1CC2,0.5762523,0.49535844,0.5284517,0.45925748,1,0,1,0,0.51483,0.0,0.99019814,1.0,0.99991024,1.0,1,1,1,1,0.9975271,1.0,False,0
46,LT01843,Trimetrexate,Ambiguous DILI-concern,Warnings and precautions,3.0,,,DILIrank,E*,Antineoplastic,Solid tumors,CHEMBL119,P01AX07,0.0,0.0,,0.0,2.0,False,1993.0,0.0,,Antineoplastic,0.0,4.0,Small molecule,1.0,False,0.0,True,0.0,TRIMETREXATE,0.0,MOL,True,False,-trexate,antimetabolites (folic acid derivatives),-trexate,1981.0,False,COc1cc(NCc2ccc3nc(N)nc(N)c3c2C)cc(OC)c1OC,369.43,2.74,,,,,,,,,,,No DILI,No DILI,No DILI,2016 Apr 18,,,NOYPYLRCIDNJJB,0,Success,COc1cc(NCc2ccc3nc(N)nc(N)c3c2C)cc(OC)c1OC,0.80606383,0.7937453,0.718574,0.86503345,1,1,1,1,0.79585415,1.0,0.9999776,1.0,0.9999862,0.99999976,1,1,1,1,0.9999909,1.0,False,0
47,LT01855,Ursodeoxycholic acid,Ambiguous DILI-concern,Warnings and precautions,0.0,,,DILIrank,,,,CHEMBL1551,A05AA02,1.0,0.0,9907.0,0.0,1.0,True,1987.0,0.0,,Anticholelithogenic,0.0,4.0,Small molecule,1.0,True,0.0,False,0.0,URSODIOL,0.0,MOL,True,False,,,,1988.0,False,C[C@H](CCC(=O)O)[C@H]1CC[C@H]2[C@@H]3[C@@H](O)C[C@@H]4C[C@H](O)CC[C@]4(C)[C@H]3CC[C@]12C,392.58,4.48,,,,,,,,,,,No DILI,No DILI,No DILI,,,,RUDATBOHQWOJDD,0,Success,C[C@H](CCC(=O)O)[C@H]1CC[C@H]2[C@@H]3[C@@H](O)C[C@@H]4C[C@H](O)CC[C@]4(C)[C@H]3CC[C@]12C,0.6243325,0.35245496,0.46844476,0.5854137,1,0,0,1,0.50766146,0.0,1.0,0.0016112356,0.98854893,1.0,1,0,1,1,0.74754006,1.0,False,0
48,LT01109,Valganciclovir,Ambiguous DILI-concern,Adverse reactions,3.0,,,DILIrank,E,Antimicrobial,Antiviral: Herpes,CHEMBL252321,,-1.0,0.0,,0.0,-1.0,False,,-1.0,,,-1.0,,Small molecule,1.0,False,-1.0,False,0.0,(R)-VALGANCICLOVIR,-1.0,MOL,False,False,,,,,False,CC(C)[C@H](N)C(=O)OC[C@@H](CO)OCn1cnc2c(=O)nc(N)[nH]c21,354.37,-1.44,,,,,,,,,,,No DILI,No DILI,No DILI,,,,WPVFJKSGQUFQAP,0,Success,CC(C)C(N)C(=O)OC[C@@H](CO)OCn1cnc2c(=O)[nH]c(N)nc21,0.37930605,0.308377,0.5189674,0.33573523,0,0,1,0,0.38559642,0.0,0.9996468,0.99999833,0.8560442,0.99999976,1,1,1,1,0.96392226,1.0,False,0
49,,AKN-028,,,,,,,,,,CHEMBL4790100,,,0.0,,0.0,2.0,False,,0.0,,,0.0,2.0,Small molecule,1.0,False,0.0,False,0.0,AKN-028,0.0,MOL,False,False,,,,,False,Nc1ncc(-c2ccncc2)nc1Nc1ccc2[nH]ccc2c1,302.34,3.35,,,,,,,,,,,DILI (withdrawn),DILI,Withdrawn,,,,JLRIJKVMMZEKDF,1,Success,Nc1ncc(-c2ccncc2)nc1Nc1ccc2[nH]ccc2c1,0.821077,0.8449421,0.806505,0.80861396,1,1,1,1,0.82028455,1.0,0.99577457,0.9999999,0.9869578,0.9816914,1,1,1,1,0.9911059,1.0,True,1
50,,Abemaciclib,,,,,,,E*,Antineoplastic,Breast Cancer,CHEMBL3301610,L01EF03,1.0,0.0,,1.0,2.0,True,2017.0,0.0,,,0.0,4.0,Small molecule,0.0,True,0.0,False,0.0,ABEMACICLIB,0.0,MOL,True,False,-ciclib,cyclin dependent kinase inhibitors (formerly-cidib),-ciclib,2014.0,False,CCN1CCN(Cc2ccc(Nc3ncc(F)c(-c4cc(F)c5nc(C)n(C(C)C)c5c4)n3)nc2)CC1,506.61,4.94,,,,,,CDK,Cell Cycle,"Abemaciclib (LY2835219) is a cell cycle inhibitor selective for CDK4/6 with IC50 of 2 nM and 10 nM in cell-free assays, respectively.",1231929-97-7,11.84,No DILI,No DILI,No DILI,2018 Jul 31,,,UZWDCWONPYILKI,0,Success,CCN1CCN(Cc2ccc(Nc3ncc(F)c(-c4cc(F)c5nc(C)n(C(C)C)c5c4)n3)nc2)CC1,0.6228487,0.6256097,0.66049737,0.6916864,1,1,1,1,0.65016055,1.0,0.9999833,1.0,0.97971374,0.93753225,1,1,1,1,0.9793073,1.0,False,0
51,,Abrocitinib,,,,,,,E,Dermatologic,Atopic dermatitis,CHEMBL3655081,D11AH08,1.0,1.0,,0.0,1.0,True,2021.0,0.0,,,0.0,4.0,Small molecule,0.0,True,0.0,False,0.0,ABROCITINIB,0.0,MOL,True,False,-tinib,tyrosine kinase inhibitors: tyrosine kinase inhibitors; janus kinase inhibitors,-tinib (-citinib),2018.0,False,CCCS(=O)(=O)N[C@H]1C[C@@H](N(C)c2ncnc3[nH]ccc23)C1,323.42,1.25,"carcinogenicity, infectious disease",United States,,Black Box Warning,,JAK,JAK/STAT,"Abrocitinib (PF-04965842) is a potent JAK1 inhibitor with IC50s of 29 nM, 803 nM, > 10 000 nM and 1250 nM for JAK1, JAK2, JAK3 and tyrosine kinase (TYK) 2, respectively.",1622902-68-4,200.98,No DILI,No DILI,No DILI,2022 Jun 13,,,IUEWXNHSKRWHDY,0,Success,CCCS(=O)(=O)N[C@H]1C[C@@H](N(C)c2ncnc3[nH]ccc23)C1,0.64644265,0.5463847,0.64478433,0.59313184,1,1,1,1,0.60768586,1.0,0.99939466,1.0,0.7555218,0.66522664,1,1,1,1,0.8550358,1.0,False,0
52,,Aclidinium,,,,,,,E,Respiratory,Bronchodilation,CHEMBL1194325,,1.0,0.0,65346.0,0.0,1.0,False,2012.0,0.0,,,0.0,4.0,Small molecule,1.0,False,0.0,False,0.0,ACLIDINIUM,0.0,MOL,True,True,-clidinium; -ium,muscarinic receptor agonists/antagonists; quaternary ammonium derivatives: muscarinic receptor agonists/antagonists,-clidinium; -ium (-clidinium),2007.0,False,O=C(O[C@H]1C[N+]2(CCCOc3ccccc3)CCC1CC2)C(O)(c1cccs1)c1cccs1,484.66,4.67,,,,,,,,,,,No DILI,No DILI,No DILI,,,,ASMXXROZKSBQIH,0,Success,O=C(O[C@H]1C[N+]2(CCCOc3ccccc3)CCC1CC2)C(O)(c1cccs1)c1cccs1,0.25719368,0.1692115,0.62696606,0.08333454,0,0,1,0,0.28417644,0.0,0.00019230651,0.00021905803,0.87482077,1.4704743e-06,0,0,1,0,0.21880841,0.0,False,0
53,,Afamelanotide,,,,,,,E,Genetic,Erythropoietic protoporphyria,CHEMBL441738,D02BB02,1.0,0.0,,0.0,1.0,True,2014.0,1.0,PEPTIDE1{[ac].S.Y.S.[Nle].E.H.[dF].R.W.G.K.P.V.[am]}$$$$,,0.0,4.0,Protein,1.0,False,1.0,True,0.0,AFAMELANOTIDE,0.0,BOTH,True,False,-tide,peptides: melanocortin receptor agonists,-tide (-melanotide),2017.0,False,CCCC[C@H](NC(=O)[C@H](CO)NC(=O)[C@H](Cc1ccc(O)cc1)NC(=O)[C@H](CO)NC(C)=O)C(=O)N[C@@H](CCC(=O)O)C(=O)N[C@@H](Cc1c[nH]cn1)C(=O)N[C@H](Cc1ccccc1)C(=O)N[C@@H](CCCNC(=N)N)C(=O)N[C@@H](Cc1c[nH]c2ccccc12)C(=O)NCC(=O)N[C@@H](CCCCN)C(=O)N1CCC[C@H]1C(=O)N[C@H](C(N)=O)C(C)C,1646.87,,,,,,,,,,,,No DILI,No DILI,No DILI,2024 Mar 5,,,UAHFGYDRQSXQEB,0,Success,CCCCC(NC(=O)C(CO)NC(=O)C(Cc1ccc(O)cc1)NC(=O)C(CO)NC(C)=O)C(=O)NC(CCC(=O)O)C(=O)NC(Cc1c[nH]cn1)C(=O)NC(Cc1ccccc1)C(=O)NC(CCCN=C(N)N)C(=O)NC(Cc1c[nH]c2ccccc12)C(=O)NCC(=O)NC(CCCCN)C(=O)N1CCCC1C(=O)NC(C(N)=O)C(C)C,0.3545022,0.28404763,0.48899388,0.25464392,0,0,0,0,0.3455469,0.0,0.004311719,1.5022543e-05,0.2470864,0.0016312235,0,0,0,0,0.06326109,0.0,False,0
54,,Alogliptin,,,,,,,E*,Endocrine,Diabetes,CHEMBL376359,A10BH04,1.0,0.0,72323.0,0.0,1.0,False,2013.0,0.0,,,0.0,4.0,Small molecule,1.0,True,0.0,False,0.0,ALOGLIPTIN,0.0,MOL,True,False,-gliptin,dipeptidyl aminopeptidase-IV inhibitors,-gliptin,2008.0,False,Cn1c(=O)cc(N2CCC[C@@H](N)C2)n(Cc2ccccc2C#N)c1=O,339.4,0.39,,,,,,DPP,Proteases,"Alogliptin (SYR-322) benzoate is a potent, selective inhibitor of DPP-4 with IC50 of <10 nM, exhibits greater than 10,000-fold selectivity over DPP-8 and DPP-9.",850649-62-6,147.34,No DILI,No DILI,No DILI,2018 Jan 3,,,ZSBOMTDTBDDKMP,0,Success,Cn1c(=O)cc(N2CCC[C@@H](N)C2)n(Cc2ccccc2C#N)c1=O,0.5154112,0.37162963,0.6736089,0.68272287,1,0,1,1,0.56084317,1.0,0.94645506,0.9999217,0.98589396,1.0,1,1,1,1,0.9830677,1.0,False,0
55,,Alpelisib,,,,,,,E*,Antineoplastic,"Breast Ca, HER2-ve, PIK3A mt",CHEMBL2396661,L01EM03,1.0,0.0,,1.0,1.0,True,2019.0,0.0,,,0.0,4.0,Small molecule,0.0,True,0.0,False,0.0,ALPELISIB,0.0,MOL,True,False,-lisib,phosphatidylinositol 3-kinase (PI3K) inhibitors,-lisib,2016.0,False,Cc1nc(NC(=O)N2CCC[C@H]2C(N)=O)sc1-c1ccnc(C(C)(C)C(F)(F)F)c1,441.48,3.84,,,,,,PI3K,PI3K/Akt/mTOR,"Alpelisib (BYL719) is a potent and selective PI3Kα inhibitor with IC50 of 5 nM in a cell-free assay, and minimal effect on PI3Kβ/γ/δ. Phase 2.",1217486-61-7,199.33,No DILI,No DILI,No DILI,2021 Sep 15,,,STUWGJZDJHPWGZ,0,Success,Cc1nc(NC(=O)N2CCCC2C(N)=O)sc1-c1ccnc(C(C)(C)C(F)(F)F)c1,0.70482653,0.7090376,0.65852815,0.732204,1,1,1,1,0.70114905,1.0,0.36945415,0.9993401,0.770314,7.301792e-05,0,1,1,0,0.5347953,0.0,False,0
56,,Alpha lipoic acid,,,,,,,E,HDS: Nutritional Suppl,Diabetic neuropathy,CHEMBL33864,A16AX01,-1.0,0.0,16494.0,0.0,0.0,True,,0.0,,,0.0,4.0,Small molecule,1.0,False,0.0,False,0.0,"LIPOIC ACID, ALPHA",0.0,MOL,True,False,,,,,False,O=C(O)CCCCC1CCSS1,206.33,2.79,,,,,,,,,,,No DILI,No DILI,No DILI,,,,AGBQKNBQESQNJD,0,Success,O=C(O)CCCCC1CCSS1,0.61316013,0.03235507,0.58432996,0.32448417,1,0,1,0,0.38858235,0.0,1.0,0.00021419815,0.6540344,0.9999932,1,0,1,1,0.66356045,1.0,False,0
57,,Amifampridine,,,,,,,E,CNS,Myasthenia ,CHEMBL354077,N07XX05,1.0,0.0,,0.0,2.0,True,2009.0,0.0,,,0.0,4.0,Small molecule,1.0,True,0.0,False,0.0,AMIFAMPRIDINE,0.0,MOL,True,False,,,,2014.0,False,Nc1ccncc1N,109.13,0.25,,,,,,,,,,,No DILI,No DILI,No DILI,2019 May 15,,,OYTKINVCDFNREN,0,Success,Nc1ccncc1N,0.78802544,0.8062315,0.7811326,0.84327644,1,1,1,1,0.8046665,1.0,0.9976955,1.0,0.9932301,0.9999974,1,1,1,1,0.99773073,1.0,False,0
58,,Androstenedione,,,,,,,A,HDS: Anabolic steroid,Body building,CHEMBL274826,,,0.0,16422.0,0.0,1.0,False,,0.0,,,0.0,-1.0,Small molecule,1.0,False,0.0,False,0.0,ANDROSTENEDIONE,0.0,MOL,False,False,,,,,False,C[C@]12CCC(=O)C=C1CC[C@@H]1[C@@H]2CC[C@]2(C)C(=O)CC[C@@H]12,286.42,4.09,,,,,,,,,,,DILI (known),DILI,Known,,,,AEMFNILZOJDQLW,1,Success,C[C@]12CCC(=O)C=C1CC[C@@H]1[C@@H]2CC[C@]2(C)C(=O)CC[C@@H]12,0.6302222,0.43386546,0.53097886,0.41584632,1,0,1,0,0.5027282,0.0,1.0,0.3416685,0.9917223,1.0,1,0,1,1,0.8333477,1.0,True,1
59,,Apalutamide,,,,,,,E,Antineoplastic,Prostate cancer,CHEMBL3183409,L02BB05,1.0,0.0,,0.0,2.0,True,2018.0,0.0,,,0.0,4.0,Small molecule,0.0,True,0.0,False,0.0,APALUTAMIDE,0.0,MOL,True,False,-lutamide,non-steroid antiandrogens,-lutamide,,False,CNC(=O)c1ccc(N2C(=S)N(c3cnc(C#N)c(C(F)(F)F)c3)C(=O)C23CCC3)cc1F,477.44,3.53,,,,,,,,,,,No DILI,No DILI,No DILI,2023 Mar 15,,,HJBWBFZLDZWPHF,0,Success,CNC(=O)c1ccc(N2C(=S)N(c3cnc(C#N)c(C(F)(F)F)c3)C(=O)C23CCC3)cc1F,0.78623486,0.77641153,0.71110064,0.8010372,1,1,1,1,0.76869607,1.0,0.9999999,0.9999707,0.9292352,1.0,1,1,1,1,0.9823015,1.0,False,0
60,,Apixaban,,,,,,,B,Hematologic,Anticoagulant,CHEMBL231779,B01AF02,1.0,1.0,72296.0,0.0,2.0,True,2011.0,0.0,,,0.0,4.0,Small molecule,1.0,True,0.0,False,0.0,APIXABAN,0.0,MOL,True,False,-xaban,"antithrombotics, blood coagulation factor XA inhibitors",-xaban,2005.0,False,COc1ccc(-n2nc(C(N)=O)c3c2C(=O)N(c2ccc(N4CCCCC4=O)cc2)CC3)cc1,459.51,2.7,vascular toxicity,United States,,Black Box Warning,,Factor Xa,Metabolism,"Apixaban (BMS 562247-01) is a highly selective, reversible inhibitor of Factor Xa with Ki of 0.08 nM and 0.17 nM in human and rabbit, respectively.",503612-47-3,39.17,DILI (likely),DILI,Likely,2023 Feb 16,,"CYP, Immune-mediated, Hypersensitivity",QNZCBYKSOIHPEH,1,Success,COc1ccc(-n2nc(C(N)=O)c3c2C(=O)N(c2ccc(N4CCCCC4=O)cc2)CC3)cc1,0.6930851,0.708738,0.6906944,0.70348215,1,1,1,1,0.6989999,1.0,0.99982363,1.0,0.9936661,0.9999975,1,1,1,1,0.99837184,1.0,True,1
61,,Apremilast,,,,,,,E,Dermatologic,Psoriasis,CHEMBL514800,L04AA32,1.0,0.0,78540.0,0.0,1.0,True,2014.0,1.0,,,0.0,4.0,Small molecule,1.0,True,0.0,False,0.0,APREMILAST,0.0,MOL,True,False,-ast,antiasthmatics/antiallergics (not acting primarily as antihistamines): type IV phosphodiesterase,-ast (-milast),2005.0,False,CCOc1cc([C@@H](CS(C)(=O)=O)N2C(=O)c3cccc(NC(C)=O)c3C2=O)ccc1OC,460.51,2.43,,,,,,"PDE,TNF-alpha",Metabolism,"Apremilast (CC-10004) is a potent and orally active PDE4 and TNF-α inhibitor with IC50 of 74 nM and 77 nM, respectively.",608141-41-9,199.78,No DILI,No DILI,No DILI,2017 Jul 25,,,IMOZEMNVLZVGJZ,0,Success,CCOc1cc([C@@H](CS(C)(=O)=O)N2C(=O)c3cccc(NC(C)=O)c3C2=O)ccc1OC,0.5336507,0.44472492,0.6637554,0.48800188,1,0,1,0,0.5325332,0.0,0.011170496,0.021533139,0.8837052,0.0038602706,0,0,1,0,0.23006728,0.0,False,0
62,,Asciminib,,,,,,,E*,Antineoplastic,"CML, Ph+",CHEMBL4208229,L01EA06,1.0,0.0,,1.0,1.0,True,2021.0,0.0,,,0.0,4.0,Small molecule,0.0,True,1.0,False,0.0,ASCIMINIB,0.0,MOL,True,False,-minib,"kinase inhibitor, binds to myristoyl binding site",-minib,2018.0,False,O=C(Nc1ccc(OC(F)(F)Cl)cc1)c1cnc(N2CC[C@@H](O)C2)c(-c2cc[nH]n2)c1,449.85,3.46,,,,,,Bcr-Abl,Angiogenesis,Asciminib (ABL001) is a potent and selective allosteric ABL1 inhibitor with dissociation constant (Kd) of 0.5-0.8 nM and selectivity to the myristoyl pocket of ABL1.,1492952-76-7,197.85,No DILI,No DILI,No DILI,2023 Oct 8,,,VOVZXURTCKPRDQ,0,Success,O=C(Nc1ccc(OC(F)(F)Cl)cc1)c1cnc(N2CC[C@@H](O)C2)c(-c2cc[nH]n2)c1,0.680909,0.5573283,0.68153363,0.6854916,1,1,1,1,0.6513156,1.0,0.07390058,0.9121932,0.8334946,0.9999999,0,1,1,1,0.70489705,1.0,False,0
63,,Ascorbic acid,,,,,,,E,HDS: Nutritional Suppl,General health,CHEMBL196,G01AD03; A11GA01; S01XA15,1.0,0.0,29073.0,0.0,1.0,True,1985.0,0.0,,Acidifier (urlnary); Vitamin (antiscorbutic),0.0,4.0,Small molecule,1.0,True,0.0,True,0.0,ASCORBIC ACID,0.0,MOL,False,False,,,,,False,O=C1O[C@H]([C@@H](O)CO)C(O)=C1O,176.12,-1.41,,,,,,,,,,,No DILI,No DILI,No DILI,,,,CIWBSHSKHKDKBQ,0,Success,OC[C@H](O)c1oc(O)c(O)c1O,0.3837278,0.19372588,0.5992081,0.11434444,0,0,1,0,0.32275155,0.0,0.0030481361,0.96283716,0.064807385,0.999881,0,1,0,1,0.50764346,0.0,False,0
64,,Avanafil,,,,,,,E*,Urologic,Erectile Dysfunction,CHEMBL1963681,G04BE10,1.0,0.0,66876.0,0.0,1.0,True,2011.0,0.0,,,0.0,4.0,Small molecule,1.0,True,0.0,False,0.0,AVANAFIL,0.0,MOL,True,False,-afil,phosphodiesterase type 5 inhibitors (PDE5) inhibitors: (PDE5) inhibitors containing a sulfonamide moiety,-afil (denafil),2000.0,False,COc1ccc(CNc2nc(N3CCC[C@H]3CO)ncc2C(=O)NCc2ncccn2)cc1Cl,483.96,2.43,,,,,,PDE,Metabolism,"Avanafil is a highly selective PDE5 inhibitor with IC50 of 5.2 nM, >121-fold selectivity over other PDEs.",330784-47-9,200.43,No DILI,No DILI,No DILI,2017 Aug 2,,,WEAJZXNPAWBCOA,0,Success,COc1ccc(CNc2nc(N3CCC[C@H]3CO)ncc2C(=O)NCc2ncccn2)cc1Cl,0.690974,0.61565506,0.67975605,0.6339368,1,1,1,1,0.6550805,1.0,0.17086022,0.9999999,0.9537394,0.00049196405,0,1,1,0,0.5312728,0.0,False,0
65,,Avapritinib,,,,,,,E*,Antineoplastic,GIST,CHEMBL4204794,L01EX18,1.0,0.0,,0.0,1.0,True,2020.0,0.0,,,0.0,4.0,Small molecule,0.0,True,1.0,False,0.0,AVAPRITINIB,0.0,MOL,True,False,-tinib,tyrosine kinase inhibitors,-tinib,2017.0,False,Cn1cc(-c2cc3c(N4CCN(c5ncc([C@@](C)(N)c6ccc(F)cc6)cn5)CC4)ncnn3c2)cn1,498.57,2.61,,,,,,"c-Kit,PDGFR",Protein Tyrosine Kinase,"Avapritinib (BLU-285) is a small molecule kinase inhibitor that potently inhibits PDGFRα D842V mutant activity in vitro (IC50 = 0.5 nM) and PDGFRα D842V autophosphorylation in the cellular setting (IC50 = 30 nM); also a potent inhibitor of the analogous Kit (c-Kit) mutation, D816V in Kit (c-Kit) Exon 17 (IC50 = 0.5 nM).",1703793-34-3,132.38,No DILI,No DILI,No DILI,2023 Sep 2,,,DWYRIWUZIJHQKQ,0,Success,Cn1cc(-c2cc3c(N4CCN(c5ncc([C@@](C)(N)c6ccc(F)cc6)cn5)CC4)ncnn3c2)cn1,0.6645014,0.6177352,0.71564186,0.5967865,1,1,1,1,0.64866626,1.0,0.010448188,0.0006188402,0.9657697,5.542435e-09,0,0,1,0,0.24420919,0.0,False,0
66,,Avatrombopag,,,,,,,E*,Hematologic,Thrombocytopenia,CHEMBL2103883,B02BX08,1.0,0.0,,0.0,2.0,False,2018.0,0.0,,,0.0,4.0,Small molecule,1.0,True,0.0,False,0.0,AVATROMBOPAG,0.0,MOL,True,False,-trombopag,thrombopoetin agonists,-trombopag,2011.0,False,O=C(Nc1nc(-c2cc(Cl)cs2)c(N2CCN(C3CCCCC3)CC2)s1)c1cnc(N2CCC(C(=O)O)CC2)c(Cl)c1,649.67,6.58,,,,,,TpoR,Immunology & Inflammation,"Avatrombopag (AKR-501,E5501,YM477) is an orally administered, small-molecule thrombopoietin receptor (c-Mpl) agonist which increases platelet number, but not platelet activation.",570406-98-3,30.79,No DILI,No DILI,No DILI,,,,OFZJKCQENFPZBH,0,Success,O=C(Nc1nc(-c2cc(Cl)cs2)c(N2CCN(C3CCCCC3)CC2)s1)c1cnc(N2CCC(C(=O)O)CC2)c(Cl)c1,0.78801894,0.72873557,0.7123406,0.823675,1,1,1,1,0.7631925,1.0,0.99998915,0.5653088,0.99841666,0.9983889,1,1,1,1,0.8905258,1.0,False,0
67,,Avibactam,,,,,,,E,Antimicrobial,Antibacterial,CHEMBL1689063,,1.0,0.0,85984.0,0.0,1.0,False,2015.0,0.0,,,0.0,4.0,Small molecule,1.0,False,0.0,True,0.0,AVIBACTAM,0.0,MOL,True,False,-bactam,beta-lactamase inhibitors,-bactam,2012.0,False,NC(=O)[C@@H]1CC[C@@H]2CN1C(=O)N2OS(=O)(=O)O,265.25,-1.53,,,,,,,,,,,No DILI,No DILI,No DILI,,,,NDCUAPJVLWFHHB,0,Success,NC(=O)C1CC[C@@H]2CN1C(=O)N2OS(=O)(=O)O,0.5963469,0.80853873,0.5199876,0.5150948,1,1,1,1,0.609992,1.0,1.0,0.9997397,0.99991715,1.0,1,1,1,1,0.99991417,1.0,False,0
68,,Azilsartan,,,,,,,E*,Cardiovascular,Antihypertensive,CHEMBL57242,,-1.0,0.0,68850.0,0.0,2.0,False,,0.0,,,0.0,3.0,Small molecule,1.0,False,0.0,False,0.0,AZILSARTAN,0.0,MOL,False,False,-sartan,angiotensin II receptor antagonists,-sartan,2007.0,False,CCOc1nc2cccc(C(=O)O)c2n1Cc1ccc(-c2ccccc2-c2noc(=O)[nH]2)cc1,456.46,4.19,,,,,,Angiotensin Receptor,GPCR & G Protein,Azilsartan (TAK-536) is an angiotensin II type 1 (AT1) receptor antagonist with IC50 of 2.6 nM.,147403-03-0,199.36,No DILI,No DILI,No DILI,2017 Jan 13,,,KGSXMPPBFPAXLY,0,Success,CCOc1nc2cccc(C(=O)O)c2n1Cc1ccc(-c2ccccc2-c2nc(=O)o[nH]2)cc1,0.7639562,0.76719636,0.7573158,0.7813337,1,1,1,1,0.7674505,1.0,0.9300977,0.96471936,0.98238695,0.9664493,1,1,1,1,0.9609133,1.0,False,0
69,,BMS-986142,,,,,,,,,,CHEMBL3900554,,,0.0,,0.0,-1.0,False,,0.0,,,0.0,2.0,Small molecule,0.0,False,0.0,False,0.0,BMS-986142,0.0,MOL,False,False,,,,,False,Cc1c(-c2c(F)cc(C(N)=O)c3[nH]c4c(c23)CC[C@H](C(C)(C)O)C4)cccc1-n1c(=O)c2cccc(F)c2n(C)c1=O,572.61,4.4,,,,,,BTK,Protein Tyrosine Kinase,"BMS-986142 is a potent and highly selective reversible small molecule inhibitor of BTK with an IC50 of 0.5 nM. In a panel of 384 kinases, only five kinases were inhibited by BMS-986142 with less than 100-fold selectivity for BTK (TEC, ITK, BLK, TXK and BMX).",1643368-58-4,174.64,DILI (withdrawn),DILI,Withdrawn,,,,ZRYMMWAJAFUANM,1,Success,Cc1c(-c2c(F)cc(C(N)=O)c3[nH]c4c(c23)CC[C@H](C(C)(C)O)C4)cccc1-n1c(=O)c2cccc(F)c2n(C)c1=O,0.73675174,0.7359052,0.72417635,0.68637514,1,1,1,1,0.7208021,1.0,0.9998504,0.9998754,0.9939773,1.0,1,1,1,1,0.9984258,1.0,True,1
70,,Baloxavir,,,,,,,E,Antimicrobial,Antiviral: Influenza ,CHEMBL4297215,,-1.0,0.0,,0.0,1.0,False,,0.0,,,0.0,2.0,Small molecule,0.0,False,0.0,False,0.0,BALOXAVIR,0.0,MOL,False,False,-vir,antivirals,-vir,2017.0,False,O=C1c2c(O)c(=O)ccn2N([C@@H]2c3ccccc3SCc3c2ccc(F)c3F)[C@@H]2COCCN12,483.5,2.98,,,,,,Antiviral,Microbiology,"Baloxavir (Baloxavir acid, S-033447) is a first-in-class, potent and selective cap-dependent endonuclease (CEN) inhibitor with an IC50 of 2.5 nM. BXA inhibits viral RNA transcription via selective inhibition of CEN activity.",1985605-59-1,51.71,No DILI,No DILI,No DILI,2020 Jun 22,,,FIDLLEYNNRGVFR,0,Success,O=C1c2c(O)c(=O)ccn2N([C@@H]2c3ccccc3SCc3c2ccc(F)c3F)[C@@H]2COCCN12,0.6363831,0.74488705,0.72183865,0.5572522,1,1,1,1,0.66509026,1.0,0.98175,0.13571328,0.9790385,0.87723464,1,0,1,1,0.74343413,1.0,False,0
71,,Baricitinib,,,,,,,E*,Rheumatologic,Rheumatoid arthritis,CHEMBL2105759,L04AA37,1.0,1.0,,0.0,2.0,True,2017.0,0.0,,,0.0,4.0,Small molecule,1.0,True,0.0,False,0.0,BARICITINIB,0.0,MOL,True,False,-tinib,tyrosine kinase inhibitors: tyrosine kinase inhibitors; janus kinase inhibitors,-tinib (-citinib),2011.0,False,CCS(=O)(=O)N1CC(CC#N)(n2cc(-c3ncnc4[nH]ccc34)cn2)C1,371.43,1.1,"respiratory toxicity, infectious disease, carcinogenicity, vascular toxicity",United States,,Black Box Warning,,"COVID-19,JAK",JAK/STAT,"Baricitinib (LY3009104, INCB028050) is a selective JAK1 and JAK2 inhibitor with IC50 of 5.9 nM and 5.7 nM in cell-free assays, ~70 and ~10-fold selective versus JAK3 and Tyk2, no inhibition to c-Met and Chk2. Baricitinib is found to reduce or interrupt the passage of the virus into target cells and is used in the treatment research for COVID-19. Phase 3.",1187594-09-7,199.24,No DILI,No DILI,No DILI,2022 Aug 30,,,XUZMWHLSFXCVMG,0,Success,CCS(=O)(=O)N1CC(CC#N)(n2cc(-c3ncnc4[nH]ccc34)cn2)C1,0.77586293,0.6826973,0.7403827,0.69437647,1,1,1,1,0.72332984,1.0,6.600215e-05,1.6382165e-12,0.60972476,1.4580157e-09,0,0,1,0,0.15244769,0.0,False,0
72,,Bazedoxifene,,,,,,,E*,Gynecological,Estrogen,CHEMBL46740,G03XC02,1.0,0.0,,0.0,2.0,False,2009.0,0.0,,,0.0,4.0,Small molecule,1.0,True,0.0,False,0.0,BAZEDOXIFENE,0.0,MOL,True,False,-ifene,antiestrogens of the clomifene and tamoxifen groups,-ifene,2002.0,False,Cc1c(-c2ccc(O)cc2)n(Cc2ccc(OCCN3CCCCCC3)cc2)c2ccc(O)cc12,470.61,6.33,,,,,,Estrogen/progestogen Receptor,Endocrinology & Hormones,"Bazedoxifene HCl (WAY-140424, TSE-424) is a novel, non-steroidal, indole-based estrogen receptor modulator (SERM) binding to both ERα and ERβ with IC50 of  23 nM and 89 nM, respectively.",198480-56-7,199.19,No DILI,No DILI,No DILI,,,,UCJGJABZCDBEDK,0,Success,Cc1c(-c2ccc(O)cc2)n(Cc2ccc(OCCN3CCCCCC3)cc2)c2ccc(O)cc12,0.62584734,0.585184,0.6760298,0.6086244,1,1,1,1,0.6239214,1.0,0.99348116,0.9999933,0.9826942,0.95559067,1,1,1,1,0.98293984,1.0,False,0
73,,Bedaquiline,,,,,,,E*,Antimicrobial,Antituberculosis,CHEMBL376488,J04AK05,1.0,1.0,72292.0,0.0,1.0,True,2012.0,1.0,,,0.0,4.0,Small molecule,1.0,True,1.0,False,0.0,BEDAQUILINE,0.0,MOL,True,False,-quiline,"antibiotics, diarylquinoline structure",-quiline,2010.0,False,COc1nc2ccc(Br)cc2cc1[C@@H](c1ccccc1)[C@@](O)(CCN(C)C)c1cccc2ccccc12,555.52,7.13,,,,,,ATPase,Transmembrane Transporters,"Bedaquiline (TMC-207, R207910), a diarylquinoline, binds to subunit c of mycobacterial ATP synthase and inhibits its activity. It is highly selective for mycobacterial ATP synthase enzyme compared to homologous eukaryotic enzyme (Selectivity Index >20 000).",843663-66-1,21.6,No DILI,No DILI,No DILI,2017 Sep 22,,,QUIJNHUBAXPXFS,0,Success,COc1nc2ccc(Br)cc2cc1[C@@H](c1ccccc1)[C@@](O)(CCN(C)C)c1cccc2ccccc12,0.64113826,0.6171335,0.69122875,0.45915172,1,1,1,0,0.602163,1.0,0.95494777,0.99990153,0.9983828,6.000541e-06,1,1,1,0,0.7383095,1.0,False,0
74,,Belumosudil mesylate,,,,,,,E,Hematologic,Chronic GvH disease,CHEMBL4802130,,1.0,0.0,,0.0,2.0,True,2021.0,1.0,,,0.0,4.0,Small molecule,0.0,True,0.0,False,0.0,BELUMOSUDIL MESYLATE,0.0,MOL,True,False,-dil,vasodilators (undefined group): Rho protein kinase (ROCK) inhibitors,-dil (-sudil),2020.0,False,CC(C)NC(=O)COc1cccc(-c2nc(Nc3ccc4[nH]ncc4c3)c3ccccc3n2)c1.CS(=O)(=O)O,548.63,4.82,,,,,,,,,,,No DILI,No DILI,No DILI,,,,ILQJXEIRBCHLOM,0,Success,CC(C)NC(=O)COc1cccc(-c2nc(Nc3ccc4[nH]ncc4c3)c3ccccc3n2)c1,0.7657919,0.82457477,0.7461009,0.7041864,1,1,1,1,0.7601635,1.0,0.038906205,0.9977197,0.9822013,0.9999945,0,1,1,1,0.7547054,1.0,False,0
75,,Belzutifan,,,,,,,E,Antineoplastic,von Hippel Landau (cancers),CHEMBL4585668,L01XX74,1.0,1.0,,0.0,1.0,True,2021.0,1.0,,,0.0,4.0,Small molecule,0.0,True,0.0,False,0.0,BELZUTIFAN,0.0,MOL,True,False,-ifan,hypoxia-inducible factor (HIF) inhibitors,-ifan,2020.0,False,CS(=O)(=O)c1ccc(Oc2cc(F)cc(C#N)c2)c2c1[C@H](O)[C@H](F)[C@@H]2F,383.35,3.29,"teratogenicity, cardiotoxicity",United States,,Black Box Warning,,,,,,,No DILI,No DILI,No DILI,2023 Jul 20,,,LOMMPXLFBTZENJ,0,Success,CS(=O)(=O)c1ccc(Oc2cc(F)cc(C#N)c2)c2c1[C@H](O)[C@H](F)[C@@H]2F,0.6103527,0.5958053,0.7223121,0.6034534,1,1,1,1,0.6329808,1.0,0.99954754,0.99999535,0.9688511,0.9999989,1,1,1,1,0.9920982,1.0,False,0
76,,Bempedoic acid,,,,,,,E,Cardiovascular,Hypercholesterolemia,CHEMBL3545313,C10AX15,1.0,0.0,,0.0,2.0,True,2020.0,1.0,,,0.0,4.0,Small molecule,1.0,True,0.0,False,0.0,BEMPEDOIC ACID,0.0,MOL,True,False,,,,2014.0,False,CC(C)(CCCCCC(O)CCCCCC(C)(C)C(=O)O)C(=O)O,344.49,4.47,,,,,,,,,,,No DILI,No DILI,No DILI,,,,HYHMLYSLQUKXKP,0,Success,CC(C)(CCCCCC(O)CCCCCC(C)(C)C(=O)O)C(=O)O,0.35740077,0.13873906,0.35706967,0.15190257,0,0,0,0,0.251278,0.0,1.0,0.0025322323,0.9648191,0.99995923,1,0,1,1,0.7418276,1.0,False,0
77,,Berberine,,,,,,,E,HDS: Herbal Product,Diabetes,CHEMBL295124,,,0.0,16118.0,0.0,2.0,False,,0.0,,,0.0,3.0,Small molecule,1.0,False,0.0,False,0.0,BERBERINE,0.0,MOL,False,False,,,,,False,COc1ccc2cc3[n+](cc2c1OC)CCc1cc2c(cc1-3)OCO2,336.37,3.1,,,,,,Bacterial,Microbiology,"Berberine (Umbellatine), an alkaloid isolated from Rhizoma coptidis, has broad applications, particularly as an antibacterial agent in the clinic.",2086-83-1,133.78,No DILI,No DILI,No DILI,,,,YBHILYKTIRIUTE,0,Success,COc1ccc2cc3[n+](cc2c1OC)CCc1cc2c(cc1-3)OCO2,0.7541841,0.7832967,0.6970083,0.49624318,1,1,1,0,0.6826831,1.0,0.99070567,0.9990387,0.9999814,1.0,1,1,1,1,0.99743146,1.0,False,0
78,,Berotralstat,,,,,,,E*,Hematologic,Hereditary Angioedema,CHEMBL4594271,B06AC06,1.0,0.0,,0.0,1.0,False,2020.0,0.0,,,0.0,4.0,Small molecule,0.0,True,0.0,False,0.0,BEROTRALSTAT,0.0,MOL,True,False,-stat,enzyme inhibitors: 1) kallikrein inhibitors or 2) serine protease inhibitors,-stat (-alstat),2019.0,False,N#Cc1cccc(C(NCC2CC2)c2ccc(F)c(NC(=O)c3cc(C(F)(F)F)nn3-c3cccc(CN)c3)c2)c1,562.57,5.7,,,,,,,,,,,No DILI,No DILI,No DILI,2024 Jun 20,,,UXNXMBYCBRBRFD,0,Success,N#Cc1cccc(C(NCC2CC2)c2ccc(F)c(NC(=O)c3cc(C(F)(F)F)nn3-c3cccc(CN)c3)c2)c1,0.7451264,0.7571793,0.6910148,0.7774444,1,1,1,1,0.7426912,1.0,0.99999666,1.0,0.85489476,0.99999213,1,1,1,1,0.96372086,1.0,False,0
79,,Beta carotene,,,,,,,E,HDS: Nutritional Suppl,General health,CHEMBL1293,D02BB01; A11CA02,0.0,0.0,17579.0,0.0,2.0,True,,0.0,,Ultraviolet Screen,0.0,4.0,Small molecule,1.0,True,0.0,False,0.0,BETA CAROTENE,0.0,MOL,False,False,-arotene,arotinoid derivatives,-arotene,1977.0,False,CC1=C(/C=C/C(C)=C/C=C/C(C)=C/C=C/C=C(C)/C=C/C=C(C)/C=C/C2=C(C)CCCC2(C)C)C(C)(C)CCC1,536.89,12.61,,,,,,,,,,,No DILI,No DILI,No DILI,,,,OENHQHLEOONYIE,0,Success,CC1=C(/C=C/C(C)=C/C=C/C(C)=C/C=C/C=C(C)/C=C/C=C(C)/C=C/C2=C(C)CCCC2(C)C)C(C)(C)CCC1,0.5321755,0.52313244,0.5593207,0.4794521,1,1,1,0,0.5235202,1.0,1.0,1.0,0.99991786,1.0,1,1,1,1,0.9999795,1.0,False,0
80,,Betamethasone,,,,,,,A [HD],Endocrine,Immune suppression,CHEMBL632,D07AC01; D07XC01; H02AB01; S02BA07; S01CB04; S03BA03; R03BA04; S01BA06; A07EA04; R01AD06; C05AA05,0.0,0.0,3077.0,0.0,1.0,True,1961.0,0.0,,Glucocorticoid,0.0,4.0,Small molecule,0.0,True,0.0,False,0.0,BETAMETHASONE,0.0,MOL,True,True,,,,1962.0,False,C[C@H]1C[C@H]2[C@@H]3CCC4=CC(=O)C=C[C@]4(C)[C@@]3(F)[C@@H](O)C[C@]2(C)[C@@]1(O)C(=O)CO,392.47,1.9,,,,,,Glucocorticoid Receptor,Endocrinology & Hormones,"Betamethasone (NSC-39470, SCH-4831) is a glucocorticoid steroid with anti-inflammatory and immunosuppressive properties.",378-44-9,201.29,DILI (known),DILI,Known,,,,UREBDLICKHMUKA,1,Success,C[C@H]1C[C@H]2[C@@H]3CC=C4CC(=O)C=C[C@]4(C)[C@@]3(F)[C@@H](O)C[C@]2(C)[C@@]1(O)C(=O)CO,0.4497622,0.2502644,0.46907297,0.20894694,0,0,0,0,0.34451163,0.0,0.9977016,7.495793e-10,0.55120456,0.011264693,1,0,1,0,0.3900427,0.0,True,1
81,,Betrixaban,,,,,,,E*,Hematologic,Anticoagulant,CHEMBL512351,B01AF04,1.0,1.0,,0.0,2.0,True,2017.0,0.0,,,0.0,4.0,Small molecule,1.0,True,0.0,False,0.0,BETRIXABAN,0.0,MOL,True,False,-xaban,"antithrombotics, blood coagulation factor XA inhibitors",-xaban,2007.0,False,COc1ccc(NC(=O)c2ccc(C(=N)N(C)C)cc2)c(C(=O)Nc2ccc(Cl)cn2)c1,451.91,4.14,vascular toxicity,United States,,Black Box Warning,,Factor Xa,Metabolism,"Betrixaban is a new, long-acting, oral and selective Factor Xa inhibitor that decreases prothrombinase activity and thrombin generation.",330942-05-7,77.45,No DILI,No DILI,No DILI,2023 Feb 16,,,XHOLNRLADUSQLD,0,Success,COc1ccc(NC(=O)c2ccc(C(=N)N(C)C)cc2)c(C(=O)Nc2ccc(Cl)cn2)c1,0.77348006,0.83555984,0.74294066,0.8559006,1,1,1,1,0.8019703,1.0,1.0,1.0,0.9998425,0.00042036056,1,1,1,0,0.75006574,1.0,False,0
82,,Bexagliflozin,,,,,,,E,Endocrine,Type 2 Diabetes,CHEMBL1808388,,1.0,0.0,,0.0,1.0,True,2023.0,0.0,,,0.0,4.0,Small molecule,1.0,True,0.0,False,0.0,BEXAGLIFLOZIN,0.0,MOL,True,False,-gliflozin,"phlorozin derivatives, phenolic glycosides",-gliflozin,2014.0,False,OC[C@H]1O[C@@H](c2ccc(Cl)c(Cc3ccc(OCCOC4CC4)cc3)c2)[C@H](O)[C@@H](O)[C@@H]1O,464.94,2.0,,,,,,SGLT,GPCR & G Protein,"Bexagliflozin (EGT1442, EGT-0001442, THR-1442) is a potent and selective SGLT2 inhibitor with an IC50 of 2 nM.",1118567-05-7,200.03,No DILI,No DILI,No DILI,,,,BTCRKOKVYTVOLU,0,Success,OC[C@H]1O[C@@H](c2ccc(Cl)c(Cc3ccc(OCCOC4CC4)cc3)c2)[C@H](O)[C@@H](O)[C@@H]1O,0.5499593,0.4352666,0.5540388,0.41295746,1,0,1,0,0.48805553,0.0,0.043125153,0.9996014,0.8554717,4.5163645e-07,0,1,1,0,0.47454965,0.0,False,0
83,,Bictegravir,,,,,,,E*,Antimicrobial,HIV infection,CHEMBL3989866,,1.0,0.0,,0.0,1.0,False,2018.0,0.0,,,0.0,4.0,Small molecule,0.0,True,0.0,False,0.0,BICTEGRAVIR,0.0,MOL,True,False,-vir,antivirals: integrase inhibitors,-vir (-tegravir),2016.0,False,O=C(NCc1c(F)cc(F)cc1F)c1cn2c(c(O)c1=O)C(=O)N1[C@H]3CC[C@H](C3)O[C@@H]1C2,449.39,1.63,,,,,,"COVID-19,Integrase",Microbiology,"Bictegravir (GS-9883) is a novel, potent, once-daily, unboosted inhibitor of HIV-1 integrase.",1611493-60-7,200.28,No DILI,No DILI,No DILI,2019 Apr 10,,,SOLUWJRYJLAZCX,0,Success,O=C(NCc1c(F)cc(F)cc1F)c1cn2c(c(O)c1=O)C(=O)N1[C@H]3CC[C@H](C3)O[C@@H]1C2,0.61701673,0.67495704,0.65496784,0.6870657,1,1,1,1,0.65850186,1.0,0.9993467,0.9997454,0.9672065,1.0,1,1,1,1,0.99157465,1.0,False,0
84,,Binimetinib,,,,,,,E*,Antineoplastic,Melanoma,CHEMBL3187723,L01EE03,1.0,0.0,,0.0,2.0,True,2018.0,0.0,,,0.0,4.0,Small molecule,0.0,True,0.0,False,0.0,BINIMETINIB,0.0,MOL,True,False,-tinib,tyrosine kinase inhibitors: tyrosine kinase inhibitors; MEK (MAPK kinase) inhibitors,-tinib (-metinib),2014.0,False,Cn1cnc2c(F)c(Nc3ccc(Br)cc3F)c(C(=O)NOCCO)cc21,441.23,3.01,,,,,,"Apoptosis related,Autophagy,MEK",MAPK,"Binimetinib (MEK162, ARRY-162, ARRY-438162) is a potent inhibitor of MEK1/2 with IC50 of 12 nM in a cell-free assay. Binimetinib induces G1 cell cycle arrest and apoptosis in human NSCLC cell lines and induces autophagy. Phase 3.",606143-89-9,199.44,No DILI,No DILI,No DILI,,,,ACWZRVQXLIRSDF,0,Success,Cn1cnc2c(F)c(Nc3ccc(Br)cc3F)c(C(=O)NOCCO)cc21,0.69461644,0.7827554,0.68700594,0.53625673,1,1,1,1,0.6751586,1.0,0.19672145,0.99643445,0.99675614,0.99998057,0,1,1,1,0.7974732,1.0,False,0
85,,Biotin,,,,,,,E,HDS: Nutritional Suppl,General health,CHEMBL857,A11HA05,1.0,0.0,15956.0,0.0,1.0,True,1985.0,0.0,,Vitamin,0.0,4.0,Small molecule,1.0,False,0.0,True,0.0,BIOTIN,0.0,MOL,False,False,,,,,False,O=C(O)CCCC[C@@H]1SC[C@@H]2NC(=O)N[C@@H]21,244.32,0.8,,,,,,"Dyes,Vitamin",Metabolism,"Biotin(Vitamin B7) is a water-soluble B-vitamin and is necessary for cell growth, the production of fatty acids, and the metabolism of fats and amino acids.",58-85-5,200.56,No DILI,No DILI,No DILI,,,,YBJHBAHKTGYVGT,0,Success,O=C(O)CCCC[C@@H]1SC[C@@H]2NC(=O)N[C@@H]21,0.5809133,0.68832487,0.54875857,0.47394603,1,1,1,0,0.5729857,1.0,0.9936841,0.00020402567,0.9440639,0.99997807,1,0,1,1,0.7344825,1.0,False,0
86,,Brexanolone,,,,,,,E,CNS,Post-partum depression,CHEMBL207538,N06AX29,1.0,1.0,50169.0,0.0,1.0,True,2019.0,1.0,,,0.0,4.0,Small molecule,1.0,False,0.0,True,0.0,BREXANOLONE,0.0,MOL,True,False,-olone,steroids (not prednisolone derivatives),-olone,2016.0,False,CC(=O)[C@H]1CC[C@H]2[C@@H]3CC[C@H]4C[C@H](O)CC[C@]4(C)[C@H]3CC[C@]12C,318.5,4.6,cardiotoxicity,United States,,Black Box Warning,,,,,,,No DILI,No DILI,No DILI,2019 Apr 12,,,AURFZBICLPNKBZ,0,Success,CC(=O)C1CC[C@H]2[C@@H]3CC[C@H]4C[C@H](O)CC[C@]4(C)[C@H]3CC[C@]12C,0.63616866,0.46329814,0.49054098,0.61173373,1,0,0,1,0.55043536,0.0,1.0,0.031109506,0.9946701,1.0,1,0,1,1,0.7564449,1.0,False,0
87,,Brexpiprazole,,,,,,,E,CNS,Antipsychotic,CHEMBL2105760,N05AX16,1.0,1.0,,0.0,2.0,True,2015.0,0.0,,,0.0,4.0,Small molecule,1.0,True,0.0,False,0.0,BREXPIPRAZOLE,0.0,MOL,True,False,-prazole,antiulcer agents (benzimidazole derivatives),-prazole,2011.0,False,O=c1ccc2ccc(OCCCCN3CCN(c4cccc5sccc45)CC3)cc2[nH]1,433.58,4.72,psychiatric toxicity,United States,,Black Box Warning,,,,,,,No DILI,No DILI,No DILI,2023 Jun 5,,,ZKIAIYBUSXZPLP,0,Success,O=c1ccc2ccc(OCCCCN3CCN(c4cccc5sccc45)CC3)cc2[nH]1,0.6279556,0.58966357,0.6894503,0.5057979,1,1,1,1,0.6032168,1.0,0.9999435,0.99999654,0.996506,0.051935993,1,1,1,0,0.7620955,1.0,False,0
88,,Brigatinib,,,,,,,E*,Antineoplastic,NSCLC,CHEMBL3545311,L01ED04,1.0,0.0,,0.0,2.0,True,2017.0,0.0,,,0.0,4.0,Small molecule,1.0,True,0.0,False,0.0,BRIGATINIB,0.0,MOL,True,False,-tinib,tyrosine kinase inhibitors,-tinib,2014.0,False,COc1cc(N2CCC(N3CCN(C)CC3)CC2)ccc1Nc1ncc(Cl)c(Nc2ccccc2P(C)(C)=O)n1,584.11,5.09,,,,,,"ALK,EGFR,FLT3,IGF-1R,ROS1",Angiogenesis,"Brigatinib (AP26113) is a potent and selective ALK (IC50, 0.6 nM) and ROS1 (IC50, 0.9 nM) inhibitor. It also inhibits IGF-1R, FLT3, and mutant variants of FLT3 (D835Y) and EGFR with lower potentcy.",1197953-54-0,5.14,No DILI,No DILI,No DILI,2018 Aug 3,,,AILRADAXUVEEIR,0,Success,COc1cc(N2CCC(N3CCN(C)CC3)CC2)ccc1Nc1ncc(Cl)c(Nc2ccccc2P(C)(C)=O)n1,0.48858097,0.3601956,0.6509169,0.31829116,0,0,1,0,0.45449615,0.0,0.19857381,0.99999666,0.99587965,7.5220566e-11,0,1,1,0,0.54861253,0.0,False,0
89,,Brivaracetam,,,,,,,E,CNS,Anticonvulsant,CHEMBL607400,N03AX23,1.0,0.0,,0.0,1.0,True,2016.0,0.0,,,0.0,4.0,Small molecule,1.0,True,0.0,True,0.0,BRIVARACETAM,0.0,MOL,True,False,-racetam,"nootropic agents (learning, cognitive enhancers), piracetam type",-racetam,2005.0,False,CCC[C@@H]1CC(=O)N([C@@H](CC)C(N)=O)C1,212.29,0.9,,,,,,,,,,,No DILI,No DILI,No DILI,2017 Oct 2,,,MSYKRHVOOPPJKU,0,Success,CCC[C@@H]1CC(=O)N(C(CC)C(N)=O)C1,0.40423808,0.25135776,0.42782226,0.33096403,0,0,0,0,0.35359555,0.0,0.9999999,3.1560454e-09,0.93740946,0.9999995,1,0,1,1,0.73435223,1.0,False,0
90,,Cabotegravir,,,,,,,E*,Antimicrobial,Antiviral: HIV,CHEMBL2403238,J05AJ04,1.0,0.0,,0.0,1.0,True,2021.0,0.0,,,0.0,4.0,Small molecule,0.0,True,0.0,True,0.0,CABOTEGRAVIR,0.0,MOL,True,False,-vir,antivirals: integrase inhibitors,-vir (-tegravir),2013.0,False,C[C@H]1CO[C@@H]2Cn3cc(C(=O)NCc4ccc(F)cc4F)c(=O)c(O)c3C(=O)N12,405.36,0.96,,,,,,Integrase,Microbiology,"Cabotegravir (GSK744, GSK1265744, S/GSK1265744) is a long-acting HIV integrase inhibitor against a broad range of HIV subtypes, and inhibits the HIV-1 integrase catalyzed strand transfer reaction with IC50 of 3.0 nM. Phase 2.",1051375-10-0,93.75,No DILI,No DILI,No DILI,2023 Jun 17,,,WCWSTNLSLKSJPK,0,Success,C[C@H]1CO[C@@H]2Cn3cc(C(=O)NCc4ccc(F)cc4F)c(=O)c(O)c3C(=O)N12,0.59218323,0.650092,0.6591521,0.6627438,1,1,1,1,0.64104277,1.0,0.9995347,0.9982645,0.9517626,0.999995,1,1,1,1,0.9873892,1.0,False,0
91,,Cabozantinib,,,,,,,E*,Antineoplastic,Thyroid cancer,CHEMBL2105717,L01EX07,1.0,1.0,72317.0,0.0,2.0,True,2012.0,1.0,,,0.0,4.0,Small molecule,0.0,True,0.0,False,0.0,CABOZANTINIB,0.0,MOL,True,False,-tinib,tyrosine kinase inhibitors,-tinib,2010.0,False,COc1cc2nccc(Oc3ccc(NC(=O)C4(C(=O)Nc5ccc(F)cc5)CC4)cc3)c2cc1OC,501.51,5.54,,,,,,"Apoptosis related,Axl,c-Met,VEGFR",Protein Tyrosine Kinase,"Cabozantinib (XL184, BMS-907351) is a potent VEGFR2 inhibitor with IC50 of 0.035 nM and also inhibits c-Met, Ret, Kit, Flt-1/3/4, Tie2, and AXL with IC50 of 1.3 nM, 4 nM, 4.6 nM, 12 nM/11.3 nM/6 nM, 14.3 nM and 7 nM in cell-free assays, respectively. Cabozantinib induces PUMA-dependent apoptosis in colon cancer cells via AKT/GSK-3β/NF-κB signaling pathway.",849217-68-1,199.4,No DILI,No DILI,No DILI,2017 Jan 4,,,ONIQOQHATWINJY,0,Success,COc1cc2nccc(Oc3ccc(NC(=O)C4(C(=O)Nc5ccc(F)cc5)CC4)cc3)c2cc1OC,0.7636581,0.8115738,0.7182463,0.73098326,1,1,1,1,0.7561154,1.0,0.96774554,0.99983954,0.99911445,0.39562765,1,1,1,0,0.84058183,1.0,False,0
92,,Canagliflozin,,,,,,,E,Endocrine,Diabetes,CHEMBL4594217,A10BK02,1.0,1.0,,0.0,1.0,True,2011.0,1.0,,,0.0,4.0,Small molecule,0.0,True,0.0,False,0.0,CANAGLIFLOZIN,0.0,MOL,True,False,-gliflozin,"phlorozin derivatives, phenolic glycosides",-gliflozin,2009.0,False,Cc1ccc([C@@H]2O[C@H](CO)[C@@H](O)[C@H](O)[C@H]2O)cc1Cc1ccc(-c2ccc(F)cc2)s1.O,462.54,2.97,,United States,,Black Box Warning,,SGLT,GPCR & G Protein,"Canagliflozin (TA 7284, JNJ 28431754) is a highly potent and selective SGLT2 inhibitor for hSGLT2 with IC50 of 2.2 nM in a cell-free assay, exhibits 413-fold selectivity over hSGLT1.",842133-18-0,197.97,No DILI,No DILI,No DILI,,,,RCCZPUWDQVUJAB,0,Success,Cc1ccc([C@@H]2O[C@H](CO)[C@@H](O)[C@H](O)[C@H]2O)cc1Cc1ccc(-c2ccc(F)cc2)s1,0.70631593,0.7192232,0.6751631,0.7770702,1,1,1,1,0.71944314,1.0,0.9995127,1.0,0.9913967,0.99999964,1,1,1,1,0.9977273,1.0,False,0
93,,Cangrelor,,,,,,,E,Hematologic,Antiplatelet,CHEMBL334966,B01AC25,1.0,0.0,,0.0,0.0,False,2015.0,0.0,,,0.0,4.0,Small molecule,0.0,False,0.0,True,0.0,CANGRELOR,0.0,MOL,True,False,-grel-,"platelet aggregation inhibitors, primarily platelet P2Y12 receptor antagonists",-grel-,2005.0,False,CSCCNc1nc(SCCC(F)(F)F)nc2c1ncn2[C@@H]1O[C@H](COP(=O)(O)OP(=O)(O)C(Cl)(Cl)P(=O)(O)O)[C@@H](O)[C@H]1O,776.37,2.85,,,,,,,,,,,No DILI,No DILI,No DILI,2017 Oct 3,,,PAEBIVWUMLRPSK,0,Success,CSCCNc1nc(SCCC(F)(F)F)nc2c1ncn2[C@@H]1O[C@H](COP(=O)(O)OP(=O)(O)C(Cl)(Cl)P(=O)(O)O)[C@@H](O)[C@H]1O,0.3317135,0.22137956,0.5217786,0.25117177,0,0,1,0,0.33151084,0.0,0.030451437,0.0005929405,0.33670384,1.0111025e-06,0,0,0,0,0.0919373,0.0,False,0
94,,Cannabidiol,,,,,,,E*,CNS,Anticonvulsant,CHEMBL190461,N03AX24,1.0,0.0,69478.0,0.0,1.0,True,2018.0,0.0,,,0.0,4.0,Small molecule,1.0,True,1.0,False,0.0,CANNABIDIOL,0.0,MOL,True,False,-nab-,cannabinol derivatives,-nab-,2016.0,False,C=C(C)[C@@H]1CCC(C)=C[C@H]1c1c(O)cc(CCCCC)cc1O,314.47,5.85,,,,,,,,,,,No DILI,No DILI,No DILI,2023 Feb 16,,,QHMBSVQNZZTUGM,0,Success,C=C(C)[C@@H]1CCC(C)=C[C@H]1c1c(O)cc(CCCCC)cc1O,0.6207227,0.3185717,0.580449,0.35083565,1,0,1,0,0.46764478,0.0,1.0,1.0,0.9941802,0.9999676,1,1,1,1,0.99853694,1.0,False,0
95,,Capmatinib,,,,,,,E*,Antineoplastic,NSCLC,CHEMBL3188267,L01EX17,1.0,0.0,,1.0,2.0,True,2020.0,0.0,,,0.0,4.0,Small molecule,0.0,True,0.0,False,0.0,CAPMATINIB,0.0,MOL,True,False,-tinib,tyrosine kinase inhibitors,-tinib,2016.0,False,CNC(=O)c1ccc(-c2cnc3ncc(Cc4ccc5ncccc5c4)n3n2)cc1F,412.43,3.43,,,,,,"Apoptosis related,c-Met,Wnt/beta-catenin",Protein Tyrosine Kinase,"Capmatinib (INCB28060, INC280, NVP-INC280) is a novel, ATP-competitive inhibitor of c-MET with IC50 of 0.13 nM in a cell-free assay, inactive against RONβ, as well as EGFR and HER-3. Capmatinib (INCB28060) inhibits Wnt/β-catenin and EMT signaling pathways and induces apoptosis in diffuse gastric cancer positive for c-MET amplification. Phase 1.",1029712-80-8,4.85,No DILI,No DILI,No DILI,2025 Apr 25,,,LIOLIMKSCNQPLV,0,Success,CNC(=O)c1ccc(-c2cnc3ncc(Cc4ccc5ncccc5c4)n3n2)cc1F,0.81411636,0.8644528,0.7716912,0.808015,1,1,1,1,0.81456876,1.0,0.9435874,1.0,0.97674096,0.9390064,1,1,1,1,0.9648337,1.0,False,0
96,,Caramiphen,,,,,,,E,Respiratory,Allergy symptoms,CHEMBL61946,,,0.0,,0.0,2.0,False,,0.0,,,0.0,-1.0,Small molecule,0.0,False,0.0,False,0.0,CARAMIPHEN,0.0,MOL,False,False,,,,,False,CCN(CC)CCOC(=O)C1(c2ccccc2)CCCC1,289.42,3.38,,,,,,,,,,,No DILI,No DILI,No DILI,,,,OFAIGZWCDGNZGT,0,Success,CCN(CC)CCOC(=O)C1(c2ccccc2)CCCC1,0.33007976,0.26929587,0.464305,0.21867661,0,0,0,0,0.3205893,0.0,0.9938945,0.00011600538,0.5996452,9.3306134e-08,1,0,1,0,0.39841396,0.0,False,0
97,,Carglumic acid,,,,,,,E,Genetic,Hyperammonemia,CHEMBL1201780,A16AA05,1.0,0.0,71028.0,0.0,1.0,True,2010.0,1.0,,,0.0,4.0,Small molecule,1.0,True,0.0,False,0.0,CARGLUMIC ACID,0.0,MOL,True,False,,,,2009.0,False,NC(=O)N[C@@H](CCC(=O)O)C(=O)O,190.16,-1.03,,,,,,CPSase,Metabolism,"Carglumic Acid (arbamylglutamic acid, Carbamino-L-glutamic acid, Ureidoglutaric acid, N-Carbamylglutamate) is an orally active, synthetic structural analogue of N-acetylglutamate (NAG) and carbamoyl phosphate synthetase 1 (CPS 1) activator, with ammonia lowering activity.",1188-38-1,199.84,No DILI,No DILI,No DILI,,,,LCQLHJZYVOQKHU,0,Success,NC(=O)NC(CCC(=O)O)C(=O)O,0.551692,0.46794793,0.4990402,0.4993317,1,0,0,0,0.50450295,0.0,0.00023567428,2.6697748e-16,0.57353336,1.0,0,0,1,1,0.39344227,0.0,False,0
98,,Cariprazine,,,,,,,E*,CNS,Antipsychotic,CHEMBL2028019,N05AX15,1.0,1.0,,0.0,1.0,True,2015.0,0.0,,,0.0,4.0,Small molecule,1.0,True,0.0,False,0.0,CARIPRAZINE,0.0,MOL,True,False,,,,2011.0,False,CN(C)C(=O)N[C@H]1CC[C@H](CCN2CCN(c3cccc(Cl)c3Cl)CC2)CC1,427.42,4.34,,United States,,Black Box Warning,,,,,,,No DILI,No DILI,No DILI,2023 Jun 5,,,KPWSJANDNDDRMB,0,Success,CN(C)C(=O)N[C@H]1CC[C@H](CCN2CCN(c3cccc(Cl)c3Cl)CC2)CC1,0.5347873,0.41109353,0.57256097,0.39839026,1,0,1,0,0.47920802,0.0,1.0,0.99999917,0.97969383,0.9999944,1,1,1,1,0.9949218,1.0,False,0
99,,Cedazuridine,,,,,,,E*,Antineoplastic,Myelodysplastic syndromes,CHEMBL3237547,,1.0,0.0,,0.0,1.0,True,2020.0,0.0,,,0.0,4.0,Small molecule,0.0,True,0.0,False,0.0,CEDAZURIDINE,0.0,MOL,True,False,-uridine,antivirals; antineoplastics (uridine derivatives),-uridine,2019.0,False,O=C1N[C@H](O)CCN1[C@@H]1O[C@H](CO)[C@@H](O)C1(F)F,268.22,-1.57,,,,,,,,,,,No DILI,No DILI,No DILI,2023 Jul 27,,,VUDZSIYXZUYWSC,0,Success,O=C1N[C@H](O)CCN1[C@@H]1O[C@H](CO)[C@@H](O)C1(F)F,0.297217,0.35253978,0.39774805,0.18855314,0,0,0,0,0.3090145,0.0,0.015288891,1.1187632e-09,0.3491873,1.0,0,0,0,1,0.34111905,0.0,False,0
100,,Cefiderocol,,,,,,,E*,Antimicrobiial,Antibacterial,CHEMBL3989974,J01DI04,1.0,0.0,,0.0,1.0,False,2019.0,0.0,,,0.0,4.0,Small molecule,1.0,False,0.0,True,0.0,CEFIDEROCOL,0.0,MOL,True,False,cef-,cephalosporins,cef-,2017.0,False,CC(C)(O/N=C(\C(=O)N[C@@H]1C(=O)N2C(C(=O)[O-])=C(C[N+]3(CCNC(=O)c4ccc(O)c(O)c4Cl)CCCC3)CS[C@H]12)c1csc(N)n1)C(=O)O,752.23,-0.18,,,,,,,,,,,No DILI,No DILI,No DILI,,,,DBPPRLRVDVJOCL,0,Success,CC(C)(ON=C(C(=O)NC1C(=O)N2C(C(=O)[O-])=C(C[N+]3(CCNC(=O)c4ccc(O)c(O)c4Cl)CCCC3)CS[C@H]12)c1csc(N)n1)C(=O)O,0.36439207,0.35238424,0.63395905,0.1618375,0,0,1,0,0.37814322,0.0,0.9777394,0.45799926,0.9473475,1.0,1,0,1,1,0.84577155,1.0,False,0
101,,Ceftaroline,,,,,,,E*,Antimicrobial,Antibacterial,CHEMBL4594371,,-1.0,0.0,,0.0,1.0,False,,0.0,,,0.0,-1.0,Small molecule,0.0,False,0.0,False,0.0,CEFTAROLINE,0.0,MOL,False,False,cef-,cephalosporins,cef-,,False,CCO/N=C(\C(=O)N[C@@H]1C(=O)N2C(C(=O)[O-])=C(Sc3nc(-c4cc[n+](C)cc4)cs3)CS[C@H]12)c1nsc(N)n1,604.72,-0.04,,,,,,,,,,,No DILI,No DILI,No DILI,,,,RGFBRLNVZCCMSV,0,Success,CCON=C(C(=O)NC1C(=O)N2C(C(=O)[O-])=C(Sc3nc(-c4cc[n+](C)cc4)cs3)CS[C@H]12)c1nsc(N)n1,0.6632912,0.8145582,0.74337727,0.24582005,1,1,1,0,0.6167617,1.0,1.0,0.99980074,0.9996371,1.0,1,1,1,1,0.99985945,1.0,False,0
102,,Ceftolozane,,,,,,,E*,Antimicrobial,Antibacterial,CHEMBL2103872,,1.0,0.0,,0.0,1.0,False,2014.0,0.0,,,0.0,4.0,Small molecule,1.0,False,0.0,True,0.0,CEFTOLOZANE,0.0,MOL,True,False,cef-,cephalosporins,cef-,2011.0,False,Cn1c(N)c(NC(=O)NCCN)c[n+]1CC1=C(C(=O)O)N2C(=O)[C@@H](NC(=O)/C(=N\OC(C)(C)C(=O)[O-])c3nsc(N)n3)[C@H]2SC1,666.7,-3.9,,,,,,,,,,,No DILI,No DILI,No DILI,,,,JHFNIHVVXRKLEF,0,Success,Cn1c(N)c(NC(=O)NCCN)c[n+]1CC1=C(C(=O)O)N2C(=O)C(=NC(=O)C(NOC(C)(C)C(=O)[O-])c3nsc(N)n3)[C@H]2SC1,0.42952192,0.54534984,0.6149991,0.3644218,0,1,1,0,0.4885732,0.0,1.1716214e-06,0.99824226,0.89196503,1.0,0,1,1,1,0.7225521,1.0,False,0
103,,Choline,,,,,,,E,HDS: Nutritional Suppl,General health,CHEMBL920,,,0.0,15354.0,0.0,2.0,False,,0.0,,,0.0,0.5,Small molecule,1.0,False,0.0,False,0.0,CHOLINE,0.0,MOL,False,False,,,,,False,C[N+](C)(C)CCO,104.17,-0.32,,,,,,,,,,,No DILI,No DILI,No DILI,,,,OEYIOHPDSNJKLS,0,Success,C[N+](C)(C)CCO,4.5849634e-07,1.541179e-07,0.06304962,7.2259515e-10,0,0,0,0,0.015762558,0.0,0.0,2.6502813e-09,1.4368342e-11,0.0,0,0,0,0,6.661624e-10,0.0,False,0
104,,Clavulanate,,,,,,,A,Antimicrobial,Antibacterial,CHEMBL777,,1.0,0.0,48947.0,0.0,1.0,False,1984.0,0.0,,Inhibitor (beta-lactamase),0.0,4.0,Small molecule,1.0,True,0.0,True,0.0,CLAVULANIC ACID,0.0,MOL,True,False,,,,1986.0,False,O=C(O)[C@H]1/C(=C/CO)O[C@@H]2CC(=O)N21,199.16,-1.1,,,,,,,,,,,DILI (known),DILI,Known,,,,HZZVJAQRINQKSD,1,Success,O=C(O)C1/C(=C/CO)O[C@@H]2CC(=O)N12,0.304115,0.37926617,0.48684704,0.15509516,0,0,0,0,0.33133084,0.0,0.6608979,2.2353277e-08,0.006170738,0.0013646783,1,0,0,0,0.16710834,0.0,True,1
105,,Coenzyme q10,,,,,,,E,HDS: Nutritional Suppl,General health,CHEMBL454801,C01EB09,,0.0,46245.0,0.0,2.0,False,,0.0,,,0.0,3.0,Small molecule,1.0,False,0.0,False,0.0,UBIDECARENONE,0.0,MOL,False,False,-renone,aldosterone antagonists (spironolactone type),-renone,,False,COC1=C(OC)C(=O)C(C/C=C(\C)CC/C=C(\C)CC/C=C(\C)CC/C=C(\C)CC/C=C(\C)CC/C=C(\C)CC/C=C(\C)CC/C=C(\C)CC/C=C(\C)CCC=C(C)C)=C(C)C1=O,863.36,17.85,,,,,,,,,,,No DILI,No DILI,No DILI,,,,ACTIUHUUMQJHFO,0,Success,COc1c(O)c(C)c(C=CC(C)=CC/C=C(\C)CC/C=C(\C)CC/C=C(\C)CC/C=C(\C)CC/C=C(\C)CC/C=C(\C)CC/C=C(\C)CC/C=C(\C)CCC=C(C)C)c(O)c1OC,0.47711885,0.36036244,0.48395663,0.24973896,0,0,0,0,0.3927942,0.0,1.0,1.0,0.99946624,1.764872e-09,1,1,1,0,0.74986655,1.0,False,0
106,,Copanlisib,,,,,,,E*,Antineoplastic,Lymphoma,CHEMBL3218576,L01EM02,1.0,0.0,,0.0,2.0,False,2017.0,1.0,,,0.0,4.0,Small molecule,1.0,False,0.0,True,0.0,COPANLISIB,0.0,MOL,True,False,-lisib,phosphatidylinositol 3-kinase (PI3K) inhibitors,-lisib,2015.0,False,COc1c(OCCCN2CCOCC2)ccc2c1N=C(NC(=O)c1cnc(N)nc1)N1CCN=C21,480.53,0.66,,,,,,,,,,,No DILI,No DILI,No DILI,2018 Oct 20,,,PZBCKZWLPGJMAO,0,Success,COc1c(OCCCN2CCOCC2)ccc2c3n(c(=NC(=O)c4cnc(N)nc4)nc12)CCN3,0.5740198,0.5169737,0.6124137,0.5634339,1,1,1,1,0.56671023,1.0,0.06587998,0.9999999,0.9820295,1.0052471e-12,0,1,1,0,0.5119773,0.0,False,0
107,,Cortisone,,,,,,,E,Endocrine,Hormone replacement,CHEMBL1499,,,0.0,16962.0,0.0,1.0,False,,0.0,,,0.0,3.0,Small molecule,1.0,False,0.0,False,0.0,CORTISONE,1.0,MOL,False,False,,,,,False,C[C@]12CCC(=O)C=C1CC[C@@H]1[C@@H]2C(=O)C[C@@]2(C)[C@H]1CC[C@]2(O)C(=O)CO,360.45,1.99,,,,,,Immunology & Inflammation related,Immunology & Inflammation,"Cortisone is a pregnane steroid hormone and one of main substance released by the body as a reaction to stress. It suppresses the immune system, thus reducing inflammation and attendant pain and swelling at the site of the injury.",53-06-5,199.76,No DILI,No DILI,No DILI,,,,MFYSYFVPBJMHGN,0,Success,C[C@]12CCC(=O)C=C1CC[C@@H]1C2C(=O)C[C@@]2(C)[C@H]1CC[C@]2(O)C(=O)CO,0.48407823,0.30565068,0.4901634,0.23036645,0,0,0,0,0.37756467,0.0,0.9959823,0.000441795,0.9060586,0.9990044,1,0,1,1,0.7253718,1.0,False,0
108,,Cyclizine,,,,,,,E,Respiratory,Allergy symptoms,CHEMBL648,R06AE53; R06AE03,0.0,0.0,3994.0,0.0,2.0,False,1982.0,0.0,,"Anti-Emetic,Antihistaminic,Antinauseant",0.0,4.0,Small molecule,1.0,False,0.0,True,0.0,CYCLIZINE,0.0,MOL,True,False,,,,,False,CN1CCN(C(c2ccccc2)c2ccccc2)CC1,266.39,3.02,,,,,,Histamine Receptor,Neuronal Signaling,Cyclizine is a piperazine first-generation antagonist of histamine 1 receptor.,82-92-8,198.96,No DILI,No DILI,No DILI,,,,UVKZSORBKUEBAZ,0,Success,CN1CCN(C(c2ccccc2)c2ccccc2)CC1,0.32159126,0.2310324,0.5946779,0.2538207,0,0,1,0,0.35028055,0.0,0.9993705,0.39621624,0.9514543,8.693909e-11,1,0,1,0,0.5867603,0.0,False,0
109,,Dabrafenib,,,,,,,E*,Antineoplastic,Melanoma,CHEMBL2028663,L01EC02,1.0,0.0,75045.0,0.0,2.0,True,2013.0,0.0,,,0.0,4.0,Small molecule,0.0,True,0.0,False,0.0,DABRAFENIB,0.0,MOL,True,False,-rafenib,rapidly accelerated fibrosarcoma (RAF) kinase inhibitors,-rafenib,2010.0,False,CC(C)(C)c1nc(-c2cccc(NS(=O)(=O)c3c(F)cccc3F)c2F)c(-c2ccnc(N)n2)s1,519.57,5.36,,,,,,Raf,MAPK,"Dabrafenib (GSK2118436, GSK2118436A) is a mutant BRAFV600E specific inhibitor with IC50 of 0.7 nM in cell-free assays, with 7- and 9-fold less potency against B-Raf(wt) and c-Raf, respectively.",1195765-45-7,57.74,No DILI,No DILI,No DILI,2018 Jun 28,,,BFSMGDJOXZAERB,0,Success,CC(C)(C)c1nc(-c2cccc(NS(=O)(=O)c3c(F)cccc3F)c2F)c(-c2ccnc(N)n2)s1,0.8671053,0.93966347,0.80776167,0.8595529,1,1,1,1,0.86852086,1.0,0.9999956,0.9999999,0.99917275,0.9999871,1,1,1,1,0.9997888,1.0,False,0
110,,Dacomitinib,,,,,,,E*,Antineoplastic,NSCLC,CHEMBL2105719,L01EB07,1.0,0.0,,0.0,2.0,True,2018.0,0.0,,,0.0,4.0,Small molecule,0.0,True,0.0,False,0.0,DACOMITINIB,0.0,MOL,True,False,-tinib,tyrosine kinase inhibitors,-tinib,2010.0,False,COc1cc2ncnc(Nc3ccc(F)c(Cl)c3)c2cc1NC(=O)/C=C/CN1CCCCC1.O,487.96,5.16,,,,,,"Apoptosis related,EGFR,HER2",Protein Tyrosine Kinase,"Dacomitinib (PF299804, PF299) is a potent, irreversible pan-ErbB inhibitor, mostly to EGFR with IC50 of 6 nM in a cell-free assay. Dacomitinib inhibits ERBB2 and ERBB4 with IC50 of 45.7 nM and 73.7 nM, respectively. Dacomitinib is effective against NSCLCs with EGFR or ERBB2 mutations (resistant to gefitinib) as well as those harboring the EGFR T790M mutation. Dacomitinib inhibits cell growth and induces apoptosis. Phase 2.",1110813-31-4,40.43,No DILI,No DILI,No DILI,2019 Apr 15,,,BSPLGGCPNTZPIH,0,Success,COc1cc2ncnc(Nc3ccc(F)c(Cl)c3)c2cc1NC(=O)/C=C/CN1CCCCC1,0.7461605,0.7385698,0.6945432,0.6854218,1,1,1,1,0.71617377,1.0,0.01939926,0.99963796,0.99782383,0.99668723,0,1,1,1,0.75338703,1.0,False,0
111,,Dalbavancin,,,,,,,E,Antimicrobial,Antibacterial,CHEMBL3301669,J01XA04,1.0,0.0,82721.0,0.0,1.0,False,2014.0,0.0,,,0.0,4.0,Unknown,1.0,False,0.0,True,0.0,DALBAVANCIN,0.0,MOL,True,False,-vancin,vancomycin-related compounds,-vancin,2004.0,False,CN[C@H]1C(=O)N[C@@H]2Cc3ccc(cc3)Oc3cc4cc(c3O[C@@H]3O[C@H](C(=O)O)[C@@H](O)[C@H](O)[C@H]3NC(=O)CCCCCCCCC(C)C)Oc3ccc(cc3Cl)[C@@H](O)[C@@H]3NC(=O)[C@H](NC(=O)[C@@H]4NC(=O)[C@@H](NC2=O)c2cc(cc(O)c2Cl)Oc2cc1ccc2O)c1ccc(O)c(c1)-c1c(O[C@H]2O[C@H](CO)[C@@H](O)[C@H](O)[C@@H]2O)cc(O)cc1[C@@H](C(=O)NCCCN(C)C)NC3=O,1816.72,,,,,,,"Antibiotics,Bacterial",Microbiology,"Dalbavancin (Zeven, BI 397, MDL 63397) is a lipoglycopeptide antibiotic that has bactericidal activity against Gram-positive bacteria including various staphylococci.",171500-79-1,55.05,No DILI,No DILI,No DILI,,,,KGPGQDLTDHGEGT,0,Success,CNC1C(=O)NC2Cc3ccc(cc3)Oc3cc4cc(c3O[C@@H]3OC(C(=O)O)[C@@H](O)[C@H](O)[C@H]3NC(=O)CCCCCCCCC(C)C)Oc3ccc(cc3Cl)[C@@H](O)C3NC(=O)C(NC(=O)C4NC(=O)C(NC2=O)c2cc(cc(O)c2Cl)Oc2cc1ccc2O)c1ccc(O)c(c1)-c1c(O[C@H]2O[C@H](CO)[C@@H](O)[C@H](O)[C@@H]2O)cc(O)cc1C(C(=O)NCCCN(C)C)NC3=O,0.5591484,0.49306017,0.58562964,0.38997924,1,0,1,0,0.5069543,0.0,0.998804,0.0649316,0.6734413,0.9991141,1,0,1,1,0.68407273,1.0,False,0
112,,Dalfampridine,,,,,,,E*,CNS,Multiple sclerosis,CHEMBL284348,N07XX07,1.0,0.0,34385.0,0.0,2.0,True,2010.0,0.0,,Multiple Sclerosis Symptomatic Treatment,0.0,4.0,Small molecule,1.0,True,0.0,False,0.0,DALFAMPRIDINE,0.0,MOL,True,False,,,,1994.0,False,Nc1ccncc1,94.12,0.66,,,,,,,,,,,No DILI,No DILI,No DILI,2017 Nov 13,,,NUKYPUAOHBNCPY,0,Success,Nc1ccncc1,0.7927322,0.7957911,0.79509676,0.8716349,1,1,1,1,0.81381375,1.0,0.9999956,1.0,0.99858814,1.0,1,1,1,1,0.99964595,1.0,False,0
113,,Dalfopristin,,,,,,,E*,Antimicrobial,Antibacterial,CHEMBL1200937,,1.0,0.0,,0.0,1.0,True,1999.0,0.0,,Antibacterial,0.0,4.0,Small molecule,1.0,False,0.0,True,0.0,DALFOPRISTIN,0.0,MOL,True,False,-pris-; -pristin,"steriodal compounds acting on progesterone receptors (excluding-gest- compounds); antibacterials, pristinamycin derivatives",-pris-; -pristin,1993.0,False,CCN(CC)CCS(=O)(=O)[C@@H]1CCN2C(=O)c3coc(n3)CC(=O)C[C@H](O)/C=C(C)/C=C/CNC(=O)/C=C/[C@@H](C)[C@@H](C(C)C)OC(=O)[C@@H]12,690.86,2.27,,,,,,,,,,,No DILI,No DILI,No DILI,,,,SUYRLXYYZQTJHF,0,Success,CCN(CC)CCS(=O)(=O)[C@@H]1CCN2C(=O)c3coc(n3)CC(=O)C[C@H](O)/C=C(C)/C=C/CNC(=O)/C=C/[C@@H](C)[C@@H](C(C)C)OC(=O)C12,0.45789605,0.32129282,0.54630756,0.3881003,0,0,1,0,0.42839918,0.0,0.98622686,0.99999714,0.6559839,1.0,1,1,1,1,0.91055197,1.0,False,0
114,,Daprodustat,,,,,,,E,Hematologic,Anemia  ESKD,CHEMBL3544988,B03XA07,1.0,1.0,,0.0,2.0,True,2023.0,0.0,,,0.0,4.0,Small molecule,1.0,True,0.0,False,0.0,DAPRODUSTAT,0.0,MOL,True,False,-stat,enzyme inhibitors: hypoxia-inducible factor (HIF) prolyl hydroxylase inhibitors,-stat (-dustat),2014.0,False,O=C(O)CNC(=O)C1C(=O)N(C2CCCCC2)C(=O)N(C2CCCCC2)C1=O,393.44,1.26,,United States,,Black Box Warning,,HIF,Angiogenesis,Daprodustat (GSK1278863) is an orally administered hypoxia-inducible factor-prolyl hydroxylase (HIF-PH) inhibitor. Phase 2.,960539-70-2,25.42,No DILI,No DILI,No DILI,2024 Jul 15,,,RUEYEZADQJCKGV,0,Success,O=C(O)CNC(=O)c1c(O)n(C2CCCCC2)c(=O)n(C2CCCCC2)c1=O,0.5975127,0.403562,0.5717851,0.52248657,1,0,1,1,0.5238366,1.0,0.9924366,4.9344275e-16,0.6512641,0.999997,1,0,1,1,0.66092443,1.0,False,0
115,,Darolutamide,,,,,,,E,Antineoplastic,Prostate cancer,CHEMBL4297185,L02BB06,1.0,0.0,,0.0,0.0,True,2019.0,0.0,,,0.0,4.0,Small molecule,1.0,True,0.0,False,0.0,DAROLUTAMIDE,0.0,MOL,True,False,-lutamide,non-steroid antiandrogens,-lutamide,2017.0,False,CC(O)c1cc(C(=O)N[C@@H](C)Cn2ccc(-c3ccc(C#N)c(Cl)c3)n2)n[nH]1,398.85,2.67,,,,,,Androgen Receptor,Endocrinology & Hormones,"Darolutamide (ODM-201, BAY-1841788) is a novel androgen receptor (AR) antagonist that blocks AR nuclear translocation with Ki of 11 nM. Phase 3.",1297538-32-9,200.58,No DILI,No DILI,No DILI,2023 Mar 15,,,BLIJXOOIHRSQRB,0,Success,CC(O)c1cc(C(=O)N[C@@H](C)Cn2ccc(-c3ccc(C#N)c(Cl)c3)n2)[nH]n1,0.7910464,0.77758515,0.7382121,0.79902506,1,1,1,1,0.7764672,1.0,0.99012965,0.99999774,0.9908414,1.0,1,1,1,1,0.9952422,1.0,False,0
116,,Dasabuvir,,,,,,,B,Antimicrobial,Antiviral: HCV,CHEMBL3137312,J05AP09,1.0,0.0,85182.0,0.0,2.0,True,2014.0,0.0,,,0.0,4.0,Small molecule,1.0,True,0.0,False,0.0,DASABUVIR,0.0,MOL,True,False,-vir,antivirals: RNA polymerase (NS5B) inhibitors,-vir (-buvir),2013.0,False,COc1c(-c2ccc3cc(NS(C)(=O)=O)ccc3c2)cc(-n2ccc(=O)[nH]c2=O)cc1C(C)(C)C,493.59,4.02,,,,,,HCV Protease,Proteases,"Dasabuvir (ABT-333) is a non-nucleoside inhibitor of NS5B viral RNA-dependent RNA polymerase that inhibits recombinant NS5B polymerases derived from HCV genotype 1a and 1b clinical isolates with IC50 values between 2.2 and 10.7 nM. It is at least 7,000-fold selective for the inhibition of HCV genotype 1 polymerases over human/mammalian polymerases.",1132935-63-7,198.55,DILI (likely),DILI,Likely,,,,NBRBXGKOEOGLOI,1,Success,COc1c(-c2ccc3cc(NS(C)(=O)=O)ccc3c2)cc(-n2ccc(=O)[nH]c2=O)cc1C(C)(C)C,0.72493976,0.6707811,0.74407345,0.5867057,1,1,1,1,0.681625,1.0,0.99999964,1.0,0.9971794,0.99875605,1,1,1,1,0.99898374,1.0,True,1
117,,Deferiprone,,,,,,,E*,Toxicology,Iron overload,CHEMBL70927,V03AC02,1.0,1.0,68554.0,0.0,2.0,True,1999.0,0.0,,,0.0,4.0,Small molecule,1.0,True,0.0,False,0.0,DEFERIPRONE,0.0,MOL,True,False,,,,2008.0,False,Cc1c(O)c(=O)ccn1C,139.15,0.4,hematological toxicity,United States,,Black Box Warning,,Others,Others,Deferiprone (CP20) is a chelating agent with an affinity for ferric ion (iron III)，binds with ferric ions to form neutral 3:1 (deferiprone:iron) complexes that are stable over a wide range of pH values.,30652-11-0,,No DILI,No DILI,No DILI,2017 Dec 27,,,TZXKOCQBRNJULO,0,Success,Cc1c(O)c(=O)ccn1C,0.59398425,0.68565357,0.73265946,0.6160256,1,1,1,1,0.6570807,1.0,0.99999917,1.0,0.9983028,0.9999312,1,1,1,1,0.9995583,1.0,False,0
118,,Delafloxacin,,,,,,,E*,Antimicrobial,Antibacterial,CHEMBL2105637,J01MA23,1.0,1.0,,0.0,2.0,False,2017.0,0.0,,,0.0,4.0,Small molecule,0.0,True,0.0,True,0.0,DELAFLOXACIN,0.0,MOL,True,False,-oxacin,antibacterials (quinolone derivatives),-oxacin,2008.0,False,Nc1nc(-n2cc(C(=O)O)c(=O)c3cc(F)c(N4CC(O)C4)c(Cl)c32)c(F)cc1F,440.77,1.92,,,,,,Anti-infection,Immunology & Inflammation,"Delafloxacin (ABT-492, RX-3341, WQ-3034) is a new fluoroquinolone against 155 aerobic and 171 anaerobic pathogens.","189279-58-1, 339591-82-1 (sodium salt)",199.66,No DILI,No DILI,No DILI,2020 Mar 10,,,DYDCPNMLZGFQTM,0,Success,Nc1nc(-n2cc(C(=O)O)c(=O)c3cc(F)c(N4CC(O)C4)c(Cl)c32)c(F)cc1F,0.83648354,0.8415537,0.7535159,0.79173917,1,1,1,1,0.8058231,1.0,0.99711084,0.99951184,0.98239374,0.9999827,1,1,1,1,0.9947498,1.0,False,0
119,,Deucravacitinib,,,,,,,E*,Dermatologic,Psoriasis,CHEMBL4435170,,1.0,0.0,,1.0,2.0,True,2022.0,1.0,,,0.0,4.0,Small molecule,0.0,True,0.0,False,0.0,DEUCRAVACITINIB,0.0,MOL,True,False,deu-; -tinib,deuterated compounds; tyrosine kinase inhibitors: tyrosine kinase inhibitors; janus kinase inhibitors,deu-; -tinib (-citinib),2020.0,False,[2H]C([2H])([2H])NC(=O)c1nnc(NC(=O)C2CC2)cc1Nc1cccc(-c2ncn(C)n2)c1OC,425.47,1.73,,,,,,"IFN,Interleukins,JAK",Protein Tyrosine Kinase,Deucravacitinib (BMS-986165) is a highly potent and selective allosteric inhibitor of Tyk2 with a Ki value of 0.02 nM for binding to the Tyk2 pseudokinase domain. It is highly selective against a panel of 265 kinases and pseudokinases.,1609392-27-9,68.16,No DILI,No DILI,No DILI,2023 Dec 28,,,BZZKEPGENYLQSC,0,Success,[2H]C([2H])([2H])NC(=O)c1nnc(NC(=O)C2CC2)cc1Nc1cccc(-c2ncn(C)n2)c1OC,0.74922115,0.77522594,0.6798067,0.79780436,1,1,1,1,0.7505145,1.0,0.27849805,1.0,0.9903869,0.99989843,0,1,1,1,0.81719583,1.0,False,0
120,,Deutetrabenazine,,,,,,,E,CNS,"Chorea, Huntington",CHEMBL3137326,N07XX16,1.0,1.0,,0.0,0.0,True,2017.0,0.0,,,0.0,4.0,Small molecule,1.0,True,0.0,False,0.0,DEUTETRABENAZINE,0.0,MOL,True,False,deu-,deuterated compounds,deu-,2014.0,False,[2H]C([2H])([2H])Oc1cc2c(cc1OC([2H])([2H])[2H])C1CC(=O)C(CC(C)C)CN1CC2,323.47,3.24,psychiatric toxicity,United States,,Black Box Warning,,,,,,,No DILI,No DILI,No DILI,,,,MKJIEFSOBYUXJB,0,Success,[2H]C([2H])([2H])Oc1cc2c(cc1OC([2H])([2H])[2H])C1CC(=O)C(CC(C)C)CN1CC2,0.6048215,0.49440143,0.52059644,0.41549587,1,0,1,0,0.5088288,0.0,0.4948981,1.0,0.7609377,1.0,0,1,1,1,0.81395894,1.0,False,0
121,,Dichloralphenazone,,,,,,,E,CNS,Sedative/Hypnotic,CHEMBL1697834,N05CC04,,0.0,,0.0,2.0,False,,0.0,,,0.0,-1.0,Small molecule,0.0,False,0.0,False,0.0,DICHLORALPHENAZONE,0.0,MOL,False,False,,,,,False,Cc1cc(=O)n(-c2ccccc2)n1C.OC(O)C(Cl)(Cl)Cl.OC(O)C(Cl)(Cl)Cl,519.04,,,,,,,,,,,,No DILI,No DILI,No DILI,,,,ATKXDQOHNICLQW,0,Success,Cc1cc(=O)n(-c2ccccc2)n1C,0.71388495,0.7544404,0.764636,0.8094184,1,1,1,1,0.76059496,1.0,0.99614537,1.0,0.99874026,0.9977043,1,1,1,1,0.9981475,1.0,False,0
122,,Dienestrol,,,,,,,A,Gynecological,Birth control,CHEMBL1018,G03CB01; G03CC02,0.0,0.0,,0.0,2.0,True,1947.0,0.0,,Estrogen,0.0,4.0,Small molecule,1.0,False,0.0,False,0.0,DIENESTROL,0.0,MOL,True,True,-estr-,estrogens,-estr-,,False,C/C=C(C(=C/C)/c1ccc(O)cc1)\c1ccc(O)cc1,266.34,4.6,,,,,,Estrogen/progestogen Receptor,Endocrinology & Hormones,"Dienestrol(Restrol) is a synthetic, non-steroidal estrogen. It is an estrogen receptor agonist.",84-17-3,199,DILI (known),DILI,Known,,,,NFDFQCUYFHCNBW,1,Success,CC=C(C(=CC)c1ccc(O)cc1)c1ccc(O)cc1,0.6913559,0.6439028,0.7335868,0.6664121,1,1,1,1,0.6838144,1.0,1.0,1.0,0.99742126,1.0,1,1,1,1,0.9993553,1.0,True,1
123,,Digitoxin,,,,,,,E,Cardiovascular,Heart failure,CHEMBL254219,C01AA04,0.0,0.0,28544.0,0.0,1.0,True,1982.0,0.0,,Cardiotonic,0.0,4.0,Small molecule,1.0,False,0.0,True,0.0,DIGITOXIN,0.0,MOL,True,False,-oxin,"fluoroquinolone derivatives, nonantibacterial indication (e.g., antineoplastic antibiotics)",-oxin,,False,C[C@H]1O[C@@H](O[C@H]2[C@@H](O)C[C@H](O[C@H]3[C@@H](O)C[C@H](O[C@H]4CC[C@@]5(C)[C@H](CC[C@@H]6[C@@H]5CC[C@]5(C)[C@@H](C7=CC(=O)OC7)CC[C@]65O)C4)O[C@@H]3C)O[C@@H]2C)C[C@H](O)[C@@H]1O,764.95,3.25,,,,,,,,,,,No DILI,No DILI,No DILI,,,,WDJUZGPOPHTGOT,0,Success,C[C@H]1O[C@@H](O[C@H]2[C@@H](O)C[C@H](O[C@H]3[C@@H](O)C[C@H](O[C@H]4CC[C@@]5(C)[C@H](CC[C@@H]6[C@@H]5CC[C@]5(C)[C@@H](C7=CC(=O)OC7)CC[C@]65O)C4)O[C@@H]3C)O[C@@H]2C)C[C@H](O)[C@@H]1O,0.504666,0.3861608,0.43247086,0.55297786,1,0,0,1,0.46906888,0.0,0.9999577,0.000108556225,0.9464857,1.0,1,0,1,1,0.736638,1.0,False,0
124,,Dihydromyricetin,,,,,,,E,HDS: Herbal Product,Liver disease,CHEMBL3348861,,,0.0,28429.0,0.0,1.0,False,,0.0,,,0.0,2.0,Small molecule,1.0,False,0.0,False,0.0,AMPELOPSIN,0.0,MOL,False,False,,,,,False,O=C1c2c(O)cc(O)cc2O[C@H](c2cc(O)c(O)c(O)c2)[C@H]1O,320.25,0.89,,,,,,"GABA Receptor,ROS",Neuronal Signaling,"Dihydromyricetin (Ampelopsin, Ampeloptin) is a natural antioxidant flavonoid from Ampelopsis grossedentata.",27200-12-0,199.84,No DILI,No DILI,No DILI,2023 Aug 16,,,KJXSIXMJHKAJOD,0,Success,O=C1C(O)c2c(O)cc(O)cc2OC1c1cc(O)c(O)c(O)c1,0.6011418,0.4946259,0.7136669,0.36683992,1,0,1,0,0.54406863,0.0,0.00055480376,0.99912447,0.3742442,0.9555831,0,1,0,1,0.58237666,0.0,False,0
125,,Diroximel fumarate,,,,,,,E*,CNS,Multiple sclerosis,CHEMBL3989944,L04AX09,1.0,0.0,,0.0,2.0,True,2019.0,0.0,,,0.0,4.0,Small molecule,0.0,True,0.0,False,0.0,DIROXIMEL FUMARATE,1.0,MOL,True,False,,,,2016.0,False,COC(=O)/C=C/C(=O)OCCN1C(=O)CCC1=O,255.23,-0.59,,,,,,Others,Others,Diroximel Fumarate (ALKS-8700) is a prodrug of monomethyl fumarate in a controlled-release formulation that rapidly and efficiently converts to MMF in the body.,1577222-14-0,199.83,No DILI,No DILI,No DILI,,,,YIMYDTCOUQIDMT,0,Success,COC(=O)/C=C/C(=O)OCCn1c(O)ccc1O,0.5693318,0.54128695,0.61155045,0.38190833,1,1,1,0,0.5260194,1.0,1.0443212e-06,0.036079217,0.9899743,0.00013743849,0,0,1,0,0.25654802,0.0,False,0
126,,Docosahexaenoate,,,,,,,E,HDS: Nutritional Suppl,Lipid lowering agent,CHEMBL367149,,,0.0,28125.0,0.0,2.0,False,,0.0,,,0.0,3.0,Small molecule,1.0,False,0.0,False,0.0,DOCONEXENT,0.0,MOL,False,False,,,,,False,CC/C=C\C/C=C\C/C=C\C/C=C\C/C=C\C/C=C\CCC(=O)O,328.5,6.55,,,,,,,,,,,No DILI,No DILI,No DILI,,,,MBMBGCFOFBJSGT,0,Success,CC/C=C\C/C=C\C/C=C\C/C=C\C/C=C\C/C=C\CCC(=O)O,0.36191642,0.3661858,0.409114,0.083552375,0,0,0,0,0.30519214,0.0,1.0,1.0,0.9970395,4.0897765e-09,1,1,1,0,0.7492599,1.0,False,0
127,,Doravirine,,,,,,,E*,Antimicrobial,Antiviral: HIV,CHEMBL2364608,J05AG06,1.0,0.0,,0.0,2.0,True,2018.0,0.0,,,0.0,4.0,Small molecule,0.0,True,0.0,False,0.0,DORAVIRINE,0.0,MOL,True,False,-vir-,"antivirals: non-nucleoside reverse transcriptase inhibitors, not benzoxazinone derivatives",-vir- (-virine),2013.0,False,Cn1c(Cn2ccc(C(F)(F)F)c(Oc3cc(Cl)cc(C#N)c3)c2=O)n[nH]c1=O,425.75,2.65,,,,,,Reverse Transcriptase,Microbiology,"Doravirine (MK-1439) is a novel HIV-1 nonnucleoside reverse transcriptase inhibitor with IC50 values of 12, 9.7, and 9.7 nM against the wild type (WT) and K103N and Y181C reverse transcriptase (RT) mutants, respectively, in a biochemical assay. It is highly specific with minimum off-target activities.",1338225-97-0,199.65,No DILI,No DILI,No DILI,2019 Apr 12,,,ZIAOVIPSKUPPQW,0,Success,Cn1c(Cn2ccc(C(F)(F)F)c(Oc3cc(Cl)cc(C#N)c3)c2=O)n[nH]c1=O,0.81039536,0.7200812,0.7734156,0.87572414,1,1,1,1,0.79490405,1.0,0.99995804,0.9999994,0.97010404,1.0,1,1,1,1,0.9925154,1.0,False,0
128,,Dronabinol,,,,,,,E,Gastrointestinal,Antiemetic,CHEMBL465,A04AD10,1.0,0.0,66964.0,0.0,1.0,True,1985.0,0.0,,Anti-Emetic,0.0,4.0,Small molecule,1.0,True,0.0,False,0.0,DRONABINOL,0.0,MOL,True,False,-nab-,cannabinol derivatives,-nab-,1984.0,False,CCCCCc1cc(O)c2c(c1)OC(C)(C)[C@@H]1CCC(C)=C[C@@H]21,314.47,5.74,,,,,,,,,,,No DILI,No DILI,No DILI,2018 Jan 15,,,CYQFCXCEBYINGO,0,Success,CCCCCc1cc(O)c2c(c1)OC(C)(C)[C@@H]1CCC(C)=C[C@@H]21,0.62918186,0.3839258,0.59055716,0.3152428,1,0,1,0,0.4797269,0.0,0.99999404,0.873961,0.9950245,0.9811391,1,1,1,1,0.96252966,1.0,False,0
129,,Drospirenone,,,,,,,A,Gynecological,Birth control,CHEMBL1509,G03AC10,1.0,0.0,50838.0,0.0,1.0,True,2001.0,0.0,,Aldosterone Antagonist,0.0,4.0,Small molecule,1.0,True,0.0,False,0.0,DROSPIRENONE,0.0,MOL,True,False,-renone,aldosterone antagonists (spironolactone type),-renone,1997.0,False,C[C@]12CCC(=O)C=C1[C@@H]1C[C@@H]1[C@H]1[C@@H]3[C@@H]4C[C@@H]4[C@@]4(CCC(=O)O4)[C@@]3(C)CC[C@@H]12,366.5,4.31,,,,,,Estrogen/progestogen Receptor,Endocrinology & Hormones,Drospirenone (ZK 3059) is a synthetic progestin that is an analog to spironolactone.,67392-87-4,199.19,DILI (known),DILI,Known,,,,METQSPRSQINEEU,1,Success,C[C@]12CCC(=O)C=C1C1C[C@@H]1[C@H]1[C@@H]3[C@@H]4C[C@@H]4[C@@]4(CCC(=O)O4)[C@@]3(C)CC[C@@H]12,0.61198926,0.47897002,0.5204361,0.5074621,1,0,1,1,0.52971435,1.0,1.0,0.07322815,0.9953446,1.0,1,0,1,1,0.7671432,1.0,True,1
130,,Duvelisib,,,,,,,E*,Antineoplastic,CLL,CHEMBL3039502,L01EM04,1.0,1.0,,0.0,1.0,False,2018.0,0.0,,,0.0,4.0,Small molecule,1.0,True,0.0,False,0.0,DUVELISIB,0.0,MOL,True,False,-lisib,phosphatidylinositol 3-kinase (PI3K) inhibitors,-lisib,2013.0,False,C[C@H](Nc1ncnc2nc[nH]c12)c1cc2cccc(Cl)c2c(=O)n1-c1ccccc1,416.87,4.48,,,,,,PI3K,Angiogenesis,"Duvelisib (IPI-145, INK1197) is a novel and selective PI3K δ/γ inhibitor with Ki and IC50 of 23 pM/243 pM and 1 nM/50 nM in cell-free assays, highly selective for PI3K δ/γ than other protein kinases. Phase 3.",1201438-56-3,199.11,No DILI,No DILI,No DILI,2022 Jul 12,,,SJVQHLPISAIATJ,0,Success,C[C@H](Nc1ncnc2[nH]cnc12)c1cc2cccc(Cl)c2c(=O)n1-c1ccccc1,0.838459,0.8006481,0.802258,0.7962247,1,1,1,1,0.80939746,1.0,0.9539485,1.0,0.9867648,0.9998729,1,1,1,1,0.9851466,1.0,False,0
131,,Eicosapentaenoate,,,,,,,E,HDS: Nutritional Suppl,Lipid lowering agent,CHEMBL460026,,-1.0,0.0,28364.0,0.0,2.0,False,,0.0,,,0.0,3.0,Small molecule,1.0,False,0.0,False,0.0,ICOSAPENT,0.0,MOL,False,False,,,,,False,CC/C=C\C/C=C\C/C=C\C/C=C\C/C=C\CCCC(=O)O,302.46,5.99,,,,,,,,,,,No DILI,No DILI,No DILI,,,,JAZBEHYOTPTENJ,0,Success,CC/C=C\C/C=C\C/C=C\C/C=C\C/C=C\CCCC(=O)O,0.36881953,0.33624938,0.40177143,0.10063723,0,0,0,0,0.3018694,0.0,1.0,1.0,0.99678934,2.3559615e-07,1,1,1,0,0.7491974,1.0,False,0
132,,Elafibranor,,,,,,,E*,Gastrointestinal,Primary biliary cholangitis,CHEMBL3707395,,,0.0,,0.0,2.0,False,,0.0,,,0.0,3.0,Small molecule,1.0,False,0.0,False,0.0,ELAFIBRANOR,0.0,MOL,False,False,,,,2015.0,False,CSc1ccc(C(=O)/C=C/c2cc(C)c(OC(C)(C)C(=O)O)c(C)c2)cc1,384.5,5.16,,,,,,PPAR,Metabolism,"Elafibranor (GFT505) is an agonist of the peroxisome proliferator-activated receptor-α(PPAR-alpha) and peroxisome proliferator-activated receptor-δ(PPAR-δ). It improves insulin sensitivity, glucose homeostasis, and lipid metabolism and reduces inflammation.",923978-27-2,197.66,No DILI,No DILI,No DILI,2024 Jul 24,,,AFLFKFHDSCQHOL,0,Success,CSc1ccc(C(=O)/C=C/c2cc(C)c(OC(C)(C)C(=O)O)c(C)c2)cc1,0.6873837,0.8431777,0.7083424,0.696356,1,1,1,1,0.73381495,1.0,0.6944682,1.0,0.9993943,0.016513031,1,1,1,0,0.6775939,1.0,False,0
133,,Elagolix,,,,,,,E,Gynecological,Endometriosis,CHEMBL1208155,H01CC03,1.0,0.0,,0.0,1.0,False,2018.0,1.0,,,0.0,4.0,Small molecule,0.0,True,0.0,False,0.0,ELAGOLIX,0.0,MOL,True,False,-golix,gonadotropin releasing hormone (GnRH) receptor antagonists (nonpeptide),-golix,2008.0,False,COc1cccc(-c2c(C)n(Cc3c(F)cccc3C(F)(F)F)c(=O)n(C[C@H](NCCCC(=O)O)c3ccccc3)c2=O)c1F,631.6,5.54,,,,,,,,,,,No DILI,No DILI,No DILI,2019 Jan 31,,,HEAUOKZIVMZVQL,0,Success,COc1cccc(-c2c(C)n(Cc3c(F)cccc3C(F)(F)F)c(=O)n(C[C@H](NCCCC(=O)O)c3ccccc3)c2=O)c1F,0.6803767,0.6077984,0.66452557,0.66044956,1,1,1,1,0.65328753,1.0,0.9903638,0.9999989,0.81928927,0.99998736,1,1,1,1,0.9524098,1.0,False,0
134,,Elvitegravir,,,,,,,E*,Antimicrobial,Antiviral: HIV,CHEMBL204656,J05AJ02,1.0,0.0,72289.0,0.0,1.0,True,2012.0,0.0,,,0.0,4.0,Small molecule,0.0,True,0.0,False,0.0,ELVITEGRAVIR,0.0,MOL,True,False,-vir,antivirals: integrase inhibitors,-vir (-tegravir),2007.0,False,COc1cc2c(cc1Cc1cccc(Cl)c1F)c(=O)c(C(=O)O)cn2[C@H](CO)C(C)C,447.89,4.28,,,,,,Integrase,Microbiology,"Elvitegravir (GS-9137,JTK-303,D06677) is an HIV integrase inhibitor for HIV-1 IIIB, HIV-2 EHO and HIV-2 ROD with IC50 of 0.7 nM, 2.8 nM and 1.4 nM in cell-free assays, respectively.",697761-98-1,198.71,No DILI,No DILI,No DILI,,,,JUZYLCPPVHEVSV,0,Success,COc1cc2c(cc1Cc1cccc(Cl)c1F)c(=O)c(C(=O)O)cn2[C@H](CO)C(C)C,0.765744,0.7404831,0.6957511,0.72545177,1,1,1,1,0.7318575,1.0,0.99999595,1.0,0.99423075,1.0,1,1,1,1,0.9985567,1.0,False,0
135,,Empagliflozin,,,,,,,E,Endocrine,Diabetes,CHEMBL2107830,A10BK03,1.0,0.0,82720.0,0.0,1.0,True,2014.0,0.0,,,0.0,4.0,Small molecule,1.0,True,0.0,False,0.0,EMPAGLIFLOZIN,0.0,MOL,True,False,-gliflozin,"phlorozin derivatives, phenolic glycosides",-gliflozin,2012.0,False,OC[C@H]1O[C@@H](c2ccc(Cl)c(Cc3ccc(O[C@H]4CCOC4)cc3)c2)[C@H](O)[C@@H](O)[C@@H]1O,450.92,1.61,,,,,,SGLT,GPCR & G Protein,"Empagliflozin (BI-10773) is a potent and selective SGLT-2 inhibitor with IC50 of 3.1 nM, exhibits >300-fold selectivity over SGLT-1, 4, 5 and 6. Phase 3.",864070-44-0,199.6,No DILI,No DILI,No DILI,,,,OBWASQILIWPZMG,0,Success,OC[C@H]1O[C@@H](c2ccc(Cl)c(Cc3ccc(O[C@H]4CCOC4)cc3)c2)[C@H](O)[C@@H](O)[C@@H]1O,0.5354281,0.44096255,0.5674209,0.43027875,1,0,1,0,0.49352258,0.0,0.88978744,1.0,0.9049396,0.54205555,1,1,1,1,0.8341957,1.0,False,0
136,,Enasidenib,,,,,,,E*,Antineoplastic,Acute myelogenous leukemia,CHEMBL3989908,L01XX59,1.0,1.0,,0.0,2.0,False,2017.0,1.0,,,0.0,4.0,Small molecule,0.0,True,0.0,False,0.0,ENASIDENIB,0.0,MOL,True,False,-sidenib,mutated isocitrate dehydrogenase (IDH) inhibitors,-sidenib,2016.0,False,CC(C)(O)CNc1nc(Nc2ccnc(C(F)(F)F)c2)nc(-c2cccc(C(F)(F)F)n2)n1,473.38,4.29,,,,,,Dehydrogenase,Metabolism,"Enasidenib (AG-221) is a first-in-class, oral, potent, reversible, selective inhibitor of the IDH2 mutant enzyme.",1446502-11-9,198.57,No DILI,No DILI,No DILI,2025 Mar 1,,,DYLUUSLLRIQKOE,0,Success,CC(C)(O)CNc1nc(Nc2ccnc(C(F)(F)F)c2)nc(-c2cccc(C(F)(F)F)n2)n1,0.7718258,0.726888,0.68695337,0.5677867,1,1,1,1,0.68836343,1.0,0.002112201,0.6993978,0.26270837,0.9999099,0,1,0,1,0.49103206,0.0,False,0
137,,Encorafenib,,,,,,,E*,Antineoplastic,Melanoma,CHEMBL3301612,L01EC03,1.0,0.0,,0.0,1.0,True,2018.0,0.0,,,0.0,4.0,Small molecule,0.0,True,0.0,False,0.0,ENCORAFENIB,0.0,MOL,True,False,-rafenib,rapidly accelerated fibrosarcoma (RAF) kinase inhibitors,-rafenib,2014.0,False,COC(=O)N[C@@H](C)CNc1nccc(-c2cn(C(C)C)nc2-c2cc(Cl)cc(NS(C)(=O)=O)c2F)n1,540.02,3.91,,,,,,Raf,MAPK,Encorafenib (LGX818) is a highly potent RAF inhibitor with selective anti-proliferative and apoptotic activity in cells expressing B-RAF(V600E) with EC50 of 4 nM. Phase 3.,1269440-17-6,185.18,No DILI,No DILI,No DILI,,,,CMJCXYNUCSMDBY,0,Success,COC(=O)N[C@@H](C)CNc1nccc(-c2cn(C(C)C)nc2-c2cc(Cl)cc(NS(C)(=O)=O)c2F)n1,0.74191904,0.7035691,0.7016129,0.5789964,1,1,1,1,0.6815244,1.0,0.71987754,0.99999845,0.9709349,1.0,1,1,1,1,0.9227027,1.0,False,0
138,,Entrectinib,,,,,,,E*,Antineoplastic,"NSCLC, NTRK gene fusion",CHEMBL1983268,L01EX14,1.0,0.0,,0.0,2.0,True,2019.0,0.0,,,0.0,4.0,Small molecule,0.0,True,0.0,False,0.0,ENTRECTINIB,0.0,MOL,True,False,-tinib,tyrosine kinase inhibitors: tropomyosin receptor kinase (TRK) inhibitors,-tinib (-trectinib),2015.0,False,CN1CCN(c2ccc(C(=O)Nc3n[nH]c4ccc(Cc5cc(F)cc(F)c5)cc34)c(NC3CCOCC3)c2)CC1,560.65,5.03,,,,,,"ALK,Autophagy,ROS1,Trk receptor",Protein Tyrosine Kinase,"Entrectinib (RXDX-101, NMS-E628) is an orally bioavailable pan-TrkA/B/C, ROS1 and ALK inhibitor with IC50 ranging between 0.1 and 1.7 nM. Entrectinib (RXDX-101) induces autophagy. Phase 2.",1108743-60-7,178.37,No DILI,No DILI,No DILI,2021 Sep 15,,,HAYYBYPASCDWEQ,0,Success,CN1CCN(c2ccc(C(=O)Nc3[nH]nc4ccc(Cc5cc(F)cc(F)c5)cc34)c(NC3CCOCC3)c2)CC1,0.57062364,0.6186406,0.647592,0.70435125,1,1,1,1,0.6353019,1.0,0.9999994,0.999933,0.99674463,1.0,1,1,1,1,0.99916923,1.0,False,0
139,,Enzalutamide,,,,,,,E,Antineoplastic,Prostate cancer,CHEMBL1082407,L02BB04,1.0,0.0,68534.0,0.0,2.0,True,2012.0,0.0,,,0.0,4.0,Small molecule,0.0,True,0.0,False,0.0,ENZALUTAMIDE,0.0,MOL,True,False,-lutamide,deuterated compounds; non-steroid antiandrogens,-lutamide,2012.0,False,CNC(=O)c1ccc(N2C(=S)N(c3ccc(C#N)c(C(F)(F)F)c3)C(=O)C2(C)C)cc1F,464.44,3.99,,,,,,"Androgen Receptor,Autophagy",Endocrinology & Hormones,Enzalutamide (MDV3100) is an androgen-receptor (AR) antagonist with IC50 of 36 nM in LNCaP cells. Enzalutamide is shown to increase autophagy.,915087-33-1,198.09,No DILI,No DILI,No DILI,2023 Mar 15,,,WXCXUHSOUPDCQV,0,Success,CNC(=O)c1ccc(N2C(=S)N(c3ccc(C#N)c(C(F)(F)F)c3)C(=O)C2(C)C)cc1F,0.7822737,0.7928699,0.72642416,0.78563046,1,1,1,1,0.77179956,1.0,0.9999969,0.84443575,0.9689479,1.0,1,1,1,1,0.9533451,1.0,False,0
140,,Eravacycline,,,,,,,E*,Antimicrobial,Bacterial infections,CHEMBL1951095,J01AA13,1.0,0.0,,0.0,1.0,True,2018.0,0.0,,,0.0,4.0,Small molecule,0.0,False,0.0,True,0.0,ERAVACYCLINE,0.0,MOL,True,False,-cycline,antibiotics (tetracycline derivatives),-cycline,2012.0,False,CN(C)[C@@H]1C(O)=C(C(N)=O)C(=O)[C@@]2(O)C(O)=C3C(=O)c4c(O)c(NC(=O)CN5CCCC5)cc(F)c4C[C@H]3C[C@@H]12,558.56,0.29,,,,,,,,,,,No DILI,No DILI,No DILI,2019 Apr 10,,,HLFSMUUOKPBTSM,0,Success,CN(C)C1C(=O)C(C(N)=O)C(=O)[C@@]2(O)C(=O)C3C(=O)c4c(O)c(NC(=O)CN5CCCC5)cc(F)c4C[C@H]3C[C@@H]12,0.45172304,0.41439992,0.51778865,0.23934823,0,0,1,0,0.40581495,0.0,0.93422997,1.1175054e-05,0.88874346,4.6771994e-08,1,0,1,0,0.45574614,0.0,False,0
141,,Ertugliflozin,,,,,,,E,Endocrine,Diabetes,CHEMBL1770248,A10BK04,1.0,0.0,,1.0,1.0,True,2017.0,0.0,,,0.0,4.0,Small molecule,1.0,True,0.0,False,0.0,ERTUGLIFLOZIN,0.0,MOL,True,False,-gliflozin,"phlorozin derivatives, phenolic glycosides",-gliflozin,2011.0,False,CCOc1ccc(Cc2cc([C@]34OC[C@](CO)(O3)[C@@H](O)[C@H](O)[C@H]4O)ccc2Cl)cc1,436.89,1.36,,,,,,SGLT,GPCR & G Protein,"Ertugliflozin (MK-8835, PF-04971729) is a potent and selective sodium-dependent glucose cotransporter 2 inhibitor with IC50 values of 0.877 nM for h-SGLT2 and 1000-fold higher for h-SGLT1.",1210344-57-2,199.14,No DILI,No DILI,No DILI,,,,MCIACXAZCBVDEE,0,Success,CCOc1ccc(Cc2cc([C@]34OC[C@](CO)(O3)[C@@H](O)[C@H](O)[C@H]4O)ccc2Cl)cc1,0.5675918,0.44786423,0.58649546,0.4909895,1,0,1,0,0.5232352,0.0,0.9851236,0.99853957,0.5077637,2.2062837e-05,1,1,1,0,0.6228622,1.0,False,0
142,,Ethynodiol,,,,,,,A ,Gynecological,Birth control,CHEMBL1201406,,-1.0,0.0,50785.0,0.0,1.0,False,,0.0,,,0.0,-1.0,Small molecule,1.0,False,0.0,False,0.0,ETHYNODIOL,0.0,MOL,False,False,,,,,False,C#C[C@]1(O)CC[C@H]2[C@@H]3CCC4=C[C@@H](O)CC[C@@H]4[C@H]3CC[C@@]21C,300.44,3.28,,,,,,,,,,,DILI (known),DILI,Known,,,,JYILPERKVHXLNF,1,Success,C#C[C@]1(O)CC[C@H]2[C@@H]3CCC4=C[C@@H](O)CC[C@@H]4[C@H]3CC[C@@]21C,0.60319024,0.35802197,0.5024858,0.5047063,1,0,1,1,0.49210107,1.0,1.0,2.9150926e-09,0.9774774,1.0,1,0,1,1,0.7443693,1.0,True,1
143,,Evobrutinib,,,,,,,,,,CHEMBL4072833,,,0.0,,0.0,2.0,False,,0.0,,,0.0,3.0,Small molecule,0.0,False,0.0,False,0.0,EVOBRUTINIB,0.0,MOL,False,False,-tinib,tyrosine kinase inhibitors: tyrosine kinase inhibitors Bruton's (Btk) inhibitors,-tinib (-brutinib),2022.0,False,C=CC(=O)N1CCC(CNc2ncnc(N)c2-c2ccc(Oc3ccccc3)cc2)CC1,429.52,4.35,,,,,,BTK,Protein Tyrosine Kinase,"Evobrutinib (M-2951, MSC-2364447C) is a highly selective BTK inhibitor with an IC50 of 37.9 nM. It has potential anti-neoplastic activity.",1415823-73-2,200.23,DILI (withdrawn),DILI,Withdrawn,,,,QUIWHXQETADMGN,1,Success,C=CC(=O)N1CCC(CNc2ncnc(N)c2-c2ccc(Oc3ccccc3)cc2)CC1,0.6453077,0.6660574,0.68695754,0.626186,1,1,1,1,0.6561272,1.0,0.99866927,0.9999988,0.97038513,1.0,1,1,1,1,0.9922633,1.0,True,1
144,,Ezogabine,,,,,,,E,CNS,Anticonvulsant,CHEMBL41355,N03AX21,1.0,1.0,68584.0,0.0,2.0,True,2011.0,1.0,,,0.0,4.0,Small molecule,0.0,True,0.0,False,0.0,EZOGABINE,0.0,MOL,True,False,-gab-,gabamimetics,-gab-,2006.0,False,CCOC(=O)Nc1ccc(NCc2ccc(F)cc2)cc1N,303.34,3.59,,United States,,Black Box Warning,,,,,,,No DILI,No DILI,No DILI,2018 Feb 18,,,PCOBBVZJEWWZFR,0,Success,CCOC(=O)Nc1ccc(NCc2ccc(F)cc2)cc1N,0.6794987,0.7563948,0.69344646,0.7561053,1,1,1,1,0.7213613,1.0,0.9507393,0.9714614,0.97744125,0.102960855,1,1,1,0,0.7506507,1.0,False,0
145,,Fexinidazole,,,,,,,E*,Antimicrobial,Trypanosomiasis,CHEMBL1631694,P01CA03,1.0,0.0,,0.0,2.0,True,2021.0,0.0,,,0.0,4.0,Small molecule,1.0,True,0.0,False,0.0,FEXINIDAZOLE,0.0,MOL,True,False,-nidazole,antiprotozoal substances (metronidazole type),-nidazole,2019.0,False,CSc1ccc(OCc2ncc([N+](=O)[O-])n2C)cc1,279.32,2.63,,,,,,DNA/RNA Synthesis,DNA Damage/DNA Repair,"Fexinidazole (HOE-239, Fexinidazole Winthrop) is a 5-nitroimidazole derivative. Fexinidazole is a DNA synthesis inhibitor and the only, all-oral agent for Human African Trypanosomiasis(HAT or sleeping sickness).",59729-37-2,200.49,No DILI,No DILI,No DILI,2023 Jul 18,,,MIWWSGDADVMLTG,0,Success,CSc1ccc(OCc2ncc([N+](=O)[O-])n2C)cc1,0.7439897,0.9333888,0.7338439,0.83763784,1,1,1,1,0.8122151,1.0,0.99482167,0.999987,0.99998116,1.0,1,1,1,1,0.99869746,1.0,False,0
146,,Fidaxomicin,,,,,,,E,Antimicrobial,Antibacterial,CHEMBL1255800,A07AA12,1.0,0.0,,0.0,1.0,True,2011.0,0.0,,,0.0,4.0,Small molecule,1.0,True,0.0,False,0.0,FIDAXOMICIN,0.0,MOL,True,False,-micin,antibiotics (Micromonospora strains),-micin,2008.0,False,CCc1c(Cl)c(O)c(Cl)c(O)c1C(=O)O[C@H]1[C@H](O)[C@H](OC)[C@H](OC/C2=C\C=C\C[C@H](O)/C(C)=C/[C@H](CC)[C@@H](O[C@@H]3OC(C)(C)[C@@H](OC(=O)C(C)C)[C@H](O)[C@@H]3O)/C(C)=C/C(C)=C/C[C@@H]([C@@H](C)O)OC2=O)O[C@@H]1C,1058.05,,,,,,,DNA/RNA Synthesis,DNA Damage/DNA Repair,"Fidaxomicin (OPT-80, PAR-101,Dificid) is a narrow spectrum macrocyclic antibiotic that inhibits RNA polymerase sigma subunit.",873857-62-6,94.51,No DILI,No DILI,No DILI,2017 Aug 8,,,ZVGNESXIJDCBKN,0,Success,CCc1c(Cl)c(O)c(Cl)c(O)c1C(=O)O[C@H]1[C@H](O)[C@H](OC)[C@H](OCC2=CC=CC[C@H](O)/C(C)=C/[C@H](CC)[C@@H](O[C@@H]3OC(C)(C)[C@@H](OC(=O)C(C)C)[C@H](O)[C@@H]3O)/C(C)=C/C(C)=C/C[C@@H]([C@@H](C)O)OC2=O)O[C@@H]1C,0.5685303,0.37746063,0.52252084,0.42832315,1,0,1,0,0.47420874,0.0,0.98484725,0.99920505,0.8527613,1.0,1,1,1,1,0.9592034,1.0,False,0
147,,Finerenone,,,,,,,E,Renal Disease,Chronic kidney disease,CHEMBL2181927,C03DA05,1.0,0.0,,0.0,1.0,True,2021.0,1.0,,,0.0,4.0,Small molecule,0.0,True,0.0,False,0.0,FINERENONE,0.0,MOL,True,False,-renone,aldosterone antagonists (spironolactone type),-renone,2013.0,False,CCOc1ncc(C)c2c1[C@H](c1ccc(C#N)cc1OC)C(C(N)=O)=C(C)N2,378.43,2.99,,,,,,Mineralocorticoid Receptor,Endocrinology & Hormones,"Finerenone (FIN, BAY 94-8862) is a highly selective and orally available nonsteroidal antagonist of mineralocorticoid receptor (MR) with IC50 of 18 nM. Finerenone has the potential for cardiorenal diseases research, such as type 2 diabetes mellitus and chronic kidney disease.",1050477-31-0,200.84,No DILI,No DILI,No DILI,2023 Oct 13,,,BTBHLEZXCOBLCY,0,Success,CCOc1ncc(C)c2c1[C@H](c1ccc(C#N)cc1OC)C(C(N)=O)C(C)=N2,0.72672063,0.7454118,0.68912745,0.7601626,1,1,1,1,0.7303556,1.0,0.99963,1.0,0.9923745,0.9998894,1,1,1,1,0.99797344,1.0,False,0
148,,Flibanserin,,,,,,,E*,CNS,Hypoactive sexual desire,CHEMBL231068,G02CX02,1.0,1.0,,0.0,2.0,True,2015.0,1.0,,,0.0,4.0,Small molecule,0.0,True,0.0,False,0.0,FLIBANSERIN,0.0,MOL,True,False,-anserin,serotonin 5-HT2 receptor antagonists,-anserin,1997.0,False,O=c1[nH]c2ccccc2n1CCN1CCN(c2cccc(C(F)(F)F)c2)CC1,390.41,3.17,,United States,,Black Box Warning,,5-HT Receptor,Neuronal Signaling,"Flibanserin (BIMT-17, BIMT-17-BS) is a nonhormonal, centrally acting molecule that acts as an agonist at postsynaptic 5-HT1A receptors and as an antagonist at 5-HT2A receptors.",167933-07-5,199.8,No DILI,No DILI,No DILI,2018 Jan 26,,,PPRRDFIXUUSXRA,0,Success,O=c1[nH]c2ccccc2n1CCN1CCN(c2cccc(C(F)(F)F)c2)CC1,0.5508181,0.41812518,0.6317212,0.50041956,1,0,1,1,0.525271,1.0,0.98655903,0.26952428,0.4448236,8.6130285e-08,1,0,0,0,0.42522675,0.0,False,0
149,,Fluoride,,,,,,,E,HDS: Nutritional Suppl,Flouride,CHEMBL1232767,,,0.0,29228.0,0.0,2.0,False,,0.0,,,0.0,3.0,Small molecule,0.0,False,0.0,False,0.0,FLUORIDE,0.0,MOL,False,False,,,,,False,F,20.01,0.15,,,,,,,,,,,No DILI,No DILI,No DILI,,,,KRHYYFGTRYWZRS,0,Success,F,0.0011966891,0.00037741318,0.010418898,0.21079285,0,0,0,0,0.055696465,0.0,0.0,6.6258674e-12,4.8181716e-09,1.0,0,0,0,1,0.25,0.0,False,0
150,,Fondaparinux,,,,,,,E,Hematologic,Anticoagulant,CHEMBL1201202,B01AX05,1.0,1.0,61033.0,0.0,1.0,False,2001.0,0.0,,,0.0,4.0,Oligosaccharide,1.0,False,0.0,True,0.0,FONDAPARINUX,0.0,MOL,True,False,-parinux,antihrombotic indirect selective synthetic factor Xa inhibitors,-parinux,2001.0,False,CO[C@H]1O[C@H](COS(=O)(=O)O)[C@@H](O[C@@H]2O[C@@H](C(=O)O)[C@@H](O[C@H]3O[C@H](COS(=O)(=O)O)[C@@H](O[C@@H]4O[C@H](C(=O)O)[C@@H](O[C@H]5O[C@H](COS(=O)(=O)O)[C@@H](O)[C@H](O)[C@H]5NS(=O)(=O)O)[C@H](O)[C@H]4O)[C@H](OS(=O)(=O)O)[C@H]3NS(=O)(=O)O)[C@H](O)[C@H]2OS(=O)(=O)O)[C@H](O)[C@H]1NS(=O)(=O)O,1508.27,,,,,,,,,,,,No DILI,No DILI,No DILI,2023 Feb 22,,,KANJSNBRCNMZMV,0,Success,CO[C@H]1O[C@H](COS(=O)(=O)O)[C@@H](O[C@@H]2OC(C(=O)O)[C@@H](O[C@H]3O[C@H](COS(=O)(=O)O)[C@@H](O[C@@H]4OC(C(=O)O)[C@@H](O[C@H]5O[C@H](COS(=O)(=O)O)[C@@H](O)[C@H](O)[C@H]5NS(=O)(=O)O)[C@H](O)[C@H]4O)[C@H](OS(=O)(=O)O)[C@H]3NS(=O)(=O)O)[C@H](O)[C@H]2OS(=O)(=O)O)[C@H](O)[C@H]1NS(=O)(=O)O,0.6185982,0.81489503,0.44956842,0.58549863,1,1,0,1,0.61714005,1.0,1.0,1.0,0.99993944,1.0,1,1,1,1,0.99998486,1.0,False,0
151,,Fosnetupitant,,,,,,,E,Gastrointestinal,Nausea  & Vomiting,CHEMBL3989917,,1.0,0.0,,0.0,2.0,False,2018.0,0.0,,,0.0,4.0,Small molecule,0.0,True,0.0,True,0.0,FOSNETUPITANT,1.0,MOL,True,False,fos-; -tant,phosphoro-derivatives; tachykinin (neurokinin) receptor antagonists: NK1 receptor antagonists,fos-; -tant (-pitant),2016.0,False,Cc1ccccc1-c1cc(N2CC[N+](C)(COP(=O)([O-])O)CC2)ncc1N(C)C(=O)C(C)(C)c1cc(C(F)(F)F)cc(C(F)(F)F)c1,688.61,5.74,,,,,,,,,,,No DILI,No DILI,No DILI,2024 Feb 28,,,HZIYEEMJNBKMJH,0,Success,Cc1ccccc1-c1cc(N2CC[N+](C)(COP(=O)([O-])O)CC2)ncc1N(C)C(=O)C(C)(C)c1cc(C(F)(F)F)cc(C(F)(F)F)c1,0.31216258,0.42718962,0.5704934,0.37471792,0,0,1,0,0.4211409,0.0,4.644662e-08,0.99999225,0.9976503,3.2664368e-05,0,1,1,0,0.49941882,0.0,False,0
152,,Fostamatinib,,,,,,,E*,Hematologic,Thrombocytopenia,CHEMBL2103830,B02BX09,1.0,0.0,,0.0,2.0,False,2018.0,1.0,,,0.0,4.0,Small molecule,0.0,True,0.0,False,0.0,FOSTAMATINIB,1.0,MOL,True,False,fos-; -tinib,phosphoro-derivatives; tyrosine kinase inhibitors,fos-; -tinib,2008.0,False,COc1cc(Nc2ncc(F)c(Nc3ccc4c(n3)N(COP(=O)(O)O)C(=O)C(C)(C)O4)n2)cc(OC)c1OC,580.47,3.09,,,,,,Syk,Angiogenesis,"Fostamatinib (R788), a prodrug of the active metabolite R406, is a Syk inhibitor with IC50 of 41 nM, strongly inhibits Syk but not Lyn, 5-fold less potent to Flt3. Phase 3.",901119-35-5,199.84,No DILI,No DILI,No DILI,2018 Oct 20,,,GKDRMWXFWHEQQT,0,Success,COc1cc(Nc2ncc(F)c(Nc3ccc4c(n3)N(COP(=O)(O)O)C(=O)C(C)(C)O4)n2)cc(OC)c1OC,0.79506457,0.87231207,0.6797752,0.67098176,1,1,1,1,0.7545334,1.0,0.9957782,1.0,0.9999062,0.9620229,1,1,1,1,0.98942685,1.0,False,0
153,,Fostemsavir,,,,,,,E*,Antimicrobial,HIV,CHEMBL3301594,J05AX29,1.0,0.0,,0.0,2.0,False,2020.0,1.0,,,0.0,4.0,Small molecule,1.0,True,0.0,False,0.0,FOSTEMSAVIR,1.0,MOL,True,False,fos-; -vir,phosphoro-derivatives; antivirals,fos-; -vir,2014.0,False,COc1cnc(-n2cnc(C)n2)c2c1c(C(=O)C(=O)N1CCN(C(=O)c3ccccc3)CC1)cn2COP(=O)(O)O,583.5,1.17,,,,,,gp120/CD4,Immunology & Inflammation,"Fostemsavir (BMS-663068, Rukobia), the phosphonooxymethyl prodrug of BMS626529, is an attachment inhibitor that targets HIV-1 gp120 and prevents its binding to CD4+ T cells with EC50 of < 10 nM.",864953-29-7,171.38,No DILI,No DILI,No DILI,2023 Jun 20,,,SWMDAPWAQQTBOG,0,Success,COc1cnc(-n2cnc(C)n2)c2c1c(C(=O)C(=O)N1CCN(C(=O)c3ccccc3)CC1)cn2COP(=O)(O)O,0.7124535,0.8053115,0.6647765,0.79381984,1,1,1,1,0.7440904,1.0,0.9993999,0.9999999,0.997148,0.20301278,1,1,1,0,0.7998901,1.0,False,0
154,,Futibatinib,,,,,,,E*,Antineoplastic,Cholangiocarcinoma,CHEMBL3701238,L01EN04,1.0,0.0,,0.0,1.0,True,2022.0,0.0,,,0.0,4.0,Small molecule,0.0,True,0.0,False,0.0,FUTIBATINIB,0.0,MOL,True,False,-tinib,tyrosine kinase inhibitors,-tinib,2019.0,False,C=CC(=O)N1CC[C@H](n2nc(C#Cc3cc(OC)cc(OC)c3)c3c(N)ncnc32)C1,418.46,1.78,,,,,,FGFR,Protein Tyrosine Kinase,"Futibatinib (TAS-120) is an irreversible fibroblast growth factor receptor (FGFR) inhibitor which inhibits all 4 subtypes of FGFR with enzyme IC50 values of 1.8 nM, 1.4 nM, 1.6 nM and 3.7 nM for FGFR1, FGFR2, FGFR3 and FGFR4, respectively.",1448169-71-8,200.74,No DILI,No DILI,No DILI,2022 Nov 30,,,KEIPNCCJPRMIAX,0,Success,C=CC(=O)N1CC[C@H](n2nc(C#Cc3cc(OC)cc(OC)c3)c3c(N)ncnc32)C1,0.734093,0.739933,0.69975114,0.8229435,1,1,1,1,0.74918014,1.0,0.9998517,0.9999999,0.9991788,1.0,1,1,1,1,0.9997576,1.0,False,0
155,,Gilteritinib,,,,,,,E*,Antineoplastic,AML,CHEMBL3301622,L01EX13,1.0,1.0,,0.0,2.0,False,2018.0,0.0,,,0.0,4.0,Small molecule,1.0,True,1.0,False,0.0,GILTERITINIB,0.0,MOL,True,False,-tinib,tyrosine kinase inhibitors,-tinib,2014.0,False,CCc1nc(C(N)=O)c(Nc2ccc(N3CCC(N4CCN(C)CC4)CC3)c(OC)c2)nc1NC1CCOCC1,552.72,2.7,,,,,,"Axl,FLT3",Protein Tyrosine Kinase,"Gilteritinib (ASP2215) is a small-molecule FLT3/AXL inhibitor with IC50 values of 0.29 nM and 0.73 nM for FLT3 and AXL, respectively. It inhibits FLT3 at an IC50 value that was approximately 800-fold more potent than the concentration required to inhibit c-KIT (230 nM).",1254053-43-4,180.93,No DILI,No DILI,No DILI,2019 Jan 20,,,GYQYAJJFPNQOOW,0,Success,CCc1nc(C(N)=O)c(Nc2ccc(N3CCC(N4CCN(C)CC4)CC3)c(OC)c2)nc1NC1CCOCC1,0.44421366,0.38045976,0.5307999,0.49103406,0,0,1,0,0.46162683,0.0,0.99996805,1.0,0.99702317,0.9999757,1,1,1,1,0.9992417,1.0,False,0
156,,Glasdegib,,,,,,,E*,Antineoplastic,AML,CHEMBL2043437,L01XJ03,1.0,1.0,,0.0,1.0,False,2018.0,0.0,,,0.0,4.0,Small molecule,1.0,True,1.0,False,0.0,GLASDEGIB,0.0,MOL,True,False,-degib,hedgehog signaling inhibitors,-degib,2013.0,False,CN1CC[C@@H](NC(=O)Nc2ccc(C#N)cc2)C[C@@H]1c1nc2ccccc2[nH]1,374.45,3.39,,,,,,Hedgehog/Smoothened,Stem Cells & Wnt,"Glasdegib (PF-04449913) is a potent, and orally bioavailable Smoothened (Smo) inhibitor with IC50 of 5 nM. Phase 2.",1095173-27-5,125.52,No DILI,No DILI,No DILI,2019 Jan 20,,,SFNSLLSYNZWZQG,0,Success,CN1CC[C@@H](NC(=O)Nc2ccc(C#N)cc2)C[C@@H]1c1nc2ccccc2[nH]1,0.61133456,0.6493988,0.6897552,0.6332499,1,1,1,1,0.6459346,1.0,0.9000794,0.0030120383,0.9744363,0.9999937,1,0,1,1,0.7193804,1.0,False,0
157,,Histrelin,,,,,,,E*,Antineoplastic,Prostate cancer,CHEMBL1201255,L02AE05,1.0,0.0,5739.0,0.0,1.0,False,1991.0,0.0,,LHRH Agonist,0.0,4.0,Protein,0.0,False,0.0,True,0.0,HISTRELIN,0.0,MOL,True,False,-relin,prehormones or hormone-release stimulating peptides,-relin,1985.0,False,CCNC(=O)[C@@H]1CCCN1C(=O)[C@H](CCCNC(=N)N)NC(=O)[C@H](CC(C)C)NC(=O)[C@@H](Cc1cn(Cc2ccccc2)cn1)NC(=O)[C@H](Cc1ccc(O)cc1)NC(=O)[C@H](CO)NC(=O)[C@H](Cc1c[nH]c2ccccc12)NC(=O)[C@H](Cc1cnc[nH]1)NC(=O)[C@@H]1CCC(=O)N1,1323.53,,,,,,,,,,,,No DILI,No DILI,No DILI,2023 May 28,,,HHXHVIJIIXKSOE,0,Success,CCNC(=O)C1CCCN1C(=O)C(CCCN=C(N)N)NC(=O)C(CC(C)C)NC(=O)C(Cc1cn(Cc2ccccc2)cn1)NC(=O)C(Cc1ccc(O)cc1)NC(=O)C(CO)NC(=O)C(Cc1c[nH]c2ccccc12)NC(=O)C(Cc1cnc[nH]1)NC(=O)C1CCC(=O)N1,0.41744637,0.37929595,0.54460466,0.31750247,0,0,1,0,0.41471237,0.0,0.00069612707,0.0010802472,0.37696743,0.003443951,0,0,0,0,0.09554694,0.0,False,0
158,,Hydroxyprogesterone,,,,,,,A,Gynecological,Birth control,CHEMBL1062,,,0.0,17252.0,0.0,1.0,False,,0.0,,,0.0,2.0,Small molecule,1.0,False,0.0,False,0.0,HYDROXYPROGESTERONE,0.0,MOL,False,False,-gest-; -ster-; -terone,"progestins; steroids (androgens, anabolics); antiandrogens",-gest-; -ster-; -terone,,False,CC(=O)[C@@]1(O)CC[C@H]2[C@@H]3CCC4=CC(=O)CC[C@]4(C)[C@H]3CC[C@@]21C,330.47,3.84,,,,,,,,,,,DILI (known),DILI,Known,,,,DBPWSSGDRRHUNT,1,Success,CC(=O)[C@@]1(O)CC[C@H]2[C@@H]3CC=C4CC(=O)CC[C@]4(C)[C@H]3CC[C@@]21C,0.58470905,0.39010483,0.5067768,0.40469903,1,0,1,0,0.47157246,0.0,0.99999726,0.0011247338,0.93772024,0.99999475,1,0,1,1,0.73470926,1.0,True,1
159,,Icatibant,,,,,,,E,Genetic,Hereditary Angioedema,CHEMBL2028850,B06AC02,1.0,0.0,,0.0,1.0,False,2008.0,1.0,PEPTIDE1{[dR].R.P.[Hyp].G.[Thi].S.[dTic].[Phi].R}$$$$,Antagonist (bradykinin),0.0,4.0,Protein,1.0,False,0.0,True,0.0,ICATIBANT,0.0,BOTH,True,False,-tibant,antiasthmatics (bradykinin antagonists),-tibant,1993.0,False,N=C(N)NCCC[C@@H](N)C(=O)N[C@@H](CCCNC(=N)N)C(=O)N1CCC[C@H]1C(=O)N1C[C@H](O)C[C@H]1C(=O)NCC(=O)N[C@@H](Cc1cccs1)C(=O)N[C@@H](CO)C(=O)N1Cc2ccccc2C[C@@H]1C(=O)N1[C@H](C(=O)N[C@@H](CCCNC(=N)N)C(=O)O)C[C@@H]2CCCC[C@@H]21,1304.55,,,,,,,,,,,,No DILI,No DILI,No DILI,,,,QURWXBZNHXJZBE,0,Success,N=C(N)NCCCC(N)C(=O)NC(CCCN=C(N)N)C(=O)N1CCCC1C(=O)N1C[C@H](O)CC1C(=O)NCC(=O)NC(Cc1cccs1)C(=O)NC(CO)C(=O)N1Cc2ccccc2CC1C(=O)N1C(C(=O)NC(CCCN=C(N)N)C(=O)O)C[C@@H]2CCCC[C@@H]21,0.35014713,0.31474718,0.4799937,0.25245616,0,0,0,0,0.34933606,0.0,0.0017886662,4.0764356e-09,0.19157414,0.004986533,0,0,0,0,0.04958734,0.0,False,0
160,,Infigratinib,,,,,,,E*,Antineoplastic,NSCLC (Kras G12),CHEMBL1852688,L01EN03,1.0,0.0,63451.0,1.0,2.0,True,2021.0,0.0,,,0.0,4.0,Small molecule,1.0,True,0.0,False,0.0,INFIGRATINIB,0.0,MOL,True,False,-tinib,tyrosine kinase inhibitors,-tinib,2019.0,False,CCN1CCN(c2ccc(Nc3cc(N(C)C(=O)Nc4c(Cl)c(OC)cc(OC)c4Cl)ncn3)cc2)CC1,560.49,5.35,,,,,,FGFR,Angiogenesis,"Infigratinib (BGJ398) is a potent and selective FGFR inhibitor for FGFR1/2/3 with IC50 of 0.9 nM/1.4 nM/1 nM in cell-free assays, >40-fold selective for FGFR versus FGFR4 and VEGFR2, and little activity to Abl, Fyn, Kit, Lck, Lyn and Yes. Phase 2.",872511-34-7,48.17,No DILI,No DILI,No DILI,2022 Nov 30,,,QADPYRIHXKWUSV,0,Success,CCN1CCN(c2ccc(Nc3cc(N(C)C(=O)Nc4c(Cl)c(OC)cc(OC)c4Cl)ncn3)cc2)CC1,0.73995703,0.6325719,0.6932017,0.712969,1,1,1,1,0.6946749,1.0,0.98732287,0.9999869,0.99808633,0.38244498,1,1,1,0,0.8419602,1.0,False,0
161,,Iodine,,,,,,,E,Toxicology,Trace element,CHEMBL1201225,D08AG03,-1.0,0.0,17606.0,0.0,2.0,True,,0.0,,"Anti-Infective, Topical",0.0,4.0,Small molecule,1.0,False,0.0,False,0.0,IODINE,0.0,MOL,True,False,io-,iodine-containing contrast media,io-,,False,II,253.81,1.77,,,,,,,,,,,No DILI,No DILI,No DILI,,,,PNDPGZBMCMUPRI,0,Success,II,1.6780215e-13,0.0,0.36059228,1.0,0,0,0,1,0.34014806,0.0,0.0,0.0,1.0167003e-32,0.0,0,0,0,0,2.5417507e-33,0.0,False,0
162,,Isavuconazonium,,,,,,,E*,Antimicrobial,Antifungal,CHEMBL1183349,,1.0,0.0,85978.0,0.0,0.0,False,2015.0,0.0,,,0.0,4.0,Small molecule,0.0,True,1.0,True,0.0,ISAVUCONAZONIUM,1.0,MOL,True,False,-ium; -onium,quaternary ammonium derivatives; quaternary ammonium derivatives,-ium; -onium,2013.0,False,CNCC(=O)OCc1cccnc1N(C)C(=O)OC(C)[n+]1cnn(C[C@](O)(c2cc(F)ccc2F)[C@@H](C)c2nc(-c3ccc(C#N)cc3)cs2)c1,717.78,4.58,,,,,,,,,,,No DILI,No DILI,No DILI,2018 Apr 27,,,RSWOJTICKMKTER,0,Success,CNCC(=O)OCc1cccnc1N(C)C(=O)OC(C)[n+]1cnn(C[C@](O)(c2cc(F)ccc2F)C(C)c2nc(-c3ccc(C#N)cc3)cs2)c1,0.59496456,0.6757548,0.67661875,0.3370012,1,1,1,0,0.57108486,1.0,0.048690252,1.0,0.9545949,0.6979933,0,1,1,1,0.6753196,1.0,False,0
163,,Isoflurane,,,,,,,B,CNS,"Anesthetic, general",CHEMBL1256,N01AB06,1.0,0.0,6015.0,0.0,0.0,True,1979.0,0.0,,Anesthetic (inhalation),0.0,4.0,Small molecule,0.0,False,0.0,False,0.0,ISOFLURANE,0.0,MOL,True,True,-flurane,general inhalation anesthetics (halogenated alkane derivatives),-flurane,1972.0,False,FC(F)OC(Cl)C(F)(F)F,184.49,2.35,,,,,,,,,,,DILI (likely),DILI,Likely,2018 Jan 1,,"Hepatitis, CYP, Immune-mediated",PIWKPBJCKXDKJR,1,Success,FC(F)OC(Cl)C(F)(F)F,0.77759916,0.5042846,0.45807227,0.9781718,1,1,0,1,0.67953193,1.0,1.0,7.7555085e-25,0.23786055,1.0,1,0,0,1,0.55946517,0.0,True,1
164,,Isosorbide mononitrate,,,,,,,E,Cardiovascular,Angina,CHEMBL1311,C01DA14,1.0,0.0,6062.0,0.0,1.0,True,1991.0,0.0,,Vasodilator (coronary),0.0,4.0,Small molecule,1.0,True,0.0,False,0.0,ISOSORBIDE MONONITRATE,1.0,MOL,True,False,,,,1988.0,False,O=[N+]([O-])O[C@@H]1CO[C@H]2[C@@H]1OC[C@@H]2O,191.14,-1.28,,,,,,Others,Others,"Isosorbide mononitrate (Elantan, Monoket, Mononit, Imdur, Corangin) is a Nitrate Vasodilator, dilating the blood vessels so as to reduce the blood pressure.",16051-77-7,198.81,No DILI,No DILI,No DILI,,,,YWXYYJSYQOXTPL,0,Success,O=[N+]([O-])O[C@@H]1CO[C@H]2[C@@H]1OC[C@@H]2O,0.14027211,0.072351284,0.34572354,0.034386434,0,0,0,0,0.14818335,0.0,9.600918e-06,4.3340788e-06,0.00067268225,7.0501994e-12,0,0,0,0,0.0001716543,0.0,False,0
165,,Istradefylline,,,,,,,E,CNS,Parkinson disease,CHEMBL431770,N04CX01,1.0,0.0,,0.0,2.0,True,2013.0,1.0,,,0.0,4.0,Small molecule,1.0,True,0.0,False,0.0,ISTRADEFYLLINE,0.0,MOL,True,False,-fylline,theophylline derivatives,-fylline,2003.0,False,CCn1c(=O)c2c(nc(/C=C/c3ccc(OC)c(OC)c3)n2C)n(CC)c1=O,384.44,2.12,,,,,,Adenosine Receptor,GPCR & G Protein,Istradefylline (KW-6002) is a selective adenosine A2A receptor (A2AR) antagonist with Ki of 2.2 nM. Phase 3.,155270-99-8,15.61,No DILI,No DILI,No DILI,2021 Oct 18,,,IQVRBWUUXZMOPW,0,Success,CCn1c(=O)c2c(nc(/C=C/c3ccc(OC)c(OC)c3)n2C)n(CC)c1=O,0.6544056,0.50352216,0.6719529,0.77053934,1,1,1,1,0.650105,1.0,0.99989486,0.8936198,0.99901605,0.9999988,1,1,1,1,0.9731324,1.0,False,0
166,,Ivabradine,,,,,,,E,Cardiovascular,Heart failure,CHEMBL471737,C01EB17,1.0,0.0,85966.0,0.0,1.0,True,2015.0,1.0,,,0.0,4.0,Small molecule,1.0,True,0.0,False,0.0,IVABRADINE,0.0,MOL,True,False,,,,2014.0,False,COc1cc2c(cc1OC)CC(=O)N(CCCN(C)C[C@H]1Cc3cc(OC)c(OC)cc31)CC2,468.59,3.31,,,,,,,,,,,No DILI,No DILI,No DILI,2017 Apr 20,,,ACRHBAYQBXXRTO,0,Success,COc1cc2c(cc1OC)CC(=O)N(CCCN(C)C[C@H]1Cc3cc(OC)c(OC)cc31)CC2,0.5605935,0.522179,0.5524261,0.54901546,1,1,1,1,0.5460535,1.0,0.99999905,1.0,0.99996006,0.2687505,1,1,1,0,0.81717736,1.0,False,0
167,,Ivosidenib,,,,,,,E*,Antineoplastic,Acute Myelogenous Leukemia,CHEMBL3989958,L01XX62,1.0,1.0,,0.0,1.0,True,2018.0,1.0,,,0.0,4.0,Small molecule,0.0,True,0.0,False,0.0,IVOSIDENIB,0.0,MOL,True,False,-sidenib,mutated isocitrate dehydrogenase (IDH) inhibitors,-sidenib,2017.0,False,N#Cc1ccnc(N2C(=O)CC[C@H]2C(=O)N(c2cncc(F)c2)[C@H](C(=O)NC2CC(F)(F)C2)c2ccccc2Cl)c1,582.97,4.32,carcinogenicity,United States,,Black Box Warning,,Dehydrogenase,Metabolism,"Ivosidenib (AG-120) is an orally available inhibitor of isocitrate dehydrogenase type 1 (IDH1), with potential antineoplastic activity.",1448347-49-6,171.54,No DILI,No DILI,No DILI,2024 Jan 6,,,WIJZXSAJMHAVGX,0,Success,N#Cc1ccnc(N2C(=O)CCC2C(=O)N(c2cncc(F)c2)C(C(=O)NC2CC(F)(F)C2)c2ccccc2Cl)c1,0.75459903,0.7928771,0.7154536,0.74877834,1,1,1,1,0.752927,1.0,0.6602399,0.9999963,0.98909444,0.9999987,1,1,1,1,0.9123323,1.0,False,0
168,,Larotrectinib,,,,,,,E*,Antineoplastic,NTRK cancer,CHEMBL3889654,L01EX12,1.0,0.0,,1.0,1.0,True,2018.0,1.0,,,0.0,4.0,Small molecule,0.0,True,0.0,False,0.0,LAROTRECTINIB,0.0,MOL,True,False,-tinib,tyrosine kinase inhibitors: tropomyosin receptor kinase (TRK) inhibitors,-tinib (-trectinib),2016.0,False,O=C(Nc1cnn2ccc(N3CCC[C@@H]3c3cc(F)ccc3F)nc12)N1CC[C@H](O)C1,428.44,2.95,,,,,,"Apoptosis related,Trk receptor",Protein Tyrosine Kinase,"Larotrectinib sulfate (LOXO-101, ARRY-470) is an oral potent and selective ATP-competitive inhibitor of tropomyosin receptor kinases (TRK). Larotrectinib inhibition of TRKs induces cellular apoptosis and G1 cell-cycle arrest.",1223405-08-0,189.93,No DILI,No DILI,No DILI,2019 Apr 15,,,NYNZQNWKBKUAII,0,Success,O=C(Nc1cnn2ccc(N3CCC[C@@H]3c3cc(F)ccc3F)nc12)N1CC[C@H](O)C1,0.6317866,0.6686267,0.6613893,0.5614683,1,1,1,1,0.6308178,1.0,0.0026307693,0.0070521054,0.81878966,0.50674987,0,0,1,1,0.33380562,0.0,False,0
169,,Lasmiditan,,,,,,,E,CNS,Migraine,CHEMBL3039520,N02CC08,1.0,0.0,,0.0,2.0,False,2020.0,1.0,,,0.0,4.0,Small molecule,0.0,True,0.0,False,0.0,LASMIDITAN,0.0,MOL,True,False,-ditan,"antimigraine, serotonin 5-HT1 receptor agonists",-ditan,2012.0,False,CN1CCC(C(=O)c2cccc(NC(=O)c3c(F)cc(F)cc3F)n2)CC1,377.37,3.28,,,,,,,,,,,No DILI,No DILI,No DILI,2021 Jul 20,,,XEDHVZKDSYZQBF,0,Success,CN1CCC(C(=O)c2cccc(NC(=O)c3c(F)cc(F)cc3F)n2)CC1,0.63478637,0.7579455,0.6597539,0.7272287,1,1,1,1,0.69492865,1.0,0.9999962,0.10756833,0.99871576,0.9999634,1,0,1,1,0.7765609,1.0,False,0
170,,Ledipasvir,,,,,,,A,Antimicrobial,Antiviral: HCV,CHEMBL2374220,,1.0,0.0,85089.0,0.0,1.0,True,2014.0,1.0,,,0.0,4.0,Small molecule,0.0,True,0.0,False,0.0,LEDIPASVIR,0.0,MOL,True,False,-vir,antivirals: nonstructural protein 5A (NS5A) inhibitors,-vir (-asvir),2012.0,False,COC(=O)N[C@H](C(=O)N1CC2(CC2)C[C@H]1c1nc(-c2ccc3c(c2)C(F)(F)c2cc(-c4ccc5[nH]c([C@@H]6[C@H]7CC[C@H](C7)N6C(=O)[C@@H](NC(=O)OC)C(C)C)nc5c4)ccc2-3)c[nH]1)C(C)C,889.02,8.61,,,,,,"COVID-19,HCV Protease",Microbiology,"Ledipasvir (GS5885) is a HCV NS5A polymerase inhibitor, used for the treatment of hepatitis C virus infection.",1256388-51-8,112.49,DILI (known),DILI,Known,,,,VRTWBAAJJOHBQU,1,Success,COC(=O)NC(C(=O)N1CC2(CC2)C[C@H]1c1nc(-c2ccc3c(c2)C(F)(F)c2cc(-c4ccc5[nH]c([C@@H]6[C@H]7CC[C@H](C7)N6C(=O)C(NC(=O)OC)C(C)C)nc5c4)ccc2-3)c[nH]1)C(C)C,0.61035705,0.60507977,0.6140114,0.51103175,1,1,1,1,0.58511996,1.0,0.9995745,0.9992187,0.9857847,0.99995995,1,1,1,1,0.99613446,1.0,True,1
171,,Lefamulin,,,,,,,E,Antimicrobiial,Pneumonia,CHEMBL3291398,J01XX12,1.0,0.0,,0.0,1.0,False,2019.0,0.0,,,0.0,4.0,Small molecule,1.0,True,0.0,True,0.0,LEFAMULIN,0.0,MOL,True,False,-mulin,"antibacterials, pleuromulin derivatives",-mulin,2014.0,False,C=C[C@]1(C)C[C@@H](OC(=O)CS[C@@H]2CC[C@@H](N)C[C@H]2O)[C@]2(C)[C@H](C)CC[C@]3(CCC(=O)[C@H]32)[C@@H](C)[C@@H]1O,507.74,3.87,,,,,,,,,,,No DILI,No DILI,No DILI,2019 Oct 18,,,KPVIXBKIJXZQJX,0,Success,C=C[C@]1(C)C[C@@H](OC(=O)CS[C@@H]2CC[C@@H](N)C[C@H]2O)[C@]2(C)[C@H](C)CC[C@]3(CCC(=O)[C@H]32)[C@@H](C)[C@@H]1O,0.6175689,0.507602,0.50998867,0.6467616,1,1,1,1,0.5704803,1.0,1.0,0.9999448,0.9946936,1.0,1,1,1,1,0.9986596,1.0,False,0
172,,Lemborexant,,,,,,,E,CNS,Insomnia,CHEMBL3545367,N05CM21,1.0,0.0,,0.0,1.0,True,2020.0,0.0,,,0.0,4.0,Small molecule,0.0,True,0.0,False,0.0,LEMBOREXANT,0.0,MOL,True,False,,,,2014.0,False,Cc1ncc(OC[C@@]2(c3cccc(F)c3)C[C@H]2C(=O)Nc2ccc(F)cn2)c(C)n1,410.42,3.74,,,,,,,,,,,No DILI,No DILI,No DILI,2025 Feb 5,,,MUGXRYIUWFITCP,0,Success,Cc1ncc(OC[C@@]2(c3cccc(F)c3)CC2C(=O)Nc2ccc(F)cn2)c(C)n1,0.7030552,0.7721927,0.72123164,0.80139256,1,1,1,1,0.749468,1.0,0.72024137,0.99112064,0.9841054,0.862375,1,1,1,1,0.8894606,1.0,False,0
173,,Leniolisib,,,,,,,E,Genetic,APDS syndrome,CHEMBL3643413,,1.0,0.0,,1.0,1.0,False,2023.0,0.0,,,0.0,4.0,Small molecule,0.0,True,0.0,False,0.0,LENIOLISIB,0.0,MOL,True,False,-lisib,phosphatidylinositol 3-kinase (PI3K) inhibitors,-lisib,2016.0,False,CCC(=O)N1CC[C@H](Nc2ncnc3c2CN(c2cnc(OC)c(C(F)(F)F)c2)CC3)C1,450.47,2.88,,,,,,PI3K,PI3K/Akt/mTOR,"Leniolisib (CDZ 173) is a potent PI3Kδ selective inhibitor with biochemical IC50 values of 0.244, 0.424, 2.23 and 0.011 μM for PI3Kα, PI3Kβ, PI3Kγ and PI3Kδ, respectively.",1354690-24-6,199.8,No DILI,No DILI,No DILI,2024 Jul 21,,,MWKYMZXCGYXLPL,0,Success,CCC(=O)N1CC[C@H](Nc2ncnc3c2CN(c2cnc(OC)c(C(F)(F)F)c2)CC3)C1,0.5761976,0.50668204,0.59335667,0.5869245,1,1,1,1,0.56579024,1.0,3.9058665e-05,0.99735534,0.6313725,0.99422705,0,1,1,1,0.6557485,1.0,False,0
174,,Lesinurad,,,,,,,E,Rheumatologic,Gout,CHEMBL2105720,M04AB05,1.0,1.0,,0.0,2.0,True,2015.0,0.0,,,0.0,4.0,Small molecule,1.0,True,0.0,False,0.0,LESINURAD,0.0,MOL,True,False,-inurad,urate transporter inhibitors,-inurad,2010.0,False,O=C(O)CSc1nnc(Br)n1-c1ccc(C2CC2)c2ccccc12,404.29,4.24,,United States,,Black Box Warning,,OAT,Transmembrane Transporters,"Lesinurad (RDEA-594) is a selective uric acid reabsorption inhibitor (SURI) under investigation for treatment of gout in combination with xanthine oxidase inhibitors. Lesinurad is a URAT1 and OAT inhibitor, is determined to be a substrate for the kidney transporters OAT1 and OAT3 with Km values of 0.85 and 2 µM, respectively.",878672-00-5,197.88,No DILI,No DILI,No DILI,2019 May 1,,,FGQFOYHRJSUHMR,0,Success,O=C(O)CSc1nnc(Br)n1-c1ccc(C2CC2)c2ccccc12,0.83932257,0.88658327,0.7603378,0.73344964,1,1,1,1,0.80492336,1.0,0.9999912,0.01799814,0.9998684,1.0,1,0,1,1,0.7544644,1.0,False,0
175,,Letermovir,,,,,,,E,Antimicrobial,CMV,CHEMBL1241951,J05AX18,1.0,0.0,,0.0,1.0,True,2017.0,1.0,,,0.0,4.0,Small molecule,0.0,True,1.0,True,0.0,LETERMOVIR,0.0,MOL,True,False,-vir,antivirals,-vir,2014.0,False,COc1cccc(N2CCN(C3=Nc4c(F)cccc4[C@H](CC(=O)O)N3c3cc(C(F)(F)F)ccc3OC)CC2)c1,572.56,5.71,,,,,,CMV,Microbiology,"Letermovir (AIC246, MK-8228) is a novel anti-CMV compound which targets the viral terminase complex and remains active against virus resistant to DNA polymerase inhibitors.",917389-32-3,174.66,No DILI,No DILI,No DILI,2019 Apr 10,,,FWYSMLBETOMXAG,0,Success,COc1cccc(N2CCN(C3=Nc4c(F)cccc4[C@H](CC(=O)O)N3c3cc(C(F)(F)F)ccc3OC)CC2)c1,0.6464575,0.6121517,0.65280074,0.61262786,1,1,1,1,0.63100946,1.0,0.64420813,0.9999778,0.9802051,0.06185473,1,1,1,0,0.6715615,1.0,False,0
176,,Linaclotide,,,,,,,E,Gastrointestinal,Irritable bowel syndrome,CHEMBL3301675,A06AX04,1.0,1.0,68551.0,0.0,1.0,True,2012.0,1.0,"PEPTIDE1{C.C.E.Y.C.C.N.P.A.C.T.G.C.Y}$PEPTIDE1,PEPTIDE1,10:R3-2:R3|PEPTIDE1,PEPTIDE1,6:R3-1:R3|PEPTIDE1,PEPTIDE1,13:R3-5:R3$$$",,0.0,4.0,Protein,1.0,True,0.0,False,0.0,LINACLOTIDE,0.0,BOTH,True,False,-tide,peptides: gastrointestinal functions; normalizing agent,-tide (-clotide),2005.0,False,C[C@@H]1NC(=O)[C@@H]2CCCN2C(=O)[C@H](CC(N)=O)NC(=O)[C@@H]2CSSC[C@H](N)C(=O)N[C@H]3CSSC[C@H](NC1=O)C(=O)N[C@@H]([C@@H](C)O)C(=O)NCC(=O)N[C@H](C(=O)N[C@@H](Cc1ccc(O)cc1)C(=O)O)CSSC[C@H](NC(=O)[C@H](Cc1ccc(O)cc1)NC(=O)[C@H](CCC(=O)O)NC3=O)C(=O)N2,1526.77,,,United States,,Black Box Warning,,Others,Others,Linaclotide is a potent and selective guanylate cyclase C (GC-C) agonist that elicits pharmacological effects locally in the gastrointestinal tract.,851199-59-2,65.5,No DILI,No DILI,No DILI,2019 May 13,,,KXGCNMMJRFDFNR,0,Success,CC1NC(=O)C2CCCN2C(=O)C(CC(N)=O)NC(=O)C2CSSCC(N)C(=O)N[C@H]3CSSCC(NC1=O)C(=O)NC([C@@H](C)O)C(=O)NCC(=O)NC(C(=O)NC(Cc1ccc(O)cc1)C(=O)O)CSSCC(NC(=O)C(Cc1ccc(O)cc1)NC(=O)C(CCC(=O)O)NC3=O)C(=O)N2,0.5076646,0.115751095,0.5799077,0.2575686,1,0,1,0,0.365223,0.0,0.9748922,0.033545636,0.103269726,0.99997497,1,0,0,1,0.5279206,0.0,False,0
177,,Lonafarnib,,,,,,,E*,Antineoplastic,Progeria: HGPS,CHEMBL298734,A16AX20,1.0,0.0,,0.0,1.0,True,2020.0,1.0,,,0.0,4.0,Small molecule,1.0,True,1.0,False,0.0,LONAFARNIB,0.0,MOL,True,False,-farnib,farnesyl transferase inhibitor,-farnib,2002.0,False,NC(=O)N1CCC(CC(=O)N2CCC([C@H]3c4ncc(Br)cc4CCc4cc(Cl)cc(Br)c43)CC2)CC1,638.83,5.91,,,,,,"Ras,Transferase",Metabolism,"Lonafarnib (SCH66336) is an orally bioavailable FPTase inhibitor for H-ras, K-ras-4B and N-ras with IC50 of 1.9 nM, 5.2 nM and 2.8 nM in cell-free assays, respectively. Phase 3.",193275-84-2,198.8,No DILI,No DILI,No DILI,2021 Jan 7,,,DHMTURDWPRKSOA,0,Success,NC(=O)N1CCC(CC(=O)N2CCC([C@H]3c4ncc(Br)cc4CCc4cc(Cl)cc(Br)c43)CC2)CC1,0.6772993,0.58217406,0.6540623,0.44670042,1,1,1,0,0.590059,1.0,0.23847353,0.99974567,0.9996024,1.0,0,1,1,1,0.8094554,1.0,False,0
178,,Lorcaserin,,,,,,,E,Weight loss agent,Obesity,CHEMBL360328,A08AA11,-2.0,0.0,65353.0,0.0,1.0,False,2012.0,1.0,,,0.0,4.0,Small molecule,1.0,True,0.0,False,0.0,LORCASERIN,0.0,MOL,True,False,-caserin,"serotonin receptor agonists, primarily 5-HT2",-caserin,2005.0,True,C[C@H]1CNCCc2ccc(Cl)cc21,195.69,2.59,carcinogenicity,United States,Carcinogenicity,Withdrawn,carcinogenicity,,,,,,No DILI,No DILI,No DILI,,,,XTTZERNUQAFMOF,0,Success,C[C@H]1CNCCc2ccc(Cl)cc21,0.7965226,0.6796843,0.69982153,0.60936844,1,1,1,1,0.69634926,1.0,0.99012756,0.99999976,0.99931717,1.0,1,1,1,1,0.9973611,1.0,False,0
179,,Lorlatinib,,,,,,,E*,Antineoplastic,NSCLC,CHEMBL3286830,L01ED05,1.0,0.0,,0.0,1.0,True,2018.0,0.0,,,0.0,4.0,Small molecule,0.0,True,0.0,False,0.0,LORLATINIB,0.0,MOL,True,False,-tinib,tyrosine kinase inhibitors,-tinib,2015.0,False,C[C@H]1Oc2cc(cnc2N)-c2c(nn(C)c2C#N)CN(C)C(=O)c2ccc(F)cc21,406.42,2.8,,,,,,,,,,,No DILI,No DILI,No DILI,2019 Apr 15,,,IIXWYSCJSQVBQM,0,Success,C[C@H]1Oc2cc(cnc2N)-c2c(nn(C)c2C#N)CN(C)C(=O)c2ccc(F)cc21,0.6020979,0.70601815,0.7375231,0.800033,1,1,1,1,0.71141803,1.0,0.99907196,0.9997372,0.99225265,0.083241574,1,1,1,0,0.7685758,1.0,False,0
180,,Lumacaftor,,,,,,,E*,Genetic,Cystic Fibrosis,CHEMBL2103870,,1.0,0.0,,0.0,2.0,True,2015.0,1.0,,,0.0,4.0,Small molecule,0.0,True,0.0,False,0.0,LUMACAFTOR,0.0,MOL,True,False,-caftor,cystic fibrosis transmembrane regulator (CFTR) protein modulators,-caftor,2011.0,False,Cc1ccc(NC(=O)C2(c3ccc4c(c3)OC(F)(F)O4)CC2)nc1-c1cccc(C(=O)O)c1,452.41,4.75,,,,,,CFTR,Transmembrane Transporters,"Lumacaftor (VX-809, VRT 826809) acts to correct CFTR mutations common in cystic fibrosis by increasing mutant CFTR (F508del-CFTR) maturation,EC50 of 0.1 μM in fisher rat thyroid cells. Phase 3.",936727-05-8,198.93,No DILI,No DILI,No DILI,,,,UFSKUSARDNFIRC,0,Success,Cc1ccc(NC(=O)C2(c3ccc4c(c3)OC(F)(F)O4)CC2)nc1-c1cccc(C(=O)O)c1,0.79866254,0.8341042,0.7185621,0.73143315,1,1,1,1,0.7706905,1.0,0.9988637,0.99999964,0.9824835,1.0,1,1,1,1,0.9953367,1.0,False,0
181,,Lumateperone,,,,,,,E,CNS,"Psychosis, Dementia",CHEMBL3306803,N05AD10,1.0,1.0,,0.0,1.0,True,2019.0,0.0,,,0.0,4.0,Small molecule,0.0,True,0.0,False,0.0,LUMATEPERONE,0.0,MOL,True,False,-perone,antianxiety agents/neuroleptics (4'-fluoro-4-piperidinobutyrophenone derivatives),-perone,2016.0,False,CN1CCN2c3c(cccc31)[C@@H]1CN(CCCC(=O)c3ccc(F)cc3)CC[C@@H]12,393.51,3.92,,United States,,Black Box Warning,,5-HT Receptor,Neuronal Signaling,Lumateperone (ITI-007) is an antagonist of 5-HT2A receptor with Ki of 0.54 nM. It has anticancer activity and can also be used in studies of psychiatric disorders such as schizophrenia.,313368-91-1,200.76,No DILI,No DILI,No DILI,2023 Jun 5,,,HOIIHACBCFLJET,0,Success,CN1CCN2c3c(cccc31)[C@@H]1CN(CCCC(=O)c3ccc(F)cc3)CC[C@@H]12,0.39492717,0.39083326,0.5777927,0.38120085,0,0,1,0,0.43618846,0.0,0.99999976,1.0,0.975785,0.9999995,1,1,1,1,0.9939461,1.0,False,0
182,,Lurasidone,,,,,,,E,CNS,Antipsychotic,CHEMBL1237021,N05AE05,1.0,1.0,70735.0,0.0,1.0,False,2010.0,0.0,,,0.0,4.0,Small molecule,1.0,True,0.0,False,0.0,LURASIDONE,0.0,MOL,True,False,-sidone,antipsychotic with binding activity on sertonin (5-HT2A) and dopamine (D2) receptors,-sidone,2005.0,False,O=C1[C@@H]2[C@H]3CC[C@H](C3)[C@@H]2C(=O)N1C[C@@H]1CCCC[C@H]1CN1CCN(c2nsc3ccccc23)CC1,492.69,4.26,,,,,,"5-HT Receptor,Dopamine Receptor",Neuronal Signaling,"Lurasidone (SM-13496) is a second-generation antipsychotic agent that exhibits full antagonism at dopamine D2 and serotonin 5-HT2A receptors with binding affinities Ki = 1 nM and Ki = 0.5 nM, respectively. It also has high affinity for serotonin 5-HT7 receptors (Ki = 0.5 nM), partial agonist activity at 5-HT1A receptors (Ki = 6.4 nM) and lacks affinity for histamine H1 and muscarinic M1 receptors.",367514-87-2,14.21,No DILI,No DILI,No DILI,2023 Jun 10,,,PQXKDMSYBGKCJA,0,Success,Oc1c2c(c(O)n1C[C@@H]1CCCC[C@H]1CN1CCN(c3nsc4ccccc34)CC1)[C@H]1CC[C@@H]2C1,0.6166615,0.48309153,0.6239122,0.5917787,1,0,1,1,0.578861,1.0,1.0,0.9977047,0.9920412,1.0,1,1,1,1,0.99743646,1.0,False,0
183,,Lusutrombopag,,,,,,,E*,Hematologic,Thrombocytopenia,CHEMBL2107831,B02BX07,1.0,0.0,,0.0,1.0,True,2018.0,0.0,,,0.0,4.0,Small molecule,1.0,True,0.0,False,0.0,LUSUTROMBOPAG,0.0,MOL,True,False,-trombopag,thrombopoetin agonists,-trombopag,2012.0,False,CCCCCCO[C@@H](C)c1cccc(-c2csc(NC(=O)c3cc(Cl)c(/C=C(\C)C(=O)O)c(Cl)c3)n2)c1OC,591.56,8.52,,,,,,TpoR,Immunology & Inflammation,"Lusutrombopag (Mulpleta, S-888711) is an orally bioavailable thrombopoietin (TPO) receptor agonist being developed for chronic liver disease (CLD).",1110766-97-6,169.05,No DILI,No DILI,No DILI,,,,NOZIJMHMKORZBA,0,Success,CCCCCCO[C@@H](C)c1cccc(-c2csc(NC(=O)c3cc(Cl)c(/C=C(\C)C(=O)O)c(Cl)c3)n2)c1OC,0.79353315,0.7438651,0.70668614,0.7082996,1,1,1,1,0.738096,1.0,2.7213548e-05,0.8511441,0.998722,6.327273e-08,0,1,1,0,0.46247336,0.0,False,0
184,,Macitentan,,,,,,,E*,Respiratory,Pulmonary Hypertension,CHEMBL2103873,C02KX04,1.0,1.0,76607.0,0.0,2.0,True,2010.0,0.0,,,0.0,4.0,Small molecule,1.0,True,1.0,False,0.0,MACITENTAN,0.0,MOL,True,False,-entan,endothelin receptor antagonists,-entan,2011.0,False,CCCNS(=O)(=O)Nc1ncnc(OCCOc2ncc(Br)cn2)c1-c1ccc(Br)cc1,588.28,3.57,teratogenicity,United States,,Black Box Warning,,,,,,,No DILI,No DILI,No DILI,2017 Sep 30,,,JGCMEBMXRHSZKX,0,Success,CCCNS(=O)(=O)Nc1ncnc(OCCOc2ncc(Br)cn2)c1-c1ccc(Br)cc1,0.8243993,0.8100937,0.734032,0.5818631,1,1,1,1,0.73759705,1.0,3.1594183e-05,0.99999976,0.99552333,1.2436442e-08,0,1,1,0,0.49888867,0.0,False,0
185,,Maralixibat,,,,,,,E*,Gastrointestinal,Pruritus of Alagille Syndrome,CHEMBL363392,,1.0,0.0,,0.0,1.0,False,2021.0,0.0,,,0.0,4.0,Small molecule,0.0,True,1.0,False,0.0,MARALIXIBAT,0.0,MOL,True,False,-ixibat,ileal bile acid transporter (IBAT) inhibitors,-ixibat,2016.0,False,CCCCC1(CCCC)CS(=O)(=O)c2ccc(N(C)C)cc2[C@@H](c2ccc(OCc3ccc(C[N+]45CCN(CC4)CC5)cc3)cc2)[C@H]1O,674.97,6.62,,,,,,,,,,,No DILI,No DILI,No DILI,2022 Mar 10,,,STPKWKPURVSAJF,0,Success,CCCCC1(CCCC)CS(=O)(=O)c2ccc(N(C)C)cc2[C@@H](c2ccc(OCc3ccc(C[N+]45CCN(CC4)CC5)cc3)cc2)[C@H]1O,0.22064164,0.23076884,0.53954583,0.18182255,0,0,1,0,0.2931947,0.0,1.0,0.99808264,0.94935244,0.9999999,1,1,1,1,0.9868587,1.0,False,0
186,,Maribavir,,,,,,,E,Antimicrobial,Post-transpl refract CMV ,CHEMBL515408,J05AX10,1.0,0.0,,0.0,1.0,True,2021.0,1.0,,,0.0,4.0,Small molecule,1.0,True,1.0,False,0.0,MARIBAVIR,0.0,MOL,True,False,-vir,antivirals,-vir,1998.0,False,CC(C)Nc1nc2cc(Cl)c(Cl)cc2n1[C@H]1O[C@@H](CO)[C@H](O)[C@@H]1O,376.24,1.77,,,,,,,,,,,No DILI,No DILI,No DILI,2022 Nov 14,,,KJFBVJALEQWJBS,0,Success,CC(C)Nc1nc2cc(Cl)c(Cl)cc2n1[C@H]1O[C@@H](CO)[C@H](O)[C@@H]1O,0.6944578,0.57856715,0.6406577,0.5725438,1,1,1,1,0.62155664,1.0,0.99997234,0.93864655,0.8606077,1.0,1,1,1,1,0.94980663,1.0,False,0
187,,Menadione,,,,,,,E,HDS: Nutritional Suppl,General health,CHEMBL590,B02BA02,0.0,0.0,28869.0,0.0,2.0,True,,0.0,,Vitamin (prothrombogenic),0.0,4.0,Small molecule,1.0,True,0.0,False,0.0,MENADIONE,0.0,MOL,False,False,,,,,False,CC1=CC(=O)c2ccccc2C1=O,172.18,2.01,,,,,,"CDK,DNA/RNA Synthesis,phosphatase",Metabolism,"Menadione (NSC 4170, Vitamin K3), a fat-soluble compound, is an inhibitor of Cdc25 phosphatase and mitochondrial DNA polymerase γ (pol γ), used as a nutritional supplement.",58-27-5,197.47,No DILI,No DILI,No DILI,,,,MJVAVZPDRWSRRC,0,Success,CC1=CC(=O)c2ccccc2C1=O,0.67943066,0.5496786,0.73898727,0.61433834,1,1,1,1,0.6456087,1.0,0.9999752,1.0,0.97456837,5.416437e-05,1,1,1,0,0.7436494,1.0,False,0
188,,Mepacrine,,,,,,,E*,Antimicrobial,Antimalarial,CHEMBL7568,P01AX05,,0.0,8711.0,0.0,0.0,False,,0.0,,,0.0,2.0,Small molecule,1.0,False,0.0,False,0.0,QUINACRINE,0.0,MOL,False,False,-crine,acridine derivatives,-crine,,False,CCN(CC)CCCC(C)Nc1c2ccc(Cl)cc2nc2ccc(OC)cc12,399.97,5.97,,,,,,,,,,,No DILI,No DILI,No DILI,2017 Feb 1,,,GPKJTRJOBQGKQK,0,Success,CCN(CC)CCCC(C)Nc1c2ccc(Cl)cc2nc2ccc(OC)cc12,0.6746651,0.58518076,0.63217986,0.69013083,1,1,1,1,0.64553916,1.0,0.99999976,1.0,0.9990472,1.0,1,1,1,1,0.99976176,1.0,False,0
189,,Mestranol,,,,,,,A,Gynecological,Birth control,CHEMBL1201151,,1.0,0.0,6784.0,0.0,1.0,True,1961.0,0.0,,Estrogen,0.0,4.0,Small molecule,1.0,True,0.0,False,0.0,MESTRANOL,1.0,MOL,True,False,-estr-,estrogens,-estr-,1962.0,False,C#C[C@]1(O)CC[C@H]2[C@@H]3CCc4cc(OC)ccc4[C@H]3CC[C@@]21C,310.44,3.92,,,,,,Estrogen/progestogen Receptor,Endocrinology & Hormones,"Mestranol is the 3-methyl ether of ethinyl estradiol, which is a potent estrogen receptor agonist and used as oral contraceptives.",72-33-3,48.32,DILI (known),DILI,Known,,,,IMSSROKUHAOUJS,1,Success,C#C[C@]1(O)CC[C@H]2[C@@H]3CCc4cc(OC)ccc4[C@H]3CC[C@@]21C,0.6802307,0.5287499,0.59586316,0.5732752,1,1,1,1,0.59452975,1.0,0.9999924,0.0008083971,0.9964057,0.9999999,1,0,1,1,0.74930155,1.0,True,1
190,,Metaproterenol,,,,,,,E,Respiratory,Bronchodilation,CHEMBL776,R03AB03; R03CB03,-2.0,0.0,6792.0,0.0,0.0,False,1973.0,0.0,,Bronchodilator,0.0,4.0,Small molecule,1.0,True,0.0,False,0.0,METAPROTERENOL,0.0,MOL,True,True,,,,1964.0,True,CC(C)NCC(O)c1cc(O)cc(O)c1,211.26,1.13,,,,,,,,,,,No DILI,No DILI,No DILI,,,,LMOINURANNBYCM,0,Success,CC(C)NCC(O)c1cc(O)cc(O)c1,0.4035012,0.30132392,0.56030864,0.3688323,0,0,1,0,0.40849155,0.0,0.99993515,0.9999716,0.7079312,1.0,1,1,1,1,0.9269595,1.0,False,0
191,,Methandienone,,,,,,,A,HDS: Anabolic steroid,Body building,CHEMBL1418176,D11AE01; A14AA03,-2.0,0.0,,0.0,1.0,True,,0.0,,,0.0,4.0,Small molecule,1.0,False,0.0,False,0.0,METHANDROSTENOLONE,0.0,MOL,True,False,-andr-; -olone,androgens; steroids (not prednisolone derivatives),-andr-; -olone,,True,C[C@]12C=CC(=O)C=C1CC[C@@H]1[C@@H]2CC[C@@]2(C)[C@H]1CC[C@]2(C)O,300.44,4.05,misuse,France; United States; United Kingdom; Germany,Off-label abuse,Withdrawn,misuse,,,,,,DILI (known),DILI,Known,,,,XWALNWXLMVGSFR,1,Success,C[C@]12C=CC(=O)C=C1CC[C@@H]1[C@@H]2CC[C@@]2(C)[C@H]1CC[C@]2(C)O,0.62005115,0.3935211,0.54228663,0.43819737,1,0,1,0,0.49851406,0.0,1.0,0.0004741324,0.99203414,1.0,1,0,1,1,0.74812704,1.0,True,1
192,,Methenamine,,,,,,,E,Urologic,Bladder symptoms,CHEMBL1201270,J01XX05,1.0,0.0,6824.0,0.0,2.0,False,1967.0,0.0,,Antibacterial (urinary),0.0,4.0,Small molecule,1.0,True,0.0,False,0.0,METHENAMINE,0.0,MOL,True,False,,,,1963.0,False,C1N2CN3CN1CN(C2)C3,140.19,-1.02,,,,,,,,,,,No DILI,No DILI,No DILI,2021 Jan 22,,,VKYKSIONXSXAKP,0,Success,C1N2CN3CN1CN(C2)C3,0.00407065,0.010159933,0.24086663,0.030112436,0,0,0,0,0.071302414,0.0,1.0,8.743172e-13,0.9999995,7.418062e-22,1,0,1,0,0.49999988,0.0,False,0
193,,Methenolone,,,,,,,A,HDS: Anabolic steroid,Body building,CHEMBL2106880,A14AA04,,0.0,,0.0,1.0,False,,0.0,,Anabolic,0.0,2.0,Small molecule,1.0,False,0.0,False,0.0,METHENOLONE ACETATE,0.0,MOL,False,False,-olone,steroids (not prednisolone derivatives),-olone,1966.0,False,CC(=O)O[C@H]1CC[C@H]2[C@@H]3CC[C@H]4CC(=O)C=C(C)[C@]4(C)[C@H]3CC[C@]12C,344.5,4.7,,,,,,,,,,,DILI (known),DILI,Known,,,,PGAUJQOPTMSERF,1,Success,CC(=O)O[C@H]1CC[C@H]2[C@@H]3CC[C@H]4CC(=O)C=C(C)[C@]4(C)[C@H]3CC[C@]12C,0.6292913,0.4290316,0.5237111,0.5703231,1,0,1,1,0.5380893,1.0,1.0,2.3117222e-05,0.99083906,1.0,1,0,1,1,0.74771553,1.0,True,1
194,,Mezlocillin,,,,,,,E*,Antimicrobial,Antibacterial,CHEMBL1731,J01CA10,0.0,0.0,6919.0,0.0,1.0,True,1981.0,0.0,,Antibacterial,0.0,4.0,Small molecule,1.0,False,0.0,True,0.0,MEZLOCILLIN,0.0,MOL,True,False,-cillin,penicillins,-cillin,1976.0,False,CC1(C)S[C@@H]2[C@H](NC(=O)[C@H](NC(=O)N3CCN(S(C)(=O)=O)C3=O)c3ccccc3)C(=O)N2[C@H]1C(=O)O,539.59,-0.23,,,,,,,,,,,No DILI,No DILI,No DILI,,,,YPBATNHYBCGSSN,0,Success,CC1(C)S[C@@H]2C(NC(=O)C(NC(=O)N3CCN(S(C)(=O)=O)C3=O)c3ccccc3)C(=O)N2C1C(=O)O,0.52299255,0.47551453,0.64214855,0.36935207,1,0,1,0,0.5025019,0.0,0.01735886,5.4879603e-15,0.36140725,0.0005027446,0,0,0,0,0.09481721,0.0,False,0
195,,Midostaurin,,,,,,,E*,Antineoplastic,AML/Mastocytosis,CHEMBL608533,L01EX10,1.0,0.0,63452.0,0.0,1.0,True,2017.0,1.0,,,0.0,4.0,Small molecule,1.0,True,1.0,False,0.0,MIDOSTAURIN,0.0,MOL,True,False,,,,2004.0,False,CO[C@@H]1[C@H](N(C)C(=O)c2ccccc2)C[C@H]2O[C@]1(C)n1c3ccccc3c3c4c(c5c6ccccc6n2c5c31)C(=O)NC4,570.65,5.91,,,,,,PKC,Cytoskeletal Signaling,"Midostaurin (pkc412, CGP 41251) is a multi-targeted kinase inhibitor, including PKCα/β/γ, Syk, Flk-1, Akt, PKA, c-Kit, c-Fgr, c-Src, FLT3, PDFRβ and VEGFR1/2 with IC50 ranging from 80-500 nM.",120685-11-2,175.24,No DILI,No DILI,No DILI,2019 Apr 10,,,BMGQWWVMWDBQGC,0,Success,CO[C@@H]1[C@H](N(C)C(=O)c2ccccc2)C[C@H]2O[C@]1(C)n1c3ccccc3c3c4c(c5c6ccccc6n2c5c31)C(=O)NC4,0.62363404,0.66811174,0.6884475,0.5638853,1,1,1,1,0.63601965,1.0,0.9999919,0.99999666,0.9678077,0.017614733,1,1,1,0,0.7463528,1.0,False,0
196,,Migalastat,,,,,,,E,Genetic,Fabry's disease,CHEMBL110458,A16AX14,1.0,0.0,,0.0,1.0,True,2016.0,1.0,,,0.0,4.0,Small molecule,1.0,True,1.0,False,0.0,MIGALASTAT,0.0,MOL,True,False,-stat,enzyme inhibitors,-stat,2005.0,False,OC[C@H]1NC[C@H](O)[C@@H](O)[C@H]1O,163.17,-2.97,,,,,,,,,,,No DILI,No DILI,No DILI,2019 Apr 11,,,LXBIFEVIBLOUGU,0,Success,OC[C@H]1NC[C@H](O)[C@@H](O)[C@H]1O,0.33876958,0.12816119,0.2818107,0.1319693,0,0,0,0,0.22017771,0.0,0.99999154,0.003761595,0.05673921,0.009788178,1,0,0,0,0.26757014,0.0,False,0
197,,Miltefosine,,,,,,,E,Antimicrobial,Antileishmaniasis,CHEMBL125,P01CX04,1.0,1.0,75283.0,0.0,0.0,True,2014.0,1.0,,,0.0,4.0,Small molecule,1.0,True,0.0,False,0.0,MILTEFOSINE,0.0,MOL,True,False,-fos-; -fosine,phosphoro-derivatives; cytostatic phospholipid derivatives,-fos-; -fosine,,False,CCCCCCCCCCCCCCCCOP(=O)([O-])OCC[N+](C)(C)C,407.58,5.68,teratogenicity,United States,,Black Box Warning,,Akt,PI3K/Akt/mTOR,"Miltefosine (Hexadecylphosphocholine) inhibits PI3K/Akt activity with ED50 of 17.2 μM and 8.1 μM in carcinoma cell lines A431 and HeLa, first oral drug for Visceral leishmaniasis, effective against both promastigotes and amastigotes.",58066-85-6,,No DILI,No DILI,No DILI,2017 Mar 15,,,PQLXHQMOHUQAKB,0,Success,CCCCCCCCCCCCCCCCOP(=O)([O-])OCC[N+](C)(C)C,0.035530478,0.044611707,0.25266495,0.026788116,0,0,0,0,0.08989881,0.0,1.4366752e-11,0.99999976,0.99989986,2.3086873e-12,0,1,1,0,0.4999749,0.0,False,0
198,,Mirabegron,,,,,,,E*,Urologic,Bladder symptoms,CHEMBL2095212,G04BD12,1.0,0.0,65349.0,0.0,1.0,True,2012.0,1.0,,,0.0,4.0,Small molecule,1.0,True,0.0,False,0.0,MIRABEGRON,0.0,MOL,True,False,-begron,beta3 adrenoreceptor agonists,-begron,2009.0,False,Nc1nc(CC(=O)Nc2ccc(CCNC[C@H](O)c3ccccc3)cc2)cs1,396.52,2.77,,,,,,Adrenergic Receptor,Neuronal Signaling,Mirabegron (YM 178) is a selective β3-adrenoceptor agonist with EC50 of 22.4 nM.,223673-61-8,199.24,No DILI,No DILI,No DILI,2023 Jul 14,,,PBAPPPCECJKMCM,0,Success,Nc1nc(CC(=O)Nc2ccc(CCNC[C@H](O)c3ccccc3)cc2)cs1,0.60610974,0.6156723,0.6924948,0.4255823,1,1,1,0,0.58496475,1.0,0.39759997,0.2666575,0.8401824,0.99995947,0,0,1,1,0.6260998,0.0,False,0
199,,Mobocertinib,,,,,,,E,Antineoplastic,NSCLC with EGF2 exon 20 mt,CHEMBL4650319,L01EB10,1.0,1.0,,0.0,2.0,False,2021.0,0.0,,,0.0,4.0,Small molecule,0.0,True,0.0,False,0.0,MOBOCERTINIB,0.0,MOL,True,False,-tinib,tyrosine kinase inhibitors: epidermal growth factor receptor (EGFR) inhibitors,-tinib (-ertinib),2020.0,False,C=CC(=O)Nc1cc(Nc2ncc(C(=O)OC(C)C)c(-c3cn(C)c4ccccc34)n2)c(OC)cc1N(C)CCN(C)C,585.71,5.08,,,,,,"EGFR,HER2",Protein Tyrosine Kinase,"Mobocertinib (TAK788, AP32788), an investigational TKI, is a potent, selective preclinical inhibitor of epidermal growth factor receptor (EGFR) and HER2 mutations. Mobocertinib (TAK788) is an antineoplastic agent.",1847461-43-1,15.37,No DILI,No DILI,No DILI,2023 Oct 30,,,AZSRSNUQCUDCGG,0,Success,C=CC(=O)Nc1cc(Nc2ncc(C(=O)OC(C)C)c(-c3cn(C)c4ccccc34)n2)c(OC)cc1N(C)CCN(C)C,0.55593497,0.70093745,0.6372609,0.6141018,1,1,1,1,0.6270588,1.0,0.99987006,0.99992454,0.9975077,0.9996666,1,1,1,1,0.9992422,1.0,False,0
200,,Molnupiravir,,,,,,,E,Antimicrobial,Antiviral: SARS-CoV-2,CHEMBL4650320,J05AB18,,0.0,,0.0,1.0,False,,0.0,,,0.0,3.0,Small molecule,0.0,False,0.0,False,0.0,MOLNUPIRAVIR,1.0,MOL,False,False,-vir,"antivirals: treatments of SARS-CoV-2 infection, inhibiting viral RNA replication",-vir (-piravir),2020.0,False,CC(C)C(=O)OC[C@H]1O[C@@H](n2cc/c(=N\O)[nH]c2=O)[C@H](O)[C@@H]1O,329.31,-1.72,,,,,,"COVID-19,SARS-CoV",Microbiology,"Molnupiravir (EIDD-2801, MK-4482) is an orally bioavailable prodrug of the ribonucleoside analog β-d-N4-hydroxycytidine (NHC; EIDD-1931) with broad-spectrum antiviral activity against SARS-CoV-2, MERS-CoV, SARS-CoV, and the causative agent of COVID-19.",2349386-89-4,200.42,No DILI,No DILI,No DILI,2022 Jan 31,,,HTNPEHXGEKVIHG,0,Success,CC(C)C(=O)OC[C@H]1O[C@@H](n2ccc(=NO)[nH]c2=O)[C@H](O)[C@@H]1O,0.5261171,0.48195678,0.52857476,0.5630669,1,0,1,1,0.52492887,1.0,0.99999714,1.0,0.97046286,1.0,1,1,1,1,0.992615,1.0,False,0
201,,Monomethyl fumarate,,,,,,,E*,CNS,Multiple sclerosis,CHEMBL589586,,1.0,0.0,,0.0,2.0,True,2020.0,0.0,,,0.0,4.0,Small molecule,1.0,True,0.0,False,0.0,MONOMETHYL FUMARATE,0.0,MOL,True,False,,,,2018.0,False,COC(=O)/C=C/C(=O)O,130.1,-0.2,,,,,,"Apoptosis related,Autophagy,GPR",GPCR & G Protein,"Monomethyl Fumarate (MMF, Monomethylfumarate, Fumaric acid monomethyl ester, Methyl hydrogen fumarate), the active metabolite of the psoriasis drug Fumaderm, is a potent GPR109A agonist. Monomethyl Fumarate prevents major dysfunctions associated with neurodegenerative diseases: oxidative stress, mitochondrial dysfunction, apoptosis and autophagy.",2756-87-8,199.85,No DILI,No DILI,No DILI,,,,NKHAVTQWNUWKEO,0,Success,COC(=O)/C=C/C(=O)O,0.72288954,0.7858309,0.567102,0.6133582,1,1,1,1,0.67229515,1.0,3.9190803e-07,5.234117e-13,0.99964,9.396942e-09,0,0,1,0,0.2499101,0.0,False,0
202,,Naldemedine,,,,,,,E,Gastrointestinal,Constipation,CHEMBL2105755,A06AH05,1.0,0.0,,0.0,1.0,False,2017.0,0.0,,,0.0,4.0,Small molecule,1.0,True,0.0,False,0.0,NALDEMEDINE,0.0,MOL,True,False,nal-,narcotic agonists/antagonists (normorphine type),nal-,2011.0,False,CC(C)(NC(=O)C1=C(O)[C@@H]2Oc3c(O)ccc4c3[C@@]23CCN(CC2CC2)[C@H](C4)[C@]3(O)C1)c1nc(-c2ccccc2)no1,570.65,3.48,,,,,,,,,,,No DILI,No DILI,No DILI,2019 Apr 15,,,AXQACEQYCPKDMV,0,Success,CC(C)(NC(=O)C1C[C@@]2(O)[C@H]3Cc4ccc(O)c5c4[C@@]2(CCN3CC2CC2)C(O5)C1=O)c1nc(-c2ccccc2)no1,0.5712874,0.476222,0.6069551,0.3338966,1,0,1,0,0.49709028,0.0,0.2529893,0.1903374,0.7686638,0.73386824,0,0,1,1,0.4864647,0.0,False,0
203,,Naloxegol,,,,,,,E,Gastrointestinal,Constipation,CHEMBL2219418,A06AH03,1.0,0.0,82975.0,0.0,1.0,True,2014.0,0.0,,,0.0,4.0,Small molecule,1.0,True,0.0,False,0.0,NALOXEGOL,0.0,MOL,True,False,nal-,narcotic agonists/antagonists (normorphine type),nal-,2012.0,False,C=CCN1CC[C@]23c4c5ccc(O)c4O[C@H]2[C@@H](OCCOCCOCCOCCOCCOCCOCCOC)CC[C@@]3(O)[C@H]1C5,651.79,1.86,,,,,,,,,,,No DILI,No DILI,No DILI,2020 Mar 24,,,XNKCCCKFOQNXKV,0,Success,C=CCN1CC[C@]23c4c5ccc(O)c4O[C@H]2[C@@H](OCCOCCOCCOCCOCCOCCOCCOC)CC[C@@]3(O)[C@H]1C5,0.1573094,0.10294827,0.31413224,0.048483714,0,0,0,0,0.15571842,0.0,3.591309e-06,0.00016016477,0.84299254,3.104127e-11,0,0,1,0,0.21078907,0.0,False,0
204,,Neratinib,,,,,,,E*,Antineoplastic,Breast Cancer,CHEMBL180022,L01EH02,1.0,0.0,,0.0,2.0,False,2017.0,0.0,,,0.0,4.0,Small molecule,1.0,True,0.0,False,0.0,NERATINIB,0.0,MOL,True,False,-tinib,tyrosine kinase inhibitors,-tinib,2006.0,False,CCOc1cc2ncc(C#N)c(Nc3ccc(OCc4ccccn4)c(Cl)c3)c2cc1NC(=O)/C=C/CN(C)C,557.05,5.93,,,,,,"EGFR,HER2",Protein Tyrosine Kinase,"Neratinib (HKI-272) is a highly selective HER2 and EGFR inhibitor with IC50 of 59 nM and 92 nM in cell-free assays; weakly inhibits KDR and Src, no significant inhibition to Akt, CDK1/2/4, IKK-2, MK-2, PDK1, c-Raf and c-Met. Phase 3.",698387-09-6,8.98,No DILI,No DILI,No DILI,2018 Oct 20,,,JWNPDZNEKVCWMY,0,Success,CCOc1cc2ncc(C#N)c(Nc3ccc(OCc4ccccn4)c(Cl)c3)c2cc1NC(=O)/C=C/CN(C)C,0.7194787,0.7782834,0.71535724,0.76895493,1,1,1,1,0.7455186,1.0,0.99954873,0.99999964,0.9980782,0.9997701,1,1,1,1,0.99934924,1.0,False,0
205,,Netupitant,,,,,,,E,Gastrointestinal,Nausea  & Vomiting,CHEMBL206253,,1.0,0.0,85155.0,0.0,2.0,True,2014.0,0.0,,,0.0,4.0,Small molecule,0.0,True,0.0,True,0.0,NETUPITANT,0.0,MOL,True,False,-tant,tachykinin (neurokinin) receptor antagonists: NK1 receptor antagonists,-tant (-pitant),2005.0,False,Cc1ccccc1-c1cc(N2CCN(C)CC2)ncc1N(C)C(=O)C(C)(C)c1cc(C(F)(F)F)cc(C(F)(F)F)c1,578.6,6.79,,,,,,Neurokinin Receptor,Neuronal Signaling,Netupitant (CID6451149) is a selective neurokinin 1 (NK1) receptor antagonist with potential antiemetic activity.,290297-26-6,3.46,No DILI,No DILI,No DILI,,,,WAXQNWCZJDTGBU,0,Success,Cc1ccccc1-c1cc(N2CCN(C)CC2)ncc1N(C)C(=O)C(C)(C)c1cc(C(F)(F)F)cc(C(F)(F)F)c1,0.5715969,0.48911136,0.6151461,0.57726365,1,0,1,1,0.5632795,1.0,0.6819671,0.9999504,0.7802516,1.2933585e-11,1,1,1,0,0.6155423,1.0,False,0
206,,Niacinamide,,,,,,,E,Cardiovascular,Lipid lowering agent,CHEMBL1140,A11HA01,1.0,0.0,17154.0,0.0,2.0,True,,0.0,,Vitamin (enzyme co-factor),0.0,4.0,Small molecule,1.0,True,0.0,True,0.0,NIACINAMIDE,0.0,MOL,False,False,,,,,False,NC(=O)c1cccnc1,122.13,0.18,,,,,,,,,,,No DILI,No DILI,No DILI,,,,DFPAKSUCGFBDDF,0,Success,NC(=O)c1cccnc1,0.7983654,0.87759066,0.76092654,0.8973931,1,1,1,1,0.83356893,1.0,0.9986589,1.0,0.99476236,1.0,1,1,1,1,0.9983553,1.0,False,0
207,,Nicotine,,,,,,,E,Substance abuse ,Smoking cessation,CHEMBL3,N07BA01,2.0,0.0,17688.0,0.0,1.0,True,1984.0,0.0,,Smoking Cessation Adjunct,0.0,4.0,Small molecule,1.0,True,0.0,False,0.0,NICOTINE,0.0,MOL,True,True,,,,1985.0,False,CN1CCC[C@H]1c1cccnc1,162.24,1.85,,,,,,,,,,,No DILI,No DILI,No DILI,2020 Mar 25,,,SNICXCGAKADSCV,0,Success,CN1CCC[C@H]1c1cccnc1,0.3202929,0.28131926,0.5735368,0.27838743,0,0,1,0,0.3633841,0.0,0.99732673,2.4758592e-07,0.94489473,2.3528044e-07,1,0,1,0,0.48555547,0.0,False,0
208,,Nifurtimox,,,,,,,E,Antimicrobial,Chagas disease,CHEMBL290960,P01CC01,1.0,0.0,7566.0,0.0,0.0,True,2020.0,0.0,,,0.0,4.0,Small molecule,1.0,True,0.0,False,0.0,NIFURTIMOX,0.0,MOL,True,False,nifur-,5-nitrofuran derivatives,nifur-,2015.0,False,CC1CS(=O)(=O)CCN1/N=C/c1ccc([N+](=O)[O-])o1,287.3,0.64,,,,,,Anti-infection,Microbiology,Nifurtimox (BAY-2502) is an antiprotozoal agent.,23256-30-6,198.41,No DILI,No DILI,No DILI,2023 Jul 18,,,ARFHIAQFJWUCFH,0,Success,CC1CS(=O)(=O)CCN1/N=C/c1ccc([N+](=O)[O-])o1,0.8751849,0.9392083,0.67938364,0.87542975,1,1,1,1,0.8423016,1.0,1.0,1.0,0.9757288,1.0,1,1,1,1,0.9939322,1.0,False,0
209,,Niraparib,,,,,,,E*,Antineoplastic,Ovarian Cancer,CHEMBL1094636,L01XK02,1.0,0.0,,1.0,1.0,True,2017.0,1.0,,,0.0,4.0,Small molecule,1.0,True,1.0,False,0.0,NIRAPARIB,0.0,MOL,True,False,-parib,poly-ADP-ribose polymerase inhibitors,-parib,2011.0,False,NC(=O)c1cccc2cn(-c3ccc([C@@H]4CCCNC4)cc3)nc12,320.4,2.59,,,,,,"Apoptosis related,PARP",DNA Damage/DNA Repair,"Niraparib (MK-4827) is a selective inhibitor of PARP1/2 with IC50 of 3.8 nM/2.1 nM, with great activity in cancer cells with mutant BRCA-1 and BRCA-2. It is >330-fold selective against PARP3, V-PARP and Tank1. Niraparib can form PARP–DNA complexes resulting in DNA damage, apoptosis, and cell death. Phase 3.",1038915-60-4,199.76,No DILI,No DILI,No DILI,2017 Jul 20,,,PCHKPVIQAHNQLW,0,Success,NC(=O)c1cccc2cn(-c3ccc([C@@H]4CCCNC4)cc3)nc12,0.77514476,0.8259759,0.7017715,0.73025984,1,1,1,1,0.758288,1.0,0.9999938,1.0,0.9936939,1.0,1,1,1,1,0.9984219,1.0,False,0
210,,Nirmatrelvir,,,,,,,E,Antimicrobial,Antiviral: SARS-CoV-2,CHEMBL4802135,,1.0,0.0,,0.0,1.0,True,2023.0,0.0,,,0.0,4.0,Small molecule,0.0,True,0.0,False,0.0,NIRMATRELVIR,0.0,MOL,False,False,-vir,antivirals: inhibitor of COVID 3CL protease,-vir (-trelvir),2021.0,False,CC(C)(C)[C@H](NC(=O)C(F)(F)F)C(=O)N1C[C@H]2[C@@H]([C@H]1C(=O)N[C@H](C#N)C[C@@H]1CCNC1=O)C2(C)C,499.53,1.1,,,,,,"COVID-19,SARS-CoV",Microbiology,"Nirmatrelvir (PF-07321332) is an reversible covalent inhibitor of SARS-CoV-2 main protease (Mpro, also referred to as 3CL protease) with an ki of 3.11 nM. PF-07321332 binds directly to the catalytic cysteine (Cys145) residue of the enzyme.",2628280-40-8,200.19,No DILI,No DILI,No DILI,,,,LIENCHBZNNMNKG,0,Success,CC(C)(C)C(NC(=O)C(F)(F)F)C(=O)N1C[C@H]2[C@@H](C1C(=O)N[C@H](C#N)CC1CCNC1=O)C2(C)C,0.40959328,0.29527757,0.48615643,0.2784657,0,0,0,0,0.36737323,0.0,0.9999771,0.9973126,0.46306583,1.0,1,1,0,1,0.8650889,1.0,False,0
211,,Norelgestromin,,,,,,,A,Gynecological,Birth control,CHEMBL1200807,,1.0,0.0,,0.0,1.0,True,2001.0,0.0,,,0.0,4.0,Small molecule,1.0,False,0.0,False,0.0,NORELGESTROMIN,0.0,MOL,True,True,-estr-; -gest-,estrogens; progestins,-estr-; -gest-,2000.0,False,C#C[C@]1(O)CC[C@H]2[C@@H]3CCC4=C/C(=N/O)CC[C@@H]4[C@H]3CC[C@@]21CC,327.47,4.14,,,,,,,,,,,DILI (known),DILI,Known,,,,ISHXLNHNDMZNMC,1,Success,C#C[C@]1(O)CC[C@H]2[C@@H]3CCC4=CC(=NO)CC[C@@H]4[C@H]3CC[C@@]21CC,0.65295124,0.4711273,0.5154846,0.5781553,1,0,1,1,0.5544296,1.0,1.0,0.99999976,0.98276377,1.0,1,1,1,1,0.9956909,1.0,True,1
212,,Norgestimate,,,,,,,A,Gynecological,Birth control,CHEMBL1200934,,1.0,0.0,50815.0,0.0,1.0,True,1989.0,0.0,,Progestin,0.0,4.0,Small molecule,1.0,True,0.0,False,0.0,NORGESTIMATE,1.0,MOL,True,False,-gest-,progestins,-gest-,1975.0,False,C#C[C@]1(OC(C)=O)CC[C@H]2[C@@H]3CCC4=C/C(=N/O)CC[C@@H]4[C@H]3CC[C@@]21CC,369.51,4.71,,,,,,Estrogen/progestogen Receptor,Endocrinology & Hormones,"Norgestimate, a synthetic progesterone analog, is an orally active progestin with highly selective progestational activity and minimal androgenicity.",35189-28-7,200.27,DILI (known),DILI,Known,,,,KIQQMECNKUGGKA,1,Success,C#C[C@]1(OC(C)=O)CC[C@H]2[C@@H]3CCC4=CC(=NO)CC[C@@H]4[C@H]3CC[C@@]21CC,0.6646435,0.52967614,0.5318688,0.63116574,1,1,1,1,0.58933854,1.0,0.9999999,0.99998236,0.99282974,1.0,1,1,1,1,0.998203,1.0,True,1
213,,Obeticholic acid,,,,,,,B,Gastrointestinal,Primary biliary cirrhosis,CHEMBL566315,A05AA04,1.0,1.0,,0.0,1.0,True,2016.0,1.0,,,0.0,4.0,Small molecule,1.0,True,1.0,False,0.0,OBETICHOLIC ACID,0.0,MOL,True,False,,,,2008.0,False,CC[C@H]1[C@@H](O)[C@@H]2[C@H](CC[C@]3(C)[C@@H]([C@H](C)CCC(=O)O)CC[C@@H]23)[C@@]2(C)CC[C@@H](O)C[C@@H]12,420.63,5.11,,United States,,Black Box Warning,,"Autophagy,FXR",Metabolism,"Obeticholic Acid (INT-747, 6-ECDCA, 6-Ethylchenodeoxycholic acid) is a potent and selective farnesoid X receptor (FXR) agonist with EC50 of 99 nM. Obeticholic Acid inhibits autophagy. Phase 3.",459789-99-2,199.7,DILI (likely),DILI,Likely,,,,ZXERDUOLZKYMJM,1,Success,CC[C@H]1[C@@H](O)[C@@H]2[C@H](CC[C@]3(C)[C@@H]([C@H](C)CCC(=O)O)CC[C@@H]23)[C@@]2(C)CC[C@@H](O)C[C@@H]12,0.62079793,0.33377135,0.4475552,0.60345536,1,0,0,1,0.501395,0.0,1.0,0.8166543,0.9927447,1.0,1,1,1,1,0.9523498,1.0,True,1
214,,Odevixibat,,,,,,,E*,Gastrointestinal,Pruritus of PFIC,CHEMBL4297588,A05AX05,1.0,0.0,,0.0,1.0,False,2021.0,1.0,,,0.0,4.0,Small molecule,0.0,True,1.0,False,0.0,ODEVIXIBAT,0.0,MOL,True,False,-ixibat,ileal bile acid transporter (IBAT) inhibitors,-ixibat,2019.0,False,CCCCC1(CCCC)CN(c2ccccc2)c2cc(SC)c(OCC(=O)N[C@@H](C(=O)N[C@@H](CC)C(=O)O)c3ccc(O)cc3)cc2S(=O)(=O)N1,740.94,5.88,,,,,,,,,,,No DILI,No DILI,No DILI,2022 Mar 10,,,XULSCZPZVQIMFM,0,Success,CCCCC1(CCCC)CN(c2ccccc2)c2cc(SC)c(OCC(=O)NC(C(=O)NC(CC)C(=O)O)c3ccc(O)cc3)cc2S(=O)(=O)N1,0.60963655,0.70341665,0.6274217,0.587721,1,1,1,1,0.63204896,1.0,0.71515965,0.9999999,0.9956495,0.99999976,1,1,1,1,0.9277022,1.0,False,0
215,,Olaparib,,,,,,,E,Antineoplastic,Ovarian cancer,CHEMBL521686,L01XK01,1.0,0.0,83766.0,1.0,2.0,True,2014.0,1.0,,,0.0,4.0,Small molecule,0.0,True,0.0,False,0.0,OLAPARIB,0.0,MOL,True,False,-parib,poly-ADP-ribose polymerase inhibitors,-parib,2013.0,False,O=C(c1cc(Cc2n[nH]c(=O)c3ccccc23)ccc1F)N1CCN(C(=O)C2CC2)CC1,434.47,2.35,,,,,,"Autophagy,Mitophagy,PARP",DNA Damage/DNA Repair,"Olaparib (AZD2281, KU0059436) is a selective inhibitor of PARP1/2 with IC50 of 5 nM/1 nM in cell-free assays, 300-times less effective against tankyrase-1. Olaparib induces significant autophagy that is associated with mitophagy in cells with BRCA mutations.",763113-22-0,197.95,No DILI,No DILI,No DILI,2017 Jun 1,,,FDLYAMZZIXQODN,0,Success,O=C(c1cc(Cc2n[nH]c(=O)c3ccccc23)ccc1F)N1CCN(C(=O)C2CC2)CC1,0.6065628,0.5891658,0.6664366,0.6332062,1,1,1,1,0.62384284,1.0,0.13395153,0.2826425,0.9337925,0.009013355,0,0,1,0,0.33984995,0.0,False,0
216,,Oliceridine,,,,,,,E,Analgesic,Severe pain,CHEMBL2443262,N02AX07,1.0,1.0,,0.0,1.0,True,2020.0,0.0,,,0.0,4.0,Small molecule,0.0,False,0.0,True,0.0,OLICERIDINE,0.0,MOL,True,False,-eridine,analgesics (meperidine type),-eridine,2015.0,False,COc1ccsc1CNCC[C@@]1(c2ccccn2)CCOC2(CCCC2)C1,386.56,4.69,"misuse, respiratory toxicity",United States,,Black Box Warning,,,,,,,No DILI,No DILI,No DILI,2024 Jul 5,,,DMNOVGJWPASQDL,0,Success,COc1ccsc1CNCC[C@@]1(c2ccccn2)CCOC2(CCCC2)C1,0.6604596,0.54571575,0.6270189,0.5006978,1,1,1,1,0.583473,1.0,1.0,0.9999584,0.9994411,1.0,1,1,1,1,0.99984986,1.0,False,0
217,,Omadacycline,,,,,,,E*,Antimicrobial,"Pneumonia, Skin & Skin St",CHEMBL1689772,J01AA15,1.0,0.0,,0.0,1.0,False,2018.0,0.0,,,0.0,4.0,Small molecule,1.0,True,0.0,True,0.0,OMADACYCLINE,0.0,MOL,True,False,-cycline,antibiotics (tetracycline derivatives),-cycline,2009.0,False,CN(C)c1cc(CNCC(C)(C)C)c(O)c2c1C[C@H]1C[C@H]3[C@H](N(C)C)C(O)=C(C(N)=O)C(=O)[C@@]3(O)C(O)=C1C2=O,556.66,1.32,,,,,,,,,,,No DILI,No DILI,No DILI,2020 Jan 9,,,JEECQCWWSTZDCK,0,Success,CN(C)c1cc(CNCC(C)(C)C)c(O)c2c1C[C@H]1C[C@H]3C(N(C)C)C(=O)C(C(N)=O)C(=O)[C@@]3(O)C(=O)C1C2=O,0.37987274,0.37577698,0.49641505,0.17861336,0,0,0,0,0.35766953,0.0,1.0,0.99999976,0.9919116,1.0,1,1,1,1,0.99797785,1.0,False,0
218,,Ombitasvir,,,,,,,B,Antimicrobial,Antiviral: HCV,CHEMBL3127326,,0.0,0.0,85183.0,0.0,1.0,True,2014.0,0.0,,,0.0,4.0,Small molecule,1.0,True,0.0,False,0.0,OMBITASVIR,0.0,MOL,True,False,-vir,antivirals: nonstructural protein 5A (NS5A) inhibitors,-vir (-asvir),2013.0,False,COC(=O)N[C@H](C(=O)N1CCC[C@H]1C(=O)Nc1ccc([C@@H]2CC[C@@H](c3ccc(NC(=O)[C@@H]4CCCN4C(=O)[C@@H](NC(=O)OC)C(C)C)cc3)N2c2ccc(C(C)(C)C)cc2)cc1)C(C)C,894.13,7.69,,,,,,HCV Protease,Proteases,Ombitasvir (ABT-267) is an inhibitor of the HCV non-structural protein 5A with antiviral activity.,1258226-87-7,111.84,DILI (likely),DILI,Likely,,,,PIDFDZJZLOTZTM,1,Success,COC(=O)NC(C(=O)N1CCCC1C(=O)Nc1ccc([C@@H]2CC[C@@H](c3ccc(NC(=O)C4CCCN4C(=O)C(NC(=O)OC)C(C)C)cc3)N2c2ccc(C(C)(C)C)cc2)cc1)C(C)C,0.49813327,0.4801973,0.5574329,0.37365204,0,0,1,0,0.47735387,0.0,0.9998816,0.9987691,0.9810508,0.9999993,1,1,1,1,0.9949252,1.0,True,1
219,,Opicapone,,,,,,,E,CNS,Parkinson disease,CHEMBL1089318,N04BX04,1.0,0.0,,0.0,2.0,True,2020.0,0.0,,,0.0,4.0,Small molecule,1.0,True,0.0,False,0.0,OPICAPONE,0.0,MOL,True,False,-capone,catechol-O-methyltransferase (COMT) inhibitors,-capone,2018.0,False,Cc1c(Cl)c(C)[n+]([O-])c(Cl)c1-c1noc(-c2cc(O)c(O)c([N+](=O)[O-])c2)n1,413.17,3.28,,,,,,Others,Neuronal Signaling,Opicapone(BIA 9-1067) is a potent inhibitor of <b>catechol-O-methyltransferase (COMT)</b> with ED50 values of 1.4 mg⋅kg<sup>−1</sup> in rat erythrocytes. It has the potential to be used in research of Parkinson's disease and motor fluctuations.,923287-50-7,200.885833918242,No DILI,No DILI,No DILI,2021 Oct 25,,,ASOADIZOVZTJSR,0,Success,Cc1c(Cl)c(C)[n+]([O-])c(Cl)c1-c1noc(-c2cc(O)c(O)c([N+](=O)[O-])c2)n1,0.96231395,0.96477026,0.8107799,0.9787304,1,1,1,1,0.9291486,1.0,1.0,1.0,0.88715315,1.0,1,1,1,1,0.9717883,1.0,False,0
220,,Orelabrutinib,,,,,,,,,,CHEMBL4650321,,,0.0,,0.0,2.0,False,,0.0,,,0.0,3.0,Small molecule,0.0,False,0.0,False,0.0,ORELABRUTINIB,0.0,MOL,False,False,-tinib,tyrosine kinase inhibitors: tyrosine kinase inhibitors Bruton's (Btk) inhibitors,-tinib (-brutinib),2021.0,False,C=CC(=O)N1CCC(c2ccc(C(N)=O)c(-c3ccc(Oc4ccccc4)cc3)n2)CC1,427.5,4.53,,,,,,BTK,Angiogenesis,"Orelabrutinib (ICP-022) is a potent, orally active and irreversible inhibitor of Bruton's tyrosine kinase (BTK). Orelabrutinib has potential antineoplastic activity.",1655504-04-3,201.17,DILI (withdrawn),DILI,Withdrawn,,,,MZPVEMOYADUARK,1,Success,C=CC(=O)N1CCC(c2ccc(C(N)=O)c(-c3ccc(Oc4ccccc4)cc3)n2)CC1,0.6692273,0.7510607,0.70036715,0.69072783,1,1,1,1,0.7028458,1.0,0.9992859,1.0,0.98332757,1.0,1,1,1,1,0.9956534,1.0,True,1
221,,Oritavancin,,,,,,,E,Antimicrobial,Antibacterial,CHEMBL1688530,J01XA05,1.0,0.0,82699.0,0.0,1.0,False,2014.0,0.0,,,0.0,4.0,Unknown,1.0,False,0.0,True,0.0,ORITAVANCIN,0.0,MOL,True,False,-vancin,vancomycin-related compounds,-vancin,1999.0,False,CN[C@H](CC(C)C)C(=O)N[C@H]1C(=O)N[C@@H](CC(N)=O)C(=O)N[C@H]2C(=O)N[C@H]3C(=O)N[C@H](C(=O)N[C@H](C(=O)O)c4cc(O)cc(O)c4-c4cc3ccc4O)[C@H](O[C@H]3C[C@](C)(N)[C@@H](O)[C@H](C)O3)c3ccc(c(Cl)c3)Oc3cc2cc(c3O[C@@H]2O[C@H](CO)[C@@H](O)[C@H](O)[C@H]2O[C@H]2C[C@](C)(NCc3ccc(-c4ccc(Cl)cc4)cc3)[C@@H](O)[C@H](C)O2)Oc2ccc(cc2Cl)[C@H]1O,1793.12,,,,,,,,,,,,No DILI,No DILI,No DILI,,,,VHFGEBVPHAGQPI,0,Success,CNC(CC(C)C)C(=O)NC1C(=O)NC(CC(N)=O)C(=O)NC2C(=O)NC3C(=O)NC(C(=O)NC(C(=O)O)c4cc(O)cc(O)c4-c4cc3ccc4O)[C@H](O[C@H]3C[C@](C)(N)[C@@H](O)[C@H](C)O3)c3ccc(c(Cl)c3)Oc3cc2cc(c3O[C@@H]2O[C@H](CO)[C@@H](O)[C@H](O)[C@H]2O[C@H]2C[C@](C)(NCc3ccc(-c4ccc(Cl)cc4)cc3)[C@@H](O)[C@H](C)O2)Oc2ccc(cc2Cl)[C@H]1O,0.6173702,0.57929957,0.61979437,0.4960454,1,1,1,0,0.5781274,1.0,0.95182747,0.722455,0.82737523,0.9999999,1,1,1,1,0.8754144,1.0,False,0
222,,Osilodrostat,,,,,,,E,Endocrine,Cushing's syndrome,CHEMBL3099695,H02CA02,1.0,0.0,,0.0,1.0,False,2020.0,1.0,,,0.0,4.0,Small molecule,0.0,True,1.0,False,0.0,OSILODROSTAT,0.0,MOL,True,False,-stat,enzyme inhibitors: inhibitors of aldosterone synthase,-stat (-drostat),2015.0,False,N#Cc1ccc([C@H]2CCc3cncn32)c(F)c1,227.24,2.43,,,,,,,,,,,No DILI,No DILI,No DILI,2024 May 14,,,USUZGMWDZDXMDG,0,Success,N#Cc1ccc([C@H]2CCc3cncn32)c(F)c1,0.75045604,0.8336955,0.75139374,0.8036186,1,1,1,1,0.784791,1.0,0.9998808,1.0,0.9895755,0.01513967,1,1,1,0,0.75114894,1.0,False,0
223,,Osimertinib,,,,,,,E*,Antineoplastic,Lung cancer,CHEMBL3353410,L01EB04,1.0,0.0,,0.0,2.0,True,2015.0,0.0,,,0.0,4.0,Small molecule,1.0,True,0.0,False,0.0,OSIMERTINIB,0.0,MOL,True,False,-tinib,tyrosine kinase inhibitors: epidermal growth factor receptor (EGFR) inhibitors,-tinib (-ertinib),2015.0,False,C=CC(=O)Nc1cc(Nc2nccc(-c3cn(C)c4ccccc34)n2)c(OC)cc1N(C)CCN(C)C,499.62,4.51,,,,,,EGFR,Protein Tyrosine Kinase,"Osimertinib (AZD9291) is an oral, irreversible, and mutant-selective EGFR inhibitor with IC50 of 12.92, 11.44 and 493.8 nM for Exon 19 deletion EGFR, L858R/T790M EGFR, and WT EGFR in LoVo cells, respectively. Phase 3.",1421373-65-0,198.15,No DILI,No DILI,No DILI,2017 Jun 1,,,DUYJMQONPNNFPI,0,Success,C=CC(=O)Nc1cc(Nc2nccc(-c3cn(C)c4ccccc34)n2)c(OC)cc1N(C)CCN(C)C,0.5543766,0.6770466,0.6558503,0.5738626,1,1,1,1,0.615284,1.0,0.9999975,0.9999993,0.99932575,0.44220993,1,1,1,0,0.8603831,1.0,False,0
224,,Ospemifene,,,,,,,E,Gynecological,Estrogen,CHEMBL2105395,G03XC05,1.0,1.0,73275.0,0.0,2.0,True,2013.0,0.0,,,0.0,4.0,Small molecule,1.0,True,0.0,False,0.0,OSPEMIFENE,0.0,MOL,True,False,-ifene,antiestrogens of the clomifene and tamoxifen groups,-ifene,2006.0,False,OCCOc1ccc(/C(=C(/CCCl)c2ccccc2)c2ccccc2)cc1,378.9,5.65,"neurotoxicity, carcinogenicity, cardiotoxicity, vascular toxicity",United States,,Black Box Warning,,Estrogen/progestogen Receptor,Endocrinology & Hormones,"Ospemifene(FC-1271a) is a non-hormonal selective estrogen receptor modulator (SERM), used for the treatment of dyspareunia.",128607-22-7,197.95,No DILI,No DILI,No DILI,,,,LUMKNAVTFCDUIE,0,Success,OCCOc1ccc(/C(=C(/CCCl)c2ccccc2)c2ccccc2)cc1,0.632582,0.72191447,0.7066863,0.5722964,1,1,1,1,0.6583698,1.0,0.99995327,1.0,0.9893917,0.9805058,1,1,1,1,0.99246275,1.0,False,0
225,,Ozanimod,,,,,,,E*,CNS,Multiple sclerosis,CHEMBL3707247,L04AA38,1.0,0.0,,0.0,1.0,False,2020.0,0.0,,,0.0,4.0,Small molecule,1.0,True,0.0,False,0.0,OZANIMOD,0.0,MOL,True,False,-imod,immunomodulators,-imod,2015.0,False,CC(C)Oc1ccc(-c2nc(-c3cccc4c3CC[C@@H]4NCCO)no2)cc1C#N,404.47,3.63,,,,,,S1P Receptor,GPCR & G Protein,Ozanimod (RPC1063) is a selective oral S1P Receptor 1 modulator. Phase 3.,1306760-87-1,200.27,No DILI,No DILI,No DILI,2021 Jul 15,,,XRVDGNKRPOAQTN,0,Success,CC(C)Oc1ccc(-c2nc(-c3cccc4c3CC[C@@H]4NCCO)no2)cc1C#N,0.69526,0.77912307,0.6753361,0.70547724,1,1,1,1,0.7137991,1.0,0.99993706,0.9999789,0.9808044,1.0,1,1,1,1,0.9951801,1.0,False,0
226,,Pacritinib,,,,,,,E*,Hematologic,Polycytemia Vera,CHEMBL2035187,L01EJ03,1.0,0.0,,0.0,2.0,False,2022.0,0.0,,,0.0,4.0,Small molecule,1.0,True,0.0,False,0.0,PACRITINIB,0.0,MOL,True,False,-tinib,tyrosine kinase inhibitors,-tinib,2014.0,False,C1=N/C2=N/c3ccc(OCCN4CCCC4)c(c3)COC/C=C/COCc3cccc(c3)C(=C1)N2,472.59,4.47,,,,,,"FLT3,JAK",JAK/STAT,"Pacritinib (SB1518) is a potent and selective inhibitor of Janus Kinase 2 (JAK2) and Fms-Like Tyrosine Kinase-3 (FLT3) with IC50s of 23 and 22 nM in cell-free assays, respectively. Phase 3.",937272-79-2,23.28,No DILI,No DILI,No DILI,2023 Dec 28,,,HWXVIOGONBBTBY,0,Success,C1=C/COCc2cc(ccc2OCCN2CCCC2)Nc2nccc(n2)-c2cccc(c2)COC/1,0.47554412,0.554937,0.6149868,0.5020934,0,1,1,1,0.5368903,1.0,0.99991643,1.0,0.98651475,0.99999475,1,1,1,1,0.99660647,1.0,False,0
227,,Panobinostat,,,,,,,E,Antineoplastic,Multiple myeloma,CHEMBL483254,L01XH03,1.0,1.0,85990.0,0.0,2.0,True,2015.0,0.0,,,0.0,4.0,Small molecule,1.0,True,1.0,False,0.0,PANOBINOSTAT,0.0,MOL,True,False,-stat,enzyme inhibitors: histone deacetylase inhibitors,-stat (-inostat),2011.0,False,Cc1[nH]c2ccccc2c1CCNCc1ccc(/C=C/C(=O)NO)cc1,349.43,3.33,,,,,,"Apoptosis related,Autophagy,HDAC,HIV Protease",Epigenetics,"Panobinostat (LBH589, NVP-LBH589) is a novel broad-spectrum HDAC inhibitor with IC50 of 5 nM in a cell-free assay. Panobinostat (LBH589) induces autophagy and apoptosis. Panobinostat effectively disrupts HIV latency in vivo. Phase 3.",404950-80-7,197.46,No DILI,No DILI,No DILI,2020 Sep 25,,,FPOHNWQLNRZRFC,0,Success,Cc1[nH]c2ccccc2c1CCNCc1ccc(/C=C/C(O)=NO)cc1,0.67418087,0.7371991,0.6766759,0.68223375,1,1,1,1,0.6925725,1.0,0.999926,1.0,0.954557,0.99330103,1,1,1,1,0.986946,1.0,False,0
228,,Pantothenic acid,,,,,,,E,HDS: Nutritional Suppl,General health,CHEMBL1594,,0.0,0.0,46905.0,0.0,1.0,True,1993.0,0.0,,Vitamin (enzyme co-factor),0.0,4.0,Small molecule,1.0,False,0.0,True,0.0,PANTOTHENIC ACID,0.0,MOL,False,False,,,,,False,CC(C)(CO)[C@@H](O)C(=O)NCCC(=O)O,219.24,-1.04,,,,,,,,,,,No DILI,No DILI,No DILI,,,,GHOKWGTUZJEAQD,0,Success,CC(C)(CO)C(O)C(=O)NCCC(=O)O,0.18171622,0.11792965,0.3573978,0.06803488,0,0,0,0,0.18126965,0.0,0.09322139,0.647884,0.28178984,1.0,0,1,0,1,0.50572383,0.0,False,0
229,,Paritaprevir,,,,,,,B,Antimicrobial,Antiviral: HCV,CHEMBL3391662,,0.0,0.0,,0.0,1.0,True,2014.0,0.0,,,0.0,4.0,Small molecule,1.0,True,0.0,False,0.0,PARITAPREVIR,0.0,MOL,True,False,-vir,antivirals: serine protease inhibitors,-vir (-previr),2014.0,False,Cc1cnc(C(=O)N[C@H]2CCCCC/C=C\[C@@H]3C[C@@]3(C(=O)NS(=O)(=O)C3CC3)NC(=O)[C@@H]3C[C@@H](Oc4nc5ccccc5c5ccccc45)CN3C2=O)cn1,765.89,3.64,,,,,,HCV Protease,Proteases,Paritaprevir (ABT-450) is a nonstructural (NS) protein 3/4A protease inhibitor.,1216941-48-8,130.57,DILI (likely),DILI,Likely,,,,UAUIUKWPKRJZJV,1,Success,Cc1cnc(C(=O)NC2CCCCC/C=C\[C@@H]3C[C@@]3(C(=O)NS(=O)(=O)C3CC3)NC(=O)C3C[C@@H](Oc4nc5ccccc5c5ccccc45)CN3C2=O)cn1,0.68230504,0.66903174,0.65541357,0.552917,1,1,1,1,0.63991684,1.0,0.9989266,0.00061474583,0.7064856,0.9968246,1,0,1,1,0.67571294,1.0,True,1
230,,Pasireotide,,,,,,,E*,Endocrine,Cushings syndrome,CHEMBL3349607,H01CB05,1.0,0.0,72312.0,0.0,1.0,False,2012.0,1.0,"PEPTIDE1{[X1776].[Phg].[dW].K.[Tyr(Bzl)].F}$PEPTIDE1,PEPTIDE1,6:R2-1:R1$$$",,0.0,4.0,Protein,1.0,False,1.0,True,0.0,PASIREOTIDE,0.0,BOTH,True,False,-tide,peptides: inhibition of growth hormone release,-tide (-reotide),2011.0,False,NCCCC[C@@H]1NC(=O)[C@@H](Cc2c[nH]c3ccccc23)NC(=O)[C@H](c2ccccc2)NC(=O)[C@@H]2C[C@@H](OC(=O)NCCN)CN2C(=O)[C@H](Cc2ccccc2)NC(=O)[C@H](Cc2ccc(OCc3ccccc3)cc2)NC1=O,1047.23,,,,,,,SSTR,Endocrinology & Hormones,"Pasireotide (SOM230) is a multi-receptor ligand somatostatin analogue with high binding affinity for somatostatin receptor (SSTR) subtypes sst1,2,3 and sst5. It potently suppresses GH, IGF-I and ACTH secretion, indicating potential efficacy in acromegaly and Cushing’s disease.",396091-73-9,95.49,No DILI,No DILI,No DILI,2017 Apr 20,,,VMZMNAABQBOLAK,0,Success,NCCCCC1NC(=O)C(Cc2c[nH]c3ccccc23)NC(=O)C(c2ccccc2)NC(=O)C2C[C@@H](OC(=O)NCCN)CN2C(=O)C(Cc2ccccc2)NC(=O)C(Cc2ccc(OCc3ccccc3)cc2)NC1=O,0.55114174,0.49155083,0.6046651,0.3922157,1,0,1,0,0.50989336,0.0,0.9999759,0.9925487,0.64781946,0.99919885,1,1,1,1,0.90988576,1.0,False,0
231,,Pemigatinib,,,,,,,E*,Antineoplastic,"Cholangioca, FGFR2 fusion",CHEMBL4297522,L01EN02,1.0,0.0,,0.0,2.0,True,2020.0,0.0,,,0.0,4.0,Small molecule,0.0,True,1.0,False,0.0,PEMIGATINIB,0.0,MOL,True,False,-tinib,tyrosine kinase inhibitors,-tinib,2018.0,False,CCN1C(=O)N(c2c(F)c(OC)cc(OC)c2F)Cc2cnc3[nH]c(CN4CCOCC4)cc3c21,487.51,3.66,,,,,,FGFR,Angiogenesis,"Pemigatinib (INCB054828, Pemazyre) is an orally active and selective inhibitor of FGFR with IC50 of 0.4 nM, 0.5 nM, 1.2 nM and 30 nM for FGFR1, FGFR2, FGFR3 and FGFR4, respectively. Pemigatinib has the potential for cholangiocarcinoma.",1513857-77-6,82.05,No DILI,No DILI,No DILI,2022 Nov 30,,,HCDMJFOHIXMBOV,0,Success,CCN1C(=O)N(c2c(F)c(OC)cc(OC)c2F)Cc2cnc3[nH]c(CN4CCOCC4)cc3c21,0.60195297,0.5637608,0.6124654,0.5541944,1,1,1,1,0.5830934,1.0,0.103255175,0.9995234,0.99289703,0.99985635,0,1,1,1,0.773883,1.0,False,0
232,,Perampanel,,,,,,,E,CNS,Anticonvulsant,CHEMBL1214124,N03AX22,1.0,1.0,71013.0,0.0,2.0,True,2012.0,1.0,,,0.0,4.0,Small molecule,1.0,True,0.0,False,0.0,PERAMPANEL,0.0,MOL,True,False,-ampa-,ionotropic non-NMDA (N-methyl D-aspartate) glutamate receptors [AMPA (alpha-amino-3-hydroxy-5-methyl-4-isoxazolepropionic acid receptor) and/or KA (kainite antagonist) receptors]: antagonists,-ampa- (-ampanel),2006.0,False,N#Cc1ccccc1-c1cc(-c2ccccn2)cn(-c2ccccc2)c1=O,349.39,4.44,,,,,,,,,,,No DILI,No DILI,No DILI,2016 May 4,,,PRMWGUBFXWROHD,0,Success,N#Cc1ccccc1-c1cc(-c2ccccn2)cn(-c2ccccc2)c1=O,0.8337742,0.8443583,0.81251687,0.8278895,1,1,1,1,0.8296347,1.0,0.99996626,0.9999417,0.9910349,0.9999982,1,1,1,1,0.99773526,1.0,False,0
233,,Pexidartinib,,,,,,,B,Antineoplastic,Tenosynovial giant cell tumor,CHEMBL3813873,L01EX15,1.0,1.0,,1.0,2.0,False,2019.0,1.0,,,0.0,4.0,Small molecule,0.0,True,0.0,False,0.0,PEXIDARTINIB,0.0,MOL,True,False,-tinib,tyrosine kinase inhibitors,-tinib,2017.0,False,FC(F)(F)c1ccc(CNc2ccc(Cc3c[nH]c4ncc(Cl)cc34)cn2)cn1,417.82,5.23,,,,,,"Apoptosis related,c-Kit,CSF-1R,FLT3",Protein Tyrosine Kinase,"Pexidartinib (PLX3397) is an oral, potent multi-targeted receptor tyrosine kinase inhibitor of CSF-1R, Kit (c-Kit), and FLT3 with IC50 of 20 nM, 10 nM and 160 nM, respectively. Pexidartinib (PLX3397) induces apoptosis and necrosis with antitumor activity. Phase 3.",1029044-16-3,198.65,DILI (likely),DILI,Likely,2019 Oct 10,,"CYP, Cholestasis/Biliary, Hypersensitivity",JGWRKYUXBBNENE,1,Success,FC(F)(F)c1ccc(CNc2ccc(Cc3c[nH]c4ncc(Cl)cc34)cn2)cn1,0.8363729,0.7963715,0.7693333,0.8488557,1,1,1,1,0.81273335,1.0,0.24335213,0.9999999,0.84931487,1.0793659e-06,0,1,1,0,0.523167,0.0,True,1
234,,Pheniramine,,,,,,,E,Respiratory,Allergy symptoms,CHEMBL1193,D04AA16; R06AB05,2.0,0.0,,0.0,0.0,False,1994.0,0.0,,,0.0,4.0,Small molecule,1.0,False,0.0,False,0.0,PHENIRAMINE,0.0,MOL,True,True,,,,1988.0,False,CN(C)CCC(c1ccccc1)c1ccccn1,240.35,3.17,,,,,,,,,,,No DILI,No DILI,No DILI,,,,IJHNSHDBIRRJRN,0,Success,CN(C)CCC(c1ccccc1)c1ccccn1,0.43345177,0.42458934,0.6130841,0.34662712,0,0,1,0,0.45443806,0.0,0.9999989,0.081512295,0.9911807,2.9162114e-16,1,0,1,0,0.518173,0.0,False,0
235,,Phenolphthalein,,,,,,,E,Gastrointestinal,Laxative,CHEMBL63857,A06AB04,-2.0,0.0,34914.0,0.0,2.0,True,,0.0,,Laxative,0.0,4.0,Small molecule,1.0,False,0.0,False,0.0,PHENOLPHTHALEIN,0.0,MOL,False,False,,,,,True,O=C1OC(c2ccc(O)cc2)(c2ccc(O)cc2)c2ccccc21,318.33,3.56,carcinogenicity,Oman; Canada; Saudi Arabia,May cause cancer,Withdrawn,carcinogenicity,Dyes,Others,Phenolphthalein (Phthalimetten) is an acid-base pH indicator.,77-09-8,197.91,No DILI,No DILI,No DILI,,,,KJFMBFZCATUALV,0,Success,O=C1OC(c2ccc(O)cc2)(c2ccc(O)cc2)c2ccccc21,0.698976,0.62735337,0.7690278,0.61133426,1,1,1,1,0.6766729,1.0,0.00024217187,0.00024177598,0.9522358,0.00039139317,0,0,1,0,0.23827778,0.0,False,0
236,,Phenylbutyrate,,,,,,,E,Genetic,Urea cycle disorders,CHEMBL1469,,1.0,0.0,41500.0,0.0,2.0,False,1996.0,0.0,,Antihyperammonemic,0.0,4.0,Small molecule,1.0,True,0.0,False,0.0,PHENYLBUTANOIC ACID,1.0,MOL,True,False,,,,1995.0,False,O=C(O)CCCc1ccccc1,164.2,2.09,,,,,,,,,,,No DILI,No DILI,No DILI,,,,OBKXEAXTFZPCHS,0,Success,O=C(O)CCCc1ccccc1,0.6545598,0.5469379,0.630374,0.5642611,1,1,1,1,0.59903324,1.0,0.9999505,3.582394e-05,0.97602034,1.0,1,0,1,1,0.7440017,1.0,False,0
237,,Phenyltoloxamine,,,,,,,E,Respiratory,Allergy symptoms,CHEMBL186720,,,0.0,,0.0,2.0,False,,0.0,,,0.0,2.0,Small molecule,1.0,False,0.0,False,0.0,PHENYLTOLOXAMINE,0.0,MOL,False,False,,,,,False,CN(C)CCOc1ccccc1Cc1ccccc1,255.36,3.22,,,,,,,,,,,No DILI,No DILI,No DILI,,,,IZRPKIZLIFYYKR,0,Success,CN(C)CCOc1ccccc1Cc1ccccc1,0.45655274,0.53489155,0.61247927,0.43366492,0,1,1,0,0.50939715,0.0,0.9999988,1.0,0.99424535,0.00022160161,1,1,1,0,0.7486164,1.0,False,0
238,,Pimavanserin,,,,,,,E,CNS,Antipsychotic,CHEMBL2111101,N05AX17,1.0,1.0,,0.0,2.0,False,2016.0,0.0,,,0.0,4.0,Small molecule,0.0,True,0.0,False,0.0,PIMAVANSERIN,0.0,MOL,True,False,-anserin,serotonin 5-HT2 receptor antagonists,-anserin,2005.0,False,CC(C)COc1ccc(CNC(=O)N(Cc2ccc(F)cc2)C2CCN(C)CC2)cc1,427.56,4.67,,,,,,,,,,,No DILI,No DILI,No DILI,2023 Jun 10,,,RKEWSXXUOLRFBX,0,Success,CC(C)COc1ccc(CNC(=O)N(Cc2ccc(F)cc2)C2CCN(C)CC2)cc1,0.40654334,0.45196843,0.5607975,0.40269843,0,0,1,0,0.45550194,0.0,0.18086897,0.9999999,0.9817711,0.9911379,0,1,1,1,0.7884445,1.0,False,0
239,,Pirbuterol,,,,,,,E,Respiratory,Bronchodilation,CHEMBL1094966,R03CC07; R03AC08,1.0,0.0,8245.0,0.0,0.0,False,1986.0,0.0,,Bronchodilator,0.0,4.0,Small molecule,1.0,False,0.0,False,0.0,PIRBUTEROL,0.0,MOL,True,True,-terol,bronchodilators (phenethylamine derivatives),-terol,1973.0,False,CC(C)(C)NCC(O)c1ccc(O)c(CO)n1,240.3,0.7,,,,,,,,,,,No DILI,No DILI,No DILI,,,,VQDBNKDJNJQRDG,0,Success,CC(C)(C)NCC(O)c1ccc(O)c(CO)n1,0.3687869,0.2685942,0.5353267,0.115582146,0,0,1,0,0.32207248,0.0,0.7353119,0.99996984,0.7397715,1.0,1,1,1,1,0.8687633,1.0,False,0
240,,Pirtobrutinib,,,,,,,E,Antineoplastic,"CLL, Mantle Cell Lymphoma",CHEMBL4650485,,1.0,0.0,,0.0,1.0,True,2023.0,0.0,,,0.0,4.0,Small molecule,0.0,True,0.0,False,0.0,PIRTOBRUTINIB,0.0,MOL,True,False,-tinib,tyrosine kinase inhibitors: tyrosine kinase inhibitors Bruton's (Btk) inhibitors,-tinib (-brutinib),2021.0,False,COc1ccc(F)cc1C(=O)NCc1ccc(-c2nn([C@@H](C)C(F)(F)F)c(N)c2C(N)=O)cc1,479.43,3.43,,,,,,BTK,Angiogenesis,"Pirtobrutinib (LOXO-305, LY 3527727, RXC-005) is a highly selective, non-covalent, next generation BTK inhibitor with an IC50 of 5.69 nM in WT BTK HEK cells. Pirtobrutinib shows more than 300-fold selective for BTK over 98% of 370 other kinases.",2101700-15-4,200.24,No DILI,No DILI,No DILI,2024 Jul 15,,,FWZAWAUZXYCBKZ,0,Success,COc1ccc(F)cc1C(=O)NCc1ccc(-c2nn([C@@H](C)C(F)(F)F)c(N)c2C(N)=O)cc1,0.76007247,0.7994483,0.68698317,0.85666233,1,1,1,1,0.7757915,1.0,0.99996746,1.0,0.98878455,1.0,1,1,1,1,0.997188,1.0,False,0
241,,Pitolisant,,,,,,,E,CNS,"Narcolepsy, sleepiness",CHEMBL462605,N07XX11,1.0,0.0,,0.0,2.0,False,2019.0,1.0,,,0.0,4.0,Small molecule,1.0,True,0.0,False,0.0,PITOLISANT,0.0,MOL,True,False,-isant,histamine H3 receptor antagonists,-isant,2018.0,False,Clc1ccc(CCCOCCCN2CCCCC2)cc1,295.85,4.17,,,,,,,,,,,No DILI,No DILI,No DILI,2021 Aug 18,,,NNACHAUCXXVJSP,0,Success,Clc1ccc(CCCOCCCN2CCCCC2)cc1,0.43726915,0.2612476,0.5104282,0.32861754,0,0,1,0,0.38439062,0.0,0.8871767,0.4921677,0.9913318,0.99818784,1,0,1,1,0.842216,1.0,False,0
242,,Plecanatide,,,,,,,E,Gastrointestinal,Constipation,CHEMBL2103867,A06AX07,1.0,1.0,,0.0,1.0,True,2017.0,0.0,"PEPTIDE1{N.D.E.C.E.L.C.V.N.V.A.C.T.G.C.L}$PEPTIDE1,PEPTIDE1,12:R3-4:R3|PEPTIDE1,PEPTIDE1,15:R3-7:R3$$$",,0.0,4.0,Protein,1.0,True,0.0,False,0.0,PLECANATIDE,0.0,BOTH,True,False,-tide,peptides,-tide,2010.0,False,CC(C)C[C@H](NC(=O)[C@@H]1CSSC[C@@H]2NC(=O)[C@H](CC(C)C)NC(=O)[C@H](CCC(=O)O)NC(=O)[C@@H](NC(=O)[C@H](CCC(=O)O)NC(=O)[C@H](CC(=O)O)NC(=O)[C@@H](N)CC(N)=O)CSSC[C@H](NC(=O)[C@H](C)NC(=O)[C@H](C(C)C)NC(=O)[C@H](CC(N)=O)NC(=O)[C@H](C(C)C)NC2=O)C(=O)N[C@@H]([C@@H](C)O)C(=O)NCC(=O)N1)C(=O)O,1681.91,,,United States,,Black Box Warning,,,,,,,No DILI,No DILI,No DILI,2019 Apr 16,,,NSPHQWLKCGGCQR,0,Success,CC(C)CC(NC(=O)C1CSSC[C@@H]2NC(=O)C(CC(C)C)NC(=O)C(CCC(=O)O)NC(=O)C(NC(=O)C(CCC(=O)O)NC(=O)C(CC(=O)O)NC(=O)C(N)CC(N)=O)CSSC[C@H](NC(=O)C(C)NC(=O)C(C(C)C)NC(=O)C(CC(N)=O)NC(=O)C(C(C)C)NC2=O)C(=O)NC([C@@H](C)O)C(=O)NCC(=O)N1)C(=O)O,0.46124646,0.18903488,0.5004134,0.27103484,0,0,1,0,0.3554324,0.0,0.9988821,0.38110232,0.20162497,1.0,1,0,0,1,0.6454023,0.0,False,0
243,,Ponatinib,,,,,,,E*,Antineoplastic,Leukemia,CHEMBL1171837,L01EA05,1.0,1.0,78543.0,0.0,2.0,False,2012.0,0.0,,,0.0,4.0,Small molecule,0.0,True,1.0,False,0.0,PONATINIB,0.0,MOL,True,False,-tinib,tyrosine kinase inhibitors,-tinib,2010.0,False,Cc1ccc(C(=O)Nc2ccc(CN3CCN(C)CC3)c(C(F)(F)F)c2)cc1C#Cc1cnc2cccnn12,532.57,4.46,,,,,,"Autophagy,Bcr-Abl,FGFR,PDGFR,Src,VEGFR",Angiogenesis,"Ponatinib (AP24534) is a novel, potent multi-target inhibitor of Abl, PDGFRα, VEGFR2, FGFR1 and Src with IC50 of 0.37 nM, 1.1 nM, 1.5 nM, 2.2 nM and 5.4 nM in cell-free assays, respectively. Ponatinib (AP24534) inhibits autophagy.",943319-70-8,56.33,No DILI,No DILI,No DILI,2020 May 10,,,PHXJVRSECIGDHY,0,Success,Cc1ccc(C(=O)Nc2ccc(CN3CCN(C)CC3)c(C(F)(F)F)c2)cc1C#Cc1cnc2cccnn12,0.6373696,0.6093824,0.67905354,0.75422835,1,1,1,1,0.6700085,1.0,0.9997782,0.9825401,0.9671864,0.6751585,1,1,1,1,0.9061658,1.0,False,0
244,,Ponesimod,,,,,,,E*,CNS,Multiple sclerosis,CHEMBL1096146,L04AA50,1.0,0.0,,0.0,1.0,True,2021.0,0.0,,,0.0,4.0,Small molecule,1.0,True,0.0,False,0.0,PONESIMOD,0.0,MOL,True,False,-imod,immunomodulators,-imod,2015.0,False,CCC/N=C1\S/C(=C\c2ccc(OC[C@H](O)CO)c(Cl)c2)C(=O)N1c1ccccc1C,460.98,4.27,,,,,,S1P Receptor,GPCR & G Protein,"Ponesimod (ACT-128800) is an orally active, selective sphingosine-1-phosphate receptor 1 (S1P1) immunomodulator with EC50 of 5.7 nM.",854107-55-4,199.58,No DILI,No DILI,No DILI,2021 Jul 15,,,LPAUOXUZGSBGDU,0,Success,CCC/N=C1\S/C(=C\c2ccc(OC[C@H](O)CO)c(Cl)c2)C(=O)N1c1ccccc1C,0.699808,0.57023674,0.69063514,0.68382764,1,1,1,1,0.6611269,1.0,0.9997569,0.9725405,0.9840258,0.009317796,1,1,1,0,0.74141026,1.0,False,0
245,,Pralsetinib,,,,,,,E*,Antineoplastic,RET pos NSCLC,CHEMBL4582651,L01EX23,1.0,0.0,,0.0,1.0,True,2020.0,0.0,,,0.0,4.0,Small molecule,0.0,True,0.0,False,0.0,PRALSETINIB,0.0,MOL,True,False,-tinib,tyrosine kinase inhibitors,-tinib,2019.0,False,CO[C@]1(C(=O)N[C@@H](C)c2ccc(-n3cc(F)cn3)nc2)CC[C@H](c2nc(C)cc(Nc3cc(C)[nH]n3)n2)CC1,533.61,4.2,,,,,,c-RET,Apoptosis,"Pralsetinib (BLU-667, CS 3009, Gavreto) is a highly potent and selective RET (c-RET) inhibitor with an IC50 of 0.4 nM for WT RET. It also demonstrates potent activity (IC50 0.4 nmol/L) against common oncogenic RET alterations, including RET (M918T).",2097132-94-8,187.41,No DILI,No DILI,No DILI,2023 Aug 12,,,GBLBJPZSROAGMF,0,Success,CO[C@]1(C(=O)N[C@@H](C)c2ccc(-n3cc(F)cn3)nc2)CC[C@H](c2nc(C)cc(Nc3cc(C)[nH]n3)n2)CC1,0.7417549,0.7271126,0.6872075,0.7541721,1,1,1,1,0.7275618,1.0,0.9523373,1.0,0.97975713,1.0,1,1,1,1,0.9830236,1.0,False,0
246,,Prilocaine,,,,,,,E,CNS,"Anesthetic, local",CHEMBL1194,N01BB04; N01BB54,1.0,0.0,8404.0,0.0,0.0,True,1965.0,0.0,,Anesthetic (local),0.0,4.0,Small molecule,1.0,False,0.0,True,0.0,PRILOCAINE,0.0,MOL,True,True,-caine,local anesthetics,-caine,1966.0,False,CCCNC(C)C(=O)Nc1ccccc1C,220.32,2.32,,,,,,Sodium Channel,Transmembrane Transporters,"Prilocaine (NSC 40027) is a local anesthetic of the amino amide type. It acts on sodium channels on the neuronal cell membrane, limiting the spread of seizure activity and reducing seizure propagation.",721-50-6,199.72,No DILI,No DILI,No DILI,,,,MVFGUOIZUNYYSO,0,Success,CCCNC(C)C(=O)Nc1ccccc1C,0.4946727,0.41142526,0.5371667,0.529697,0,0,1,1,0.49324042,0.0,0.3752402,0.9999963,0.8791461,1.2831611e-05,0,1,1,0,0.5635989,0.0,False,0
247,,Prucalopride,,,,,,,E,Gastrointestinal,Constipation,CHEMBL117287,A06AX05,1.0,0.0,,0.0,2.0,True,2009.0,0.0,,,0.0,4.0,Small molecule,1.0,True,0.0,False,0.0,PRUCALOPRIDE,0.0,MOL,True,False,-pride,sulpride derivatives and analogs,-pride,2011.0,False,COCCCN1CCC(NC(=O)c2cc(Cl)c(N)c3c2OCC3)CC1,367.88,2.09,,,,,,5-HT Receptor,Neuronal Signaling,"Prucalopride (R-93877) is a selective, high affinity 5-HT receptor agonist for 5-HT4A and 5-HT4B receptor with Ki of 2.5 nM and 8 nM, respectively, exhibits >290-fold selectivity against other 5-HT receptor subtypes.",179474-81-8,163.1,No DILI,No DILI,No DILI,2019 Apr 25,,,ZPMNHBXQOOVQJL,0,Success,COCCCN1CCC(NC(=O)c2cc(Cl)c(N)c3c2OCC3)CC1,0.5091625,0.4087411,0.537581,0.5003054,1,0,1,1,0.4889475,1.0,0.99999344,1.0,0.99318415,0.9999999,1,1,1,1,0.99829435,1.0,False,0
248,,Quercetin,,,,,,,E,HDS: Nutritional Suppl,Antioxidant,CHEMBL50,,,0.0,16243.0,0.0,2.0,False,,0.0,,,0.0,3.0,Small molecule,1.0,False,0.0,False,0.0,QUERCETIN,0.0,MOL,False,False,,,,,False,O=c1c(O)c(-c2ccc(O)c(O)c2)oc2cc(O)cc(O)c12,302.24,1.99,,,,,,"Apoptosis related,Autophagy,Mitophagy,PI3K,PKC,Sirtuin,Src",Epigenetics,"Quercetin (NSC 9221, Sophoretin, C.I. 75720), a natural flavonoid present in vegetables, fruit and wine, is a stimulator of recombinant SIRT1 and also a PI3K inhibitor with IC50 of 2.4-5.4 μM. Quercetin induces mitophagy, apoptosis and protective autophagy. Phase 4.",117-39-5,201.83,No DILI,No DILI,No DILI,,,,REFJWTPEDVJJIY,0,Success,O=c1c(O)c(-c2ccc(O)c(O)c2)oc2cc(O)cc(O)c12,0.80496025,0.7717215,0.79695475,0.66078615,1,1,1,1,0.75860566,1.0,0.99980646,0.99996436,0.9809676,1.0,1,1,1,1,0.9951846,1.0,False,0
249,,Quinupristin,,,,,,,E*,Antimicrobial,Antibacterial,CHEMBL1200649,,1.0,0.0,,0.0,1.0,True,1999.0,0.0,,Antibacterial,0.0,4.0,Small molecule,1.0,False,0.0,True,0.0,QUINUPRISTIN,0.0,MOL,True,False,-pris-; -pristin,"steriodal compounds acting on progesterone receptors (excluding-gest- compounds); antibacterials, pristinamycin derivatives",-pris-; -pristin,1993.0,False,CC[C@H]1NC(=O)[C@@H](NC(=O)c2ncccc2O)[C@@H](C)OC(=O)[C@H](c2ccccc2)NC(=O)[C@@H]2CC(=O)[C@H](CS[C@@H]3CN4CCC3CC4)CN2C(=O)[C@H](Cc2ccc(N(C)C)cc2)N(C)C(=O)[C@@H]2CCCN2C1=O,1022.24,,,,,,,Others,Others,"Quinupristin, a streptogramin antibiotic, blocks peptide bond synthesis to prevent the extension of polypeptide chains and promote the detachment of incomplete protein chains in the bacterial ribosomal subunits.",120138-50-3,48.91,No DILI,No DILI,No DILI,,,,WTHRRGMBUAHGNI,0,Success,CCC1NC(=O)C(NC(=O)c2ncccc2O)[C@@H](C)OC(=O)C(c2ccccc2)NC(=O)C2CC(=O)C(CS[C@@H]3CN4CCC3CC4)CN2C(=O)C(Cc2ccc(N(C)C)cc2)N(C)C(=O)C2CCCN2C1=O,0.46446708,0.5169932,0.5688088,0.46720657,0,1,1,0,0.5043689,0.0,1.0,0.99998295,0.97207975,1.0,1,1,1,1,0.99301565,1.0,False,0
250,,Quizartinib,,,,,,,E,Antineoplastic,Acute myelogenous leukemia,CHEMBL576982,L01EX11,1.0,1.0,90217.0,1.0,2.0,False,2023.0,0.0,,,0.0,4.0,Small molecule,1.0,True,0.0,False,0.0,QUIZARTINIB,0.0,MOL,True,False,-tinib,tyrosine kinase inhibitors,-tinib,2010.0,False,CC(C)(C)c1cc(NC(=O)Nc2ccc(-c3cn4c(n3)sc3cc(OCCN5CCOCC5)ccc34)cc2)no1,560.68,5.86,,,,,,"Apoptosis related,FLT3,Target Protein Ligand",Angiogenesis,"Quizartinib (AC220) is a second-generation FLT3 inhibitor for Flt3(ITD/WT) with IC50 of 1.1 nM/4.2 nM in MV4-11 and RS4;11 cells, respectively, 10-fold more selective for Flt3 than KIT, PDGFRα, PDGFRβ, RET, and CSF-1R. Quizartinib (AC220) induces apoptosis of tumor cells. Phase 3.",950769-58-1,58.86,No DILI,No DILI,No DILI,2024 Jul 21,,,CVWXJKQAOSCOAB,0,Success,CC(C)(C)c1cc(NC(=O)Nc2ccc(-c3cn4c(n3)sc3cc(OCCN5CCOCC5)ccc34)cc2)no1,0.733546,0.78965056,0.69983715,0.76840675,1,1,1,1,0.7478601,1.0,0.99993455,0.99999774,0.9996439,0.999985,1,1,1,1,0.99989027,1.0,False,0
251,,Regorafenib,,,,,,,B,Antineoplastic,Colon cancer,CHEMBL1946170,L01EX05,1.0,1.0,68647.0,0.0,2.0,True,2012.0,0.0,,,0.0,4.0,Small molecule,0.0,True,0.0,False,0.0,REGORAFENIB,0.0,MOL,True,False,-rafenib,rapidly accelerated fibrosarcoma (RAF) kinase inhibitors,-rafenib,2011.0,False,CNC(=O)c1cc(Oc2ccc(NC(=O)Nc3ccc(Cl)c(C(F)(F)F)c3)c(F)c2)ccn1,482.82,5.69,,United States,,Black Box Warning,,"Autophagy,c-Kit,c-RET,PDGFR,Raf,VEGFR",Protein Tyrosine Kinase,"Regorafenib (BAY 73-4506,Fluoro-Sorafenib, Resihance, Stivarga) is a multi-target inhibitor for VEGFR1, VEGFR2, VEGFR3, PDGFRβ, Kit (c-Kit), RET (c-RET) and Raf-1 with IC50 of 13 nM/4.2 nM/46 nM, 22 nM, 7 nM, 1.5 nM and 2.5 nM in cell-free assays, respectively. Regorafenib induces autophagy.",755037-03-7,200.9,DILI (likely),DILI,Likely,2018 Jun 6,,"Hepatitis, Necrosis, CYP, Sinusoidal, Cirrhosis, Encephalopathy, Immune-mediated, Hypersensitivity",FNHKPVJBJVTLMP,1,Success,CNC(=O)c1cc(Oc2ccc(NC(=O)Nc3ccc(Cl)c(C(F)(F)F)c3)c(F)c2)ccn1,0.83292824,0.8618009,0.7484451,0.8328897,1,1,1,1,0.819016,1.0,0.26976845,0.99944836,0.97298145,0.99998724,0,1,1,1,0.8105464,1.0,True,1
252,,Relugolix,,,,,,,E,Antineoplastic,Prostate cancer,CHEMBL1800159,L02BX04,1.0,0.0,,0.0,2.0,True,2019.0,0.0,,,0.0,4.0,Small molecule,0.0,True,0.0,False,0.0,RELUGOLIX,0.0,MOL,True,False,-golix,gonadotropin releasing hormone (GnRH) receptor antagonists (nonpeptide),-golix,2015.0,False,CONC(=O)Nc1ccc(-c2sc3c(c2CN(C)C)c(=O)n(-c2ccc(OC)nn2)c(=O)n3Cc2c(F)cccc2F)cc1,623.64,3.75,,,,,,GNRH Receptor,Endocrinology & Hormones,"Relugolix (RVT-601, TAK-385) is a selective antagonist of the gonadotropin-releasing hormone receptor (GnRHR) with IC50 of 0.33 nM and 0.32 nM for human GnRHR and monkey GnRHR, respectively.",737789-87-6,97.81,No DILI,No DILI,No DILI,2023 May 28,,,AOMXMOCNKJTRQP,0,Success,CONC(=O)Nc1ccc(-c2sc3c(c2CN(C)C)c(=O)n(-c2ccc(OC)nn2)c(=O)n3Cc2c(F)cccc2F)cc1,0.7514106,0.7973998,0.71790916,0.74239206,1,1,1,1,0.7522779,1.0,0.961702,0.06597208,0.9996265,4.774273e-07,1,0,1,0,0.50682527,0.0,False,0
253,,Remimazolam,,,,,,,E,CNS,Sedation for procedulres,CHEMBL4297526,N05CD14,1.0,1.0,,0.0,1.0,False,2020.0,0.0,,,0.0,4.0,Small molecule,1.0,False,0.0,True,0.0,REMIMAZOLAM,0.0,MOL,True,False,,,,2019.0,False,COC(=O)CC[C@@H]1N=C(c2ccccn2)c2cc(Br)ccc2-n2c(C)cnc21,439.31,4.18,,,,,,,,,,,No DILI,No DILI,No DILI,2023 Jun 22,,,CYHWMBVXXDIZNZ,0,Success,COC(=O)CC[C@@H]1N=C(c2ccccn2)c2cc(Br)ccc2-n2c(C)cnc21,0.796611,0.7361543,0.7236723,0.67330503,1,1,1,1,0.7324357,1.0,0.0027358462,0.9947173,0.99758995,0.8487531,0,1,1,1,0.71094906,1.0,False,0
254,,Resveratrol,,,,,,,E,HDS: Herbal Product,Aging,CHEMBL165,,,0.0,45713.0,0.0,2.0,False,,0.0,,,0.0,3.0,Small molecule,1.0,False,0.0,False,0.0,RESVERATROL,0.0,MOL,False,False,,,,,False,Oc1ccc(/C=C/c2cc(O)cc(O)c2)cc1,228.25,2.97,,,,,,"AMPK,Apoptosis related,Autophagy,COX,ERK,IκB/IKK,JNK,Lipoxygenase,Mitophagy,Sirtuin,Src,STAT",Autophagy,"Resveratrol (SRT501, trans-Resveratrol) has a wide spectrum of targets including cyclooxygenases(i.e. COX, IC50=1.1 μM), lipooxygenases（LOX, IC50=2.7 μM）, kinases, sirtuins and other proteins. It has anti-cancer, anti-inflammatory, blood-sugar-lowering and other beneficial cardiovascular effects. Resveratrol induces mitophagy/autophagy and autophagy-dependent apoptosis.",501-36-0,197.16,No DILI,No DILI,No DILI,,,,LUKBXSAWLPMMSZ,0,Success,Oc1ccc(C=Cc2cc(O)cc(O)c2)cc1,0.7496973,0.7273607,0.78330123,0.7731592,1,1,1,1,0.75837964,1.0,0.99926776,0.99999774,0.9958781,1.0,1,1,1,1,0.99878585,1.0,False,0
255,,Revefenacin,,,,,,,E,Respiratory,COPD,CHEMBL3833319,R03BB08,1.0,0.0,,0.0,2.0,True,2018.0,0.0,,,0.0,4.0,Small molecule,1.0,False,0.0,False,0.0,REVEFENACIN,0.0,MOL,True,True,-fenacin,muscarinic receptor antagonists,-fenacin,2016.0,False,CN(CCN1CCC(OC(=O)Nc2ccccc2-c2ccccc2)CC1)C(=O)c1ccc(CN2CCC(C(N)=O)CC2)cc1,597.76,4.84,,,,,,AChR,Neuronal Signaling,"Revefenacin (TD-4208, GSK-1160724) is a potent, lung-selective, long-acting muscarinic antagonist that may be for the treatment of respiratory disease.",864750-70-9,167.29,No DILI,No DILI,No DILI,,,,FYDWDCIFZSGNBU,0,Success,CN(CCN1CCC(OC(=O)Nc2ccccc2-c2ccccc2)CC1)C(=O)c1ccc(CN2CCC(C(N)=O)CC2)cc1,0.45621532,0.49129507,0.5844299,0.3991952,0,0,1,0,0.48278385,0.0,0.9996469,0.99920243,0.9460252,0.0007243217,1,1,1,0,0.7363997,1.0,False,0
256,,Rifamycin,,,,,,,E,Gastrointestinal,Travelers diarrhea,CHEMBL437765,S02AA12; A07AA13; J04AB03; D06AX15; S01AA16,1.0,0.0,29673.0,0.0,1.0,False,2018.0,0.0,,,0.0,4.0,Small molecule,1.0,True,0.0,False,0.0,RIFAMYCIN,0.0,MOL,True,False,-mycin; rifa-,antibiotics (Streptomyces strain); antibiotics (rifamycin derivatives),-mycin; rifa-,2009.0,False,CO[C@H]1/C=C/O[C@@]2(C)Oc3c(C)c(O)c4c(O)c(cc(O)c4c3C2=O)NC(=O)/C(C)=C\C=C\[C@H](C)[C@H](O)[C@@H](C)[C@@H](O)[C@@H](C)[C@H](OC(C)=O)[C@@H]1C,697.78,4.75,,,,,,,,,,,No DILI,No DILI,No DILI,2019 Apr 11,,,HJYYPODYNSCCOU,0,Success,CO[C@H]1/C=C/O[C@@]2(C)Oc3c(C)c(O)c4c(O)c(cc(O)c4c3C2=O)NC(=O)C(C)=CC=CC(C)[C@H](O)[C@@H](C)[C@@H](O)[C@@H](C)[C@H](OC(C)=O)[C@@H]1C,0.61500025,0.5046673,0.5915768,0.534592,1,1,1,1,0.56145906,1.0,0.99999964,0.999337,0.93609357,1.0,1,1,1,1,0.9838576,1.0,False,0
257,,Rimegepant,,,,,,,E,CNS,Migraine treatment,CHEMBL2178422,N02CD06,1.0,0.0,,0.0,1.0,False,2020.0,0.0,,,0.0,4.0,Small molecule,0.0,True,0.0,False,0.0,RIMEGEPANT,0.0,MOL,True,False,-gepant,calcitonin gene-related peptide receptor antagonists,-gepant,2013.0,False,N[C@@H]1c2cccnc2[C@H](OC(=O)N2CCC(n3c(=O)[nH]c4ncccc43)CC2)CC[C@H]1c1cccc(F)c1F,534.57,4.49,,,,,,CGRP Receptor,GPCR & G Protein,"Rimegepant (BMS-927711, BHV-3000) is a potent, selective, competitive human calcitonin gene-related peptide (CGRP) receptor antagonist with ki of 0.027 nM.",1289023-67-1,187.07,No DILI,No DILI,No DILI,2025 Jan 12,,,KRNAOFGYEFKHPB,0,Success,N[C@@H]1c2cccnc2[C@H](OC(=O)N2CCC(n3c(=O)[nH]c4ncccc43)CC2)CC[C@H]1c1cccc(F)c1F,0.6288555,0.6432724,0.67218244,0.52082336,1,1,1,1,0.6162834,1.0,0.84623206,0.9406173,0.79256403,0.5711806,1,1,1,1,0.7876485,1.0,False,0
258,,Riociguat,,,,,,,E,Respiratory,Pulmonary Hypertension,CHEMBL2107834,C02KX05,1.0,1.0,76018.0,0.0,2.0,True,2013.0,1.0,,,0.0,4.0,Small molecule,0.0,True,0.0,False,0.0,RIOCIGUAT,0.0,MOL,True,False,-ciguat,guanaline cyclase activators,-ciguat,2012.0,False,COC(=O)N(C)c1c(N)nc(-c2nn(Cc3ccccc3F)c3ncccc23)nc1N,422.42,2.44,teratogenicity,United States,,Black Box Warning,,Guanylate Cyclase,GPCR & G Protein,"Riociguat (BAY 63-2521) is an oral soluble guanylate cyclase (GC) stimulator, used in the treatment of ipulmonary hypertension.",625115-55-1,198.85,No DILI,No DILI,No DILI,2018 Jun 4,,,WXXSNCNJFUAIDG,0,Success,COC(=O)N(C)c1c(N)nc(-c2nn(Cc3ccccc3F)c3ncccc23)nc1N,0.7535706,0.7974126,0.7409388,0.7658326,1,1,1,1,0.7644387,1.0,0.99980265,0.99999905,0.997109,0.99103206,1,1,1,1,0.9969857,1.0,False,0
259,,Ripretinib,,,,,,,E,Antineoplastic,"GIST, refractory",CHEMBL4216467,L01EX19,1.0,0.0,,0.0,2.0,True,2020.0,0.0,,,0.0,4.0,Small molecule,0.0,True,1.0,False,0.0,RIPRETINIB,0.0,MOL,True,False,-retin-; -tinib,retinol derivatives; tyrosine kinase inhibitors,-retin-; -tinib,2017.0,False,CCn1c(=O)c(-c2cc(NC(=O)Nc3ccccc3)c(F)cc2Br)cc2cnc(NC)cc21,510.37,5.67,,,,,,"c-Kit,PDGFR",Protein Tyrosine Kinase,"DCC-2618 is an orally bioavailable switch pocket control inhibitor of wild-type and mutated forms of the tumor-associated antigens (TAA) mast/stem cell factor receptor (SCFR) Kit (c-Kit) and PDGFR-alpha, with IC50 values of 4 nM, 8 nM, 18 nM, 5 nM and 14 nM for WT Kit (c-Kit), V654A Kit (c-Kit), T670I Kit (c-Kit), D816H Kit (c-Kit) and D816V Kit (c-Kit), respectively.",1442472-39-0,195.94,No DILI,No DILI,No DILI,2023 Oct 12,,,CEFJVGZHQAGLHS,0,Success,CCn1c(=O)c(-c2cc(NC(=O)Nc3ccccc3)c(F)cc2Br)cc2cnc(NC)cc21,0.7905026,0.8094745,0.75024,0.7198111,1,1,1,1,0.7675071,1.0,0.2527311,0.17319,0.99767596,0.99999475,0,0,1,1,0.60589796,0.0,False,0
260,,Risdiplam,,,,,,,E,Genetic,Spinal muscular atrophy,CHEMBL4297528,M09AX10,1.0,0.0,,0.0,2.0,True,2020.0,0.0,,,0.0,4.0,Small molecule,0.0,True,1.0,False,0.0,RISDIPLAM,0.0,MOL,True,False,-plam,survival motor neurin SMN1 and SMN2 splicing modulators,-plam,2018.0,False,Cc1cn2nc(-c3cc(=O)n4cc(N5CCNC6(CC6)C5)ccc4n3)cc(C)c2n1,401.47,1.96,,,,,,,,,,,No DILI,No DILI,No DILI,2024 Jun 15,,,ASKZRYGFUPSJPN,0,Success,Cc1cn2nc(-c3cc(=O)n4cc(N5CCNC6(CC6)C5)ccc4n3)cc(C)c2n1,0.74932903,0.7138083,0.71430576,0.79029214,1,1,1,1,0.7419338,1.0,0.99673057,1.0,0.9892322,0.92195725,1,1,1,1,0.97698003,1.0,False,0
261,,Ritlecitinib,,,,,,,E*,Dermatologic,Alopecia areata,CHEMBL4085457,,1.0,1.0,,0.0,1.0,False,2023.0,0.0,,,0.0,4.0,Small molecule,0.0,True,0.0,False,0.0,RITLECITINIB,0.0,MOL,True,False,-tinib,tyrosine kinase inhibitors: tyrosine kinase inhibitors; janus kinase inhibitors,-tinib (-citinib),,False,C=CC(=O)N1C[C@H](Nc2ncnc3[nH]ccc23)CC[C@@H]1C,285.35,1.94,,,,,,JAK,JAK/STAT,"Ritlecitinib (PF-06651600) is a potent and irreversible JAK3-selective inhibitor with an IC50 of 33.1 nM but without activity (IC50 > 10 000 nM) against JAK1, JAK2, and TYK2.",1792180-81-4,199.76,No DILI,No DILI,No DILI,2024 Mar 25,,,CBRJPFGIXUFMTM,0,Success,C=CC(=O)N1C[C@H](Nc2ncnc3[nH]ccc23)CC[C@@H]1C,0.6250766,0.65368044,0.65074646,0.6312979,1,1,1,1,0.6402004,1.0,0.8198099,0.66945356,0.78623444,0.99999976,1,1,1,1,0.8188744,1.0,False,0
262,,Roflumilast,,,,,,,E,Respiratory,Asthma,CHEMBL193240,R03DX07,1.0,0.0,47657.0,0.0,2.0,True,2010.0,1.0,,,0.0,4.0,Small molecule,0.0,True,0.0,False,0.0,ROFLUMILAST,0.0,MOL,True,False,-ast,antiasthmatics/antiallergics (not acting primarily as antihistamines): type IV phosphodiesterase,-ast (-milast),2002.0,False,O=C(Nc1c(Cl)cncc1Cl)c1ccc(OC(F)F)c(OCC2CC2)c1,403.21,5.03,,,,,,PDE,Metabolism,"Roflumilast (APTA 2217, B9302-107, BY 217, BYK 20869) is a selective inhibitor of PDE4 with IC50 of 0.2-4.3 nM in a cell-free assay.",162401-32-3,200.89,No DILI,No DILI,No DILI,2018 Jun 4,,,MNDBXUUTURYVHR,0,Success,O=C(Nc1c(Cl)cncc1Cl)c1ccc(OC(F)F)c(OCC2CC2)c1,0.87012196,0.82628727,0.740594,0.86935407,1,1,1,1,0.8265893,1.0,0.99999094,0.010552609,0.9976775,1.0,1,0,1,1,0.7520553,1.0,False,0
263,,Rolapitant,,,,,,,E,Gastrointestinal,Antiemetic,CHEMBL3707331,A04AD14,1.0,0.0,,0.0,1.0,False,2015.0,0.0,,,0.0,4.0,Small molecule,0.0,True,0.0,False,0.0,ROLAPITANT,0.0,MOL,True,False,-tant,tachykinin (neurokinin) receptor antagonists: NK1 receptor antagonists,-tant (-pitant),2005.0,False,C[C@@H](OC[C@@]1(c2ccccc2)CC[C@]2(CCC(=O)N2)CN1)c1cc(C(F)(F)F)cc(C(F)(F)F)c1,500.48,5.73,,,,,,Neurokinin Receptor,Neuronal Signaling,"Rolapitant (SCH-619734) is a selective and competitive antagonist of human substance P/NK1 receptors with antiemetic activity. It has a high affinity for the human NK1 receptor of 0.66 nM and high selectivity over the human NK2 and NK3 subtypes of >1000-fold, as well as preferential affinity for human, guinea pig, gerbil and monkey NK1 receptors over rat, mouse and rabbit.",552292-08-7,199.81,No DILI,No DILI,No DILI,2024 Mar 1,,,FIVSJYGQAIEMOC,0,Success,C[C@@H](OC[C@@]1(c2ccccc2)CC[C@]2(CCC(=O)N2)CN1)c1cc(C(F)(F)F)cc(C(F)(F)F)c1,0.61282396,0.55193883,0.5825722,0.51005256,1,1,1,1,0.5643469,1.0,3.0374002e-07,0.047781218,0.06503876,2.619071e-08,0,0,0,0,0.028205078,0.0,False,0
264,,Ropivacaine,,,,,,,E,CNS,"Anesthetic, local",CHEMBL1077896,N01BB09,1.0,0.0,8890.0,0.0,1.0,False,1996.0,0.0,,,0.0,4.0,Small molecule,1.0,False,0.0,True,0.0,ROPIVACAINE,0.0,MOL,True,False,-caine,local anesthetics,-caine,,False,CCCN1CCCC[C@H]1C(=O)Nc1c(C)cccc1C,274.41,3.51,,,,,,Others,Others,Ropivacaine is a member of the amino amide class of local anesthetics.,84057-95-4,83.82,No DILI,No DILI,No DILI,,,,ZKMNUMMKYBVTFN,0,Success,CCCN1CCCCC1C(=O)Nc1c(C)cccc1C,0.5247046,0.47448692,0.542057,0.5784262,1,0,1,1,0.5299187,1.0,0.9981554,1.0,0.97571,0.94187814,1,1,1,1,0.97893584,1.0,False,0
265,,Rotigotine,,,,,,,E,CNS,Parkinson disease,CHEMBL1303,N04BC09,1.0,0.0,,0.0,1.0,True,2007.0,0.0,,,0.0,4.0,Small molecule,1.0,False,0.0,False,0.0,ROTIGOTINE,0.0,MOL,True,True,,,,2004.0,False,CCCN(CCc1cccs1)[C@H]1CCc2c(O)cccc2C1,315.48,4.27,,,,,,Dopamine Receptor,Neuronal Signaling,"Rotigotine(N-0923) is a dopamine receptor agonist, used in the treatment of Parkinson's disease and restless legs syndrome.",99755-59-6,199.7,No DILI,No DILI,No DILI,2017 Jul 21,,,KFQYTPMOWPVWEJ,0,Success,CCCN(CCc1cccs1)[C@H]1CCc2c(O)cccc2C1,0.6182357,0.478161,0.64787376,0.31742406,1,0,1,0,0.51542366,0.0,0.9975865,0.42001322,0.99117917,8.0521284e-05,1,0,1,0,0.6022149,0.0,False,0
266,,Rucaparib,,,,,,,E*,Antineoplastic,Ovarian Cancer,CHEMBL1173055,L01XK03,1.0,0.0,,0.0,2.0,False,2016.0,0.0,,,0.0,4.0,Small molecule,0.0,True,0.0,False,0.0,RUCAPARIB,0.0,MOL,True,False,-parib,poly-ADP-ribose polymerase inhibitors,-parib,2010.0,False,CNCc1ccc(-c2[nH]c3cc(F)cc4c3c2CCNC4=O)cc1,323.37,2.98,,,,,,PARP,DNA Damage/DNA Repair,"Rucaparib (AG-014699, PF-01367338) is an inhibitor of PARP with Ki of 1.4 nM for PARP1 in a cell-free assay, also showing binding affinity to eight other PARP domains. Phase 3.",459868-92-9,199.35,No DILI,No DILI,No DILI,2017 Jun 1,,,HMABYWSNWIZPAG,0,Success,CNCc1ccc(-c2[nH]c3cc(F)cc4c3c2CCNC4=O)cc1,0.65228975,0.7172046,0.6917015,0.6431323,1,1,1,1,0.676082,1.0,0.99992144,0.08323917,0.97512984,2.5231337e-05,1,0,1,0,0.51457894,0.0,False,0
267,,Safinamide,,,,,,,E,CNS,Parkinson,CHEMBL396778,N04BD03,1.0,0.0,,0.0,1.0,True,2015.0,0.0,,,0.0,4.0,Small molecule,0.0,True,0.0,False,0.0,SAFINAMIDE,0.0,MOL,True,False,,,,2011.0,False,C[C@H](NCc1ccc(OCc2cccc(F)c2)cc1)C(N)=O,302.35,2.37,,,,,,MAO,Metabolism,"Safinamide (EMD-1195686, PNU-15774E) is an orally active, selective, reversible <v>monoamine oxidase-B inhibitor with both dopaminergic and non-dopaminergic (glutamatergic) properties. The IC50 value of safinamide for MAO-B is 98 nM.",133865-89-1,198.45,No DILI,No DILI,No DILI,2019 Apr 8,,,NEMGRZFTLSKBAP,0,Success,CC(NCc1ccc(OCc2cccc(F)c2)cc1)C(N)=O,0.57077575,0.68850124,0.6449834,0.6560871,1,1,1,1,0.6400869,1.0,0.9999765,0.9999993,0.91442096,1.0,1,1,1,1,0.9785992,1.0,False,0
268,,Sarecycline,,,,,,,E*,Antimicrobial,Acne,CHEMBL2364632,J01AA14,1.0,0.0,,0.0,1.0,False,2018.0,0.0,,,0.0,4.0,Small molecule,1.0,True,0.0,False,0.0,SARECYCLINE,0.0,MOL,True,False,-cycline,antibiotics (tetracycline derivatives),-cycline,2012.0,False,CON(C)Cc1ccc(O)c2c1C[C@H]1C[C@H]3[C@H](N(C)C)C(O)=C(C(N)=O)C(=O)[C@@]3(O)C(O)=C1C2=O,487.51,0.11,,,,,,,,,,,No DILI,No DILI,No DILI,2019 Apr 10,,,PQJQFLNBMSCUSH,0,Success,CON(C)Cc1ccc(O)c2c1C[C@H]1C[C@H]3C(N(C)C)C(=O)C(C(N)=O)C(=O)[C@@]3(O)C(=O)C1C2=O,0.44696563,0.4252341,0.4939585,0.1969047,0,0,0,0,0.39076573,0.0,1.0,0.97206694,0.9779454,8.100198e-11,1,1,1,0,0.73750305,1.0,False,0
269,,Secnidazole,,,,,,,E,Antimicrobial,Vaginosis,CHEMBL498847,P01AB07,1.0,0.0,,0.0,0.0,True,2017.0,0.0,,,0.0,4.0,Small molecule,1.0,True,0.0,False,0.0,SECNIDAZOLE,0.0,MOL,True,False,-nidazole,antiprotozoal substances (metronidazole type),-nidazole,2015.0,False,Cc1ncc([N+](=O)[O-])n1CC(C)O,185.18,0.48,,,,,,Anti-infection,Microbiology,"Secnidazole (Flagentyl, PM 185184, RP 14539) is a nitroimidazole anti-infective.",3366-95-8,199.81,No DILI,No DILI,No DILI,2020 Feb 25,,,KPQZUUQMTUIKBP,0,Success,Cc1ncc([N+](=O)[O-])n1CC(C)O,0.77710617,0.847647,0.59537476,0.9272306,1,1,1,1,0.78683966,1.0,0.9999995,1.0,0.99015546,1.0,1,1,1,1,0.99753875,1.0,False,0
270,,Seladelpar,,,,,,,E*,Gastroenterology,Primary Biliary Cholangitis,CHEMBL230158,,,0.0,,0.0,1.0,False,,0.0,,,0.0,3.0,Small molecule,0.0,False,0.0,False,0.0,SELADELPAR,0.0,MOL,False,False,-delpar,PPAR delta receptor agonists,-delpar,2017.0,False,CCO[C@H](COc1ccc(C(F)(F)F)cc1)CSc1ccc(OCC(=O)O)c(C)c1,444.47,5.05,,,,,,,,,,,No DILI,No DILI,No DILI,2024 Sep 18,,,JWHYSEDOYMYMNM,0,Success,CCO[C@H](COc1ccc(C(F)(F)F)cc1)CSc1ccc(OCC(=O)O)c(C)c1,0.7264927,0.8006654,0.6508321,0.828714,1,1,1,1,0.7516761,1.0,0.016299266,1.0,0.972244,0.020984553,0,1,1,0,0.502382,0.0,False,0
271,,Selexipag,,,,,,,E,Respiratory,Pulmonary hypertension,CHEMBL238804,B01AC27,1.0,0.0,,0.0,2.0,True,2015.0,0.0,,,0.0,4.0,Small molecule,1.0,True,0.0,False,0.0,SELEXIPAG,0.0,MOL,True,False,,,,2011.0,False,CC(C)N(CCCCOCC(=O)NS(C)(=O)=O)c1cnc(-c2ccccc2)c(-c2ccccc2)n1,496.63,3.9,,,,,,Prostaglandin Receptor,Immunology & Inflammation,"Selexipag (NS-304, ACT-293987) is an orally active, first-in-class, selective prostacyclin IP receptor agonist with Ki value of 260 nM for human IP, whereas Ki values > 10,000 nM are measured at the other human G-protein-coupled prostanoid receptors (EP1-4, DP, FP and TP).",475086-01-2,199.35,No DILI,No DILI,No DILI,2016 Nov 10,,,QXWZQTURMXZVHJ,0,Success,CC(C)N(CCCCOCC(=O)NS(C)(=O)=O)c1cnc(-c2ccccc2)c(-c2ccccc2)n1,0.52916795,0.50807095,0.634352,0.37832773,1,1,1,0,0.51247966,1.0,0.9955397,0.9999567,0.6805633,0.06468931,1,1,1,0,0.6851873,1.0,False,0
272,,Selinexor,,,,,,,E*,Antineoplastic,Rel/Ref Multiple Myeloma,CHEMBL3545185,L01XX66,1.0,0.0,,0.0,2.0,True,2019.0,1.0,,,0.0,4.0,Small molecule,0.0,True,0.0,False,0.0,SELINEXOR,0.0,MOL,True,False,-nexor,exportin 1 inhibitors,-nexor,2015.0,False,O=C(/C=C\n1cnc(-c2cc(C(F)(F)F)cc(C(F)(F)F)c2)n1)NNc1cnccn1,443.31,3.39,,,,,,CRM1,Transmembrane Transporters,"Selinexor (KPT-330, ATG-010) is an orally bioavailable selective CRM1 inhibitor. Phase 2.",1393477-72-9,198.51,No DILI,No DILI,No DILI,2023 Apr 29,,,DEVSOMFAQLZNKR,0,Success,O=C(/C=C\n1cnc(-c2cc(C(F)(F)F)cc(C(F)(F)F)c2)n1)NNc1cnccn1,0.82128,0.8108302,0.7076087,0.8390847,1,1,1,1,0.79470086,1.0,1.5131972e-11,0.035179447,0.13576573,2.7385008e-10,0,0,0,0,0.042736296,0.0,False,0
273,,Selpercatinib,,,,,,,E*,Antineoplastic,"NSCLC, Thyroid: RET",CHEMBL4559134,L01EX22,1.0,0.0,,0.0,2.0,True,2020.0,0.0,,,0.0,4.0,Small molecule,0.0,True,0.0,False,0.0,SELPERCATINIB,0.0,MOL,True,False,-tinib,tyrosine kinase inhibitors,-tinib,2019.0,False,COc1ccc(CN2C3CC2CN(c2ccc(-c4cc(OCC(C)(C)O)cn5ncc(C#N)c45)cn2)C3)cn1,525.61,3.28,,,,,,c-RET,Apoptosis,"Selpercatinib (LOXO-292, ARRY-192) is a potent and specific RET (c-RET) inhibitor with IC50 values of 1 nM, 2 nM, 2 nM, 4 nM, 2 nM, 2 nM for WT RET, RET V804M, RET V804L, RET A883F, RET M918T and RET S891A respectively.",2152628-33-4,47.56,No DILI,No DILI,No DILI,2023 Aug 12,,,XIIOFHFUYBLOLW,0,Success,COc1ccc(CN2C3CC2CN(c2ccc(-c4cc(OCC(C)(C)O)cn5ncc(C#N)c45)cn2)C3)cn1,0.686177,0.6703469,0.67412937,0.6120996,1,1,1,1,0.6606883,1.0,0.00012549154,0.2946612,0.99649256,0.08235953,0,0,1,0,0.34340972,0.0,False,0
274,,Selumetinib,,,,,,,E*,Antineoplastic,Neurofibromatosis,CHEMBL1614701,L01EE04,1.0,0.0,90227.0,1.0,2.0,False,2020.0,1.0,,,0.0,4.0,Small molecule,0.0,True,1.0,False,0.0,SELUMETINIB,0.0,MOL,True,False,-tinib,tyrosine kinase inhibitors: tyrosine kinase inhibitors; MEK (MAPK kinase) inhibitors,-tinib (-metinib),2009.0,False,Cn1cnc2c(F)c(Nc3ccc(Br)cc3Cl)c(C(=O)NOCCO)cc21,457.69,3.53,,,,,,"Apoptosis related,MEK",MAPK,"Selumetinib (AZD6244, ARRY-142886) is a potent, highly selective MEK inhibitor with IC50 of 14 nM for MEK1 and Kd value of 530 nM for MEK2. It  also inhibits ERK1/2 phosphorylation with IC50 of 10 nM, no inhibition to p38α, MKK6, EGFR, ErbB2, ERK2, B-Raf, etc. Selumetinib suppresses cell proliferation, migration and trigger apoptosis. Phase 3.",606143-52-6,198.83,No DILI,No DILI,No DILI,2021 Jan 21,,,CYOHGALHFOKKQC,0,Success,Cn1cnc2c(F)c(Nc3ccc(Br)cc3Cl)c(C(=O)NOCCO)cc21,0.74498314,0.7601036,0.7165998,0.49325168,1,1,1,0,0.67873454,1.0,0.031166183,0.99355114,0.99707806,0.99939,0,1,1,1,0.75529635,1.0,False,0
275,,Setmelanotide,,,,,,,E,Genetic,POMC deficiency; obesity,CHEMBL3301624,A08AA12,1.0,0.0,,0.0,1.0,True,2020.0,1.0,"PEPTIDE1{[ac].R.C.[dA].H.[dF].R.W.C.[am]}$PEPTIDE1,PEPTIDE1,9:R3-3:R3$$$",,0.0,4.0,Protein,1.0,False,1.0,True,0.0,SETMELANOTIDE,0.0,BOTH,True,False,-tide,peptides: melanocortin receptor agonists,-tide (-melanotide),2014.0,False,CC(=O)N[C@@H](CCCNC(=N)N)C(=O)N[C@H]1CSSC[C@@H](C(N)=O)NC(=O)[C@H](Cc2c[nH]c3ccccc23)NC(=O)[C@H](CCCNC(=N)N)NC(=O)[C@@H](Cc2ccccc2)NC(=O)[C@H](Cc2c[nH]cn2)NC(=O)[C@@H](C)NC1=O,1117.33,,,,,,,Melanocortin Receptor,GPCR & G Protein,"Setmelanotide (RM-493, BIM-22493, CAM 4072) is a cyclic peptide full agonist of melanocortin-4 receptor (MC4R) with an EC50 of 0.27 nM and a Ki of 2.1 nM.",920014-72-8,89.5,No DILI,No DILI,No DILI,2024 Jul 5,,,HDHDTKMUACZDAA,0,Success,CC(=O)NC(CCCN=C(N)N)C(=O)NC1CSSCC(C(N)=O)NC(=O)C(Cc2c[nH]c3ccccc23)NC(=O)C(CCCNC(=N)N)NC(=O)C(Cc2ccccc2)NC(=O)C(Cc2c[nH]cn2)NC(=O)C(C)NC1=O,0.53764105,0.3126534,0.5833129,0.36702856,1,0,1,0,0.45015898,0.0,0.9875048,2.4080255e-05,0.32755125,0.9984907,1,0,0,1,0.57839274,0.0,False,0
276,,Sevoflurane,,,,,,,B,CNS,"Anesthetic, general",CHEMBL1200694,N01AB08,1.0,0.0,9130.0,0.0,2.0,True,1995.0,0.0,,Anesthetic (inhalation),0.0,4.0,Small molecule,0.0,False,0.0,False,0.0,SEVOFLURANE,0.0,MOL,True,True,-flurane,general inhalation anesthetics (halogenated alkane derivatives),-flurane,1971.0,False,FCOC(C(F)(F)F)C(F)(F)F,200.05,2.42,,,,,,,,,,,DILI (likely),DILI,Likely,2018 Jan 1,,"Hepatitis, CYP, Immune-mediated",DFEYYRMXOJXZRJ,1,Success,FCOC(C(F)(F)F)C(F)(F)F,0.68025774,0.21568364,0.38720736,0.43622252,1,0,0,0,0.42984283,0.0,1.5177432e-12,9.9531644e-05,0.0037483221,0.95253,0,0,0,1,0.23909447,0.0,True,1
277,,Simeprevir,,,,,,,B,Antimicrobial,Antiviral: HCV,CHEMBL501849,J05AP05,1.0,1.0,,0.0,1.0,False,2013.0,0.0,,,0.0,4.0,Small molecule,1.0,True,0.0,False,0.0,SIMEPREVIR,0.0,MOL,True,False,-vir,antivirals: serine protease inhibitors,-vir (-previr),2010.0,False,COc1ccc2c(O[C@@H]3C[C@H]4C(=O)N[C@]5(C(=O)NS(=O)(=O)C6CC6)C[C@H]5/C=C\CCCCN(C)C(=O)[C@@H]4C3)cc(-c3nc(C(C)C)cs3)nc2c1C,749.96,5.25,,,,,,HCV Protease,Proteases,"Simeprevir (TMC-435, TMC-435350) is a competitive, reversible, macrocyclic, noncovalent hepatitis C virus (HCV) NS3/4A protease inhibitor that acts directly against the hepatitis C virus. It has a medium inhibitory concentration (IC50) <13 nM for all HCV NS3/4A enzymes(genotypes 1a, 1b, 2, 4, 5, and 6), but has an IC50 value of 37 nM for genotype 3.",923604-59-5,133.34,DILI (likely),DILI,Likely,2022 Feb 7,,"Hepatitis, CYP, Cirrhosis, Immune-mediated, Hypersensitivity",JTZZSQYMACOLNN,1,Success,COc1ccc2c(O[C@@H]3CC4C(=O)N[C@]5(C(=O)NS(=O)(=O)C6CC6)C[C@H]5/C=C\CCCCN(C)C(=O)C4C3)cc(-c3nc(C(C)C)cs3)nc2c1C,0.6601719,0.6736602,0.64293754,0.6122228,1,1,1,1,0.64724815,1.0,0.99999833,1.0,0.987538,1.0,1,1,1,1,0.9968841,1.0,True,1
278,,Siponimod,,,,,,,E*,CNS,Multiple sclerosis,CHEMBL2336071,L04AA42,1.0,0.0,,0.0,2.0,True,2019.0,0.0,,,0.0,4.0,Small molecule,0.0,True,0.0,False,0.0,SIPONIMOD,0.0,MOL,True,False,-imod,immunomodulators,-imod,2018.0,False,CCc1cc(/C(C)=N/OCc2ccc(C3CCCCC3)c(C(F)(F)F)c2)ccc1CN1CC(C(=O)O)C1,516.6,6.77,,,,,,S1P Receptor,GPCR & G Protein,"BAF312 (Siponimod) is a next-generation S1P receptor agonist, selective for S1P1 and S1P5 receptors with EC50 of 0.39 nM and 0.98 nM, exhibits >1000-fold selectivity over S1P2, S1P3 and S1P4 receptors. Phase 3.",1230487-00-9,193.57,No DILI,No DILI,No DILI,2021 Jul 15,,,KIHYPELVXPAIDH,0,Success,CCc1cc(/C(C)=N/OCc2ccc(C3CCCCC3)c(C(F)(F)F)c2)ccc1CN1CC(C(=O)O)C1,0.6008884,0.59384346,0.5749486,0.67062074,1,1,1,1,0.6100753,1.0,0.9999883,1.0,0.9278879,0.99999404,1,1,1,1,0.98196757,1.0,False,0
279,,Sofosbuvir,,,,,,,A,Antimicrobial,Antiviral: HCV,CHEMBL1259059,J05AP08,1.0,1.0,85083.0,0.0,1.0,True,2013.0,1.0,,,0.0,4.0,Small molecule,0.0,True,0.0,False,0.0,SOFOSBUVIR,1.0,MOL,True,False,-fos-; -vir,phosphoro-derivatives; antivirals: RNA polymerase (NS5B) inhibitors,-fos-; -vir (-buvir),2012.0,False,CC(C)OC(=O)[C@H](C)N[P@](=O)(OC[C@H]1O[C@@H](n2ccc(=O)[nH]c2=O)[C@](C)(F)[C@@H]1O)Oc1ccccc1,529.46,1.66,,United States,,Black Box Warning,,"DNA/RNA Synthesis,HCV Protease",DNA Damage/DNA Repair,"Sofosbuvir (PSI-7977, GS-7977) is a HCV NS5B polymerase inhibitor for the treatment of chronic hepatitis C virus (HCV) infection.",1190307-88-0,188.88,DILI (known),DILI,Known,2022 Feb 7,,"Hepatitis, CYP, Cirrhosis, Encephalopathy",TTZHDVOVKQGIBA,1,Success,CC(C)OC(=O)C(C)N[P@](=O)(OC[C@H]1O[C@@H](n2ccc(=O)[nH]c2=O)[C@](C)(F)[C@@H]1O)Oc1ccccc1,0.6420766,0.7864266,0.61430556,0.79865634,1,1,1,1,0.71036625,1.0,0.9999981,0.99999964,0.97370934,1.0,1,1,1,1,0.9934268,1.0,True,1
280,,Solriamfetol,,,,,,,E,CNS,"Nacrolepsy, sleepiness",CHEMBL4297212,,1.0,0.0,,0.0,1.0,True,2019.0,0.0,,,0.0,4.0,Small molecule,0.0,True,0.0,False,0.0,SOLRIAMFETOL HYDROCHLORIDE,0.0,MOL,True,False,,,,2017.0,False,Cl.NC(=O)OC[C@H](N)Cc1ccccc1,230.69,0.65,,,,,,,,,,,No DILI,No DILI,No DILI,2021 Aug 18,,,KAOVAAHCFNYXNJ,0,Success,NC(=O)OC[C@H](N)Cc1ccccc1,0.5709314,0.52129924,0.60874814,0.34961227,1,1,1,0,0.51264775,1.0,0.9681746,0.00037474328,0.9165043,0.9793971,1,0,1,1,0.7161127,1.0,False,0
281,,Somapacitan,,,,,,,E,Endocrine,Growth hormone deficiency,CHEMBL3707290,H01AC07,1.0,0.0,,0.0,1.0,True,2020.0,0.0,,,0.0,4.0,Small molecule,0.0,False,1.0,True,0.0,SOMAPACITAN,0.0,MOL,True,False,som-,growth hormone derivatives,som-,2016.0,False,C=C(CCCCCCCCCCCCCCCc1nnn[nH]1)NS(=O)(=O)CCCC(=O)NCCOCCOCC(=O)N[C@@H](CCC(=O)N[C@@H](CCC(=O)NCCOCCOCC(=O)N[C@@H](CCCCNC(=O)CSC[C@H](N)C(=O)O)C(N)=O)C(=O)O)C(=O)O,1308.59,,,,,,,,,,,,No DILI,No DILI,No DILI,2024 Jul 1,,,NAKSIOUBFDBTSW,0,Success,C=C(CCCCCCCCCCCCCCCc1nn[nH]n1)NS(=O)(=O)CCCC(=O)NCCOCCOCC(=O)NC(CCC(=O)NC(CCC(=O)NCCOCCOCC(=O)NC(CCCCNC(=O)CSCC(N)C(=O)O)C(N)=O)C(=O)O)C(=O)O,0.33794284,0.24591647,0.40198714,0.24609943,0,0,0,0,0.30798647,0.0,0.00076789473,5.261772e-10,0.5476616,1.0525481e-08,0,0,1,0,0.13710737,0.0,False,0
282,,Sonidegib,,,,,,,E*,Antineoplastic,Basal cell cancer,CHEMBL2105737,L01XJ02,1.0,1.0,,0.0,1.0,False,2015.0,0.0,,,0.0,4.0,Small molecule,0.0,True,0.0,False,0.0,SONIDEGIB,0.0,MOL,True,False,-degib,hedgehog signaling inhibitors,-degib,2011.0,False,Cc1c(C(=O)Nc2ccc(N3C[C@@H](C)O[C@@H](C)C3)nc2)cccc1-c1ccc(OC(F)(F)F)cc1,485.51,5.82,,,,,,Hedgehog/Smoothened,Stem Cells & Wnt,"Sonidegib (Erismodegib, NVP-LDE225) is a Smoothened (Smo) antagonist, inhibiting Hedgehog (Hh) signaling with IC50 of 1.3 nM (mouse) and 2.5 nM (human) in cell-free assays, respectively. Phase 3.",956697-53-3,199.79,No DILI,No DILI,No DILI,2017 Jun 1,,,VZZJRYRQSPEMTK,0,Success,Cc1c(C(=O)Nc2ccc(N3C[C@@H](C)O[C@@H](C)C3)nc2)cccc1-c1ccc(OC(F)(F)F)cc1,0.72773576,0.7097008,0.6774941,0.79296404,1,1,1,1,0.72697365,1.0,0.996053,0.99974734,0.9599113,0.9999999,1,1,1,1,0.98892784,1.0,False,0
283,,Stiripentol,,,,,,,E,Genetic,"Hereditary Amyloidosis, neuropathy",CHEMBL1983350,N03AX17,1.0,0.0,,0.0,0.0,True,2007.0,0.0,,Anticonvulsant,0.0,4.0,Small molecule,1.0,True,0.0,False,0.0,STIRIPENTOL,0.0,MOL,True,False,,,,1979.0,False,CC(C)(C)C(O)/C=C/c1ccc2c(c1)OCO2,234.29,2.84,,,,,,P450 (e.g. CYP17),Metabolism,Stiripentol (BCX2600) is a third-generation anti-epileptic drug that enhances GABAergic neurotransmission. It is an inhibitor of cytochrome P450.,49763-96-4,196.34,No DILI,No DILI,No DILI,2019 Apr 10,,,IBLNKMRFIPWSOY,0,Success,CC(C)(C)C(O)/C=C/c1ccc2c(c1)OCO2,0.6100018,0.5735884,0.59521055,0.4332436,1,1,1,0,0.55301106,1.0,1.0,1.0,0.99997866,1.0,1,1,1,1,0.99999464,1.0,False,0
284,,Sulbactam,,,,,,,E,Antimicrobial,Antibacterial,CHEMBL403,J01CG01,-1.0,0.0,9321.0,0.0,1.0,False,,0.0,,"Inhibitor (beta-lactamase); Synergist (penicillin/cephalosporin),Synergist (penicillin/cephalosporin); Inhibitor (beta-lactamase)",0.0,4.0,Small molecule,1.0,False,0.0,False,0.0,SULBACTAM,0.0,MOL,True,False,-bactam,beta-lactamase inhibitors,-bactam,,False,CC1(C)[C@H](C(=O)O)N2C(=O)C[C@H]2S1(=O)=O,233.24,-0.79,,,,,,Anti-infection,Microbiology,Sulbactam(CP45899) is a beta-lactamase inhibitor with an average IC50 of 0.8 μM.,68373-14-8,201.51,No DILI,No DILI,No DILI,,,,FKENQMMABCRJMK,0,Success,CC1(C)C(C(=O)O)N2C(=O)C[C@H]2S1(=O)=O,0.6659261,0.7213078,0.6856811,0.43164358,1,1,1,0,0.62613964,1.0,7.686427e-10,9.759701e-25,0.012742387,8.2838415e-07,0,0,0,0,0.003185804,0.0,False,0
285,,Sulfamerazine,,,,,,,A,Antimicrobial,Antibacterial,CHEMBL438,D06BA06; J01ED07,0.0,0.0,102130.0,0.0,2.0,True,1982.0,0.0,,Antibacterial,0.0,4.0,Small molecule,1.0,True,0.0,False,0.0,SULFAMERAZINE,0.0,MOL,True,False,sulfa-,antimicrobials (sulfonamides derivatives),sulfa-,,False,Cc1ccnc(NS(=O)(=O)c2ccc(N)cc2)n1,264.31,1.17,,,,,,Bacterial,Microbiology,"Sulfamerazine (RP 2632,sulphamerazine) is a sulfonamide antibacterial.",127-79-7,200.53,DILI (known),DILI,Known,,,,QPPBRPIAZZHUNT,1,Success,Cc1ccnc(NS(=O)(=O)c2ccc(N)cc2)n1,0.83009934,0.9122653,0.81879807,0.924665,1,1,1,1,0.8714569,1.0,0.9988695,1.0,0.9981153,1.0,1,1,1,1,0.9992462,1.0,True,1
286,,Sulfamethazine,,,,,,,A,Antimicrobial,Antibacterial,CHEMBL446,J01EB03,0.0,0.0,102265.0,0.0,2.0,True,1949.0,0.0,,Antibacterial,0.0,4.0,Small molecule,1.0,True,0.0,False,0.0,SULFAMETHAZINE,0.0,MOL,True,False,sulfa-,antimicrobials (sulfonamides derivatives),sulfa-,,False,Cc1cc(C)nc(NS(=O)(=O)c2ccc(N)cc2)n1,278.34,1.48,,,,,,Bacterial,Microbiology,"Sulfamethazine(Sulfadimidine,Sulfadimerazine) is a sulfonamide antibacterial.",57-68-1,201.2,DILI (known),DILI,Known,,,,ASWVTGNCAZCNNR,1,Success,Cc1cc(C)nc(NS(=O)(=O)c2ccc(N)cc2)n1,0.8314516,0.91052663,0.8122247,0.95502216,1,1,1,1,0.8773062,1.0,0.9987129,1.0,0.99860567,1.0,1,1,1,1,0.9993296,1.0,True,1
287,,Sulfinpyrazone,,,,,,,A,Antimicrobial,Antibacterial,CHEMBL832,M04AB02,0.0,0.0,9342.0,0.0,0.0,True,1959.0,0.0,,Uricosuric,0.0,4.0,Small molecule,1.0,True,0.0,False,0.0,SULFINPYRAZONE,0.0,MOL,True,False,,,,,False,O=C1C(CC[S+]([O-])c2ccccc2)C(=O)N(c2ccccc2)N1c1ccccc1,404.49,3.8,,,,,,,,,,,DILI (known),DILI,Known,,,,MBGGBVCUIVRRBF,1,Success,O=c1c(CC[S+]([O-])c2ccccc2)c(O)n(-c2ccccc2)n1-c1ccccc1,0.89982194,0.98199433,0.7877905,0.97893816,1,1,1,1,0.9121362,1.0,1.0,1.0,0.999813,1.0,1,1,1,1,0.99995327,1.0,True,1
288,,Sulfisoxazole,,,,,,,A,Antimicrobial,Antibacterial,CHEMBL453,J01EB05; S01AB02,0.0,0.0,102484.0,0.0,2.0,True,1971.0,0.0,,Antibacterial,0.0,4.0,Small molecule,1.0,True,0.0,False,0.0,SULFISOXAZOLE,0.0,MOL,True,False,,,,,False,Cc1noc(NS(=O)(=O)c2ccc(N)cc2)c1C,267.31,1.67,,,,,,Bacterial,Microbiology,Sulfisoxazole (NU-445) is a sulfonamide antibacterial with an oxazole substituent.,127-69-5,198.28,DILI (known),DILI,Known,,,,NHUHCSRWZMLRLA,1,Success,Cc1noc(NS(=O)(=O)c2ccc(N)cc2)c1C,0.8543471,0.95065033,0.8077354,0.9610734,1,1,1,1,0.8934516,1.0,1.0,1.0,0.9989422,1.0,1,1,1,1,0.99973553,1.0,True,1
289,,Suvorexant,,,,,,,E,CNS,Sedative/hypnotic,CHEMBL1083659,N05CM19,1.0,0.0,82698.0,0.0,1.0,True,2014.0,1.0,,,0.0,4.0,Small molecule,1.0,True,0.0,False,0.0,SUVOREXANT,0.0,MOL,True,False,,,,2010.0,False,Cc1ccc(-n2nccn2)c(C(=O)N2CCN(c3nc4cc(Cl)ccc4o3)CC[C@H]2C)c1,450.93,4.11,,,,,,,,,,,No DILI,No DILI,No DILI,2025 Feb 5,,,JYTNQNCOQXFQPK,0,Success,Cc1ccc(-n2nccn2)c(C(=O)N2CCN(c3nc4cc(Cl)ccc4o3)CC[C@H]2C)c1,0.74593693,0.73832613,0.74460775,0.7767872,1,1,1,1,0.75141454,1.0,0.0023829648,0.4832516,0.98832685,0.9999962,0,0,1,1,0.6184894,0.0,False,0
290,,TAK-875,,,,,,,,,,CHEMBL1829174,,,0.0,,1.0,1.0,False,,0.0,,,0.0,3.0,Small molecule,1.0,False,0.0,False,0.0,FASIGLIFAM,0.0,MOL,False,False,,,,2013.0,False,Cc1cc(OCCCS(C)(=O)=O)cc(C)c1-c1cccc(COc2ccc3c(c2)OC[C@H]3CC(=O)O)c1,524.64,5.31,,,,,,,,,,,DILI (withdrawn),DILI,Withdrawn,,,,BZCALJIHZVNMGJ,1,Success,Cc1cc(OCCCS(C)(=O)=O)cc(C)c1-c1cccc(COc2ccc3c(c2)OC[C@H]3CC(=O)O)c1,0.54955393,0.5810151,0.6683539,0.572527,1,1,1,1,0.5928625,1.0,0.9330651,1.0,0.9071949,0.9999999,1,1,1,1,0.960065,1.0,True,1
291,,Tafenoquine,,,,,,,E,Antimicrobial,Malaria,CHEMBL298470,P01BA07,1.0,0.0,,0.0,0.0,False,2018.0,0.0,,,0.0,4.0,Small molecule,0.0,True,0.0,False,0.0,TAFENOQUINE,0.0,MOL,True,False,,,,2012.0,False,COc1cc(C)c2c(Oc3cccc(C(F)(F)F)c3)c(OC)cc(NC(C)CCCN)c2n1,463.5,5.91,,,,,,Anti-infection,Others,"Tafenoquine (WR 238605) is an 8-aminoquinoline, used as an anti-malarial prophylactic agent.",106635-80-7,200.65,No DILI,No DILI,No DILI,2019 Apr 10,,,LBHLFPGPEGDCJG,0,Success,COc1cc(C)c2c(Oc3cccc(C(F)(F)F)c3)c(OC)cc(NC(C)CCCN)c2n1,0.7570418,0.6929141,0.6370819,0.79913414,1,1,1,1,0.72154295,1.0,0.9999943,1.0,0.9955735,0.9225304,1,1,1,1,0.97952455,1.0,False,0
292,,Talazoparib,,,,,,,E*,Antineoplastic,"Breast Cancer, HER2-",CHEMBL3137320,L01XK04,1.0,0.0,,1.0,1.0,False,2018.0,0.0,,,0.0,4.0,Small molecule,0.0,True,0.0,False,0.0,TALAZOPARIB,0.0,MOL,True,False,-parib,poly-ADP-ribose polymerase inhibitors,-parib,2014.0,False,Cn1ncnc1[C@H]1c2n[nH]c(=O)c3cc(F)cc(c23)N[C@@H]1c1ccc(F)cc1,380.36,2.63,,,,,,PARP,DNA Damage/DNA Repair,"Talazoparib (BMN 673, LT-673) is a novel PARP inhibitor with IC50 of 0.57 nM for PARP1 in a cell-free assay. It is also a potent inhibitor of PARP-2, but does not inhibit PARG and is highly sensitive to PTEN mutation. Phase 3.",1207456-01-6,99.91,No DILI,No DILI,No DILI,2019 Jan 20,,,HWGQMRYQVZSGDQ,0,Success,Cn1ncnc1[C@H]1c2n[nH]c(=O)c3cc(F)cc(c23)N[C@@H]1c1ccc(F)cc1,0.7329218,0.824562,0.764463,0.77487516,1,1,1,1,0.7742055,1.0,0.9670442,0.9887882,0.9975872,0.99999297,1,1,1,1,0.98835313,1.0,False,0
293,,Tasimelteon,,,,,,,E,CNS,Sedative/hypnotic,CHEMBL2103822,N05CH03,1.0,0.0,79042.0,0.0,1.0,True,2014.0,0.0,,,0.0,4.0,Small molecule,1.0,True,1.0,False,0.0,TASIMELTEON,0.0,MOL,True,False,-melteon,selective melatonin receptor agonist,-melteon,2007.0,False,CCC(=O)NC[C@@H]1C[C@H]1c1cccc2c1CCO2,245.32,2.25,,,,,,MT Receptor,Neuronal Signaling,"Tasimelteon (BMS 214778, VEC 162) is a selective dual melatonin receptor (MT1/MT2) agonist with 2.1-4.4 times greater affinity for the MT2 receptor believed to mediate circadian rhythm phase-shifting (Ki = 0.0692 nM and Ki = 0.17 nM in NIH-3T3 and CHOeK1 cells, respectively), than for the MT1 receptor (Ki = 0.304 nM and Ki = 0.35 nM, respectively).",609799-22-6,199.74,No DILI,No DILI,No DILI,,,,PTOIAAWZLUQTIO,0,Success,CCC(=O)NC[C@@H]1C[C@H]1c1cccc2c1CCO2,0.49815646,0.463404,0.5557986,0.44628555,0,0,1,0,0.49091113,0.0,0.99990654,0.0067908033,0.8990602,0.99999964,1,0,1,1,0.72643924,1.0,False,0
294,,Tazemetostat,,,,,,,E*,Antineoplastic,"Lymphoma, Sarcoma",CHEMBL3414621,L01XX72,1.0,0.0,,1.0,2.0,False,2020.0,1.0,,,0.0,4.0,Small molecule,1.0,True,0.0,False,0.0,TAZEMETOSTAT,0.0,MOL,True,False,-stat,enzyme inhibitors: histone N-methyl transferase inhibitors,-stat (-metostat),2018.0,False,CCN(c1cc(-c2ccc(CN3CCOCC3)cc2)cc(C(=O)NCc2c(C)cc(C)[nH]c2=O)c1C)C1CCOCC1,572.75,4.73,,,,,,"EZH1/2,Histone Methyltransferase",Epigenetics,"Tazemetostat (EPZ-6438, E7438) is a potent, and selective EZH2 inhibitor with Ki and IC50 of 2.5 nM and 11 nM in cell-free assays, exhibiting a 35-fold selectivity versus EZH1 and >4,500-fold selectivity relative to 14 other HMTs.",1403254-99-8,8.73,No DILI,No DILI,No DILI,2023 Aug 4,,,NSQSAUGJQHDYNO,0,Success,CCN(c1cc(-c2ccc(CN3CCOCC3)cc2)cc(C(=O)NCc2c(C)cc(C)[nH]c2=O)c1C)C1CCOCC1,0.48577774,0.49398288,0.592431,0.63918227,0,0,1,1,0.5528435,0.0,0.9999944,1.0,0.9942964,0.99999964,1,1,1,1,0.9985726,1.0,False,0
295,,Tecovirimat,,,,,,,E,Antimicrobial,Antiviral: Smallpox,CHEMBL1257073,J05AX24,1.0,0.0,,0.0,1.0,False,2018.0,1.0,,,0.0,4.0,Small molecule,0.0,True,0.0,False,0.0,TECOVIRIMAT,0.0,MOL,True,False,-vir-,"antivirals: antiviral, disrupts viral maturation",-vir- (-virimat),2008.0,False,O=C(NN1C(=O)[C@@H]2[C@@H]3C=C[C@@H]([C@H]4C[C@@H]34)[C@@H]2C1=O)c1ccc(C(F)(F)F)cc1,376.33,2.4,,,,,,Antiviral,Immunology & Inflammation,"Tecovirimat (Arestvyr, SIGA-246, ST-246, TPOXX) is an antiviral that inhibits the egress of orthopoxviruses by targeting viral p37 protein orthologs. Tecovirimat is developed for the treatment of smallpox infection.",869572-92-9,199.29,No DILI,No DILI,No DILI,2022 Oct 18,,,CSKDFZIMJXRJGH,0,Success,O=C(Nn1c(O)c2c(c1O)[C@@H]1C=C[C@H]2[C@H]2C[C@H]21)c1ccc(C(F)(F)F)cc1,0.738565,0.6505257,0.6681776,0.6586229,1,1,1,1,0.67897284,1.0,0.99952066,0.99954337,0.7476267,0.9999993,1,1,1,1,0.9366725,1.0,False,0
296,,Tedizolid,,,,,,,E*,Antimicrobial,Antibacterial,CHEMBL1257051,J01XX11,-1.0,0.0,82717.0,0.0,1.0,True,,0.0,,,0.0,4.0,Small molecule,0.0,False,0.0,False,0.0,TEDIZOLID,0.0,MOL,True,False,-zolid,oxazolidinone antibacterials,-zolid,2009.0,False,Cn1nnc(-c2ccc(-c3ccc(N4C[C@H](CO)OC4=O)cc3F)cn2)n1,370.34,1.4,,,,,,"Antibiotics,Bacterial",Microbiology,Tedizolid(TR-700) is an oxazolidinone-class antibiotic prodrug used for the treatment of acute bacterial skin and skin structure infections caused by susceptible isolates of several Gram-positive bacteria.,856866-72-3,27,No DILI,No DILI,No DILI,2016 Apr 2,,,XFALPSLJIHVRKE,0,Success,Cn1nnc(-c2ccc(-c3ccc(N4C[C@H](CO)OC4=O)cc3F)cn2)n1,0.7497038,0.81778914,0.71852046,0.65564775,1,1,1,1,0.7354153,1.0,0.99996257,0.9999956,0.99830997,1.0,1,1,1,1,0.99956703,1.0,False,0
297,,Telavancin,,,,,,,E,Antimicrobial,Antibacterial,CHEMBL507870,J01XA03,1.0,1.0,71229.0,0.0,1.0,False,2009.0,0.0,,,0.0,4.0,Unknown,1.0,False,0.0,True,0.0,TELAVANCIN,0.0,MOL,True,False,-vancin,vancomycin-related compounds,-vancin,2004.0,False,CCCCCCCCCCNCCN[C@@]1(C)C[C@H](O[C@H]2[C@H](Oc3c4cc5cc3Oc3ccc(cc3Cl)[C@@H](O)[C@@H](NC(=O)[C@@H](CC(C)C)NC)C(=O)N[C@@H](CC(N)=O)C(=O)N[C@H]5C(=O)N[C@H]3C(=O)N[C@H](C(=O)N[C@H](C(=O)O)c5cc(O)c(CNCP(=O)(O)O)c(O)c5-c5cc3ccc5O)[C@H](O)c3ccc(c(Cl)c3)O4)O[C@H](CO)[C@@H](O)[C@@H]2O)O[C@@H](C)[C@H]1O,1755.66,,,,,,,,,,,,No DILI,No DILI,No DILI,,,,ONUMZHGUFYIKPM,0,Success,CCCCCCCCCCNCCN[C@@]1(C)C[C@H](O[C@H]2[C@H](Oc3c4cc5cc3Oc3ccc(cc3Cl)[C@@H](O)C3NC(=O)C(NC(=O)C5NC(=O)C(CC(N)=O)NC(=O)C(NC(=O)C(CC(C)C)NC)[C@H](O)c5ccc(c(Cl)c5)O4)c4ccc(O)c(c4)-c4c(cc(O)c(CNCP(=O)(O)O)c4O)C(C(=O)O)NC3=O)O[C@H](CO)[C@@H](O)[C@@H]2O)O[C@@H](C)[C@H]1O,0.51004076,0.42687154,0.54222006,0.34897417,1,0,1,0,0.45702666,0.0,0.99117845,0.19481315,0.5978085,0.9998901,1,0,1,1,0.69592255,1.0,False,0
298,,Telotristat,,,,,,,E,Gastrointestinal,Diarrhea from Carcinoid,CHEMBL2103855,A16AX15,-1.0,0.0,,0.0,1.0,False,,0.0,,,0.0,4.0,Small molecule,0.0,False,0.0,False,0.0,TELOTRISTAT,0.0,MOL,True,False,-stat,enzyme inhibitors: tryptophan hydroxylase inhibitors,-stat (-tristat),2010.0,False,Cc1ccn(-c2cc(Cl)ccc2[C@@H](Oc2cc(-c3ccc(C[C@H](N)C(=O)O)cc3)nc(N)n2)C(F)(F)F)n1,546.94,4.51,,,,,,,,,,,No DILI,No DILI,No DILI,2019 Apr 7,,,NCLGDOBQAWBXRA,0,Success,Cc1ccn(-c2cc(Cl)ccc2[C@@H](Oc2cc(-c3ccc(CC(N)C(=O)O)cc3)nc(N)n2)C(F)(F)F)n1,0.7807262,0.7101741,0.7313953,0.7250512,1,1,1,1,0.7368367,1.0,0.6005768,0.9999999,0.9747508,0.9930031,1,1,1,1,0.89208263,1.0,False,0
299,,Tenapanor,,,,,,,E,Gastrointestinal,IBS-constipation,CHEMBL3304485,A06AX08,0.0,1.0,,1.0,1.0,False,2019.0,1.0,,,0.0,4.0,Small molecule,1.0,True,0.0,False,0.0,TENAPANOR,0.0,MOL,True,False,-napanor,sodium-hydrogen antiporter (also called sodium-proton exchanger) inhibitors,-napanor,2014.0,False,CN1Cc2c(Cl)cc(Cl)cc2[C@H](c2cccc(S(=O)(=O)NCCOCCOCCNC(=O)NCCCCNC(=O)NCCOCCOCCNS(=O)(=O)c3cccc([C@@H]4CN(C)Cc5c(Cl)cc(Cl)cc54)c3)c2)C1,1145.07,,,,,,,,,,,,No DILI,No DILI,No DILI,2023 Apr 30,,,DNHPDWGIXIMXSA,0,Success,CN1Cc2c(Cl)cc(Cl)cc2[C@H](c2cccc(S(=O)(=O)NCCOCCOCCNC(=O)NCCCCNC(=O)NCCOCCOCCNS(=O)(=O)c3cccc([C@@H]4CN(C)Cc5c(Cl)cc(Cl)cc54)c3)c2)C1,0.4501236,0.44282502,0.6003483,0.39133716,0,0,1,0,0.4711585,0.0,0.28992525,0.892113,0.97283465,0.00050398824,0,1,1,0,0.5388442,0.0,False,0
300,,Terodiline,,,,,,,E,Urologic,Bladder symptoms,CHEMBL363295,G04BD05,-2.0,0.0,,0.0,0.0,False,1986.0,0.0,,Vasodilator (coronary),0.0,4.0,Small molecule,0.0,False,0.0,False,0.0,TERODILINE,0.0,MOL,True,False,-dil-,vasodilators (undefined group),-dil-,1966.0,True,CC(CC(c1ccccc1)c1ccccc1)NC(C)(C)C,281.44,4.99,,,,,,,,,,,No DILI,No DILI,No DILI,,,,UISARWKNNNHPGI,0,Success,CC(CC(c1ccccc1)c1ccccc1)NC(C)(C)C,0.59435076,0.50747937,0.6431924,0.40133134,1,1,1,0,0.5365885,1.0,0.9999434,1.0,0.99698585,1.0,1,1,1,1,0.9992323,1.0,False,0
301,,Tezacaftor,,,,,,,E*,Genetic,Cystic fibrosis,CHEMBL3544914,,1.0,0.0,,0.0,1.0,True,2018.0,0.0,,,0.0,4.0,Small molecule,0.0,True,0.0,False,0.0,TEZACAFTOR,0.0,MOL,True,False,-caftor,cystic fibrosis transmembrane regulator (CFTR) protein modulators,-caftor,2015.0,False,CC(C)(CO)c1cc2cc(NC(=O)C3(c4ccc5c(c4)OC(F)(F)O5)CC3)c(F)cc2n1C[C@@H](O)CO,520.5,3.4,,,,,,,,,,,No DILI,No DILI,No DILI,,,,MJUVRTYWUMPBTR,0,Success,CC(C)(CO)c1cc2cc(NC(=O)C3(c4ccc5c(c4)OC(F)(F)O5)CC3)c(F)cc2n1C[C@@H](O)CO,0.5719991,0.5474034,0.5887218,0.30632147,1,1,1,0,0.5036114,1.0,0.9990583,0.9999999,0.92509204,1.0,1,1,1,1,0.98103756,1.0,False,0
302,,Tivozanib,,,,,,,E*,Antineoplastic,Renal cell carcinoma,CHEMBL1289494,L01EK03,1.0,0.0,,0.0,2.0,False,2017.0,0.0,,,0.0,4.0,Small molecule,1.0,True,0.0,False,0.0,TIVOZANIB,0.0,MOL,True,False,-anib,angiogenesis inhibitors,-anib,2009.0,False,COc1cc2nccc(Oc3ccc(NC(=O)Nc4cc(C)on4)c(Cl)c3)c2cc1OC,454.87,5.64,,,,,,"c-Kit,PDGFR,VEGFR",Protein Tyrosine Kinase,"Tivozanib (AV-951, KRN-951) is a potent and selective VEGFR inhibitor for VEGFR1/2/3 with IC50 of 30 nM/6.5 nM/15 nM, and also inhibits PDGFR and c-Kit, low activity observed against FGFR-1, Flt3, c-Met, EGFR and IGF-1R. Phase 3.",475108-18-0,43.97,No DILI,No DILI,No DILI,2023 Dec 26,,,SPMVMDHWKHCIDT,0,Success,COc1cc2nccc(Oc3ccc(NC(=O)Nc4cc(C)on4)c(Cl)c3)c2cc1OC,0.8848003,0.90661114,0.78239465,0.934617,1,1,1,1,0.8771058,1.0,0.99824893,1.0,0.9999552,1.0,1,1,1,1,0.99955106,1.0,False,0
303,,Tofacitinib,,,,,,,E*,Rheumatologic,Rheumatic Disease,CHEMBL221959,L04AA29,1.0,1.0,71200.0,1.0,1.0,False,2012.0,0.0,,,0.0,4.0,Small molecule,1.0,True,0.0,False,0.0,TOFACITINIB,0.0,MOL,True,False,-tinib,tyrosine kinase inhibitors: tyrosine kinase inhibitors; janus kinase inhibitors,-tinib (-citinib),2010.0,False,C[C@@H]1CCN(C(=O)CC#N)C[C@@H]1N(C)c1ncnc2[nH]ccc12,312.38,1.54,,,,,,"Apoptosis related,JAK",JAK/STAT,"Tofacitinib (CP-690550,Tasocitinib) is a novel inhibitor of JAK3 with IC50 of 1 nM in cell-free assays, 20- to 100-fold less potent against JAK2 and JAK1. Tofacitinib inhibits the expression of antiapoptotic BCL-A1 and BCL-XL in human plasmacytoid dendritic cells (PDC) and induced PDC apoptosis.",477600-75-2,198.48,No DILI,No DILI,No DILI,2022 Aug 30,,,UJLAWZDWDVHWOW,0,Success,C[C@@H]1CCN(C(=O)CC#N)C[C@@H]1N(C)c1ncnc2[nH]ccc12,0.5705781,0.5938396,0.63988227,0.6787118,1,1,1,1,0.62075293,1.0,0.9999999,0.9999976,0.81417096,0.045739274,1,1,1,0,0.7149769,1.0,False,0
304,,Torsemide,,,,,,,E,Cardiovascular,Diuretic,CHEMBL1148,C03CA04,1.0,0.0,9637.0,0.0,2.0,True,1993.0,0.0,,Diuretic,0.0,4.0,Small molecule,1.0,True,0.0,True,0.0,TORSEMIDE,0.0,MOL,True,False,-semide,diuretics (furosemide type),-semide,1989.0,False,Cc1cccc(Nc2ccncc2S(=O)(=O)NC(=O)NC(C)C)c1,348.43,2.53,,,,,,Chloride Channel,Transmembrane Transporters,"Torsemide (AC-4464, JDL-464) is a pyridyl sulfonylurea with a chemical structure between that of traditional loop diuretics and Cl- channel blockers, used to treat hypertension.",56211-40-6,8.61,No DILI,No DILI,No DILI,,,,NGBFQHCMQULJNZ,0,Success,Cc1cccc(Nc2ccncc2S(=O)(=O)NC(=O)NC(C)C)c1,0.77377844,0.8805288,0.74334484,0.86985415,1,1,1,1,0.8168766,1.0,0.99947387,0.99941516,0.99163365,1.0,1,1,1,1,0.99763066,1.0,False,0
305,,Trametinib,,,,,,,E*,Antineoplastic,Melanoma,CHEMBL2103875,L01EE01,-1.0,0.0,75998.0,0.0,2.0,True,2013.0,0.0,,,0.0,4.0,Small molecule,0.0,False,0.0,False,0.0,TRAMETINIB,0.0,MOL,True,False,-tinib,tyrosine kinase inhibitors: tyrosine kinase inhibitors; MEK (MAPK kinase) inhibitors,-tinib (-metinib),2011.0,False,CC(=O)Nc1cccc(-n2c(=O)n(C3CC3)c(=O)c3c(Nc4ccc(I)cc4F)n(C)c(=O)c(C)c32)c1,615.4,3.94,,,,,,"Apoptosis related,Autophagy,MEK",MAPK,"Trametinib (GSK1120212, JTP-74057, Mekinist) is a highly specific and potent MEK1/2 inhibitor with IC50 of 0.92 nM/1.8 nM in cell-free assays, no inhibition of the kinase activities of c-Raf, B-Raf, ERK1/2. Trametinib activates autophagy and induces apoptosis.",871700-17-3,35.75,No DILI,No DILI,No DILI,2018 Jun 28,,,LIRYPHYGHXZJBZ,0,Success,CC(=O)Nc1cccc(-n2c(=O)n(C3CC3)c(=O)c3c(Nc4ccc(I)cc4F)n(C)c(=O)c(C)c32)c1,0.6721943,0.5794025,0.69277924,0.52286774,1,1,1,1,0.6168109,1.0,0.9552873,0.003276335,0.94027025,0.99995136,1,0,1,1,0.7246963,1.0,False,0
306,,Treprostinil,,,,,,,E,Respiratory,Pulmonary hypertension,CHEMBL1237119,B01AC21,1.0,0.0,50861.0,0.0,1.0,True,2002.0,0.0,,,0.0,4.0,Small molecule,1.0,True,1.0,True,0.0,TREPROSTINIL,0.0,MOL,True,True,-prost-,prostaglandins,-prost-,2002.0,False,CCCCC[C@H](O)CC[C@@H]1[C@H]2Cc3cccc(OCC(=O)O)c3C[C@H]2C[C@H]1O,390.52,3.58,,,,,,,,,,,No DILI,No DILI,No DILI,,,,PAJMKGZZBBTTOY,0,Success,CCCCC[C@H](O)CC[C@@H]1[C@H]2Cc3cccc(OCC(=O)O)c3C[C@H]2C[C@H]1O,0.54267836,0.32122564,0.48272413,0.36402035,1,0,0,0,0.42766213,0.0,0.9968832,0.0007291774,0.9420899,0.99999976,1,0,1,1,0.7349255,1.0,False,0
307,,Triamcinolone,,,,,,,E,Endocrine,Immune suppression,CHEMBL1451,H02AB08; R03BA06; R01AD11; D07XB02; S01BA05; C05AA12; D07AB09; A01AC01,0.0,0.0,9667.0,0.0,1.0,True,1957.0,0.0,,Glucocorticoid,0.0,4.0,Small molecule,0.0,True,0.0,False,0.0,TRIAMCINOLONE,0.0,MOL,True,False,-olone,steroids (not prednisolone derivatives),-olone,,False,C[C@]12C=CC(=O)C=C1CC[C@H]1[C@@H]3C[C@@H](O)[C@](O)(C(=O)CO)[C@@]3(C)C[C@H](O)[C@@]12F,394.44,0.62,,,,,,Glucocorticoid Receptor,Endocrinology & Hormones,"Triamcinolone is a glucocorticoid given, as the free alcohol or in esterified form, orally, intramuscularly, by local injection, by inhalation, or applied topically in the management of various disorders in which corticosteroids are indicated.",124-94-7,197.75,No DILI,No DILI,No DILI,,,,GFNANZIMVAIWHM,0,Success,C[C@]12C=CC(=O)C=C1CC[C@H]1[C@@H]3C[C@@H](O)[C@](O)(C(=O)CO)[C@@]3(C)C[C@H](O)[C@@]12F,0.4323733,0.22191148,0.46203452,0.18034956,0,0,0,0,0.32416722,0.0,0.7223875,4.591044e-14,0.4227703,7.4512222e-06,1,0,0,0,0.28629133,0.0,False,0
308,,Triclabendazole,,,,,,,E,Antimicrobiial,Fascioliasis,CHEMBL1086440,P02BX04,1.0,0.0,,0.0,2.0,True,2019.0,0.0,,,0.0,4.0,Small molecule,1.0,True,0.0,False,0.0,TRICLABENDAZOLE,0.0,MOL,True,False,-bendazole,antithelmintics (tibendazole type),-bendazole,2017.0,False,CSc1nc2cc(Cl)c(Oc3cccc(Cl)c3Cl)cc2[nH]1,359.67,6.04,,,,,,Microtubule Associated,Cytoskeletal Signaling,"Triclabendazole (CGA-89317,tcbz) is a benzimidazole, it binds to tubulin impairing intracellular transport mechanisms and interferes with protein synthesis.",68786-66-3,200.19,No DILI,No DILI,No DILI,2021 Sep 1,,,NQPDXQQQCQDHHW,0,Success,CSc1nc2cc(Cl)c(Oc3cccc(Cl)c3Cl)cc2[nH]1,0.9046871,0.9394322,0.87578154,0.7180456,1,1,1,1,0.8594866,1.0,0.9997665,0.9999999,0.9996891,1.0,1,1,1,1,0.99986386,1.0,False,0
309,,Triheptanoin,,,,,,,E,HDS: Nutritional Suppl,Long chain FA oxidative def,CHEMBL4297585,A16AX17,1.0,0.0,,0.0,2.0,True,2020.0,0.0,,,0.0,4.0,Small molecule,1.0,True,0.0,False,0.0,TRIHEPTANOIN,0.0,MOL,True,False,,,,2018.0,False,CCCCCCC(=O)OCC(COC(=O)CCCCCC)OC(=O)CCCCCC,428.61,5.9,,,,,,Others,Others,"Triheptanoin (API, IND106011, UX007, Glycerol trienanthate) is a synthetic, medium-chain triglyceride consisting of three odd-chain 7-carbon (heptanoate) fatty acids on a glycerol backbone. Triheptanoin is used for treatment of fatty acid oxidation disorders and GLUT1.",620-67-7,0,No DILI,No DILI,No DILI,2024 Jun 10,,,PJHKBYALYHRYSK,0,Success,CCCCCCC(=O)OCC(COC(=O)CCCCCC)OC(=O)CCCCCC,0.33696318,0.14101507,0.3437917,0.15587579,0,0,0,0,0.24441144,0.0,0.9999434,9.4279144e-08,0.85448086,1.3281208e-09,1,0,1,0,0.4636061,0.0,False,0
310,,Trilaciclib,,,,,,,E,Antineoplastic,Cancer chemotherapy,CHEMBL3894860,V03AF12,1.0,0.0,,0.0,2.0,True,2021.0,1.0,,,0.0,4.0,Small molecule,0.0,False,0.0,True,0.0,TRILACICLIB,0.0,MOL,True,False,-ciclib,cyclin dependent kinase inhibitors (formerly-cidib),-ciclib,2016.0,False,CN1CCN(c2ccc(Nc3ncc4cc5n(c4n3)C3(CCCCC3)CNC5=O)nc2)CC1,446.56,2.72,,,,,,,,,,,No DILI,No DILI,No DILI,2023 Oct 17,,,PDGKHKMBHVFCMG,0,Success,CN1CCN(c2ccc(Nc3ncc4cc5n(c4n3)C3(CCCCC3)CNC5=O)nc2)CC1,0.49831843,0.40266198,0.62331533,0.39743412,0,0,1,0,0.48043248,0.0,0.9804355,0.46913087,0.9126893,0.000119243756,1,0,1,0,0.5905937,0.0,False,0
311,,Tucatinib,,,,,,,E*,Antineoplastic,Breast Cancer,CHEMBL3989868,L01EH03,1.0,0.0,,0.0,2.0,True,2020.0,0.0,,,0.0,4.0,Small molecule,1.0,True,0.0,False,0.0,TUCATINIB,0.0,MOL,True,False,-tinib,tyrosine kinase inhibitors,-tinib,2016.0,False,Cc1cc(Nc2ncnc3ccc(NC4=NC(C)(C)CO4)cc23)ccc1Oc1ccn2ncnc2c1,480.53,5.09,,,,,,"EGFR,HER2",Protein Tyrosine Kinase,"Tucatinib (Irbinitinib, ONT-380, ARRY-380) is an oral, potent, selective, reversible and ATP-competitive small-molecule inhibitor of ErbB-2 (also called HER2) with IC50s of 8 nM and 7 nM for ErbB-2 and p95 HER2, respectively in cell-based assays, showing ~500-fold selective for HER2 vs EGFR. It has potential antineoplastic activity.",937263-43-9,199.78,No DILI,No DILI,No DILI,2023 Sep 8,,,SDEAXTCZPQIFQM,0,Success,Cc1cc(Nc2ncnc3ccc(N=C4NC(C)(C)CO4)cc23)ccc1Oc1ccn2ncnc2c1,0.7764025,0.83555984,0.764833,0.7884521,1,1,1,1,0.79131186,1.0,0.9537334,1.0,0.99932134,1.0,1,1,1,1,0.9882637,1.0,False,0
312,,Ubrogepant,,,,,,,E,CNS,Migraine,CHEMBL2364638,N02CD04,1.0,0.0,,0.0,1.0,True,2019.0,0.0,,,0.0,4.0,Small molecule,0.0,True,0.0,False,0.0,UBROGEPANT,0.0,MOL,True,False,-gepant,calcitonin gene-related peptide receptor antagonists,-gepant,2013.0,False,C[C@@H]1[C@H](c2ccccc2)C[C@H](NC(=O)c2cnc3c(c2)C[C@@]2(C3)C(=O)Nc3ncccc32)C(=O)N1CC(F)(F)F,549.55,3.53,,,,,,CGRP Receptor,GPCR & G Protein,Ubrogepant (MK-1602) is an antagonist of human calcitonin gene-related peptide receptor (CGRP). It potently blocks human α–CGRP–stimulated cAMP responses with an IC50 of 0.081 nM in human CGRP receptor-expressing HEK293 cells.,1374248-77-7,181.97,No DILI,No DILI,No DILI,2025 Jan 12,,,DDOOFTLHJSMHLN,0,Success,C[C@@H]1[C@H](c2ccccc2)CC(NC(=O)c2cnc3c(c2)C[C@@]2(C3)C(=O)Nc3ncccc32)C(=O)N1CC(F)(F)F,0.6414566,0.5705597,0.65366805,0.5554088,1,1,1,1,0.6052733,1.0,0.7275275,0.99087405,0.52819914,0.9966012,1,1,1,1,0.81080043,1.0,False,0
313,,Ulipristal,,,,,,,E,Gynecological,Emergency Contracept,CHEMBL2103846,G03XB02; G03AD02,-1.0,0.0,,0.0,1.0,False,,0.0,,,0.0,4.0,Small molecule,1.0,False,0.0,False,0.0,ULIPRISTAL,0.0,MOL,True,False,-pris-,steriodal compounds acting on progesterone receptors (excluding-gest- compounds),-pris-,2009.0,False,CC(=O)[C@@]1(O)CC[C@H]2[C@@H]3CCC4=CC(=O)CCC4=C3[C@@H](c3ccc(N(C)C)cc3)C[C@@]21C,433.59,4.97,,,,,,,,,,,No DILI,No DILI,No DILI,,,,HKDLNTKNLJPAIY,0,Success,CC(=O)[C@@]1(O)CC[C@H]2C3=C(C4=C(CC3)CC(=O)CC4)C(c3ccc(N(C)C)cc3)C[C@@]21C,0.52326053,0.42790505,0.55271816,0.30538437,1,0,1,0,0.45231703,0.0,0.99999976,0.999706,0.9816789,0.99569136,1,1,1,1,0.994269,1.0,False,0
314,,Umbralisib,,,,,,,E*,Antineoplastic,Lymphoma,CHEMBL3948730,L01EX25,0.0,0.0,,0.0,1.0,False,2021.0,0.0,,,0.0,4.0,Small molecule,0.0,True,0.0,False,0.0,UMBRALISIB,0.0,MOL,True,False,-lisib,phosphatidylinositol 3-kinase (PI3K) inhibitors,-lisib,2017.0,False,CC(C)Oc1ccc(-c2nn([C@@H](C)c3oc4ccc(F)cc4c(=O)c3-c3cccc(F)c3)c3ncnc(N)c23)cc1F,571.56,6.66,,,,,,PI3K,PI3K/Akt/mTOR,"Umbralisib (TGR-1202, Rp-5264), a novel, next generation PI3Kδ inhibitor, inhibits PI3Kδ activity in enzyme and cell based assays with IC50 and EC50 values of 22.2 & 24.3 nM, respectively.",1532533-67-7,174.96,No DILI,No DILI,No DILI,2023 Oct 10,,,IUVCFHHAEHNCFT,0,Success,CC(C)Oc1ccc(-c2nn([C@@H](C)c3oc4ccc(F)cc4c(=O)c3-c3cccc(F)c3)c3ncnc(N)c23)cc1F,0.81403494,0.8905208,0.76595813,0.8580663,1,1,1,1,0.83214504,1.0,0.99988747,1.0,0.9978725,1.0,1,1,1,1,0.99943995,1.0,False,0
315,,Upadacitinib,,,,,,,D,Rheumatologic,"RA, moderate severe, refract",CHEMBL3622821,L04AA44,1.0,1.0,,0.0,1.0,False,2019.0,0.0,,,0.0,4.0,Small molecule,0.0,True,0.0,False,0.0,UPADACITINIB,0.0,MOL,True,False,-tinib,tyrosine kinase inhibitors: tyrosine kinase inhibitors; janus kinase inhibitors,-tinib (-citinib),2015.0,False,CC[C@@H]1CN(C(=O)NCC(F)(F)F)C[C@@H]1c1cnc2cnc3[nH]ccc3n12,380.37,2.91,,,,,,JAK,JAK/STAT,"Upadacitinib (ABT-494) is a selective JAK1 inhibitor which demonstrates activity against JAK1 (0.045 μM) and JAK2 (0.109 μM),  with > 40 fold selectivity over JAK3 (2.1 μM) and 100 fold selectivity over TYK2 (4.7 μM) as compared to JAK1.",1310726-60-3,199.81,No DILI,No DILI,No DILI,2022 Aug 30,,,WYQFJHHDOKWSHR,0,Success,CC[C@@H]1CN(C(=O)NCC(F)(F)F)C[C@@H]1c1cnc2cnc3[nH]ccc3n12,0.67451745,0.55155605,0.6202274,0.5550778,1,1,1,1,0.60034466,1.0,0.997747,0.9974969,0.21146333,9.279568e-07,1,1,0,0,0.55167705,0.0,False,0
316,,Usnic acid,,,,,,,B,HDS: Herbal Product,Weight loss,CHEMBL1314537,,-1.0,0.0,,0.0,-1.0,False,,-1.0,,,-1.0,,Small molecule,1.0,False,-1.0,False,0.0,,-1.0,MOL,False,False,,,,,False,CC(=O)C1=C(O)C2(C)C(=CC1=O)Oc1c(C(C)=O)c(O)c(C)c(O)c12,344.32,2.13,,,,,,"Akt,ERK",PI3K/Akt/mTOR,"Usnic acid (Usniacin) is a furandione found uniquely in lichen that is used widely in cosmetics, deodorants, toothpaste and medicinal creams as well as some herbal products. It exhibits antiviral, antiprotozoal, antiproliferative, anti-inflammatory and analgesic activity. Usnic acid inhibits breast tumor angiogenesis and growth by suppressing VEGFR2-mediated AKT and ERK1/2 signaling pathways.",125-46-2,11.62,DILI (likely),DILI,Likely,,,,ICTZCAHDGHPRQR,1,Success,CC(=O)c1c(O)c(C)c(O)c2c1OC1=CC(=O)C(C(C)=O)C(=O)C12C,0.6218906,0.6008264,0.65451384,0.53901213,1,1,1,1,0.60406077,1.0,1.0,1.0,0.8806185,1.0,1,1,1,1,0.97015464,1.0,True,1
317,,Valbenazine,,,,,,,E,CNS,Tardive Dyskinesia,CHEMBL2364639,N07XX13,1.0,1.0,,0.0,1.0,False,2017.0,0.0,,,0.0,4.0,Small molecule,1.0,True,0.0,False,0.0,VALBENAZINE,1.0,MOL,True,False,,,,2013.0,False,COc1cc2c(cc1OC)[C@H]1C[C@@H](OC(=O)[C@@H](N)C(C)C)[C@H](CC(C)C)CN1CC2,418.58,3.56,,,,,,,,,,,No DILI,No DILI,No DILI,,,,GEJDGVNQKABXKG,0,Success,COc1cc2c(cc1OC)[C@H]1C[C@@H](OC(=O)C(N)C(C)C)[C@H](CC(C)C)CN1CC2,0.5172041,0.41377687,0.4783958,0.43169424,1,0,0,0,0.46026775,0.0,0.9999976,1.0,0.9995598,1.0,1,1,1,1,0.9998894,1.0,False,0
318,,Valrubicin,,,,,,,E,Antineoplastic,Solid tumors,CHEMBL1096885,L01DB09,1.0,0.0,,0.0,1.0,True,1998.0,0.0,,,0.0,4.0,Small molecule,0.0,False,0.0,True,0.0,VALRUBICIN,0.0,MOL,True,False,-rubicin,antineoplastic antibiotics (daunorubicin type),-rubicin,1997.0,False,CCCCC(=O)OCC(=O)[C@]1(O)Cc2c(O)c3c(c(O)c2[C@@H](O[C@H]2C[C@H](NC(=O)C(F)(F)F)[C@H](O)[C@H](C)O2)C1)C(=O)c1c(OC)cccc1C3=O,723.65,2.46,,,,,,PKC,TGF-beta/Smad,"Valrubicin(AD-32) is a chemotherapy drug used to treat bladder cancer. Valrubicin is a chemotherapy agent, inhibits TPA- and PDBu-induced PKC activation with IC50s of 0.85 and 1.25 μM, respectively.",56124-62-0,138.19,No DILI,No DILI,No DILI,,,,ZOCKGBMQLCSHFP,0,Success,CCCCC(=O)OCC(=O)[C@]1(O)C=C2C(=O)c3c(c(O)c4c(OC)cccc4c3O)C(=O)C2[C@@H](O[C@H]2C[C@H](NC(=O)C(F)(F)F)[C@H](O)[C@H](C)O2)C1,0.56863683,0.4238773,0.551764,0.38106424,1,0,1,0,0.48133558,0.0,0.03350944,0.141136,0.6663491,0.9198259,0,0,1,1,0.44020513,0.0,False,0
319,,Vandetanib,,,,,,,E*,Antineoplastic,Thyroid cancer,CHEMBL24828,L01EX04,1.0,1.0,49960.0,0.0,2.0,True,2011.0,0.0,,,0.0,4.0,Small molecule,0.0,True,0.0,False,0.0,VANDETANIB,0.0,MOL,True,False,-anib,angiogenesis inhibitors,-anib,2006.0,False,COc1cc2/c(=N/c3ccc(Br)cc3F)nc[nH]c2cc1OCC1CCN(C)CC1,475.36,4.43,cardiotoxicity,United States,,Black Box Warning,,"Apoptosis related,Autophagy,EGFR,ROS,VEGFR",Protein Tyrosine Kinase,"Vandetanib (ZD6474) is a potent inhibitor of VEGFR2 with IC50 of 40 nM in a cell-free assay. It also inhibits VEGFR3 and EGFR with IC50 of 110 nM and 500 nM, respectively. Not sensitive to PDGFRβ, Flt1, Tie-2 and FGFR1 with IC50 of 1.1-3.6 μM. No activity against MEK, CDK2, c-Kit, erbB2, FAK, PDK1, Akt and IGF-1R with IC50 above 10 μM. Vandetanib (ZD6474) increases apoptosis and induces autophagy by increasing the level of reactive oxygen species (ROS).",443913-73-3,8.41,No DILI,No DILI,No DILI,2018 Jun 28,,,UHTHHESEBZOYNR,0,Success,COc1cc2c(Nc3ccc(Br)cc3F)ncnc2cc1OCC1CCN(C)CC1,0.6698754,0.67039216,0.67072755,0.54207027,1,1,1,1,0.6382663,1.0,0.99883384,1.0,0.9996699,0.99994636,1,1,1,1,0.9996125,1.0,False,0
320,,Velpatasvir,,,,,,,A,Antimicrobial,Antiviral: HCV,CHEMBL3545062,,1.0,0.0,,0.0,1.0,True,2016.0,0.0,,,0.0,4.0,Small molecule,1.0,True,0.0,False,0.0,VELPATASVIR,0.0,MOL,True,False,-vir,antivirals: nonstructural protein 5A (NS5A) inhibitors,-vir (-asvir),2015.0,False,COC[C@H]1C[C@@H](c2nc(-c3ccc4c(c3)COc3cc5c(ccc6nc([C@@H]7CC[C@H](C)N7C(=O)[C@@H](NC(=O)OC)C(C)C)[nH]c65)cc3-4)c[nH]2)N(C(=O)[C@H](NC(=O)OC)c2ccccc2)C1,883.02,7.73,,,,,,"COVID-19,HCV Protease",Proteases,"Velpatasvir (GS-5816,VEL) is a second-generation NS5A inhibitor that inhibits hepatitis C viral replication through acting on the crucial ""membranous web"" that facilitates RNA replication.",1377049-84-7,113.25,DILI (known),DILI,Known,,,,FHCUMDQMBHQXKK,1,Success,COC[C@H]1C[C@@H](c2nc(-c3ccc4c(c3)COc3cc5c(ccc6[nH]c([C@@H]7CC[C@H](C)N7C(=O)C(NC(=O)OC)C(C)C)nc65)cc3-4)c[nH]2)N(C(=O)C(NC(=O)OC)c2ccccc2)C1,0.5970408,0.6141942,0.6249304,0.50126934,1,1,1,1,0.5843587,1.0,0.9998841,0.99998057,0.98842144,0.9999814,1,1,1,1,0.99706686,1.0,True,1
321,,Venetoclax,,,,,,,E,Antineoplastic,Leukemia,CHEMBL3137309,L01XX52,1.0,0.0,,1.0,2.0,True,2016.0,1.0,,,0.0,4.0,Small molecule,1.0,True,0.0,False,0.0,VENETOCLAX,0.0,MOL,True,False,-toclax,bcl-2 (B-cell lymphoma 2) inhibitors,-toclax,2013.0,False,CC1(C)CCC(CN2CCN(c3ccc(C(=O)NS(=O)(=O)c4ccc(NCC5CCOCC5)c([N+](=O)[O-])c4)c(Oc4cnc5[nH]ccc5c4)c3)CC2)=C(c2ccc(Cl)cc2)C1,868.46,8.66,,,,,,"Autophagy,Bcl-2",Apoptosis,"Venetoclax (ABT-199, GDC-0199) is a Bcl-2-selective inhibitor with Ki of <0.01 nM in cell-free assays, >4800-fold more selective versus Bcl-xL and Bcl-w, and no activity to Mcl-1. Venetoclax is reported to induce cell growth suppression, apoptosis, cell cycle arrest, and autophagy in triple negative breast cancer MDA-MB-231 cells. Phase 3.",1257044-40-8,115.15,No DILI,No DILI,No DILI,2017 Apr 4,,,LQBVNQSMGBZMKD,0,Success,CC1(C)CCC(CN2CCN(c3ccc(C(=O)NS(=O)(=O)c4ccc(NCC5CCOCC5)c([N+](=O)[O-])c4)c(Oc4cnc5[nH]ccc5c4)c3)CC2)=C(c2ccc(Cl)cc2)C1,0.7118603,0.7401128,0.6882098,0.7015826,1,1,1,1,0.7104414,1.0,0.999995,0.99999785,0.99616843,0.99627507,1,1,1,1,0.9981091,1.0,False,0
322,,Vericiguat,,,,,,,E,Cardiovascular,Heart Failure,CHEMBL4066936,C01DX22,1.0,1.0,,0.0,2.0,True,2021.0,1.0,,,0.0,4.0,Small molecule,0.0,True,0.0,False,0.0,VERICIGUAT,0.0,MOL,True,False,-ciguat,guanaline cyclase activators,-ciguat,2019.0,False,COC(=O)Nc1c(N)nc(-c2nn(Cc3ccccc3F)c3ncc(F)cc23)nc1N,426.39,2.56,teratogenicity,United States,,Black Box Warning,,Guanylate Cyclase,GPCR & G Protein,"Vericiguat (BAY1021189, Verquvo) is a potent, orally available and soluble guanylate cyclase (sGC) stimulator.",1350653-20-1,199.35,No DILI,No DILI,No DILI,2023 Jun 16,,,QZFHIXARHDBPBY,0,Success,COC(=O)Nc1c(N)nc(-c2nn(Cc3ccccc3F)c3ncc(F)cc23)nc1N,0.80792034,0.8658457,0.75640374,0.81721514,1,1,1,1,0.81184626,1.0,0.98277724,0.99139833,0.995811,0.99990845,1,1,1,1,0.9924737,1.0,False,0
323,,Vibegron,,,,,,,E,Urologic,Overactive bladder,CHEMBL2107826,,1.0,0.0,,0.0,1.0,True,2018.0,0.0,,,0.0,4.0,Small molecule,0.0,True,0.0,False,0.0,VIBEGRON,0.0,MOL,True,False,-begron,beta3 adrenoreceptor agonists,-begron,2012.0,False,O=C(Nc1ccc(C[C@@H]2CC[C@H]([C@H](O)c3ccccc3)N2)cc1)[C@@H]1CCc2nccc(=O)n21,444.54,2.77,,,,,,,,,,,No DILI,No DILI,No DILI,2023 Jul 10,,,DJXRIQMCROIRCZ,0,Success,O=C(Nc1ccc(C[C@@H]2CC[C@H]([C@H](O)c3ccccc3)N2)cc1)C1CCc2nccc(=O)n21,0.61583143,0.5895553,0.6590901,0.4886613,1,1,1,0,0.58828455,1.0,0.42845172,0.8149451,0.91232514,0.9982546,0,1,1,1,0.7884941,1.0,False,0
324,,Vilazodone,,,,,,,E*,CNS,Antidepressant,CHEMBL439849,N06AX24,1.0,1.0,70707.0,0.0,2.0,False,2011.0,0.0,,,0.0,4.0,Small molecule,1.0,True,0.0,False,0.0,VILAZODONE,0.0,MOL,True,False,,,,2009.0,False,N#Cc1ccc2[nH]cc(CCCCN3CCN(c4ccc5oc(C(N)=O)cc5c4)CC3)c2c1,441.54,4.03,,,,,,"5-HT Receptor,Serotonin Transporter",Neuronal Signaling,"Vilazodone (EMD-68843, SB-659746A) is a novel antidepressant having a selective serotonin (5-HT) reuptake inhibitory and 5-HT1A receptor partial agonist activity. The affinity of vilazodone is much higher in the 5-HT reuptake site (Ki=0.1 nM) than in norepinephrine (Ki=56 nM) and dopamine (Ki=37 nM) sites.",163521-12-8,199.31,No DILI,No DILI,No DILI,2020 Apr 8,,,SGEGOXDYSFKCPT,0,Success,N#Cc1ccc2[nH]cc(CCCCN3CCN(c4ccc5oc(C(N)=O)cc5c4)CC3)c2c1,0.6418106,0.65900826,0.6706894,0.6989778,1,1,1,1,0.6676215,1.0,0.99999976,0.99999094,0.9887229,1.0,1,1,1,1,0.99717844,1.0,False,0
325,,Vitamin d,,,,,,,E,HDS: Nutritional Suppl,General health,CHEMBL1042,A11CC05,1.0,0.0,28940.0,0.0,1.0,True,1999.0,0.0,,Vitamin (antirachitic),0.0,4.0,Small molecule,1.0,True,0.0,True,0.0,CHOLECALCIFEROL,0.0,MOL,True,False,-calci-,vitamin D analogs,-calci-,,False,C=C1CC[C@H](O)C/C1=C/C=C1\CCC[C@]2(C)[C@@H]([C@H](C)CCCC(C)C)CC[C@@H]12,384.65,7.62,,,,,,,,,,,No DILI,No DILI,No DILI,,,,QYSXJUFSXHHAJI,0,Success,C=C1CC[C@H](O)C/C1=C/C=C1\CCC[C@]2(C)[C@@H]([C@H](C)CCCC(C)C)CC[C@@H]12,0.5734255,0.27506483,0.46491107,0.35613677,1,0,0,0,0.41738454,0.0,1.0,0.99284863,0.9920515,1.0,1,1,1,1,0.996225,1.0,False,0
326,,Vorapaxar,,,,,,,E,Hematologic,Antiplatelet,CHEMBL493982,B01AC26,1.0,1.0,82702.0,0.0,1.0,False,2014.0,1.0,,,0.0,4.0,Small molecule,0.0,True,0.0,False,0.0,VORAPAXAR,0.0,MOL,True,False,-paxar,Protease-activated receptor 1 (PAR1) antagonists,-paxar,2009.0,False,CCOC(=O)N[C@@H]1CC[C@@H]2[C@@H](C1)C[C@H]1C(=O)O[C@H](C)[C@H]1[C@H]2/C=C/c1ccc(-c2cccc(F)c2)cn1,492.59,5.63,,,,,,PAR,GPCR & G Protein,"Vorapaxar (SCH 530348, MK-5348) is a potent and orally active thrombin receptor (PAR-1) antagonist with Ki of 8.1 nM.",618385-01-6,200.98,No DILI,No DILI,No DILI,2017 Apr 11,,,ZBGXUVOIWDMMJE,0,Success,CCOC(=O)N[C@@H]1CC[C@@H]2[C@H](CC3C(=O)O[C@H](C)[C@H]3[C@H]2/C=C/c2ccc(-c3cccc(F)c3)cn2)C1,0.6753113,0.7382891,0.62397975,0.7023793,1,1,1,1,0.68498987,1.0,0.9999999,0.42503908,0.9969177,1.0,1,0,1,1,0.85548913,1.0,False,0
327,,Vortioxetine,,,,,,,E*,CNS,Antidepressant,CHEMBL2104993,N06AX26,1.0,1.0,76016.0,0.0,2.0,False,2013.0,1.0,,,0.0,4.0,Small molecule,1.0,True,0.0,False,0.0,VORTIOXETINE,0.0,MOL,True,False,-oxetine,antidepressants (fluoxetine type): thioether derivatives,-oxetine (-tioxetine),2011.0,False,Cc1ccc(Sc2ccccc2N2CCNCC2)c(C)c1,298.46,3.86,,,,,,,,,,,No DILI,No DILI,No DILI,2020 Apr 8,,,YQNWZWMKLDQSAC,0,Success,Cc1ccc(Sc2ccccc2N2CCNCC2)c(C)c1,0.7928779,0.7639147,0.72812533,0.83734536,1,1,1,1,0.7805658,1.0,0.9989755,1.0,0.9994529,0.99996626,1,1,1,1,0.9995986,1.0,False,0
328,,Voxelotor,,,,,,,E*,Hematologic,Sickle Cell Disease,CHEMBL4101807,B06AX03,1.0,0.0,,0.0,2.0,True,2019.0,1.0,,,0.0,4.0,Small molecule,0.0,True,1.0,False,0.0,VOXELOTOR,0.0,MOL,True,False,,,,2017.0,False,CC(C)n1nccc1-c1ncccc1COc1cccc(O)c1C=O,337.38,3.62,,,,,,Others,Others,"Voxelotor (GBT440, GTx011) is a novel small molecule hemoglobin modifier which increases hemoglobin oxygen affinity.",1446321-46-5,198.6,No DILI,No DILI,No DILI,2021 Jul 12,,,FWCVZAQENIZVMY,0,Success,CC(C)n1nccc1-c1ncccc1COc1cccc(O)c1C=O,0.7499829,0.79191226,0.7352869,0.8356043,1,1,1,1,0.7781966,1.0,0.999979,1.0,0.992176,1.0,1,1,1,1,0.99803877,1.0,False,0
329,,Voxilaprevir,,,,,,,A,Antimicrobial,Antiviral: HCV,CHEMBL3707372,,1.0,0.0,,0.0,1.0,True,2017.0,0.0,,,0.0,4.0,Small molecule,0.0,True,0.0,False,0.0,VOXILAPREVIR,0.0,MOL,True,False,-vir,antivirals: serine protease inhibitors,-vir (-previr),2016.0,False,CC[C@@H]1[C@@H]2CN(C(=O)[C@H](C(C)(C)C)NC(=O)O[C@@H]3C[C@H]3CCCCC(F)(F)c3nc4ccc(OC)cc4nc3O2)[C@@H]1C(=O)N[C@]1(C(=O)NS(=O)(=O)C2(C)CC2)C[C@H]1C(C)C,861.02,5.35,,,,,,,,,,,DILI (known),DILI,Known,,,,MKDALIOACIEUJM,1,Success,CC[C@H]1C(C(=O)N[C@]2(C(=O)NS(=O)(=O)C3(C)CC3)C[C@H]2C(C)C)N2C[C@@H]1Oc1nc3cc(OC)ccc3nc1C(F)(F)CCCC[C@@H]1C[C@H]1OC(=O)NC(C(C)(C)C)C2=O,0.64507616,0.63260365,0.5799757,0.44033554,1,1,1,0,0.57449776,1.0,0.9999976,0.9999181,0.976444,1.0,1,1,1,1,0.99408996,1.0,True,1
330,,Zanubrutinib,,,,,,,E*,Antineoplastic,Mantle Cell Lymphoma,CHEMBL3936761,L01EL03,1.0,0.0,,0.0,1.0,True,2019.0,0.0,,,0.0,4.0,Small molecule,0.0,True,0.0,False,0.0,ZANUBRUTINIB,0.0,MOL,True,False,-tinib,tyrosine kinase inhibitors: tyrosine kinase inhibitors Bruton's (Btk) inhibitors,-tinib (-brutinib),2018.0,False,C=CC(=O)N1CCC([C@@H]2CCNc3c(C(N)=O)c(-c4ccc(Oc5ccccc5)cc4)nn32)CC1,471.56,4.22,,,,,,BTK,Protein Tyrosine Kinase,"Zanubrutinib (BGB-3111) is a potent, specific and irreversible BTK inhibitor that has been shown to have a lower off-target inhibitory activity on other kinases, including ITK, JAK3 and EGFR.",1691249-45-2,199.34,No DILI,No DILI,No DILI,2019 Dec 16,,,RNOAOAWBMHREKO,0,Success,C=CC(=O)N1CCC([C@@H]2CCNc3c(C(N)=O)c(-c4ccc(Oc5ccccc5)cc4)nn32)CC1,0.64324,0.71053797,0.66806954,0.68382186,1,1,1,1,0.67641735,1.0,0.9999727,1.0,0.9690599,1.0,1,1,1,1,0.99225813,1.0,False,0
